id,universitySlug,nameFa,iscCategory,iscRank,dimension,status,reportedStatus,publicationAdjustment,reviewOutcome,reviewedAt,sourceCount,sourceKinds,sourceUrls,verificationBasis,missingDataRule
tehran:portalIdentity,tehran,دانشگاه تهران,جامع,1,portalIdentity,verified,verified,,evidence-confirmed,2026-08-10,1,portal-identity,https://research.ut.ac.ir/fa,Dimension-specific evidence is registered on an official public surface.,Unresolved is not absence and is never automatically scored as zero.
tehran:organization,tehran,دانشگاه تهران,جامع,1,organization,verified,verified,,evidence-confirmed,2026-08-10,1,unit,https://research.ut.ac.ir/fa,Dimension-specific evidence is registered on an official public surface.,Unresolved is not absence and is never automatically scored as zero.
tehran:libraryDocuments,tehran,دانشگاه تهران,جامع,1,libraryDocuments,verified,verified,,evidence-confirmed,2026-08-10,1,unit,https://research.ut.ac.ir/fa,Dimension-specific evidence is registered on an official public surface.,Unresolved is not absence and is never automatically scored as zero.
tehran:laboratories,tehran,دانشگاه تهران,جامع,1,laboratories,verified,verified,,evidence-confirmed,2026-08-10,1,unit,https://research.ut.ac.ir/fa,Dimension-specific evidence is registered on an official public surface.,Unresolved is not absence and is never automatically scored as zero.
tehran:industryTechnology,tehran,دانشگاه تهران,جامع,1,industryTechnology,verified,verified,,evidence-confirmed,2026-08-10,1,unit,https://research.ut.ac.ir/fa,Dimension-specific evidence is registered on an official public surface.,Unresolved is not absence and is never automatically scored as zero.
tehran:informationTechnology,tehran,دانشگاه تهران,جامع,1,informationTechnology,unresolved,unresolved,,no-public-evidence-resolved,2026-08-10,0,,,No sufficient public evidence was resolved in this snapshot; this is not proof of absence.,Unresolved is not absence and is never automatically scored as zero.
tehran:systemsServices,tehran,دانشگاه تهران,جامع,1,systemsServices,verified,verified,,evidence-confirmed,2026-08-10,1,system,https://research.ut.ac.ir/fa,Dimension-specific evidence is registered on an official public surface.,Unresolved is not absence and is never automatically scored as zero.
tehran:documentsRegulations,tehran,دانشگاه تهران,جامع,1,documentsRegulations,unresolved,unresolved,,no-public-evidence-resolved,2026-08-10,0,,,No sufficient public evidence was resolved in this snapshot; this is not proof of absence.,Unresolved is not absence and is never automatically scored as zero.
tarbiat-modares:portalIdentity,tarbiat-modares,دانشگاه تربیت مدرس,جامع,2,portalIdentity,verified,verified,,evidence-confirmed,2026-08-10,2,research-review-specific | research-review-specific,https://res.modares.ac.ir/ | https://res.modares.ac.ir/res/research-units,Dimension-specific evidence is registered on an official public surface.,Unresolved is not absence and is never automatically scored as zero.
tarbiat-modares:organization,tarbiat-modares,دانشگاه تربیت مدرس,جامع,2,organization,verified,verified,,evidence-confirmed,2026-08-10,1,research-review-specific,https://res.modares.ac.ir/res/research-units,Dimension-specific evidence is registered on an official public surface.,Unresolved is not absence and is never automatically scored as zero.
tarbiat-modares:libraryDocuments,tarbiat-modares,دانشگاه تربیت مدرس,جامع,2,libraryDocuments,verified,verified,,evidence-confirmed,2026-08-10,1,research-review-specific,https://res.modares.ac.ir/res/managements/library/people,Dimension-specific evidence is registered on an official public surface.,Unresolved is not absence and is never automatically scored as zero.
tarbiat-modares:laboratories,tarbiat-modares,دانشگاه تربیت مدرس,جامع,2,laboratories,unresolved,unresolved,,no-public-evidence-resolved,2026-08-10,0,,,No sufficient public evidence was resolved in this snapshot; this is not proof of absence.,Unresolved is not absence and is never automatically scored as zero.
tarbiat-modares:industryTechnology,tarbiat-modares,دانشگاه تربیت مدرس,جامع,2,industryTechnology,unresolved,unresolved,,no-public-evidence-resolved,2026-08-10,0,,,No sufficient public evidence was resolved in this snapshot; this is not proof of absence.,Unresolved is not absence and is never automatically scored as zero.
tarbiat-modares:informationTechnology,tarbiat-modares,دانشگاه تربیت مدرس,جامع,2,informationTechnology,unresolved,unresolved,,no-public-evidence-resolved,2026-08-10,0,,,No sufficient public evidence was resolved in this snapshot; this is not proof of absence.,Unresolved is not absence and is never automatically scored as zero.
tarbiat-modares:systemsServices,tarbiat-modares,دانشگاه تربیت مدرس,جامع,2,systemsServices,unresolved,unresolved,,no-public-evidence-resolved,2026-08-10,0,,,No sufficient public evidence was resolved in this snapshot; this is not proof of absence.,Unresolved is not absence and is never automatically scored as zero.
tarbiat-modares:documentsRegulations,tarbiat-modares,دانشگاه تربیت مدرس,جامع,2,documentsRegulations,verified,verified,,evidence-confirmed,2026-08-10,1,research-review-specific,https://res.modares.ac.ir/res/forms,Dimension-specific evidence is registered on an official public surface.,Unresolved is not absence and is never automatically scored as zero.
ferdowsi:portalIdentity,ferdowsi,دانشگاه فردوسی مشهد,جامع,3,portalIdentity,verified,verified,,evidence-confirmed,2026-08-10,1,portal-identity,https://vpr.um.ac.ir/,Dimension-specific evidence is registered on an official public surface.,Unresolved is not absence and is never automatically scored as zero.
ferdowsi:organization,ferdowsi,دانشگاه فردوسی مشهد,جامع,3,organization,verified,verified,,evidence-confirmed,2026-08-10,1,unit,https://vpr.um.ac.ir/,Dimension-specific evidence is registered on an official public surface.,Unresolved is not absence and is never automatically scored as zero.
ferdowsi:libraryDocuments,ferdowsi,دانشگاه فردوسی مشهد,جامع,3,libraryDocuments,verified,verified,,evidence-confirmed,2026-08-10,1,unit,https://vpr.um.ac.ir/,Dimension-specific evidence is registered on an official public surface.,Unresolved is not absence and is never automatically scored as zero.
ferdowsi:laboratories,ferdowsi,دانشگاه فردوسی مشهد,جامع,3,laboratories,verified,verified,,evidence-confirmed,2026-08-10,1,unit,https://vpr.um.ac.ir/,Dimension-specific evidence is registered on an official public surface.,Unresolved is not absence and is never automatically scored as zero.
ferdowsi:industryTechnology,ferdowsi,دانشگاه فردوسی مشهد,جامع,3,industryTechnology,verified,verified,,evidence-confirmed,2026-08-10,1,unit,https://vpr.um.ac.ir/,Dimension-specific evidence is registered on an official public surface.,Unresolved is not absence and is never automatically scored as zero.
ferdowsi:informationTechnology,ferdowsi,دانشگاه فردوسی مشهد,جامع,3,informationTechnology,unresolved,unresolved,,no-public-evidence-resolved,2026-08-10,0,,,No sufficient public evidence was resolved in this snapshot; this is not proof of absence.,Unresolved is not absence and is never automatically scored as zero.
ferdowsi:systemsServices,ferdowsi,دانشگاه فردوسی مشهد,جامع,3,systemsServices,verified,verified,,evidence-confirmed,2026-08-10,1,system,https://vpr.um.ac.ir/,Dimension-specific evidence is registered on an official public surface.,Unresolved is not absence and is never automatically scored as zero.
ferdowsi:documentsRegulations,ferdowsi,دانشگاه فردوسی مشهد,جامع,3,documentsRegulations,unresolved,unresolved,,no-public-evidence-resolved,2026-08-10,0,,,No sufficient public evidence was resolved in this snapshot; this is not proof of absence.,Unresolved is not absence and is never automatically scored as zero.
shahid-beheshti:portalIdentity,shahid-beheshti,دانشگاه شهید بهشتی,جامع,4,portalIdentity,verified,verified,,evidence-confirmed,2026-08-10,2,portal-identity | research-review-specific,https://sbu.ac.ir/ | https://resevp.sbu.ac.ir/,Dimension-specific evidence is registered on an official public surface.,Unresolved is not absence and is never automatically scored as zero.
shahid-beheshti:organization,shahid-beheshti,دانشگاه شهید بهشتی,جامع,4,organization,observed-reference,observed-reference,,reference-only,2026-08-10,0,,,"An official public reference was observed, but direct dimension attribution was not established.",Unresolved is not absence and is never automatically scored as zero.
shahid-beheshti:libraryDocuments,shahid-beheshti,دانشگاه شهید بهشتی,جامع,4,libraryDocuments,unresolved,unresolved,,no-public-evidence-resolved,2026-08-10,2,research-review-specific | research-review-specific,https://press.sbu.ac.ir/ | https://scj.sbu.ac.ir/,No sufficient public evidence was resolved in this snapshot; this is not proof of absence.,Unresolved is not absence and is never automatically scored as zero.
shahid-beheshti:laboratories,shahid-beheshti,دانشگاه شهید بهشتی,جامع,4,laboratories,unresolved,unresolved,,no-public-evidence-resolved,2026-08-10,0,,,No sufficient public evidence was resolved in this snapshot; this is not proof of absence.,Unresolved is not absence and is never automatically scored as zero.
shahid-beheshti:industryTechnology,shahid-beheshti,دانشگاه شهید بهشتی,جامع,4,industryTechnology,observed-reference,observed-reference,,reference-only,2026-08-10,0,,,"An official public reference was observed, but direct dimension attribution was not established.",Unresolved is not absence and is never automatically scored as zero.
shahid-beheshti:informationTechnology,shahid-beheshti,دانشگاه شهید بهشتی,جامع,4,informationTechnology,unresolved,unresolved,,no-public-evidence-resolved,2026-08-10,0,,,No sufficient public evidence was resolved in this snapshot; this is not proof of absence.,Unresolved is not absence and is never automatically scored as zero.
shahid-beheshti:systemsServices,shahid-beheshti,دانشگاه شهید بهشتی,جامع,4,systemsServices,verified,verified,,evidence-confirmed,2026-08-10,1,research-review-specific,https://scj.sbu.ac.ir/,Dimension-specific evidence is registered on an official public surface.,Unresolved is not absence and is never automatically scored as zero.
shahid-beheshti:documentsRegulations,shahid-beheshti,دانشگاه شهید بهشتی,جامع,4,documentsRegulations,unresolved,unresolved,,no-public-evidence-resolved,2026-08-10,0,,,No sufficient public evidence was resolved in this snapshot; this is not proof of absence.,Unresolved is not absence and is never automatically scored as zero.
shiraz:portalIdentity,shiraz,دانشگاه شیراز,جامع,5,portalIdentity,verified,verified,,evidence-confirmed,2026-08-10,2,portal-identity | research-review-specific,https://law.shirazu.ac.ir/ | https://research.shirazu.ac.ir/,Dimension-specific evidence is registered on an official public surface.,Unresolved is not absence and is never automatically scored as zero.
shiraz:organization,shiraz,دانشگاه شیراز,جامع,5,organization,observed-reference,verified,Downgraded because no dimension-specific public URL was registered.,reference-only,2026-08-10,1,research-review-reference,https://research.shirazu.ac.ir/,Downgraded because no dimension-specific public URL was registered.,Unresolved is not absence and is never automatically scored as zero.
shiraz:libraryDocuments,shiraz,دانشگاه شیراز,جامع,5,libraryDocuments,unresolved,unresolved,,no-public-evidence-resolved,2026-08-10,0,,,No sufficient public evidence was resolved in this snapshot; this is not proof of absence.,Unresolved is not absence and is never automatically scored as zero.
shiraz:laboratories,shiraz,دانشگاه شیراز,جامع,5,laboratories,unresolved,unresolved,,no-public-evidence-resolved,2026-08-10,0,,,No sufficient public evidence was resolved in this snapshot; this is not proof of absence.,Unresolved is not absence and is never automatically scored as zero.
shiraz:industryTechnology,shiraz,دانشگاه شیراز,جامع,5,industryTechnology,observed-reference,observed-reference,,reference-only,2026-08-10,0,,,"An official public reference was observed, but direct dimension attribution was not established.",Unresolved is not absence and is never automatically scored as zero.
shiraz:informationTechnology,shiraz,دانشگاه شیراز,جامع,5,informationTechnology,unresolved,unresolved,,no-public-evidence-resolved,2026-08-10,0,,,No sufficient public evidence was resolved in this snapshot; this is not proof of absence.,Unresolved is not absence and is never automatically scored as zero.
shiraz:systemsServices,shiraz,دانشگاه شیراز,جامع,5,systemsServices,unresolved,unresolved,,no-public-evidence-resolved,2026-08-10,0,,,No sufficient public evidence was resolved in this snapshot; this is not proof of absence.,Unresolved is not absence and is never automatically scored as zero.
shiraz:documentsRegulations,shiraz,دانشگاه شیراز,جامع,5,documentsRegulations,observed-reference,observed-reference,,reference-only,2026-08-10,0,,,"An official public reference was observed, but direct dimension attribution was not established.",Unresolved is not absence and is never automatically scored as zero.
tabriz:portalIdentity,tabriz,دانشگاه تبریز,جامع,6,portalIdentity,observed-reference,observed-reference,,reference-only,2026-08-10,1,portal-identity,https://tabrizu.ac.ir/,"An official public reference was observed, but direct dimension attribution was not established.",Unresolved is not absence and is never automatically scored as zero.
tabriz:organization,tabriz,دانشگاه تبریز,جامع,6,organization,unresolved,unresolved,,no-public-evidence-resolved,2026-08-10,0,,,No sufficient public evidence was resolved in this snapshot; this is not proof of absence.,Unresolved is not absence and is never automatically scored as zero.
tabriz:libraryDocuments,tabriz,دانشگاه تبریز,جامع,6,libraryDocuments,unresolved,unresolved,,no-public-evidence-resolved,2026-08-10,0,,,No sufficient public evidence was resolved in this snapshot; this is not proof of absence.,Unresolved is not absence and is never automatically scored as zero.
tabriz:laboratories,tabriz,دانشگاه تبریز,جامع,6,laboratories,unresolved,unresolved,,no-public-evidence-resolved,2026-08-10,0,,,No sufficient public evidence was resolved in this snapshot; this is not proof of absence.,Unresolved is not absence and is never automatically scored as zero.
tabriz:industryTechnology,tabriz,دانشگاه تبریز,جامع,6,industryTechnology,unresolved,unresolved,,no-public-evidence-resolved,2026-08-10,0,,,No sufficient public evidence was resolved in this snapshot; this is not proof of absence.,Unresolved is not absence and is never automatically scored as zero.
tabriz:informationTechnology,tabriz,دانشگاه تبریز,جامع,6,informationTechnology,unresolved,unresolved,,no-public-evidence-resolved,2026-08-10,0,,,No sufficient public evidence was resolved in this snapshot; this is not proof of absence.,Unresolved is not absence and is never automatically scored as zero.
tabriz:systemsServices,tabriz,دانشگاه تبریز,جامع,6,systemsServices,unresolved,unresolved,,no-public-evidence-resolved,2026-08-10,0,,,No sufficient public evidence was resolved in this snapshot; this is not proof of absence.,Unresolved is not absence and is never automatically scored as zero.
tabriz:documentsRegulations,tabriz,دانشگاه تبریز,جامع,6,documentsRegulations,unresolved,unresolved,,no-public-evidence-resolved,2026-08-10,0,,,No sufficient public evidence was resolved in this snapshot; this is not proof of absence.,Unresolved is not absence and is never automatically scored as zero.
isfahan:portalIdentity,isfahan,دانشگاه اصفهان,جامع,7,portalIdentity,verified,verified,,evidence-confirmed,2026-08-10,1,portal-identity,https://research.ui.ac.ir/,Dimension-specific evidence is registered on an official public surface.,Unresolved is not absence and is never automatically scored as zero.
isfahan:organization,isfahan,دانشگاه اصفهان,جامع,7,organization,verified,verified,,evidence-confirmed,2026-08-10,1,unit,https://research.ui.ac.ir/,Dimension-specific evidence is registered on an official public surface.,Unresolved is not absence and is never automatically scored as zero.
isfahan:libraryDocuments,isfahan,دانشگاه اصفهان,جامع,7,libraryDocuments,verified,verified,,evidence-confirmed,2026-08-10,1,unit,https://research.ui.ac.ir/,Dimension-specific evidence is registered on an official public surface.,Unresolved is not absence and is never automatically scored as zero.
isfahan:laboratories,isfahan,دانشگاه اصفهان,جامع,7,laboratories,verified,verified,,evidence-confirmed,2026-08-10,1,unit,https://research.ui.ac.ir/,Dimension-specific evidence is registered on an official public surface.,Unresolved is not absence and is never automatically scored as zero.
isfahan:industryTechnology,isfahan,دانشگاه اصفهان,جامع,7,industryTechnology,verified,verified,,evidence-confirmed,2026-08-10,1,unit,https://research.ui.ac.ir/,Dimension-specific evidence is registered on an official public surface.,Unresolved is not absence and is never automatically scored as zero.
isfahan:informationTechnology,isfahan,دانشگاه اصفهان,جامع,7,informationTechnology,unresolved,unresolved,,no-public-evidence-resolved,2026-08-10,0,,,No sufficient public evidence was resolved in this snapshot; this is not proof of absence.,Unresolved is not absence and is never automatically scored as zero.
isfahan:systemsServices,isfahan,دانشگاه اصفهان,جامع,7,systemsServices,verified,verified,,evidence-confirmed,2026-08-10,1,system,https://research.ui.ac.ir/,Dimension-specific evidence is registered on an official public surface.,Unresolved is not absence and is never automatically scored as zero.
isfahan:documentsRegulations,isfahan,دانشگاه اصفهان,جامع,7,documentsRegulations,verified,verified,,evidence-confirmed,2026-08-10,1,document,https://research.ui.ac.ir/,Dimension-specific evidence is registered on an official public surface.,Unresolved is not absence and is never automatically scored as zero.
razi:portalIdentity,razi,دانشگاه رازی,جامع,8,portalIdentity,verified,verified,,evidence-confirmed,2026-08-10,2,portal-identity | research-review-specific,https://t.me/hambazi_razi | https://are.razi.ac.ir/,Dimension-specific evidence is registered on an official public surface.,Unresolved is not absence and is never automatically scored as zero.
razi:organization,razi,دانشگاه رازی,جامع,8,organization,verified,verified,,evidence-confirmed,2026-08-10,1,research-review-specific,https://are.razi.ac.ir/%D9%85%D8%AF%DB%8C%D8%B1%DB%8C%D8%AA-%D8%A7%D9%85%D9%88%D8%B1-%D9%BE%DA%98%D9%88%D9%87%D8%B4%DB%8C,Dimension-specific evidence is registered on an official public surface.,Unresolved is not absence and is never automatically scored as zero.
razi:libraryDocuments,razi,دانشگاه رازی,جامع,8,libraryDocuments,unresolved,unresolved,,no-public-evidence-resolved,2026-08-10,0,,,No sufficient public evidence was resolved in this snapshot; this is not proof of absence.,Unresolved is not absence and is never automatically scored as zero.
razi:laboratories,razi,دانشگاه رازی,جامع,8,laboratories,unresolved,unresolved,,no-public-evidence-resolved,2026-08-10,0,,,No sufficient public evidence was resolved in this snapshot; this is not proof of absence.,Unresolved is not absence and is never automatically scored as zero.
razi:industryTechnology,razi,دانشگاه رازی,جامع,8,industryTechnology,observed-reference,observed-reference,,reference-only,2026-08-10,0,,,"An official public reference was observed, but direct dimension attribution was not established.",Unresolved is not absence and is never automatically scored as zero.
razi:informationTechnology,razi,دانشگاه رازی,جامع,8,informationTechnology,unresolved,unresolved,,no-public-evidence-resolved,2026-08-10,0,,,No sufficient public evidence was resolved in this snapshot; this is not proof of absence.,Unresolved is not absence and is never automatically scored as zero.
razi:systemsServices,razi,دانشگاه رازی,جامع,8,systemsServices,observed-reference,observed-reference,,reference-only,2026-08-10,0,,,"An official public reference was observed, but direct dimension attribution was not established.",Unresolved is not absence and is never automatically scored as zero.
razi:documentsRegulations,razi,دانشگاه رازی,جامع,8,documentsRegulations,unresolved,unresolved,,no-public-evidence-resolved,2026-08-10,0,,,No sufficient public evidence was resolved in this snapshot; this is not proof of absence.,Unresolved is not absence and is never automatically scored as zero.
iasbs:portalIdentity,iasbs,دانشگاه تحصیلات تکمیلی علوم پایه زنجان,جامع,9,portalIdentity,observed-reference,observed-reference,,reference-only,2026-08-10,3,portal-identity | portal-identity | portal-identity,https://t.me/iasbspr | https://iasbs.ac.ir/ | https://zrtf.ir/%D8%AF%D8%A7%D9%86%D8%B4%DA%AF%D8%A7%D9%87-%D8%AA%D8%AD%D8%B5%DB%8C%D9%84%D8%A7%D8%AA-%D8%AA%DA%A9%D9%85%DB%8C%D9%84%DB%8C-%D8%B9%D9%84%D9%88%D9%85-%D9%BE%D8%A7%DB%8C%D9%87/,"An official public reference was observed, but direct dimension attribution was not established.",Unresolved is not absence and is never automatically scored as zero.
iasbs:organization,iasbs,دانشگاه تحصیلات تکمیلی علوم پایه زنجان,جامع,9,organization,observed-reference,observed-reference,,reference-only,2026-08-10,0,,,"An official public reference was observed, but direct dimension attribution was not established.",Unresolved is not absence and is never automatically scored as zero.
iasbs:libraryDocuments,iasbs,دانشگاه تحصیلات تکمیلی علوم پایه زنجان,جامع,9,libraryDocuments,unresolved,unresolved,,no-public-evidence-resolved,2026-08-10,0,,,No sufficient public evidence was resolved in this snapshot; this is not proof of absence.,Unresolved is not absence and is never automatically scored as zero.
iasbs:laboratories,iasbs,دانشگاه تحصیلات تکمیلی علوم پایه زنجان,جامع,9,laboratories,observed-reference,observed-reference,,reference-only,2026-08-10,0,,,"An official public reference was observed, but direct dimension attribution was not established.",Unresolved is not absence and is never automatically scored as zero.
iasbs:industryTechnology,iasbs,دانشگاه تحصیلات تکمیلی علوم پایه زنجان,جامع,9,industryTechnology,observed-reference,observed-reference,,reference-only,2026-08-10,0,,,"An official public reference was observed, but direct dimension attribution was not established.",Unresolved is not absence and is never automatically scored as zero.
iasbs:informationTechnology,iasbs,دانشگاه تحصیلات تکمیلی علوم پایه زنجان,جامع,9,informationTechnology,unresolved,unresolved,,no-public-evidence-resolved,2026-08-10,0,,,No sufficient public evidence was resolved in this snapshot; this is not proof of absence.,Unresolved is not absence and is never automatically scored as zero.
iasbs:systemsServices,iasbs,دانشگاه تحصیلات تکمیلی علوم پایه زنجان,جامع,9,systemsServices,unresolved,unresolved,,no-public-evidence-resolved,2026-08-10,0,,,No sufficient public evidence was resolved in this snapshot; this is not proof of absence.,Unresolved is not absence and is never automatically scored as zero.
iasbs:documentsRegulations,iasbs,دانشگاه تحصیلات تکمیلی علوم پایه زنجان,جامع,9,documentsRegulations,unresolved,unresolved,,no-public-evidence-resolved,2026-08-10,0,,,No sufficient public evidence was resolved in this snapshot; this is not proof of absence.,Unresolved is not absence and is never automatically scored as zero.
kharazmi:portalIdentity,kharazmi,دانشگاه خوارزمی,جامع,10,portalIdentity,verified,verified,,evidence-confirmed,2026-08-10,1,portal-identity,https://research.khu.ac.ir/,Dimension-specific evidence is registered on an official public surface.,Unresolved is not absence and is never automatically scored as zero.
kharazmi:organization,kharazmi,دانشگاه خوارزمی,جامع,10,organization,verified,verified,,evidence-confirmed,2026-08-10,1,unit,https://research.khu.ac.ir/,Dimension-specific evidence is registered on an official public surface.,Unresolved is not absence and is never automatically scored as zero.
kharazmi:libraryDocuments,kharazmi,دانشگاه خوارزمی,جامع,10,libraryDocuments,verified,verified,,evidence-confirmed,2026-08-10,1,unit,https://research.khu.ac.ir/,Dimension-specific evidence is registered on an official public surface.,Unresolved is not absence and is never automatically scored as zero.
kharazmi:laboratories,kharazmi,دانشگاه خوارزمی,جامع,10,laboratories,verified,verified,,evidence-confirmed,2026-08-10,1,unit,https://research.khu.ac.ir/,Dimension-specific evidence is registered on an official public surface.,Unresolved is not absence and is never automatically scored as zero.
kharazmi:industryTechnology,kharazmi,دانشگاه خوارزمی,جامع,10,industryTechnology,verified,verified,,evidence-confirmed,2026-08-10,1,unit,https://research.khu.ac.ir/,Dimension-specific evidence is registered on an official public surface.,Unresolved is not absence and is never automatically scored as zero.
kharazmi:informationTechnology,kharazmi,دانشگاه خوارزمی,جامع,10,informationTechnology,observed-reference,verified,Downgraded until a source proving organizational IT dependency is registered.,reference-only,2026-08-10,1,unit,https://research.khu.ac.ir/,Downgraded until a source proving organizational IT dependency is registered.,Unresolved is not absence and is never automatically scored as zero.
kharazmi:systemsServices,kharazmi,دانشگاه خوارزمی,جامع,10,systemsServices,verified,verified,,evidence-confirmed,2026-08-10,1,system,https://research.khu.ac.ir/,Dimension-specific evidence is registered on an official public surface.,Unresolved is not absence and is never automatically scored as zero.
kharazmi:documentsRegulations,kharazmi,دانشگاه خوارزمی,جامع,10,documentsRegulations,unresolved,unresolved,,no-public-evidence-resolved,2026-08-10,0,,,No sufficient public evidence was resolved in this snapshot; this is not proof of absence.,Unresolved is not absence and is never automatically scored as zero.
allameh:portalIdentity,allameh,دانشگاه علامه طباطبایی,جامع,11,portalIdentity,verified,verified,,evidence-confirmed,2026-08-10,1,portal-identity,https://research.atu.ac.ir/fa,Dimension-specific evidence is registered on an official public surface.,Unresolved is not absence and is never automatically scored as zero.
allameh:organization,allameh,دانشگاه علامه طباطبایی,جامع,11,organization,verified,verified,,evidence-confirmed,2026-08-10,1,unit,https://research.atu.ac.ir/fa,Dimension-specific evidence is registered on an official public surface.,Unresolved is not absence and is never automatically scored as zero.
allameh:libraryDocuments,allameh,دانشگاه علامه طباطبایی,جامع,11,libraryDocuments,verified,verified,,evidence-confirmed,2026-08-10,1,unit,https://research.atu.ac.ir/fa,Dimension-specific evidence is registered on an official public surface.,Unresolved is not absence and is never automatically scored as zero.
allameh:laboratories,allameh,دانشگاه علامه طباطبایی,جامع,11,laboratories,unresolved,unresolved,,no-public-evidence-resolved,2026-08-10,0,,,No sufficient public evidence was resolved in this snapshot; this is not proof of absence.,Unresolved is not absence and is never automatically scored as zero.
allameh:industryTechnology,allameh,دانشگاه علامه طباطبایی,جامع,11,industryTechnology,verified,verified,,evidence-confirmed,2026-08-10,1,unit,https://research.atu.ac.ir/fa,Dimension-specific evidence is registered on an official public surface.,Unresolved is not absence and is never automatically scored as zero.
allameh:informationTechnology,allameh,دانشگاه علامه طباطبایی,جامع,11,informationTechnology,unresolved,unresolved,,no-public-evidence-resolved,2026-08-10,0,,,No sufficient public evidence was resolved in this snapshot; this is not proof of absence.,Unresolved is not absence and is never automatically scored as zero.
allameh:systemsServices,allameh,دانشگاه علامه طباطبایی,جامع,11,systemsServices,verified,verified,,evidence-confirmed,2026-08-10,1,system,https://research.atu.ac.ir/fa,Dimension-specific evidence is registered on an official public surface.,Unresolved is not absence and is never automatically scored as zero.
allameh:documentsRegulations,allameh,دانشگاه علامه طباطبایی,جامع,11,documentsRegulations,verified,verified,,evidence-confirmed,2026-08-10,1,document,https://research.atu.ac.ir/fa,Dimension-specific evidence is registered on an official public surface.,Unresolved is not absence and is never automatically scored as zero.
shahid-bahonar-kerman:portalIdentity,shahid-bahonar-kerman,دانشگاه شهید باهنر کرمان,جامع,12,portalIdentity,unresolved,unresolved,,no-public-evidence-resolved,2026-08-10,1,portal-identity,https://t.me/Sbukerman_official,No sufficient public evidence was resolved in this snapshot; this is not proof of absence.,Unresolved is not absence and is never automatically scored as zero.
shahid-bahonar-kerman:organization,shahid-bahonar-kerman,دانشگاه شهید باهنر کرمان,جامع,12,organization,unresolved,unresolved,,no-public-evidence-resolved,2026-08-10,0,,,No sufficient public evidence was resolved in this snapshot; this is not proof of absence.,Unresolved is not absence and is never automatically scored as zero.
shahid-bahonar-kerman:libraryDocuments,shahid-bahonar-kerman,دانشگاه شهید باهنر کرمان,جامع,12,libraryDocuments,unresolved,unresolved,,no-public-evidence-resolved,2026-08-10,0,,,No sufficient public evidence was resolved in this snapshot; this is not proof of absence.,Unresolved is not absence and is never automatically scored as zero.
shahid-bahonar-kerman:laboratories,shahid-bahonar-kerman,دانشگاه شهید باهنر کرمان,جامع,12,laboratories,unresolved,unresolved,,no-public-evidence-resolved,2026-08-10,0,,,No sufficient public evidence was resolved in this snapshot; this is not proof of absence.,Unresolved is not absence and is never automatically scored as zero.
shahid-bahonar-kerman:industryTechnology,shahid-bahonar-kerman,دانشگاه شهید باهنر کرمان,جامع,12,industryTechnology,unresolved,unresolved,,no-public-evidence-resolved,2026-08-10,0,,,No sufficient public evidence was resolved in this snapshot; this is not proof of absence.,Unresolved is not absence and is never automatically scored as zero.
shahid-bahonar-kerman:informationTechnology,shahid-bahonar-kerman,دانشگاه شهید باهنر کرمان,جامع,12,informationTechnology,unresolved,unresolved,,no-public-evidence-resolved,2026-08-10,0,,,No sufficient public evidence was resolved in this snapshot; this is not proof of absence.,Unresolved is not absence and is never automatically scored as zero.
shahid-bahonar-kerman:systemsServices,shahid-bahonar-kerman,دانشگاه شهید باهنر کرمان,جامع,12,systemsServices,unresolved,unresolved,,no-public-evidence-resolved,2026-08-10,0,,,No sufficient public evidence was resolved in this snapshot; this is not proof of absence.,Unresolved is not absence and is never automatically scored as zero.
shahid-bahonar-kerman:documentsRegulations,shahid-bahonar-kerman,دانشگاه شهید باهنر کرمان,جامع,12,documentsRegulations,unresolved,unresolved,,no-public-evidence-resolved,2026-08-10,0,,,No sufficient public evidence was resolved in this snapshot; this is not proof of absence.,Unresolved is not absence and is never automatically scored as zero.
guilan:portalIdentity,guilan,دانشگاه گیلان,جامع,13,portalIdentity,observed-reference,observed-reference,,reference-only,2026-08-10,1,portal-identity,https://guilan.ac.ir/,"An official public reference was observed, but direct dimension attribution was not established.",Unresolved is not absence and is never automatically scored as zero.
guilan:organization,guilan,دانشگاه گیلان,جامع,13,organization,unresolved,unresolved,,no-public-evidence-resolved,2026-08-10,0,,,No sufficient public evidence was resolved in this snapshot; this is not proof of absence.,Unresolved is not absence and is never automatically scored as zero.
guilan:libraryDocuments,guilan,دانشگاه گیلان,جامع,13,libraryDocuments,unresolved,unresolved,,no-public-evidence-resolved,2026-08-10,0,,,No sufficient public evidence was resolved in this snapshot; this is not proof of absence.,Unresolved is not absence and is never automatically scored as zero.
guilan:laboratories,guilan,دانشگاه گیلان,جامع,13,laboratories,unresolved,unresolved,,no-public-evidence-resolved,2026-08-10,0,,,No sufficient public evidence was resolved in this snapshot; this is not proof of absence.,Unresolved is not absence and is never automatically scored as zero.
guilan:industryTechnology,guilan,دانشگاه گیلان,جامع,13,industryTechnology,unresolved,unresolved,,no-public-evidence-resolved,2026-08-10,0,,,No sufficient public evidence was resolved in this snapshot; this is not proof of absence.,Unresolved is not absence and is never automatically scored as zero.
guilan:informationTechnology,guilan,دانشگاه گیلان,جامع,13,informationTechnology,unresolved,unresolved,,no-public-evidence-resolved,2026-08-10,0,,,No sufficient public evidence was resolved in this snapshot; this is not proof of absence.,Unresolved is not absence and is never automatically scored as zero.
guilan:systemsServices,guilan,دانشگاه گیلان,جامع,13,systemsServices,unresolved,unresolved,,no-public-evidence-resolved,2026-08-10,0,,,No sufficient public evidence was resolved in this snapshot; this is not proof of absence.,Unresolved is not absence and is never automatically scored as zero.
guilan:documentsRegulations,guilan,دانشگاه گیلان,جامع,13,documentsRegulations,unresolved,unresolved,,no-public-evidence-resolved,2026-08-10,0,,,No sufficient public evidence was resolved in this snapshot; this is not proof of absence.,Unresolved is not absence and is never automatically scored as zero.
urmia:portalIdentity,urmia,دانشگاه ارومیه,جامع,14,portalIdentity,observed-reference,observed-reference,,reference-only,2026-08-10,1,portal-identity,https://www.urmia.ac.ir/,"An official public reference was observed, but direct dimension attribution was not established.",Unresolved is not absence and is never automatically scored as zero.
urmia:organization,urmia,دانشگاه ارومیه,جامع,14,organization,unresolved,unresolved,,no-public-evidence-resolved,2026-08-10,0,,,No sufficient public evidence was resolved in this snapshot; this is not proof of absence.,Unresolved is not absence and is never automatically scored as zero.
urmia:libraryDocuments,urmia,دانشگاه ارومیه,جامع,14,libraryDocuments,unresolved,unresolved,,no-public-evidence-resolved,2026-08-10,0,,,No sufficient public evidence was resolved in this snapshot; this is not proof of absence.,Unresolved is not absence and is never automatically scored as zero.
urmia:laboratories,urmia,دانشگاه ارومیه,جامع,14,laboratories,unresolved,unresolved,,no-public-evidence-resolved,2026-08-10,0,,,No sufficient public evidence was resolved in this snapshot; this is not proof of absence.,Unresolved is not absence and is never automatically scored as zero.
urmia:industryTechnology,urmia,دانشگاه ارومیه,جامع,14,industryTechnology,unresolved,unresolved,,no-public-evidence-resolved,2026-08-10,0,,,No sufficient public evidence was resolved in this snapshot; this is not proof of absence.,Unresolved is not absence and is never automatically scored as zero.
urmia:informationTechnology,urmia,دانشگاه ارومیه,جامع,14,informationTechnology,unresolved,unresolved,,no-public-evidence-resolved,2026-08-10,0,,,No sufficient public evidence was resolved in this snapshot; this is not proof of absence.,Unresolved is not absence and is never automatically scored as zero.
urmia:systemsServices,urmia,دانشگاه ارومیه,جامع,14,systemsServices,unresolved,unresolved,,no-public-evidence-resolved,2026-08-10,0,,,No sufficient public evidence was resolved in this snapshot; this is not proof of absence.,Unresolved is not absence and is never automatically scored as zero.
urmia:documentsRegulations,urmia,دانشگاه ارومیه,جامع,14,documentsRegulations,unresolved,unresolved,,no-public-evidence-resolved,2026-08-10,0,,,No sufficient public evidence was resolved in this snapshot; this is not proof of absence.,Unresolved is not absence and is never automatically scored as zero.
semnan:portalIdentity,semnan,دانشگاه سمنان,جامع,15,portalIdentity,verified,verified,,evidence-confirmed,2026-08-10,1,portal-identity,https://research.semnan.ac.ir/,Dimension-specific evidence is registered on an official public surface.,Unresolved is not absence and is never automatically scored as zero.
semnan:organization,semnan,دانشگاه سمنان,جامع,15,organization,verified,verified,,evidence-confirmed,2026-08-10,1,unit,https://research.semnan.ac.ir/,Dimension-specific evidence is registered on an official public surface.,Unresolved is not absence and is never automatically scored as zero.
semnan:libraryDocuments,semnan,دانشگاه سمنان,جامع,15,libraryDocuments,verified,verified,,evidence-confirmed,2026-08-10,1,unit,https://research.semnan.ac.ir/,Dimension-specific evidence is registered on an official public surface.,Unresolved is not absence and is never automatically scored as zero.
semnan:laboratories,semnan,دانشگاه سمنان,جامع,15,laboratories,verified,verified,,evidence-confirmed,2026-08-10,1,unit,https://research.semnan.ac.ir/,Dimension-specific evidence is registered on an official public surface.,Unresolved is not absence and is never automatically scored as zero.
semnan:industryTechnology,semnan,دانشگاه سمنان,جامع,15,industryTechnology,verified,verified,,evidence-confirmed,2026-08-10,1,unit,https://research.semnan.ac.ir/,Dimension-specific evidence is registered on an official public surface.,Unresolved is not absence and is never automatically scored as zero.
semnan:informationTechnology,semnan,دانشگاه سمنان,جامع,15,informationTechnology,observed-reference,verified,Downgraded until a source proving organizational IT dependency is registered.,reference-only,2026-08-10,1,unit,https://research.semnan.ac.ir/,Downgraded until a source proving organizational IT dependency is registered.,Unresolved is not absence and is never automatically scored as zero.
semnan:systemsServices,semnan,دانشگاه سمنان,جامع,15,systemsServices,verified,verified,,evidence-confirmed,2026-08-10,1,system,https://research.semnan.ac.ir/,Dimension-specific evidence is registered on an official public surface.,Unresolved is not absence and is never automatically scored as zero.
semnan:documentsRegulations,semnan,دانشگاه سمنان,جامع,15,documentsRegulations,verified,verified,,evidence-confirmed,2026-08-10,1,document,https://research.semnan.ac.ir/,Dimension-specific evidence is registered on an official public surface.,Unresolved is not absence and is never automatically scored as zero.
sistan-baluchestan:portalIdentity,sistan-baluchestan,دانشگاه سیستان و بلوچستان,جامع,16,portalIdentity,verified,verified,,evidence-confirmed,2026-08-10,1,research-review-specific,https://www.usb.ac.ir/%D9%85%D8%B9%D8%A7%D9%88%D9%86%D8%AA-%D9%87%D8%A7/%D9%85%D8%B9%D8%A7%D9%88%D9%86%D8%AA-%D9%BE%DA%98%D9%88%D9%87%D8%B4%DB%8C-%D9%88-%D9%81%D9%86%D8%A7%D9%88%D8%B1%DB%8C/%D9%85%D8%B9%D8%A7%D9%88%D9%86%D8%AA-%D9%BE%DA%98%D9%88%D9%87%D8%B4%DB%8C/%D9%85%D8%B9%D8%B1%D9%81%DB%8C-%D9%85%D8%B9%D8%A7%D9%88%D9%86%D8%AA,Dimension-specific evidence is registered on an official public surface.,Unresolved is not absence and is never automatically scored as zero.
sistan-baluchestan:organization,sistan-baluchestan,دانشگاه سیستان و بلوچستان,جامع,16,organization,observed-reference,verified,Downgraded because no dimension-specific public URL was registered.,reference-only,2026-08-10,2,research-review-reference | research-review-reference,https://www.usb.ac.ir/%D9%85%D8%B9%D8%A7%D9%88%D9%86%D8%AA-%D9%87%D8%A7/%D9%85%D8%B9%D8%A7%D9%88%D9%86%D8%AA-%D9%BE%DA%98%D9%88%D9%87%D8%B4%DB%8C-%D9%88-%D9%81%D9%86%D8%A7%D9%88%D8%B1%DB%8C/%D9%85%D8%B9%D8%A7%D9%88%D9%86%D8%AA-%D9%BE%DA%98%D9%88%D9%87%D8%B4%DB%8C/%D9%85%D8%B9%D8%B1%D9%81%DB%8C-%D9%85%D8%B9%D8%A7%D9%88%D9%86%D8%AA | https://www.usb.ac.ir/%D9%85%D8%B9%D8%A7%D9%88%D9%86%D8%AA-%D9%87%D8%A7/%D9%85%D8%B9%D8%A7%D9%88%D9%86%D8%AA-%D9%BE%DA%98%D9%88%D9%87%D8%B4%DB%8C-%D9%88-%D9%81%D9%86%D8%A7%D9%88%D8%B1%DB%8C/%DA%A9%D9%85%DB%8C%D8%AA%D9%87-%D8%A7%D8%AE%D9%84%D8%A7%D9%82-%D8%AF%D8%B1-%D9%BE%DA%98%D9%88%D9%87%D8%B4/%D8%AF%D8%B3%D8%AA%D9%88%D8%B1%D8%A7%D9%84%D8%B9%D9%85%D9%84-%D9%87%D8%A7-%D9%88-%D8%B1%D8%A7%D9%87%D9%86%D9%85%D8%A7%D9%87%D8%A7%DB%8C-%D8%A7%D8%AE%D9%84%D8%A7%D9%82%DB%8C-%D9%BE%DA%98%D9%88%D9%87%D8%B4%DB%8C,Downgraded because no dimension-specific public URL was registered.,Unresolved is not absence and is never automatically scored as zero.
sistan-baluchestan:libraryDocuments,sistan-baluchestan,دانشگاه سیستان و بلوچستان,جامع,16,libraryDocuments,unresolved,unresolved,,no-public-evidence-resolved,2026-08-10,0,,,No sufficient public evidence was resolved in this snapshot; this is not proof of absence.,Unresolved is not absence and is never automatically scored as zero.
sistan-baluchestan:laboratories,sistan-baluchestan,دانشگاه سیستان و بلوچستان,جامع,16,laboratories,unresolved,unresolved,,no-public-evidence-resolved,2026-08-10,0,,,No sufficient public evidence was resolved in this snapshot; this is not proof of absence.,Unresolved is not absence and is never automatically scored as zero.
sistan-baluchestan:industryTechnology,sistan-baluchestan,دانشگاه سیستان و بلوچستان,جامع,16,industryTechnology,observed-reference,observed-reference,,reference-only,2026-08-10,0,,,"An official public reference was observed, but direct dimension attribution was not established.",Unresolved is not absence and is never automatically scored as zero.
sistan-baluchestan:informationTechnology,sistan-baluchestan,دانشگاه سیستان و بلوچستان,جامع,16,informationTechnology,unresolved,unresolved,,no-public-evidence-resolved,2026-08-10,0,,,No sufficient public evidence was resolved in this snapshot; this is not proof of absence.,Unresolved is not absence and is never automatically scored as zero.
sistan-baluchestan:systemsServices,sistan-baluchestan,دانشگاه سیستان و بلوچستان,جامع,16,systemsServices,unresolved,unresolved,,no-public-evidence-resolved,2026-08-10,0,,,No sufficient public evidence was resolved in this snapshot; this is not proof of absence.,Unresolved is not absence and is never automatically scored as zero.
sistan-baluchestan:documentsRegulations,sistan-baluchestan,دانشگاه سیستان و بلوچستان,جامع,16,documentsRegulations,verified,verified,,evidence-confirmed,2026-08-10,1,research-review-specific,https://www.usb.ac.ir/%D9%85%D8%B9%D8%A7%D9%88%D9%86%D8%AA-%D9%87%D8%A7/%D9%85%D8%B9%D8%A7%D9%88%D9%86%D8%AA-%D9%BE%DA%98%D9%88%D9%87%D8%B4%DB%8C-%D9%88-%D9%81%D9%86%D8%A7%D9%88%D8%B1%DB%8C/%DA%A9%D9%85%DB%8C%D8%AA%D9%87-%D8%A7%D8%AE%D9%84%D8%A7%D9%82-%D8%AF%D8%B1-%D9%BE%DA%98%D9%88%D9%87%D8%B4/%D8%AF%D8%B3%D8%AA%D9%88%D8%B1%D8%A7%D9%84%D8%B9%D9%85%D9%84-%D9%87%D8%A7-%D9%88-%D8%B1%D8%A7%D9%87%D9%86%D9%85%D8%A7%D9%87%D8%A7%DB%8C-%D8%A7%D8%AE%D9%84%D8%A7%D9%82%DB%8C-%D9%BE%DA%98%D9%88%D9%87%D8%B4%DB%8C,Dimension-specific evidence is registered on an official public surface.,Unresolved is not absence and is never automatically scored as zero.
yazd:portalIdentity,yazd,دانشگاه یزد,جامع,17,portalIdentity,verified,verified,,evidence-confirmed,2026-08-10,2,portal-identity | research-review-specific,https://yazd.ac.ir/ | https://yazd.ac.ir/offices/research/home/introduction,Dimension-specific evidence is registered on an official public surface.,Unresolved is not absence and is never automatically scored as zero.
yazd:organization,yazd,دانشگاه یزد,جامع,17,organization,verified,verified,,evidence-confirmed,2026-08-10,1,research-review-specific,https://yazd.ac.ir/%D9%85%D8%B9%D8%A7%D9%88%D9%86-%D9%BE%DA%98%D9%88%D9%87%D8%B4-%D9%88-%D9%81%D9%86%D8%A7%D9%88%D8%B1%DB%8C,Dimension-specific evidence is registered on an official public surface.,Unresolved is not absence and is never automatically scored as zero.
yazd:libraryDocuments,yazd,دانشگاه یزد,جامع,17,libraryDocuments,observed-reference,verified,Downgraded because no dimension-specific public URL was registered.,reference-only,2026-08-10,2,research-review-reference | research-review-reference,https://yazd.ac.ir/offices/research/home/introduction | https://yazd.ac.ir/%D9%85%D8%B9%D8%A7%D9%88%D9%86-%D9%BE%DA%98%D9%88%D9%87%D8%B4-%D9%88-%D9%81%D9%86%D8%A7%D9%88%D8%B1%DB%8C,Downgraded because no dimension-specific public URL was registered.,Unresolved is not absence and is never automatically scored as zero.
yazd:laboratories,yazd,دانشگاه یزد,جامع,17,laboratories,observed-reference,verified,Downgraded because no dimension-specific public URL was registered.,reference-only,2026-08-10,2,research-review-reference | research-review-reference,https://yazd.ac.ir/offices/research/home/introduction | https://yazd.ac.ir/%D9%85%D8%B9%D8%A7%D9%88%D9%86-%D9%BE%DA%98%D9%88%D9%87%D8%B4-%D9%88-%D9%81%D9%86%D8%A7%D9%88%D8%B1%DB%8C,Downgraded because no dimension-specific public URL was registered.,Unresolved is not absence and is never automatically scored as zero.
yazd:industryTechnology,yazd,دانشگاه یزد,جامع,17,industryTechnology,observed-reference,verified,Downgraded because no dimension-specific public URL was registered.,reference-only,2026-08-10,2,research-review-reference | research-review-reference,https://yazd.ac.ir/offices/research/home/introduction | https://yazd.ac.ir/%D9%85%D8%B9%D8%A7%D9%88%D9%86-%D9%BE%DA%98%D9%88%D9%87%D8%B4-%D9%88-%D9%81%D9%86%D8%A7%D9%88%D8%B1%DB%8C,Downgraded because no dimension-specific public URL was registered.,Unresolved is not absence and is never automatically scored as zero.
yazd:informationTechnology,yazd,دانشگاه یزد,جامع,17,informationTechnology,observed-reference,verified,Downgraded until a source proving organizational IT dependency is registered.,reference-only,2026-08-10,2,research-review-reference | research-review-reference,https://yazd.ac.ir/offices/research/home/introduction | https://yazd.ac.ir/%D9%85%D8%B9%D8%A7%D9%88%D9%86-%D9%BE%DA%98%D9%88%D9%87%D8%B4-%D9%88-%D9%81%D9%86%D8%A7%D9%88%D8%B1%DB%8C,Downgraded until a source proving organizational IT dependency is registered.,Unresolved is not absence and is never automatically scored as zero.
yazd:systemsServices,yazd,دانشگاه یزد,جامع,17,systemsServices,observed-reference,verified,Downgraded because no dimension-specific public URL was registered.,reference-only,2026-08-10,2,research-review-reference | research-review-reference,https://yazd.ac.ir/offices/research/home/introduction | https://yazd.ac.ir/%D9%85%D8%B9%D8%A7%D9%88%D9%86-%D9%BE%DA%98%D9%88%D9%87%D8%B4-%D9%88-%D9%81%D9%86%D8%A7%D9%88%D8%B1%DB%8C,Downgraded because no dimension-specific public URL was registered.,Unresolved is not absence and is never automatically scored as zero.
yazd:documentsRegulations,yazd,دانشگاه یزد,جامع,17,documentsRegulations,observed-reference,verified,Downgraded because no dimension-specific public URL was registered.,reference-only,2026-08-10,2,research-review-reference | research-review-reference,https://yazd.ac.ir/offices/research/home/introduction | https://yazd.ac.ir/%D9%85%D8%B9%D8%A7%D9%88%D9%86-%D9%BE%DA%98%D9%88%D9%87%D8%B4-%D9%88-%D9%81%D9%86%D8%A7%D9%88%D8%B1%DB%8C,Downgraded because no dimension-specific public URL was registered.,Unresolved is not absence and is never automatically scored as zero.
mohaghegh-ardabili:portalIdentity,mohaghegh-ardabili,دانشگاه محقق اردبیلی,جامع,18,portalIdentity,verified,verified,,evidence-confirmed,2026-08-10,2,portal-identity | research-review-specific,https://uma.ac.ir/ | https://uma.ac.ir/find-8.270.2596.fa.html,Dimension-specific evidence is registered on an official public surface.,Unresolved is not absence and is never automatically scored as zero.
mohaghegh-ardabili:organization,mohaghegh-ardabili,دانشگاه محقق اردبیلی,جامع,18,organization,observed-reference,verified,Downgraded because no dimension-specific public URL was registered.,reference-only,2026-08-10,3,research-review-reference | research-review-reference | research-review-reference,https://uma.ac.ir/find-8.270.2596.fa.html | https://uma.ac.ir/find.php?item=8.5244.13832.fa | https://uma.ac.ir/content/32005/%D8%A2%DB%8C%DB%8C%D9%86%E2%80%8C%D9%86%D8%A7%D9%85%D9%87%E2%80%8C%D9%87%D8%A7%DB%8C-%D9%BE%DA%98%D9%88%D9%87%D8%B4%DB%8C,Downgraded because no dimension-specific public URL was registered.,Unresolved is not absence and is never automatically scored as zero.
mohaghegh-ardabili:libraryDocuments,mohaghegh-ardabili,دانشگاه محقق اردبیلی,جامع,18,libraryDocuments,observed-reference,verified,Downgraded because no dimension-specific public URL was registered.,reference-only,2026-08-10,3,research-review-reference | research-review-reference | research-review-reference,https://uma.ac.ir/find-8.270.2596.fa.html | https://uma.ac.ir/find.php?item=8.5244.13832.fa | https://uma.ac.ir/content/32005/%D8%A2%DB%8C%DB%8C%D9%86%E2%80%8C%D9%86%D8%A7%D9%85%D9%87%E2%80%8C%D9%87%D8%A7%DB%8C-%D9%BE%DA%98%D9%88%D9%87%D8%B4%DB%8C,Downgraded because no dimension-specific public URL was registered.,Unresolved is not absence and is never automatically scored as zero.
mohaghegh-ardabili:laboratories,mohaghegh-ardabili,دانشگاه محقق اردبیلی,جامع,18,laboratories,observed-reference,verified,Downgraded because no dimension-specific public URL was registered.,reference-only,2026-08-10,3,research-review-reference | research-review-reference | research-review-reference,https://uma.ac.ir/find-8.270.2596.fa.html | https://uma.ac.ir/find.php?item=8.5244.13832.fa | https://uma.ac.ir/content/32005/%D8%A2%DB%8C%DB%8C%D9%86%E2%80%8C%D9%86%D8%A7%D9%85%D9%87%E2%80%8C%D9%87%D8%A7%DB%8C-%D9%BE%DA%98%D9%88%D9%87%D8%B4%DB%8C,Downgraded because no dimension-specific public URL was registered.,Unresolved is not absence and is never automatically scored as zero.
mohaghegh-ardabili:industryTechnology,mohaghegh-ardabili,دانشگاه محقق اردبیلی,جامع,18,industryTechnology,observed-reference,verified,Downgraded because no dimension-specific public URL was registered.,reference-only,2026-08-10,3,research-review-reference | research-review-reference | research-review-reference,https://uma.ac.ir/find-8.270.2596.fa.html | https://uma.ac.ir/find.php?item=8.5244.13832.fa | https://uma.ac.ir/content/32005/%D8%A2%DB%8C%DB%8C%D9%86%E2%80%8C%D9%86%D8%A7%D9%85%D9%87%E2%80%8C%D9%87%D8%A7%DB%8C-%D9%BE%DA%98%D9%88%D9%87%D8%B4%DB%8C,Downgraded because no dimension-specific public URL was registered.,Unresolved is not absence and is never automatically scored as zero.
mohaghegh-ardabili:informationTechnology,mohaghegh-ardabili,دانشگاه محقق اردبیلی,جامع,18,informationTechnology,observed-reference,verified,Downgraded until a source proving organizational IT dependency is registered.,reference-only,2026-08-10,3,research-review-reference | research-review-reference | research-review-reference,https://uma.ac.ir/find-8.270.2596.fa.html | https://uma.ac.ir/find.php?item=8.5244.13832.fa | https://uma.ac.ir/content/32005/%D8%A2%DB%8C%DB%8C%D9%86%E2%80%8C%D9%86%D8%A7%D9%85%D9%87%E2%80%8C%D9%87%D8%A7%DB%8C-%D9%BE%DA%98%D9%88%D9%87%D8%B4%DB%8C,Downgraded until a source proving organizational IT dependency is registered.,Unresolved is not absence and is never automatically scored as zero.
mohaghegh-ardabili:systemsServices,mohaghegh-ardabili,دانشگاه محقق اردبیلی,جامع,18,systemsServices,observed-reference,verified,Downgraded because no dimension-specific public URL was registered.,reference-only,2026-08-10,3,research-review-reference | research-review-reference | research-review-reference,https://uma.ac.ir/find-8.270.2596.fa.html | https://uma.ac.ir/find.php?item=8.5244.13832.fa | https://uma.ac.ir/content/32005/%D8%A2%DB%8C%DB%8C%D9%86%E2%80%8C%D9%86%D8%A7%D9%85%D9%87%E2%80%8C%D9%87%D8%A7%DB%8C-%D9%BE%DA%98%D9%88%D9%87%D8%B4%DB%8C,Downgraded because no dimension-specific public URL was registered.,Unresolved is not absence and is never automatically scored as zero.
mohaghegh-ardabili:documentsRegulations,mohaghegh-ardabili,دانشگاه محقق اردبیلی,جامع,18,documentsRegulations,verified,verified,,evidence-confirmed,2026-08-10,1,research-review-specific,https://uma.ac.ir/content/32005/%D8%A2%DB%8C%DB%8C%D9%86%E2%80%8C%D9%86%D8%A7%D9%85%D9%87%E2%80%8C%D9%87%D8%A7%DB%8C-%D9%BE%DA%98%D9%88%D9%87%D8%B4%DB%8C,Dimension-specific evidence is registered on an official public surface.,Unresolved is not absence and is never automatically scored as zero.
kurdistan:portalIdentity,kurdistan,دانشگاه کردستان,جامع,19,portalIdentity,verified,verified,,evidence-confirmed,2026-08-10,5,portal-identity | research-review-specific | research-review-specific | research-review-specific | research-review-specific,https://uok.ac.ir/ | https://uok.ac.ir/web/research-and-innovation | https://uok.ac.ir/web/research-and-innovation/organizational-chart | https://research.uok.ac.ir/ | https://uok.ac.ir/web/research-and-innovation/research-forms-regulations,Dimension-specific evidence is registered on an official public surface.,Unresolved is not absence and is never automatically scored as zero.
kurdistan:organization,kurdistan,دانشگاه کردستان,جامع,19,organization,verified,verified,,evidence-confirmed,2026-08-10,1,research-review-specific,https://uok.ac.ir/web/research-and-innovation/organizational-chart,Dimension-specific evidence is registered on an official public surface.,Unresolved is not absence and is never automatically scored as zero.
kurdistan:libraryDocuments,kurdistan,دانشگاه کردستان,جامع,19,libraryDocuments,unresolved,unresolved,,no-public-evidence-resolved,2026-08-10,0,,,No sufficient public evidence was resolved in this snapshot; this is not proof of absence.,Unresolved is not absence and is never automatically scored as zero.
kurdistan:laboratories,kurdistan,دانشگاه کردستان,جامع,19,laboratories,observed-reference,verified,Downgraded because no dimension-specific public URL was registered.,reference-only,2026-08-10,4,research-review-reference | research-review-reference | research-review-reference | research-review-reference,https://uok.ac.ir/web/research-and-innovation | https://uok.ac.ir/web/research-and-innovation/organizational-chart | https://research.uok.ac.ir/ | https://uok.ac.ir/web/research-and-innovation/research-forms-regulations,Downgraded because no dimension-specific public URL was registered.,Unresolved is not absence and is never automatically scored as zero.
kurdistan:industryTechnology,kurdistan,دانشگاه کردستان,جامع,19,industryTechnology,verified,verified,,evidence-confirmed,2026-08-10,3,research-review-specific | research-review-specific | research-review-specific,https://uok.ac.ir/web/research-and-innovation | https://uok.ac.ir/web/research-and-innovation/organizational-chart | https://uok.ac.ir/web/research-and-innovation/research-forms-regulations,Dimension-specific evidence is registered on an official public surface.,Unresolved is not absence and is never automatically scored as zero.
kurdistan:informationTechnology,kurdistan,دانشگاه کردستان,جامع,19,informationTechnology,unresolved,unresolved,,no-public-evidence-resolved,2026-08-10,0,,,No sufficient public evidence was resolved in this snapshot; this is not proof of absence.,Unresolved is not absence and is never automatically scored as zero.
kurdistan:systemsServices,kurdistan,دانشگاه کردستان,جامع,19,systemsServices,verified,verified,,evidence-confirmed,2026-08-10,1,research-review-specific,https://research.uok.ac.ir/,Dimension-specific evidence is registered on an official public surface.,Unresolved is not absence and is never automatically scored as zero.
kurdistan:documentsRegulations,kurdistan,دانشگاه کردستان,جامع,19,documentsRegulations,observed-reference,observed-reference,,reference-only,2026-08-10,1,research-review-specific,https://uok.ac.ir/web/research-and-innovation/research-forms-regulations,"An official public reference was observed, but direct dimension attribution was not established.",Unresolved is not absence and is never automatically scored as zero.
shahid-chamran-ahvaz:portalIdentity,shahid-chamran-ahvaz,دانشگاه شهید چمران اهواز,جامع,20,portalIdentity,verified,verified,,evidence-confirmed,2026-08-10,1,portal-identity,https://research.scu.ac.ir/,Dimension-specific evidence is registered on an official public surface.,Unresolved is not absence and is never automatically scored as zero.
shahid-chamran-ahvaz:organization,shahid-chamran-ahvaz,دانشگاه شهید چمران اهواز,جامع,20,organization,verified,verified,,evidence-confirmed,2026-08-10,1,unit,https://research.scu.ac.ir/,Dimension-specific evidence is registered on an official public surface.,Unresolved is not absence and is never automatically scored as zero.
shahid-chamran-ahvaz:libraryDocuments,shahid-chamran-ahvaz,دانشگاه شهید چمران اهواز,جامع,20,libraryDocuments,verified,verified,,evidence-confirmed,2026-08-10,1,unit,https://research.scu.ac.ir/,Dimension-specific evidence is registered on an official public surface.,Unresolved is not absence and is never automatically scored as zero.
shahid-chamran-ahvaz:laboratories,shahid-chamran-ahvaz,دانشگاه شهید چمران اهواز,جامع,20,laboratories,verified,verified,,evidence-confirmed,2026-08-10,1,unit,https://research.scu.ac.ir/,Dimension-specific evidence is registered on an official public surface.,Unresolved is not absence and is never automatically scored as zero.
shahid-chamran-ahvaz:industryTechnology,shahid-chamran-ahvaz,دانشگاه شهید چمران اهواز,جامع,20,industryTechnology,verified,verified,,evidence-confirmed,2026-08-10,1,unit,https://research.scu.ac.ir/,Dimension-specific evidence is registered on an official public surface.,Unresolved is not absence and is never automatically scored as zero.
shahid-chamran-ahvaz:informationTechnology,shahid-chamran-ahvaz,دانشگاه شهید چمران اهواز,جامع,20,informationTechnology,observed-reference,verified,Downgraded until a source proving organizational IT dependency is registered.,reference-only,2026-08-10,1,unit,https://research.scu.ac.ir/,Downgraded until a source proving organizational IT dependency is registered.,Unresolved is not absence and is never automatically scored as zero.
shahid-chamran-ahvaz:systemsServices,shahid-chamran-ahvaz,دانشگاه شهید چمران اهواز,جامع,20,systemsServices,verified,verified,,evidence-confirmed,2026-08-10,1,system,https://research.scu.ac.ir/,Dimension-specific evidence is registered on an official public surface.,Unresolved is not absence and is never automatically scored as zero.
shahid-chamran-ahvaz:documentsRegulations,shahid-chamran-ahvaz,دانشگاه شهید چمران اهواز,جامع,20,documentsRegulations,unresolved,unresolved,,no-public-evidence-resolved,2026-08-10,0,,,No sufficient public evidence was resolved in this snapshot; this is not proof of absence.,Unresolved is not absence and is never automatically scored as zero.
kashan:portalIdentity,kashan,دانشگاه کاشان,جامع,21,portalIdentity,verified,verified,,evidence-confirmed,2026-08-10,1,research-review-specific,https://research.kashanu.ac.ir/,Dimension-specific evidence is registered on an official public surface.,Unresolved is not absence and is never automatically scored as zero.
kashan:organization,kashan,دانشگاه کاشان,جامع,21,organization,observed-reference,verified,Downgraded because no dimension-specific public URL was registered.,reference-only,2026-08-10,1,research-review-reference,https://research.kashanu.ac.ir/,Downgraded because no dimension-specific public URL was registered.,Unresolved is not absence and is never automatically scored as zero.
kashan:libraryDocuments,kashan,دانشگاه کاشان,جامع,21,libraryDocuments,observed-reference,verified,Downgraded because no dimension-specific public URL was registered.,reference-only,2026-08-10,1,research-review-reference,https://research.kashanu.ac.ir/,Downgraded because no dimension-specific public URL was registered.,Unresolved is not absence and is never automatically scored as zero.
kashan:laboratories,kashan,دانشگاه کاشان,جامع,21,laboratories,observed-reference,verified,Downgraded because no dimension-specific public URL was registered.,reference-only,2026-08-10,1,research-review-reference,https://research.kashanu.ac.ir/,Downgraded because no dimension-specific public URL was registered.,Unresolved is not absence and is never automatically scored as zero.
kashan:industryTechnology,kashan,دانشگاه کاشان,جامع,21,industryTechnology,observed-reference,verified,Downgraded because no dimension-specific public URL was registered.,reference-only,2026-08-10,1,research-review-reference,https://research.kashanu.ac.ir/,Downgraded because no dimension-specific public URL was registered.,Unresolved is not absence and is never automatically scored as zero.
kashan:informationTechnology,kashan,دانشگاه کاشان,جامع,21,informationTechnology,unresolved,unresolved,,no-public-evidence-resolved,2026-08-10,0,,,No sufficient public evidence was resolved in this snapshot; this is not proof of absence.,Unresolved is not absence and is never automatically scored as zero.
kashan:systemsServices,kashan,دانشگاه کاشان,جامع,21,systemsServices,unresolved,unresolved,,no-public-evidence-resolved,2026-08-10,0,,,No sufficient public evidence was resolved in this snapshot; this is not proof of absence.,Unresolved is not absence and is never automatically scored as zero.
kashan:documentsRegulations,kashan,دانشگاه کاشان,جامع,21,documentsRegulations,observed-reference,verified,Downgraded because no dimension-specific public URL was registered.,reference-only,2026-08-10,1,research-review-reference,https://research.kashanu.ac.ir/,Downgraded because no dimension-specific public URL was registered.,Unresolved is not absence and is never automatically scored as zero.
shahrekord:portalIdentity,shahrekord,دانشگاه شهرکرد,جامع,22,portalIdentity,unresolved,unresolved,,no-public-evidence-resolved,2026-08-10,0,,,No sufficient public evidence was resolved in this snapshot; this is not proof of absence.,Unresolved is not absence and is never automatically scored as zero.
shahrekord:organization,shahrekord,دانشگاه شهرکرد,جامع,22,organization,unresolved,unresolved,,no-public-evidence-resolved,2026-08-10,0,,,No sufficient public evidence was resolved in this snapshot; this is not proof of absence.,Unresolved is not absence and is never automatically scored as zero.
shahrekord:libraryDocuments,shahrekord,دانشگاه شهرکرد,جامع,22,libraryDocuments,unresolved,unresolved,,no-public-evidence-resolved,2026-08-10,0,,,No sufficient public evidence was resolved in this snapshot; this is not proof of absence.,Unresolved is not absence and is never automatically scored as zero.
shahrekord:laboratories,shahrekord,دانشگاه شهرکرد,جامع,22,laboratories,unresolved,unresolved,,no-public-evidence-resolved,2026-08-10,0,,,No sufficient public evidence was resolved in this snapshot; this is not proof of absence.,Unresolved is not absence and is never automatically scored as zero.
shahrekord:industryTechnology,shahrekord,دانشگاه شهرکرد,جامع,22,industryTechnology,unresolved,unresolved,,no-public-evidence-resolved,2026-08-10,0,,,No sufficient public evidence was resolved in this snapshot; this is not proof of absence.,Unresolved is not absence and is never automatically scored as zero.
shahrekord:informationTechnology,shahrekord,دانشگاه شهرکرد,جامع,22,informationTechnology,unresolved,unresolved,,no-public-evidence-resolved,2026-08-10,0,,,No sufficient public evidence was resolved in this snapshot; this is not proof of absence.,Unresolved is not absence and is never automatically scored as zero.
shahrekord:systemsServices,shahrekord,دانشگاه شهرکرد,جامع,22,systemsServices,unresolved,unresolved,,no-public-evidence-resolved,2026-08-10,0,,,No sufficient public evidence was resolved in this snapshot; this is not proof of absence.,Unresolved is not absence and is never automatically scored as zero.
shahrekord:documentsRegulations,shahrekord,دانشگاه شهرکرد,جامع,22,documentsRegulations,unresolved,unresolved,,no-public-evidence-resolved,2026-08-10,0,,,No sufficient public evidence was resolved in this snapshot; this is not proof of absence.,Unresolved is not absence and is never automatically scored as zero.
bu-ali-sina:portalIdentity,bu-ali-sina,دانشگاه بوعلی سینا,جامع,23,portalIdentity,verified,verified,,evidence-confirmed,2026-08-10,2,portal-identity | research-review-specific,https://t.me/s/basuacir | https://res.basu.ac.ir/,Dimension-specific evidence is registered on an official public surface.,Unresolved is not absence and is never automatically scored as zero.
bu-ali-sina:organization,bu-ali-sina,دانشگاه بوعلی سینا,جامع,23,organization,observed-reference,verified,Downgraded because no dimension-specific public URL was registered.,reference-only,2026-08-10,2,research-review-reference | research-review-reference,https://res.basu.ac.ir/ | https://res.basu.ac.ir/journals-regulations/-/document_library/ocki/view/3692745,Downgraded because no dimension-specific public URL was registered.,Unresolved is not absence and is never automatically scored as zero.
bu-ali-sina:libraryDocuments,bu-ali-sina,دانشگاه بوعلی سینا,جامع,23,libraryDocuments,verified,verified,,evidence-confirmed,2026-08-10,1,research-review-specific,https://res.basu.ac.ir/journals-regulations/-/document_library/ocki/view/3692745,Dimension-specific evidence is registered on an official public surface.,Unresolved is not absence and is never automatically scored as zero.
bu-ali-sina:laboratories,bu-ali-sina,دانشگاه بوعلی سینا,جامع,23,laboratories,unresolved,unresolved,,no-public-evidence-resolved,2026-08-10,0,,,No sufficient public evidence was resolved in this snapshot; this is not proof of absence.,Unresolved is not absence and is never automatically scored as zero.
bu-ali-sina:industryTechnology,bu-ali-sina,دانشگاه بوعلی سینا,جامع,23,industryTechnology,observed-reference,verified,Downgraded because no dimension-specific public URL was registered.,reference-only,2026-08-10,2,research-review-reference | research-review-reference,https://res.basu.ac.ir/ | https://res.basu.ac.ir/journals-regulations/-/document_library/ocki/view/3692745,Downgraded because no dimension-specific public URL was registered.,Unresolved is not absence and is never automatically scored as zero.
bu-ali-sina:informationTechnology,bu-ali-sina,دانشگاه بوعلی سینا,جامع,23,informationTechnology,unresolved,unresolved,,no-public-evidence-resolved,2026-08-10,0,,,No sufficient public evidence was resolved in this snapshot; this is not proof of absence.,Unresolved is not absence and is never automatically scored as zero.
bu-ali-sina:systemsServices,bu-ali-sina,دانشگاه بوعلی سینا,جامع,23,systemsServices,unresolved,unresolved,,no-public-evidence-resolved,2026-08-10,0,,,No sufficient public evidence was resolved in this snapshot; this is not proof of absence.,Unresolved is not absence and is never automatically scored as zero.
bu-ali-sina:documentsRegulations,bu-ali-sina,دانشگاه بوعلی سینا,جامع,23,documentsRegulations,verified,verified,,evidence-confirmed,2026-08-10,1,research-review-specific,https://res.basu.ac.ir/journals-regulations/-/document_library/ocki/view/3692745,Dimension-specific evidence is registered on an official public surface.,Unresolved is not absence and is never automatically scored as zero.
qom:portalIdentity,qom,دانشگاه قم,جامع,23,portalIdentity,verified,verified,,evidence-confirmed,2026-08-10,1,portal-identity,https://research.qom.ac.ir/,Dimension-specific evidence is registered on an official public surface.,Unresolved is not absence and is never automatically scored as zero.
qom:organization,qom,دانشگاه قم,جامع,23,organization,verified,verified,,evidence-confirmed,2026-08-10,1,unit,https://research.qom.ac.ir/,Dimension-specific evidence is registered on an official public surface.,Unresolved is not absence and is never automatically scored as zero.
qom:libraryDocuments,qom,دانشگاه قم,جامع,23,libraryDocuments,verified,verified,,evidence-confirmed,2026-08-10,1,unit,https://research.qom.ac.ir/,Dimension-specific evidence is registered on an official public surface.,Unresolved is not absence and is never automatically scored as zero.
qom:laboratories,qom,دانشگاه قم,جامع,23,laboratories,verified,verified,,evidence-confirmed,2026-08-10,1,unit,https://research.qom.ac.ir/,Dimension-specific evidence is registered on an official public surface.,Unresolved is not absence and is never automatically scored as zero.
qom:industryTechnology,qom,دانشگاه قم,جامع,23,industryTechnology,verified,verified,,evidence-confirmed,2026-08-10,1,unit,https://research.qom.ac.ir/,Dimension-specific evidence is registered on an official public surface.,Unresolved is not absence and is never automatically scored as zero.
qom:informationTechnology,qom,دانشگاه قم,جامع,23,informationTechnology,unresolved,unresolved,,no-public-evidence-resolved,2026-08-10,0,,,No sufficient public evidence was resolved in this snapshot; this is not proof of absence.,Unresolved is not absence and is never automatically scored as zero.
qom:systemsServices,qom,دانشگاه قم,جامع,23,systemsServices,verified,verified,,evidence-confirmed,2026-08-10,1,system,https://research.qom.ac.ir/,Dimension-specific evidence is registered on an official public surface.,Unresolved is not absence and is never automatically scored as zero.
qom:documentsRegulations,qom,دانشگاه قم,جامع,23,documentsRegulations,unresolved,unresolved,,no-public-evidence-resolved,2026-08-10,0,,,No sufficient public evidence was resolved in this snapshot; this is not proof of absence.,Unresolved is not absence and is never automatically scored as zero.
alzahra:portalIdentity,alzahra,دانشگاه الزهرا (س),جامع,25,portalIdentity,verified,verified,,evidence-confirmed,2026-08-10,1,portal-identity,https://research.alzahra.ac.ir/,Dimension-specific evidence is registered on an official public surface.,Unresolved is not absence and is never automatically scored as zero.
alzahra:organization,alzahra,دانشگاه الزهرا (س),جامع,25,organization,verified,verified,,evidence-confirmed,2026-08-10,1,unit,https://research.alzahra.ac.ir/,Dimension-specific evidence is registered on an official public surface.,Unresolved is not absence and is never automatically scored as zero.
alzahra:libraryDocuments,alzahra,دانشگاه الزهرا (س),جامع,25,libraryDocuments,verified,verified,,evidence-confirmed,2026-08-10,1,unit,https://research.alzahra.ac.ir/,Dimension-specific evidence is registered on an official public surface.,Unresolved is not absence and is never automatically scored as zero.
alzahra:laboratories,alzahra,دانشگاه الزهرا (س),جامع,25,laboratories,verified,verified,,evidence-confirmed,2026-08-10,1,unit,https://research.alzahra.ac.ir/,Dimension-specific evidence is registered on an official public surface.,Unresolved is not absence and is never automatically scored as zero.
alzahra:industryTechnology,alzahra,دانشگاه الزهرا (س),جامع,25,industryTechnology,verified,verified,,evidence-confirmed,2026-08-10,1,unit,https://research.alzahra.ac.ir/,Dimension-specific evidence is registered on an official public surface.,Unresolved is not absence and is never automatically scored as zero.
alzahra:informationTechnology,alzahra,دانشگاه الزهرا (س),جامع,25,informationTechnology,unresolved,unresolved,,no-public-evidence-resolved,2026-08-10,0,,,No sufficient public evidence was resolved in this snapshot; this is not proof of absence.,Unresolved is not absence and is never automatically scored as zero.
alzahra:systemsServices,alzahra,دانشگاه الزهرا (س),جامع,25,systemsServices,verified,verified,,evidence-confirmed,2026-08-10,1,system,https://research.alzahra.ac.ir/,Dimension-specific evidence is registered on an official public surface.,Unresolved is not absence and is never automatically scored as zero.
alzahra:documentsRegulations,alzahra,دانشگاه الزهرا (س),جامع,25,documentsRegulations,unresolved,unresolved,,no-public-evidence-resolved,2026-08-10,0,,,No sufficient public evidence was resolved in this snapshot; this is not proof of absence.,Unresolved is not absence and is never automatically scored as zero.
mazandaran:portalIdentity,mazandaran,دانشگاه مازندران,جامع,26,portalIdentity,verified,verified,,evidence-confirmed,2026-08-10,2,portal-identity | research-review-specific,https://umz.ac.ir/ | https://research.umz.ac.ir/,Dimension-specific evidence is registered on an official public surface.,Unresolved is not absence and is never automatically scored as zero.
mazandaran:organization,mazandaran,دانشگاه مازندران,جامع,26,organization,observed-reference,verified,Downgraded because no dimension-specific public URL was registered.,reference-only,2026-08-10,1,research-review-reference,https://research.umz.ac.ir/,Downgraded because no dimension-specific public URL was registered.,Unresolved is not absence and is never automatically scored as zero.
mazandaran:libraryDocuments,mazandaran,دانشگاه مازندران,جامع,26,libraryDocuments,observed-reference,verified,Downgraded because no dimension-specific public URL was registered.,reference-only,2026-08-10,1,research-review-reference,https://research.umz.ac.ir/,Downgraded because no dimension-specific public URL was registered.,Unresolved is not absence and is never automatically scored as zero.
mazandaran:laboratories,mazandaran,دانشگاه مازندران,جامع,26,laboratories,observed-reference,verified,Downgraded because no dimension-specific public URL was registered.,reference-only,2026-08-10,1,research-review-reference,https://research.umz.ac.ir/,Downgraded because no dimension-specific public URL was registered.,Unresolved is not absence and is never automatically scored as zero.
mazandaran:industryTechnology,mazandaran,دانشگاه مازندران,جامع,26,industryTechnology,observed-reference,verified,Downgraded because no dimension-specific public URL was registered.,reference-only,2026-08-10,1,research-review-reference,https://research.umz.ac.ir/,Downgraded because no dimension-specific public URL was registered.,Unresolved is not absence and is never automatically scored as zero.
mazandaran:informationTechnology,mazandaran,دانشگاه مازندران,جامع,26,informationTechnology,unresolved,unresolved,,no-public-evidence-resolved,2026-08-10,0,,,No sufficient public evidence was resolved in this snapshot; this is not proof of absence.,Unresolved is not absence and is never automatically scored as zero.
mazandaran:systemsServices,mazandaran,دانشگاه مازندران,جامع,26,systemsServices,unresolved,unresolved,,no-public-evidence-resolved,2026-08-10,0,,,No sufficient public evidence was resolved in this snapshot; this is not proof of absence.,Unresolved is not absence and is never automatically scored as zero.
mazandaran:documentsRegulations,mazandaran,دانشگاه مازندران,جامع,26,documentsRegulations,unresolved,unresolved,,no-public-evidence-resolved,2026-08-10,0,,,No sufficient public evidence was resolved in this snapshot; this is not proof of absence.,Unresolved is not absence and is never automatically scored as zero.
imam-khomeini-international:portalIdentity,imam-khomeini-international,دانشگاه بین المللی امام خمینی (ره),جامع,27,portalIdentity,observed-reference,observed-reference,,reference-only,2026-08-10,1,portal-identity,https://ikiu.ac.ir/,"An official public reference was observed, but direct dimension attribution was not established.",Unresolved is not absence and is never automatically scored as zero.
imam-khomeini-international:organization,imam-khomeini-international,دانشگاه بین المللی امام خمینی (ره),جامع,27,organization,unresolved,unresolved,,no-public-evidence-resolved,2026-08-10,0,,,No sufficient public evidence was resolved in this snapshot; this is not proof of absence.,Unresolved is not absence and is never automatically scored as zero.
imam-khomeini-international:libraryDocuments,imam-khomeini-international,دانشگاه بین المللی امام خمینی (ره),جامع,27,libraryDocuments,unresolved,unresolved,,no-public-evidence-resolved,2026-08-10,0,,,No sufficient public evidence was resolved in this snapshot; this is not proof of absence.,Unresolved is not absence and is never automatically scored as zero.
imam-khomeini-international:laboratories,imam-khomeini-international,دانشگاه بین المللی امام خمینی (ره),جامع,27,laboratories,unresolved,unresolved,,no-public-evidence-resolved,2026-08-10,0,,,No sufficient public evidence was resolved in this snapshot; this is not proof of absence.,Unresolved is not absence and is never automatically scored as zero.
imam-khomeini-international:industryTechnology,imam-khomeini-international,دانشگاه بین المللی امام خمینی (ره),جامع,27,industryTechnology,unresolved,unresolved,,no-public-evidence-resolved,2026-08-10,0,,,No sufficient public evidence was resolved in this snapshot; this is not proof of absence.,Unresolved is not absence and is never automatically scored as zero.
imam-khomeini-international:informationTechnology,imam-khomeini-international,دانشگاه بین المللی امام خمینی (ره),جامع,27,informationTechnology,unresolved,unresolved,,no-public-evidence-resolved,2026-08-10,0,,,No sufficient public evidence was resolved in this snapshot; this is not proof of absence.,Unresolved is not absence and is never automatically scored as zero.
imam-khomeini-international:systemsServices,imam-khomeini-international,دانشگاه بین المللی امام خمینی (ره),جامع,27,systemsServices,unresolved,unresolved,,no-public-evidence-resolved,2026-08-10,0,,,No sufficient public evidence was resolved in this snapshot; this is not proof of absence.,Unresolved is not absence and is never automatically scored as zero.
imam-khomeini-international:documentsRegulations,imam-khomeini-international,دانشگاه بین المللی امام خمینی (ره),جامع,27,documentsRegulations,unresolved,unresolved,,no-public-evidence-resolved,2026-08-10,0,,,No sufficient public evidence was resolved in this snapshot; this is not proof of absence.,Unresolved is not absence and is never automatically scored as zero.
persian-gulf:portalIdentity,persian-gulf,دانشگاه خلیج فارس,جامع,28,portalIdentity,unresolved,unresolved,,no-public-evidence-resolved,2026-08-10,1,portal-identity,https://t.me/s/pgu_pr,No sufficient public evidence was resolved in this snapshot; this is not proof of absence.,Unresolved is not absence and is never automatically scored as zero.
persian-gulf:organization,persian-gulf,دانشگاه خلیج فارس,جامع,28,organization,unresolved,unresolved,,no-public-evidence-resolved,2026-08-10,0,,,No sufficient public evidence was resolved in this snapshot; this is not proof of absence.,Unresolved is not absence and is never automatically scored as zero.
persian-gulf:libraryDocuments,persian-gulf,دانشگاه خلیج فارس,جامع,28,libraryDocuments,unresolved,unresolved,,no-public-evidence-resolved,2026-08-10,0,,,No sufficient public evidence was resolved in this snapshot; this is not proof of absence.,Unresolved is not absence and is never automatically scored as zero.
persian-gulf:laboratories,persian-gulf,دانشگاه خلیج فارس,جامع,28,laboratories,unresolved,unresolved,,no-public-evidence-resolved,2026-08-10,0,,,No sufficient public evidence was resolved in this snapshot; this is not proof of absence.,Unresolved is not absence and is never automatically scored as zero.
persian-gulf:industryTechnology,persian-gulf,دانشگاه خلیج فارس,جامع,28,industryTechnology,unresolved,unresolved,,no-public-evidence-resolved,2026-08-10,0,,,No sufficient public evidence was resolved in this snapshot; this is not proof of absence.,Unresolved is not absence and is never automatically scored as zero.
persian-gulf:informationTechnology,persian-gulf,دانشگاه خلیج فارس,جامع,28,informationTechnology,unresolved,unresolved,,no-public-evidence-resolved,2026-08-10,0,,,No sufficient public evidence was resolved in this snapshot; this is not proof of absence.,Unresolved is not absence and is never automatically scored as zero.
persian-gulf:systemsServices,persian-gulf,دانشگاه خلیج فارس,جامع,28,systemsServices,unresolved,unresolved,,no-public-evidence-resolved,2026-08-10,0,,,No sufficient public evidence was resolved in this snapshot; this is not proof of absence.,Unresolved is not absence and is never automatically scored as zero.
persian-gulf:documentsRegulations,persian-gulf,دانشگاه خلیج فارس,جامع,28,documentsRegulations,unresolved,unresolved,,no-public-evidence-resolved,2026-08-10,0,,,No sufficient public evidence was resolved in this snapshot; this is not proof of absence.,Unresolved is not absence and is never automatically scored as zero.
zanjan:portalIdentity,zanjan,دانشگاه زنجان,جامع,29,portalIdentity,verified,verified,,evidence-confirmed,2026-08-10,1,portal-identity,https://research.znu.ac.ir/,Dimension-specific evidence is registered on an official public surface.,Unresolved is not absence and is never automatically scored as zero.
zanjan:organization,zanjan,دانشگاه زنجان,جامع,29,organization,verified,verified,,evidence-confirmed,2026-08-10,1,unit,https://research.znu.ac.ir/,Dimension-specific evidence is registered on an official public surface.,Unresolved is not absence and is never automatically scored as zero.
zanjan:libraryDocuments,zanjan,دانشگاه زنجان,جامع,29,libraryDocuments,verified,verified,,evidence-confirmed,2026-08-10,1,unit,https://research.znu.ac.ir/,Dimension-specific evidence is registered on an official public surface.,Unresolved is not absence and is never automatically scored as zero.
zanjan:laboratories,zanjan,دانشگاه زنجان,جامع,29,laboratories,verified,verified,,evidence-confirmed,2026-08-10,1,unit,https://research.znu.ac.ir/,Dimension-specific evidence is registered on an official public surface.,Unresolved is not absence and is never automatically scored as zero.
zanjan:industryTechnology,zanjan,دانشگاه زنجان,جامع,29,industryTechnology,verified,verified,,evidence-confirmed,2026-08-10,1,unit,https://research.znu.ac.ir/,Dimension-specific evidence is registered on an official public surface.,Unresolved is not absence and is never automatically scored as zero.
zanjan:informationTechnology,zanjan,دانشگاه زنجان,جامع,29,informationTechnology,observed-reference,verified,Downgraded until a source proving organizational IT dependency is registered.,reference-only,2026-08-10,1,unit,https://research.znu.ac.ir/,Downgraded until a source proving organizational IT dependency is registered.,Unresolved is not absence and is never automatically scored as zero.
zanjan:systemsServices,zanjan,دانشگاه زنجان,جامع,29,systemsServices,unresolved,unresolved,,no-public-evidence-resolved,2026-08-10,0,,,No sufficient public evidence was resolved in this snapshot; this is not proof of absence.,Unresolved is not absence and is never automatically scored as zero.
zanjan:documentsRegulations,zanjan,دانشگاه زنجان,جامع,29,documentsRegulations,unresolved,unresolved,,no-public-evidence-resolved,2026-08-10,0,,,No sufficient public evidence was resolved in this snapshot; this is not proof of absence.,Unresolved is not absence and is never automatically scored as zero.
ilam:portalIdentity,ilam,دانشگاه ایلام,جامع,30,portalIdentity,unresolved,unresolved,,no-public-evidence-resolved,2026-08-10,1,portal-identity,https://t.me/ilamac,No sufficient public evidence was resolved in this snapshot; this is not proof of absence.,Unresolved is not absence and is never automatically scored as zero.
ilam:organization,ilam,دانشگاه ایلام,جامع,30,organization,unresolved,unresolved,,no-public-evidence-resolved,2026-08-10,0,,,No sufficient public evidence was resolved in this snapshot; this is not proof of absence.,Unresolved is not absence and is never automatically scored as zero.
ilam:libraryDocuments,ilam,دانشگاه ایلام,جامع,30,libraryDocuments,unresolved,unresolved,,no-public-evidence-resolved,2026-08-10,0,,,No sufficient public evidence was resolved in this snapshot; this is not proof of absence.,Unresolved is not absence and is never automatically scored as zero.
ilam:laboratories,ilam,دانشگاه ایلام,جامع,30,laboratories,unresolved,unresolved,,no-public-evidence-resolved,2026-08-10,0,,,No sufficient public evidence was resolved in this snapshot; this is not proof of absence.,Unresolved is not absence and is never automatically scored as zero.
ilam:industryTechnology,ilam,دانشگاه ایلام,جامع,30,industryTechnology,unresolved,unresolved,,no-public-evidence-resolved,2026-08-10,0,,,No sufficient public evidence was resolved in this snapshot; this is not proof of absence.,Unresolved is not absence and is never automatically scored as zero.
ilam:informationTechnology,ilam,دانشگاه ایلام,جامع,30,informationTechnology,unresolved,unresolved,,no-public-evidence-resolved,2026-08-10,0,,,No sufficient public evidence was resolved in this snapshot; this is not proof of absence.,Unresolved is not absence and is never automatically scored as zero.
ilam:systemsServices,ilam,دانشگاه ایلام,جامع,30,systemsServices,unresolved,unresolved,,no-public-evidence-resolved,2026-08-10,0,,,No sufficient public evidence was resolved in this snapshot; this is not proof of absence.,Unresolved is not absence and is never automatically scored as zero.
ilam:documentsRegulations,ilam,دانشگاه ایلام,جامع,30,documentsRegulations,unresolved,unresolved,,no-public-evidence-resolved,2026-08-10,0,,,No sufficient public evidence was resolved in this snapshot; this is not proof of absence.,Unresolved is not absence and is never automatically scored as zero.
hakim-sabzevari:portalIdentity,hakim-sabzevari,دانشگاه حکیم سبزواری,جامع,31,portalIdentity,unresolved,unresolved,,no-public-evidence-resolved,2026-08-10,1,portal-identity,https://t.me/hakimUniversity,No sufficient public evidence was resolved in this snapshot; this is not proof of absence.,Unresolved is not absence and is never automatically scored as zero.
hakim-sabzevari:organization,hakim-sabzevari,دانشگاه حکیم سبزواری,جامع,31,organization,unresolved,unresolved,,no-public-evidence-resolved,2026-08-10,0,,,No sufficient public evidence was resolved in this snapshot; this is not proof of absence.,Unresolved is not absence and is never automatically scored as zero.
hakim-sabzevari:libraryDocuments,hakim-sabzevari,دانشگاه حکیم سبزواری,جامع,31,libraryDocuments,unresolved,unresolved,,no-public-evidence-resolved,2026-08-10,0,,,No sufficient public evidence was resolved in this snapshot; this is not proof of absence.,Unresolved is not absence and is never automatically scored as zero.
hakim-sabzevari:laboratories,hakim-sabzevari,دانشگاه حکیم سبزواری,جامع,31,laboratories,unresolved,unresolved,,no-public-evidence-resolved,2026-08-10,0,,,No sufficient public evidence was resolved in this snapshot; this is not proof of absence.,Unresolved is not absence and is never automatically scored as zero.
hakim-sabzevari:industryTechnology,hakim-sabzevari,دانشگاه حکیم سبزواری,جامع,31,industryTechnology,unresolved,unresolved,,no-public-evidence-resolved,2026-08-10,0,,,No sufficient public evidence was resolved in this snapshot; this is not proof of absence.,Unresolved is not absence and is never automatically scored as zero.
hakim-sabzevari:informationTechnology,hakim-sabzevari,دانشگاه حکیم سبزواری,جامع,31,informationTechnology,unresolved,unresolved,,no-public-evidence-resolved,2026-08-10,0,,,No sufficient public evidence was resolved in this snapshot; this is not proof of absence.,Unresolved is not absence and is never automatically scored as zero.
hakim-sabzevari:systemsServices,hakim-sabzevari,دانشگاه حکیم سبزواری,جامع,31,systemsServices,unresolved,unresolved,,no-public-evidence-resolved,2026-08-10,0,,,No sufficient public evidence was resolved in this snapshot; this is not proof of absence.,Unresolved is not absence and is never automatically scored as zero.
hakim-sabzevari:documentsRegulations,hakim-sabzevari,دانشگاه حکیم سبزواری,جامع,31,documentsRegulations,unresolved,unresolved,,no-public-evidence-resolved,2026-08-10,0,,,No sufficient public evidence was resolved in this snapshot; this is not proof of absence.,Unresolved is not absence and is never automatically scored as zero.
arak:portalIdentity,arak,دانشگاه اراک,جامع,32,portalIdentity,verified,verified,,evidence-confirmed,2026-08-10,1,portal-identity,https://research.araku.ac.ir/,Dimension-specific evidence is registered on an official public surface.,Unresolved is not absence and is never automatically scored as zero.
arak:organization,arak,دانشگاه اراک,جامع,32,organization,verified,verified,,evidence-confirmed,2026-08-10,1,unit,https://research.araku.ac.ir/,Dimension-specific evidence is registered on an official public surface.,Unresolved is not absence and is never automatically scored as zero.
arak:libraryDocuments,arak,دانشگاه اراک,جامع,32,libraryDocuments,verified,verified,,evidence-confirmed,2026-08-10,1,unit,https://research.araku.ac.ir/,Dimension-specific evidence is registered on an official public surface.,Unresolved is not absence and is never automatically scored as zero.
arak:laboratories,arak,دانشگاه اراک,جامع,32,laboratories,verified,verified,,evidence-confirmed,2026-08-10,1,unit,https://research.araku.ac.ir/,Dimension-specific evidence is registered on an official public surface.,Unresolved is not absence and is never automatically scored as zero.
arak:industryTechnology,arak,دانشگاه اراک,جامع,32,industryTechnology,verified,verified,,evidence-confirmed,2026-08-10,1,unit,https://research.araku.ac.ir/,Dimension-specific evidence is registered on an official public surface.,Unresolved is not absence and is never automatically scored as zero.
arak:informationTechnology,arak,دانشگاه اراک,جامع,32,informationTechnology,observed-reference,verified,Downgraded until a source proving organizational IT dependency is registered.,reference-only,2026-08-10,1,unit,https://research.araku.ac.ir/,Downgraded until a source proving organizational IT dependency is registered.,Unresolved is not absence and is never automatically scored as zero.
arak:systemsServices,arak,دانشگاه اراک,جامع,32,systemsServices,verified,verified,,evidence-confirmed,2026-08-10,1,system,https://research.araku.ac.ir/,Dimension-specific evidence is registered on an official public surface.,Unresolved is not absence and is never automatically scored as zero.
arak:documentsRegulations,arak,دانشگاه اراک,جامع,32,documentsRegulations,unresolved,unresolved,,no-public-evidence-resolved,2026-08-10,0,,,No sufficient public evidence was resolved in this snapshot; this is not proof of absence.,Unresolved is not absence and is never automatically scored as zero.
azarbaijan-shahid-madani:portalIdentity,azarbaijan-shahid-madani,دانشگاه شهید مدنی آذربایجان,جامع,33,portalIdentity,unresolved,unresolved,,no-public-evidence-resolved,2026-08-10,1,portal-identity,https://t.me/asmukarafarini,No sufficient public evidence was resolved in this snapshot; this is not proof of absence.,Unresolved is not absence and is never automatically scored as zero.
azarbaijan-shahid-madani:organization,azarbaijan-shahid-madani,دانشگاه شهید مدنی آذربایجان,جامع,33,organization,unresolved,unresolved,,no-public-evidence-resolved,2026-08-10,0,,,No sufficient public evidence was resolved in this snapshot; this is not proof of absence.,Unresolved is not absence and is never automatically scored as zero.
azarbaijan-shahid-madani:libraryDocuments,azarbaijan-shahid-madani,دانشگاه شهید مدنی آذربایجان,جامع,33,libraryDocuments,unresolved,unresolved,,no-public-evidence-resolved,2026-08-10,0,,,No sufficient public evidence was resolved in this snapshot; this is not proof of absence.,Unresolved is not absence and is never automatically scored as zero.
azarbaijan-shahid-madani:laboratories,azarbaijan-shahid-madani,دانشگاه شهید مدنی آذربایجان,جامع,33,laboratories,unresolved,unresolved,,no-public-evidence-resolved,2026-08-10,0,,,No sufficient public evidence was resolved in this snapshot; this is not proof of absence.,Unresolved is not absence and is never automatically scored as zero.
azarbaijan-shahid-madani:industryTechnology,azarbaijan-shahid-madani,دانشگاه شهید مدنی آذربایجان,جامع,33,industryTechnology,unresolved,unresolved,,no-public-evidence-resolved,2026-08-10,0,,,No sufficient public evidence was resolved in this snapshot; this is not proof of absence.,Unresolved is not absence and is never automatically scored as zero.
azarbaijan-shahid-madani:informationTechnology,azarbaijan-shahid-madani,دانشگاه شهید مدنی آذربایجان,جامع,33,informationTechnology,unresolved,unresolved,,no-public-evidence-resolved,2026-08-10,0,,,No sufficient public evidence was resolved in this snapshot; this is not proof of absence.,Unresolved is not absence and is never automatically scored as zero.
azarbaijan-shahid-madani:systemsServices,azarbaijan-shahid-madani,دانشگاه شهید مدنی آذربایجان,جامع,33,systemsServices,unresolved,unresolved,,no-public-evidence-resolved,2026-08-10,0,,,No sufficient public evidence was resolved in this snapshot; this is not proof of absence.,Unresolved is not absence and is never automatically scored as zero.
azarbaijan-shahid-madani:documentsRegulations,azarbaijan-shahid-madani,دانشگاه شهید مدنی آذربایجان,جامع,33,documentsRegulations,unresolved,unresolved,,no-public-evidence-resolved,2026-08-10,0,,,No sufficient public evidence was resolved in this snapshot; this is not proof of absence.,Unresolved is not absence and is never automatically scored as zero.
birjand:portalIdentity,birjand,دانشگاه بیرجند,جامع,34,portalIdentity,verified,verified,,evidence-confirmed,2026-08-10,1,portal-identity,https://birjand.ac.ir/research/fa,Dimension-specific evidence is registered on an official public surface.,Unresolved is not absence and is never automatically scored as zero.
birjand:organization,birjand,دانشگاه بیرجند,جامع,34,organization,unresolved,unresolved,,no-public-evidence-resolved,2026-08-10,0,,,No sufficient public evidence was resolved in this snapshot; this is not proof of absence.,Unresolved is not absence and is never automatically scored as zero.
birjand:libraryDocuments,birjand,دانشگاه بیرجند,جامع,34,libraryDocuments,unresolved,unresolved,,no-public-evidence-resolved,2026-08-10,0,,,No sufficient public evidence was resolved in this snapshot; this is not proof of absence.,Unresolved is not absence and is never automatically scored as zero.
birjand:laboratories,birjand,دانشگاه بیرجند,جامع,34,laboratories,unresolved,unresolved,,no-public-evidence-resolved,2026-08-10,0,,,No sufficient public evidence was resolved in this snapshot; this is not proof of absence.,Unresolved is not absence and is never automatically scored as zero.
birjand:industryTechnology,birjand,دانشگاه بیرجند,جامع,34,industryTechnology,unresolved,unresolved,,no-public-evidence-resolved,2026-08-10,0,,,No sufficient public evidence was resolved in this snapshot; this is not proof of absence.,Unresolved is not absence and is never automatically scored as zero.
birjand:informationTechnology,birjand,دانشگاه بیرجند,جامع,34,informationTechnology,unresolved,unresolved,,no-public-evidence-resolved,2026-08-10,0,,,No sufficient public evidence was resolved in this snapshot; this is not proof of absence.,Unresolved is not absence and is never automatically scored as zero.
birjand:systemsServices,birjand,دانشگاه بیرجند,جامع,34,systemsServices,unresolved,unresolved,,no-public-evidence-resolved,2026-08-10,0,,,No sufficient public evidence was resolved in this snapshot; this is not proof of absence.,Unresolved is not absence and is never automatically scored as zero.
birjand:documentsRegulations,birjand,دانشگاه بیرجند,جامع,34,documentsRegulations,unresolved,unresolved,,no-public-evidence-resolved,2026-08-10,0,,,No sufficient public evidence was resolved in this snapshot; this is not proof of absence.,Unresolved is not absence and is never automatically scored as zero.
vali-asr-rafsanjan:portalIdentity,vali-asr-rafsanjan,دانشگاه ولی عصر (عج) رفسنجان,جامع,35,portalIdentity,unresolved,unresolved,,no-public-evidence-resolved,2026-08-10,0,,,No sufficient public evidence was resolved in this snapshot; this is not proof of absence.,Unresolved is not absence and is never automatically scored as zero.
vali-asr-rafsanjan:organization,vali-asr-rafsanjan,دانشگاه ولی عصر (عج) رفسنجان,جامع,35,organization,unresolved,unresolved,,no-public-evidence-resolved,2026-08-10,0,,,No sufficient public evidence was resolved in this snapshot; this is not proof of absence.,Unresolved is not absence and is never automatically scored as zero.
vali-asr-rafsanjan:libraryDocuments,vali-asr-rafsanjan,دانشگاه ولی عصر (عج) رفسنجان,جامع,35,libraryDocuments,unresolved,unresolved,,no-public-evidence-resolved,2026-08-10,0,,,No sufficient public evidence was resolved in this snapshot; this is not proof of absence.,Unresolved is not absence and is never automatically scored as zero.
vali-asr-rafsanjan:laboratories,vali-asr-rafsanjan,دانشگاه ولی عصر (عج) رفسنجان,جامع,35,laboratories,unresolved,unresolved,,no-public-evidence-resolved,2026-08-10,0,,,No sufficient public evidence was resolved in this snapshot; this is not proof of absence.,Unresolved is not absence and is never automatically scored as zero.
vali-asr-rafsanjan:industryTechnology,vali-asr-rafsanjan,دانشگاه ولی عصر (عج) رفسنجان,جامع,35,industryTechnology,unresolved,unresolved,,no-public-evidence-resolved,2026-08-10,0,,,No sufficient public evidence was resolved in this snapshot; this is not proof of absence.,Unresolved is not absence and is never automatically scored as zero.
vali-asr-rafsanjan:informationTechnology,vali-asr-rafsanjan,دانشگاه ولی عصر (عج) رفسنجان,جامع,35,informationTechnology,unresolved,unresolved,,no-public-evidence-resolved,2026-08-10,0,,,No sufficient public evidence was resolved in this snapshot; this is not proof of absence.,Unresolved is not absence and is never automatically scored as zero.
vali-asr-rafsanjan:systemsServices,vali-asr-rafsanjan,دانشگاه ولی عصر (عج) رفسنجان,جامع,35,systemsServices,unresolved,unresolved,,no-public-evidence-resolved,2026-08-10,0,,,No sufficient public evidence was resolved in this snapshot; this is not proof of absence.,Unresolved is not absence and is never automatically scored as zero.
vali-asr-rafsanjan:documentsRegulations,vali-asr-rafsanjan,دانشگاه ولی عصر (عج) رفسنجان,جامع,35,documentsRegulations,unresolved,unresolved,,no-public-evidence-resolved,2026-08-10,0,,,No sufficient public evidence was resolved in this snapshot; this is not proof of absence.,Unresolved is not absence and is never automatically scored as zero.
lorestan:portalIdentity,lorestan,دانشگاه لرستان,جامع,36,portalIdentity,unresolved,unresolved,,no-public-evidence-resolved,2026-08-10,0,,,No sufficient public evidence was resolved in this snapshot; this is not proof of absence.,Unresolved is not absence and is never automatically scored as zero.
lorestan:organization,lorestan,دانشگاه لرستان,جامع,36,organization,unresolved,unresolved,,no-public-evidence-resolved,2026-08-10,0,,,No sufficient public evidence was resolved in this snapshot; this is not proof of absence.,Unresolved is not absence and is never automatically scored as zero.
lorestan:libraryDocuments,lorestan,دانشگاه لرستان,جامع,36,libraryDocuments,unresolved,unresolved,,no-public-evidence-resolved,2026-08-10,0,,,No sufficient public evidence was resolved in this snapshot; this is not proof of absence.,Unresolved is not absence and is never automatically scored as zero.
lorestan:laboratories,lorestan,دانشگاه لرستان,جامع,36,laboratories,unresolved,unresolved,,no-public-evidence-resolved,2026-08-10,0,,,No sufficient public evidence was resolved in this snapshot; this is not proof of absence.,Unresolved is not absence and is never automatically scored as zero.
lorestan:industryTechnology,lorestan,دانشگاه لرستان,جامع,36,industryTechnology,unresolved,unresolved,,no-public-evidence-resolved,2026-08-10,0,,,No sufficient public evidence was resolved in this snapshot; this is not proof of absence.,Unresolved is not absence and is never automatically scored as zero.
lorestan:informationTechnology,lorestan,دانشگاه لرستان,جامع,36,informationTechnology,unresolved,unresolved,,no-public-evidence-resolved,2026-08-10,0,,,No sufficient public evidence was resolved in this snapshot; this is not proof of absence.,Unresolved is not absence and is never automatically scored as zero.
lorestan:systemsServices,lorestan,دانشگاه لرستان,جامع,36,systemsServices,unresolved,unresolved,,no-public-evidence-resolved,2026-08-10,0,,,No sufficient public evidence was resolved in this snapshot; this is not proof of absence.,Unresolved is not absence and is never automatically scored as zero.
lorestan:documentsRegulations,lorestan,دانشگاه لرستان,جامع,36,documentsRegulations,unresolved,unresolved,,no-public-evidence-resolved,2026-08-10,0,,,No sufficient public evidence was resolved in this snapshot; this is not proof of absence.,Unresolved is not absence and is never automatically scored as zero.
maragheh:portalIdentity,maragheh,دانشگاه مراغه,جامع,37,portalIdentity,observed-reference,observed-reference,,reference-only,2026-08-10,3,portal-identity | portal-identity | portal-identity,https://www.maragheh.ac.ir/fa/article/3289452 | https://www.maragheh.ac.ir/fa/article/3224206 | https://rtm.maragheh.ac.ir/postdoc,"An official public reference was observed, but direct dimension attribution was not established.",Unresolved is not absence and is never automatically scored as zero.
maragheh:organization,maragheh,دانشگاه مراغه,جامع,37,organization,observed-reference,observed-reference,,reference-only,2026-08-10,0,,,"An official public reference was observed, but direct dimension attribution was not established.",Unresolved is not absence and is never automatically scored as zero.
maragheh:libraryDocuments,maragheh,دانشگاه مراغه,جامع,37,libraryDocuments,unresolved,unresolved,,no-public-evidence-resolved,2026-08-10,0,,,No sufficient public evidence was resolved in this snapshot; this is not proof of absence.,Unresolved is not absence and is never automatically scored as zero.
maragheh:laboratories,maragheh,دانشگاه مراغه,جامع,37,laboratories,unresolved,unresolved,,no-public-evidence-resolved,2026-08-10,0,,,No sufficient public evidence was resolved in this snapshot; this is not proof of absence.,Unresolved is not absence and is never automatically scored as zero.
maragheh:industryTechnology,maragheh,دانشگاه مراغه,جامع,37,industryTechnology,observed-reference,observed-reference,,reference-only,2026-08-10,0,,,"An official public reference was observed, but direct dimension attribution was not established.",Unresolved is not absence and is never automatically scored as zero.
maragheh:informationTechnology,maragheh,دانشگاه مراغه,جامع,37,informationTechnology,unresolved,unresolved,,no-public-evidence-resolved,2026-08-10,0,,,No sufficient public evidence was resolved in this snapshot; this is not proof of absence.,Unresolved is not absence and is never automatically scored as zero.
maragheh:systemsServices,maragheh,دانشگاه مراغه,جامع,37,systemsServices,observed-reference,observed-reference,,reference-only,2026-08-10,0,,,"An official public reference was observed, but direct dimension attribution was not established.",Unresolved is not absence and is never automatically scored as zero.
maragheh:documentsRegulations,maragheh,دانشگاه مراغه,جامع,37,documentsRegulations,unresolved,unresolved,,no-public-evidence-resolved,2026-08-10,0,,,No sufficient public evidence was resolved in this snapshot; this is not proof of absence.,Unresolved is not absence and is never automatically scored as zero.
zabol:portalIdentity,zabol,دانشگاه زابل,جامع,38,portalIdentity,unresolved,unresolved,,no-public-evidence-resolved,2026-08-10,0,,,No sufficient public evidence was resolved in this snapshot; this is not proof of absence.,Unresolved is not absence and is never automatically scored as zero.
zabol:organization,zabol,دانشگاه زابل,جامع,38,organization,unresolved,unresolved,,no-public-evidence-resolved,2026-08-10,0,,,No sufficient public evidence was resolved in this snapshot; this is not proof of absence.,Unresolved is not absence and is never automatically scored as zero.
zabol:libraryDocuments,zabol,دانشگاه زابل,جامع,38,libraryDocuments,unresolved,unresolved,,no-public-evidence-resolved,2026-08-10,0,,,No sufficient public evidence was resolved in this snapshot; this is not proof of absence.,Unresolved is not absence and is never automatically scored as zero.
zabol:laboratories,zabol,دانشگاه زابل,جامع,38,laboratories,unresolved,unresolved,,no-public-evidence-resolved,2026-08-10,0,,,No sufficient public evidence was resolved in this snapshot; this is not proof of absence.,Unresolved is not absence and is never automatically scored as zero.
zabol:industryTechnology,zabol,دانشگاه زابل,جامع,38,industryTechnology,unresolved,unresolved,,no-public-evidence-resolved,2026-08-10,0,,,No sufficient public evidence was resolved in this snapshot; this is not proof of absence.,Unresolved is not absence and is never automatically scored as zero.
zabol:informationTechnology,zabol,دانشگاه زابل,جامع,38,informationTechnology,unresolved,unresolved,,no-public-evidence-resolved,2026-08-10,0,,,No sufficient public evidence was resolved in this snapshot; this is not proof of absence.,Unresolved is not absence and is never automatically scored as zero.
zabol:systemsServices,zabol,دانشگاه زابل,جامع,38,systemsServices,unresolved,unresolved,,no-public-evidence-resolved,2026-08-10,0,,,No sufficient public evidence was resolved in this snapshot; this is not proof of absence.,Unresolved is not absence and is never automatically scored as zero.
zabol:documentsRegulations,zabol,دانشگاه زابل,جامع,38,documentsRegulations,unresolved,unresolved,,no-public-evidence-resolved,2026-08-10,0,,,No sufficient public evidence was resolved in this snapshot; this is not proof of absence.,Unresolved is not absence and is never automatically scored as zero.
yasouj:portalIdentity,yasouj,دانشگاه یاسوج,جامع,38,portalIdentity,observed-reference,observed-reference,,reference-only,2026-08-10,1,portal-identity,https://yu.ac.ir/fa/natak/content/2608,"An official public reference was observed, but direct dimension attribution was not established.",Unresolved is not absence and is never automatically scored as zero.
yasouj:organization,yasouj,دانشگاه یاسوج,جامع,38,organization,observed-reference,observed-reference,,reference-only,2026-08-10,0,,,"An official public reference was observed, but direct dimension attribution was not established.",Unresolved is not absence and is never automatically scored as zero.
yasouj:libraryDocuments,yasouj,دانشگاه یاسوج,جامع,38,libraryDocuments,unresolved,unresolved,,no-public-evidence-resolved,2026-08-10,0,,,No sufficient public evidence was resolved in this snapshot; this is not proof of absence.,Unresolved is not absence and is never automatically scored as zero.
yasouj:laboratories,yasouj,دانشگاه یاسوج,جامع,38,laboratories,unresolved,unresolved,,no-public-evidence-resolved,2026-08-10,0,,,No sufficient public evidence was resolved in this snapshot; this is not proof of absence.,Unresolved is not absence and is never automatically scored as zero.
yasouj:industryTechnology,yasouj,دانشگاه یاسوج,جامع,38,industryTechnology,unresolved,unresolved,,no-public-evidence-resolved,2026-08-10,0,,,No sufficient public evidence was resolved in this snapshot; this is not proof of absence.,Unresolved is not absence and is never automatically scored as zero.
yasouj:informationTechnology,yasouj,دانشگاه یاسوج,جامع,38,informationTechnology,unresolved,unresolved,,no-public-evidence-resolved,2026-08-10,0,,,No sufficient public evidence was resolved in this snapshot; this is not proof of absence.,Unresolved is not absence and is never automatically scored as zero.
yasouj:systemsServices,yasouj,دانشگاه یاسوج,جامع,38,systemsServices,unresolved,unresolved,,no-public-evidence-resolved,2026-08-10,0,,,No sufficient public evidence was resolved in this snapshot; this is not proof of absence.,Unresolved is not absence and is never automatically scored as zero.
yasouj:documentsRegulations,yasouj,دانشگاه یاسوج,جامع,38,documentsRegulations,unresolved,unresolved,,no-public-evidence-resolved,2026-08-10,0,,,No sufficient public evidence was resolved in this snapshot; this is not proof of absence.,Unresolved is not absence and is never automatically scored as zero.
damghan:portalIdentity,damghan,دانشگاه دامغان,جامع,40,portalIdentity,unresolved,unresolved,,no-public-evidence-resolved,2026-08-10,1,portal-identity,https://t.me/s/duacir/24485,No sufficient public evidence was resolved in this snapshot; this is not proof of absence.,Unresolved is not absence and is never automatically scored as zero.
damghan:organization,damghan,دانشگاه دامغان,جامع,40,organization,unresolved,unresolved,,no-public-evidence-resolved,2026-08-10,0,,,No sufficient public evidence was resolved in this snapshot; this is not proof of absence.,Unresolved is not absence and is never automatically scored as zero.
damghan:libraryDocuments,damghan,دانشگاه دامغان,جامع,40,libraryDocuments,unresolved,unresolved,,no-public-evidence-resolved,2026-08-10,0,,,No sufficient public evidence was resolved in this snapshot; this is not proof of absence.,Unresolved is not absence and is never automatically scored as zero.
damghan:laboratories,damghan,دانشگاه دامغان,جامع,40,laboratories,unresolved,unresolved,,no-public-evidence-resolved,2026-08-10,0,,,No sufficient public evidence was resolved in this snapshot; this is not proof of absence.,Unresolved is not absence and is never automatically scored as zero.
damghan:industryTechnology,damghan,دانشگاه دامغان,جامع,40,industryTechnology,unresolved,unresolved,,no-public-evidence-resolved,2026-08-10,0,,,No sufficient public evidence was resolved in this snapshot; this is not proof of absence.,Unresolved is not absence and is never automatically scored as zero.
damghan:informationTechnology,damghan,دانشگاه دامغان,جامع,40,informationTechnology,unresolved,unresolved,,no-public-evidence-resolved,2026-08-10,0,,,No sufficient public evidence was resolved in this snapshot; this is not proof of absence.,Unresolved is not absence and is never automatically scored as zero.
damghan:systemsServices,damghan,دانشگاه دامغان,جامع,40,systemsServices,unresolved,unresolved,,no-public-evidence-resolved,2026-08-10,0,,,No sufficient public evidence was resolved in this snapshot; this is not proof of absence.,Unresolved is not absence and is never automatically scored as zero.
damghan:documentsRegulations,damghan,دانشگاه دامغان,جامع,40,documentsRegulations,unresolved,unresolved,,no-public-evidence-resolved,2026-08-10,0,,,No sufficient public evidence was resolved in this snapshot; this is not proof of absence.,Unresolved is not absence and is never automatically scored as zero.
bonab:portalIdentity,bonab,دانشگاه بناب,جامع,41,portalIdentity,verified,verified,,evidence-confirmed,2026-08-10,1,portal-identity,https://research.ubonab.ac.ir/,Dimension-specific evidence is registered on an official public surface.,Unresolved is not absence and is never automatically scored as zero.
bonab:organization,bonab,دانشگاه بناب,جامع,41,organization,unresolved,unresolved,,no-public-evidence-resolved,2026-08-10,0,,,No sufficient public evidence was resolved in this snapshot; this is not proof of absence.,Unresolved is not absence and is never automatically scored as zero.
bonab:libraryDocuments,bonab,دانشگاه بناب,جامع,41,libraryDocuments,unresolved,unresolved,,no-public-evidence-resolved,2026-08-10,0,,,No sufficient public evidence was resolved in this snapshot; this is not proof of absence.,Unresolved is not absence and is never automatically scored as zero.
bonab:laboratories,bonab,دانشگاه بناب,جامع,41,laboratories,unresolved,unresolved,,no-public-evidence-resolved,2026-08-10,0,,,No sufficient public evidence was resolved in this snapshot; this is not proof of absence.,Unresolved is not absence and is never automatically scored as zero.
bonab:industryTechnology,bonab,دانشگاه بناب,جامع,41,industryTechnology,unresolved,unresolved,,no-public-evidence-resolved,2026-08-10,0,,,No sufficient public evidence was resolved in this snapshot; this is not proof of absence.,Unresolved is not absence and is never automatically scored as zero.
bonab:informationTechnology,bonab,دانشگاه بناب,جامع,41,informationTechnology,unresolved,unresolved,,no-public-evidence-resolved,2026-08-10,0,,,No sufficient public evidence was resolved in this snapshot; this is not proof of absence.,Unresolved is not absence and is never automatically scored as zero.
bonab:systemsServices,bonab,دانشگاه بناب,جامع,41,systemsServices,unresolved,unresolved,,no-public-evidence-resolved,2026-08-10,0,,,No sufficient public evidence was resolved in this snapshot; this is not proof of absence.,Unresolved is not absence and is never automatically scored as zero.
bonab:documentsRegulations,bonab,دانشگاه بناب,جامع,41,documentsRegulations,unresolved,unresolved,,no-public-evidence-resolved,2026-08-10,0,,,No sufficient public evidence was resolved in this snapshot; this is not proof of absence.,Unresolved is not absence and is never automatically scored as zero.
golestan:portalIdentity,golestan,دانشگاه گلستان,جامع,42,portalIdentity,unresolved,unresolved,,no-public-evidence-resolved,2026-08-10,1,portal-identity,https://t.me/s/Guresearch,No sufficient public evidence was resolved in this snapshot; this is not proof of absence.,Unresolved is not absence and is never automatically scored as zero.
golestan:organization,golestan,دانشگاه گلستان,جامع,42,organization,unresolved,unresolved,,no-public-evidence-resolved,2026-08-10,0,,,No sufficient public evidence was resolved in this snapshot; this is not proof of absence.,Unresolved is not absence and is never automatically scored as zero.
golestan:libraryDocuments,golestan,دانشگاه گلستان,جامع,42,libraryDocuments,unresolved,unresolved,,no-public-evidence-resolved,2026-08-10,0,,,No sufficient public evidence was resolved in this snapshot; this is not proof of absence.,Unresolved is not absence and is never automatically scored as zero.
golestan:laboratories,golestan,دانشگاه گلستان,جامع,42,laboratories,unresolved,unresolved,,no-public-evidence-resolved,2026-08-10,0,,,No sufficient public evidence was resolved in this snapshot; this is not proof of absence.,Unresolved is not absence and is never automatically scored as zero.
golestan:industryTechnology,golestan,دانشگاه گلستان,جامع,42,industryTechnology,unresolved,unresolved,,no-public-evidence-resolved,2026-08-10,0,,,No sufficient public evidence was resolved in this snapshot; this is not proof of absence.,Unresolved is not absence and is never automatically scored as zero.
golestan:informationTechnology,golestan,دانشگاه گلستان,جامع,42,informationTechnology,unresolved,unresolved,,no-public-evidence-resolved,2026-08-10,0,,,No sufficient public evidence was resolved in this snapshot; this is not proof of absence.,Unresolved is not absence and is never automatically scored as zero.
golestan:systemsServices,golestan,دانشگاه گلستان,جامع,42,systemsServices,unresolved,unresolved,,no-public-evidence-resolved,2026-08-10,0,,,No sufficient public evidence was resolved in this snapshot; this is not proof of absence.,Unresolved is not absence and is never automatically scored as zero.
golestan:documentsRegulations,golestan,دانشگاه گلستان,جامع,42,documentsRegulations,unresolved,unresolved,,no-public-evidence-resolved,2026-08-10,0,,,No sufficient public evidence was resolved in this snapshot; this is not proof of absence.,Unresolved is not absence and is never automatically scored as zero.
hormozgan:portalIdentity,hormozgan,دانشگاه هرمزگان,جامع,42,portalIdentity,unresolved,unresolved,,no-public-evidence-resolved,2026-08-10,0,,,No sufficient public evidence was resolved in this snapshot; this is not proof of absence.,Unresolved is not absence and is never automatically scored as zero.
hormozgan:organization,hormozgan,دانشگاه هرمزگان,جامع,42,organization,unresolved,unresolved,,no-public-evidence-resolved,2026-08-10,0,,,No sufficient public evidence was resolved in this snapshot; this is not proof of absence.,Unresolved is not absence and is never automatically scored as zero.
hormozgan:libraryDocuments,hormozgan,دانشگاه هرمزگان,جامع,42,libraryDocuments,unresolved,unresolved,,no-public-evidence-resolved,2026-08-10,0,,,No sufficient public evidence was resolved in this snapshot; this is not proof of absence.,Unresolved is not absence and is never automatically scored as zero.
hormozgan:laboratories,hormozgan,دانشگاه هرمزگان,جامع,42,laboratories,unresolved,unresolved,,no-public-evidence-resolved,2026-08-10,0,,,No sufficient public evidence was resolved in this snapshot; this is not proof of absence.,Unresolved is not absence and is never automatically scored as zero.
hormozgan:industryTechnology,hormozgan,دانشگاه هرمزگان,جامع,42,industryTechnology,unresolved,unresolved,,no-public-evidence-resolved,2026-08-10,0,,,No sufficient public evidence was resolved in this snapshot; this is not proof of absence.,Unresolved is not absence and is never automatically scored as zero.
hormozgan:informationTechnology,hormozgan,دانشگاه هرمزگان,جامع,42,informationTechnology,unresolved,unresolved,,no-public-evidence-resolved,2026-08-10,0,,,No sufficient public evidence was resolved in this snapshot; this is not proof of absence.,Unresolved is not absence and is never automatically scored as zero.
hormozgan:systemsServices,hormozgan,دانشگاه هرمزگان,جامع,42,systemsServices,unresolved,unresolved,,no-public-evidence-resolved,2026-08-10,0,,,No sufficient public evidence was resolved in this snapshot; this is not proof of absence.,Unresolved is not absence and is never automatically scored as zero.
hormozgan:documentsRegulations,hormozgan,دانشگاه هرمزگان,جامع,42,documentsRegulations,unresolved,unresolved,,no-public-evidence-resolved,2026-08-10,0,,,No sufficient public evidence was resolved in this snapshot; this is not proof of absence.,Unresolved is not absence and is never automatically scored as zero.
tafresh:portalIdentity,tafresh,دانشگاه تفرش,جامع,44,portalIdentity,unresolved,unresolved,,no-public-evidence-resolved,2026-08-10,0,,,No sufficient public evidence was resolved in this snapshot; this is not proof of absence.,Unresolved is not absence and is never automatically scored as zero.
tafresh:organization,tafresh,دانشگاه تفرش,جامع,44,organization,unresolved,unresolved,,no-public-evidence-resolved,2026-08-10,0,,,No sufficient public evidence was resolved in this snapshot; this is not proof of absence.,Unresolved is not absence and is never automatically scored as zero.
tafresh:libraryDocuments,tafresh,دانشگاه تفرش,جامع,44,libraryDocuments,unresolved,unresolved,,no-public-evidence-resolved,2026-08-10,0,,,No sufficient public evidence was resolved in this snapshot; this is not proof of absence.,Unresolved is not absence and is never automatically scored as zero.
tafresh:laboratories,tafresh,دانشگاه تفرش,جامع,44,laboratories,unresolved,unresolved,,no-public-evidence-resolved,2026-08-10,0,,,No sufficient public evidence was resolved in this snapshot; this is not proof of absence.,Unresolved is not absence and is never automatically scored as zero.
tafresh:industryTechnology,tafresh,دانشگاه تفرش,جامع,44,industryTechnology,unresolved,unresolved,,no-public-evidence-resolved,2026-08-10,0,,,No sufficient public evidence was resolved in this snapshot; this is not proof of absence.,Unresolved is not absence and is never automatically scored as zero.
tafresh:informationTechnology,tafresh,دانشگاه تفرش,جامع,44,informationTechnology,unresolved,unresolved,,no-public-evidence-resolved,2026-08-10,0,,,No sufficient public evidence was resolved in this snapshot; this is not proof of absence.,Unresolved is not absence and is never automatically scored as zero.
tafresh:systemsServices,tafresh,دانشگاه تفرش,جامع,44,systemsServices,unresolved,unresolved,,no-public-evidence-resolved,2026-08-10,0,,,No sufficient public evidence was resolved in this snapshot; this is not proof of absence.,Unresolved is not absence and is never automatically scored as zero.
tafresh:documentsRegulations,tafresh,دانشگاه تفرش,جامع,44,documentsRegulations,unresolved,unresolved,,no-public-evidence-resolved,2026-08-10,0,,,No sufficient public evidence was resolved in this snapshot; this is not proof of absence.,Unresolved is not absence and is never automatically scored as zero.
ardakan:portalIdentity,ardakan,دانشگاه اردکان,جامع,44,portalIdentity,unresolved,restricted,Downgraded because no official attempted URL was registered for the restricted-access claim.,no-public-evidence-resolved,2026-08-10,0,,,No sufficient public evidence was resolved in this snapshot; this is not proof of absence.,Unresolved is not absence and is never automatically scored as zero.
ardakan:organization,ardakan,دانشگاه اردکان,جامع,44,organization,unresolved,restricted,Downgraded because no official attempted URL was registered for the restricted-access claim.,no-public-evidence-resolved,2026-08-10,0,,,No sufficient public evidence was resolved in this snapshot; this is not proof of absence.,Unresolved is not absence and is never automatically scored as zero.
ardakan:libraryDocuments,ardakan,دانشگاه اردکان,جامع,44,libraryDocuments,unresolved,restricted,Downgraded because no official attempted URL was registered for the restricted-access claim.,no-public-evidence-resolved,2026-08-10,0,,,No sufficient public evidence was resolved in this snapshot; this is not proof of absence.,Unresolved is not absence and is never automatically scored as zero.
ardakan:laboratories,ardakan,دانشگاه اردکان,جامع,44,laboratories,unresolved,restricted,Downgraded because no official attempted URL was registered for the restricted-access claim.,no-public-evidence-resolved,2026-08-10,0,,,No sufficient public evidence was resolved in this snapshot; this is not proof of absence.,Unresolved is not absence and is never automatically scored as zero.
ardakan:industryTechnology,ardakan,دانشگاه اردکان,جامع,44,industryTechnology,unresolved,restricted,Downgraded because no official attempted URL was registered for the restricted-access claim.,no-public-evidence-resolved,2026-08-10,0,,,No sufficient public evidence was resolved in this snapshot; this is not proof of absence.,Unresolved is not absence and is never automatically scored as zero.
ardakan:informationTechnology,ardakan,دانشگاه اردکان,جامع,44,informationTechnology,unresolved,restricted,Downgraded because no official attempted URL was registered for the restricted-access claim.,no-public-evidence-resolved,2026-08-10,0,,,No sufficient public evidence was resolved in this snapshot; this is not proof of absence.,Unresolved is not absence and is never automatically scored as zero.
ardakan:systemsServices,ardakan,دانشگاه اردکان,جامع,44,systemsServices,unresolved,restricted,Downgraded because no official attempted URL was registered for the restricted-access claim.,no-public-evidence-resolved,2026-08-10,0,,,No sufficient public evidence was resolved in this snapshot; this is not proof of absence.,Unresolved is not absence and is never automatically scored as zero.
ardakan:documentsRegulations,ardakan,دانشگاه اردکان,جامع,44,documentsRegulations,unresolved,restricted,Downgraded because no official attempted URL was registered for the restricted-access claim.,no-public-evidence-resolved,2026-08-10,0,,,No sufficient public evidence was resolved in this snapshot; this is not proof of absence.,Unresolved is not absence and is never automatically scored as zero.
fasa:portalIdentity,fasa,دانشگاه فسا,جامع,46,portalIdentity,unresolved,restricted,Downgraded because no official attempted URL was registered for the restricted-access claim.,no-public-evidence-resolved,2026-08-10,0,,,No sufficient public evidence was resolved in this snapshot; this is not proof of absence.,Unresolved is not absence and is never automatically scored as zero.
fasa:organization,fasa,دانشگاه فسا,جامع,46,organization,unresolved,restricted,Downgraded because no official attempted URL was registered for the restricted-access claim.,no-public-evidence-resolved,2026-08-10,0,,,No sufficient public evidence was resolved in this snapshot; this is not proof of absence.,Unresolved is not absence and is never automatically scored as zero.
fasa:libraryDocuments,fasa,دانشگاه فسا,جامع,46,libraryDocuments,unresolved,restricted,Downgraded because no official attempted URL was registered for the restricted-access claim.,no-public-evidence-resolved,2026-08-10,0,,,No sufficient public evidence was resolved in this snapshot; this is not proof of absence.,Unresolved is not absence and is never automatically scored as zero.
fasa:laboratories,fasa,دانشگاه فسا,جامع,46,laboratories,unresolved,restricted,Downgraded because no official attempted URL was registered for the restricted-access claim.,no-public-evidence-resolved,2026-08-10,0,,,No sufficient public evidence was resolved in this snapshot; this is not proof of absence.,Unresolved is not absence and is never automatically scored as zero.
fasa:industryTechnology,fasa,دانشگاه فسا,جامع,46,industryTechnology,unresolved,restricted,Downgraded because no official attempted URL was registered for the restricted-access claim.,no-public-evidence-resolved,2026-08-10,0,,,No sufficient public evidence was resolved in this snapshot; this is not proof of absence.,Unresolved is not absence and is never automatically scored as zero.
fasa:informationTechnology,fasa,دانشگاه فسا,جامع,46,informationTechnology,unresolved,restricted,Downgraded because no official attempted URL was registered for the restricted-access claim.,no-public-evidence-resolved,2026-08-10,0,,,No sufficient public evidence was resolved in this snapshot; this is not proof of absence.,Unresolved is not absence and is never automatically scored as zero.
fasa:systemsServices,fasa,دانشگاه فسا,جامع,46,systemsServices,unresolved,restricted,Downgraded because no official attempted URL was registered for the restricted-access claim.,no-public-evidence-resolved,2026-08-10,0,,,No sufficient public evidence was resolved in this snapshot; this is not proof of absence.,Unresolved is not absence and is never automatically scored as zero.
fasa:documentsRegulations,fasa,دانشگاه فسا,جامع,46,documentsRegulations,unresolved,restricted,Downgraded because no official attempted URL was registered for the restricted-access claim.,no-public-evidence-resolved,2026-08-10,0,,,No sufficient public evidence was resolved in this snapshot; this is not proof of absence.,Unresolved is not absence and is never automatically scored as zero.
ayatollah-borujerdi:portalIdentity,ayatollah-borujerdi,دانشگاه آیت الله العظمی بروجردی (ره),جامع,46,portalIdentity,unresolved,unresolved,,no-public-evidence-resolved,2026-08-10,0,,,No sufficient public evidence was resolved in this snapshot; this is not proof of absence.,Unresolved is not absence and is never automatically scored as zero.
ayatollah-borujerdi:organization,ayatollah-borujerdi,دانشگاه آیت الله العظمی بروجردی (ره),جامع,46,organization,unresolved,unresolved,,no-public-evidence-resolved,2026-08-10,0,,,No sufficient public evidence was resolved in this snapshot; this is not proof of absence.,Unresolved is not absence and is never automatically scored as zero.
ayatollah-borujerdi:libraryDocuments,ayatollah-borujerdi,دانشگاه آیت الله العظمی بروجردی (ره),جامع,46,libraryDocuments,unresolved,unresolved,,no-public-evidence-resolved,2026-08-10,0,,,No sufficient public evidence was resolved in this snapshot; this is not proof of absence.,Unresolved is not absence and is never automatically scored as zero.
ayatollah-borujerdi:laboratories,ayatollah-borujerdi,دانشگاه آیت الله العظمی بروجردی (ره),جامع,46,laboratories,unresolved,unresolved,,no-public-evidence-resolved,2026-08-10,0,,,No sufficient public evidence was resolved in this snapshot; this is not proof of absence.,Unresolved is not absence and is never automatically scored as zero.
ayatollah-borujerdi:industryTechnology,ayatollah-borujerdi,دانشگاه آیت الله العظمی بروجردی (ره),جامع,46,industryTechnology,unresolved,unresolved,,no-public-evidence-resolved,2026-08-10,0,,,No sufficient public evidence was resolved in this snapshot; this is not proof of absence.,Unresolved is not absence and is never automatically scored as zero.
ayatollah-borujerdi:informationTechnology,ayatollah-borujerdi,دانشگاه آیت الله العظمی بروجردی (ره),جامع,46,informationTechnology,unresolved,unresolved,,no-public-evidence-resolved,2026-08-10,0,,,No sufficient public evidence was resolved in this snapshot; this is not proof of absence.,Unresolved is not absence and is never automatically scored as zero.
ayatollah-borujerdi:systemsServices,ayatollah-borujerdi,دانشگاه آیت الله العظمی بروجردی (ره),جامع,46,systemsServices,unresolved,unresolved,,no-public-evidence-resolved,2026-08-10,0,,,No sufficient public evidence was resolved in this snapshot; this is not proof of absence.,Unresolved is not absence and is never automatically scored as zero.
ayatollah-borujerdi:documentsRegulations,ayatollah-borujerdi,دانشگاه آیت الله العظمی بروجردی (ره),جامع,46,documentsRegulations,unresolved,unresolved,,no-public-evidence-resolved,2026-08-10,0,,,No sufficient public evidence was resolved in this snapshot; this is not proof of absence.,Unresolved is not absence and is never automatically scored as zero.
bojnord:portalIdentity,bojnord,دانشگاه بجنورد,جامع,46,portalIdentity,unresolved,unresolved,,no-public-evidence-resolved,2026-08-10,0,,,No sufficient public evidence was resolved in this snapshot; this is not proof of absence.,Unresolved is not absence and is never automatically scored as zero.
bojnord:organization,bojnord,دانشگاه بجنورد,جامع,46,organization,unresolved,unresolved,,no-public-evidence-resolved,2026-08-10,0,,,No sufficient public evidence was resolved in this snapshot; this is not proof of absence.,Unresolved is not absence and is never automatically scored as zero.
bojnord:libraryDocuments,bojnord,دانشگاه بجنورد,جامع,46,libraryDocuments,unresolved,unresolved,,no-public-evidence-resolved,2026-08-10,0,,,No sufficient public evidence was resolved in this snapshot; this is not proof of absence.,Unresolved is not absence and is never automatically scored as zero.
bojnord:laboratories,bojnord,دانشگاه بجنورد,جامع,46,laboratories,unresolved,unresolved,,no-public-evidence-resolved,2026-08-10,0,,,No sufficient public evidence was resolved in this snapshot; this is not proof of absence.,Unresolved is not absence and is never automatically scored as zero.
bojnord:industryTechnology,bojnord,دانشگاه بجنورد,جامع,46,industryTechnology,unresolved,unresolved,,no-public-evidence-resolved,2026-08-10,0,,,No sufficient public evidence was resolved in this snapshot; this is not proof of absence.,Unresolved is not absence and is never automatically scored as zero.
bojnord:informationTechnology,bojnord,دانشگاه بجنورد,جامع,46,informationTechnology,unresolved,unresolved,,no-public-evidence-resolved,2026-08-10,0,,,No sufficient public evidence was resolved in this snapshot; this is not proof of absence.,Unresolved is not absence and is never automatically scored as zero.
bojnord:systemsServices,bojnord,دانشگاه بجنورد,جامع,46,systemsServices,unresolved,unresolved,,no-public-evidence-resolved,2026-08-10,0,,,No sufficient public evidence was resolved in this snapshot; this is not proof of absence.,Unresolved is not absence and is never automatically scored as zero.
bojnord:documentsRegulations,bojnord,دانشگاه بجنورد,جامع,46,documentsRegulations,unresolved,unresolved,,no-public-evidence-resolved,2026-08-10,0,,,No sufficient public evidence was resolved in this snapshot; this is not proof of absence.,Unresolved is not absence and is never automatically scored as zero.
khorramshahr-marine:portalIdentity,khorramshahr-marine,دانشگاه علوم و فنون دریایی خرمشهر,جامع,49,portalIdentity,unresolved,unresolved,,no-public-evidence-resolved,2026-08-10,0,,,No sufficient public evidence was resolved in this snapshot; this is not proof of absence.,Unresolved is not absence and is never automatically scored as zero.
khorramshahr-marine:organization,khorramshahr-marine,دانشگاه علوم و فنون دریایی خرمشهر,جامع,49,organization,unresolved,unresolved,,no-public-evidence-resolved,2026-08-10,0,,,No sufficient public evidence was resolved in this snapshot; this is not proof of absence.,Unresolved is not absence and is never automatically scored as zero.
khorramshahr-marine:libraryDocuments,khorramshahr-marine,دانشگاه علوم و فنون دریایی خرمشهر,جامع,49,libraryDocuments,unresolved,unresolved,,no-public-evidence-resolved,2026-08-10,0,,,No sufficient public evidence was resolved in this snapshot; this is not proof of absence.,Unresolved is not absence and is never automatically scored as zero.
khorramshahr-marine:laboratories,khorramshahr-marine,دانشگاه علوم و فنون دریایی خرمشهر,جامع,49,laboratories,unresolved,unresolved,,no-public-evidence-resolved,2026-08-10,0,,,No sufficient public evidence was resolved in this snapshot; this is not proof of absence.,Unresolved is not absence and is never automatically scored as zero.
khorramshahr-marine:industryTechnology,khorramshahr-marine,دانشگاه علوم و فنون دریایی خرمشهر,جامع,49,industryTechnology,unresolved,unresolved,,no-public-evidence-resolved,2026-08-10,0,,,No sufficient public evidence was resolved in this snapshot; this is not proof of absence.,Unresolved is not absence and is never automatically scored as zero.
khorramshahr-marine:informationTechnology,khorramshahr-marine,دانشگاه علوم و فنون دریایی خرمشهر,جامع,49,informationTechnology,unresolved,unresolved,,no-public-evidence-resolved,2026-08-10,0,,,No sufficient public evidence was resolved in this snapshot; this is not proof of absence.,Unresolved is not absence and is never automatically scored as zero.
khorramshahr-marine:systemsServices,khorramshahr-marine,دانشگاه علوم و فنون دریایی خرمشهر,جامع,49,systemsServices,unresolved,unresolved,,no-public-evidence-resolved,2026-08-10,0,,,No sufficient public evidence was resolved in this snapshot; this is not proof of absence.,Unresolved is not absence and is never automatically scored as zero.
khorramshahr-marine:documentsRegulations,khorramshahr-marine,دانشگاه علوم و فنون دریایی خرمشهر,جامع,49,documentsRegulations,unresolved,unresolved,,no-public-evidence-resolved,2026-08-10,0,,,No sufficient public evidence was resolved in this snapshot; this is not proof of absence.,Unresolved is not absence and is never automatically scored as zero.
meybod:portalIdentity,meybod,دانشگاه میبد,جامع,50,portalIdentity,observed-reference,observed-reference,,reference-only,2026-08-10,2,portal-identity | portal-identity,https://t.me/s/meyboduni_official/4036 | http://new.meybod.ac.ir/fa/article/294984,"An official public reference was observed, but direct dimension attribution was not established.",Unresolved is not absence and is never automatically scored as zero.
meybod:organization,meybod,دانشگاه میبد,جامع,50,organization,unresolved,unresolved,,no-public-evidence-resolved,2026-08-10,0,,,No sufficient public evidence was resolved in this snapshot; this is not proof of absence.,Unresolved is not absence and is never automatically scored as zero.
meybod:libraryDocuments,meybod,دانشگاه میبد,جامع,50,libraryDocuments,unresolved,unresolved,,no-public-evidence-resolved,2026-08-10,0,,,No sufficient public evidence was resolved in this snapshot; this is not proof of absence.,Unresolved is not absence and is never automatically scored as zero.
meybod:laboratories,meybod,دانشگاه میبد,جامع,50,laboratories,observed-reference,observed-reference,,reference-only,2026-08-10,0,,,"An official public reference was observed, but direct dimension attribution was not established.",Unresolved is not absence and is never automatically scored as zero.
meybod:industryTechnology,meybod,دانشگاه میبد,جامع,50,industryTechnology,observed-reference,observed-reference,,reference-only,2026-08-10,0,,,"An official public reference was observed, but direct dimension attribution was not established.",Unresolved is not absence and is never automatically scored as zero.
meybod:informationTechnology,meybod,دانشگاه میبد,جامع,50,informationTechnology,unresolved,unresolved,,no-public-evidence-resolved,2026-08-10,0,,,No sufficient public evidence was resolved in this snapshot; this is not proof of absence.,Unresolved is not absence and is never automatically scored as zero.
meybod:systemsServices,meybod,دانشگاه میبد,جامع,50,systemsServices,unresolved,unresolved,,no-public-evidence-resolved,2026-08-10,0,,,No sufficient public evidence was resolved in this snapshot; this is not proof of absence.,Unresolved is not absence and is never automatically scored as zero.
meybod:documentsRegulations,meybod,دانشگاه میبد,جامع,50,documentsRegulations,unresolved,unresolved,,no-public-evidence-resolved,2026-08-10,0,,,No sufficient public evidence was resolved in this snapshot; this is not proof of absence.,Unresolved is not absence and is never automatically scored as zero.
bozorgmehr-qaenat:portalIdentity,bozorgmehr-qaenat,دانشگاه بزرگمهر قائنات,جامع,51,portalIdentity,unresolved,unresolved,,no-public-evidence-resolved,2026-08-10,0,,,No sufficient public evidence was resolved in this snapshot; this is not proof of absence.,Unresolved is not absence and is never automatically scored as zero.
bozorgmehr-qaenat:organization,bozorgmehr-qaenat,دانشگاه بزرگمهر قائنات,جامع,51,organization,unresolved,unresolved,,no-public-evidence-resolved,2026-08-10,0,,,No sufficient public evidence was resolved in this snapshot; this is not proof of absence.,Unresolved is not absence and is never automatically scored as zero.
bozorgmehr-qaenat:libraryDocuments,bozorgmehr-qaenat,دانشگاه بزرگمهر قائنات,جامع,51,libraryDocuments,unresolved,unresolved,,no-public-evidence-resolved,2026-08-10,0,,,No sufficient public evidence was resolved in this snapshot; this is not proof of absence.,Unresolved is not absence and is never automatically scored as zero.
bozorgmehr-qaenat:laboratories,bozorgmehr-qaenat,دانشگاه بزرگمهر قائنات,جامع,51,laboratories,unresolved,unresolved,,no-public-evidence-resolved,2026-08-10,0,,,No sufficient public evidence was resolved in this snapshot; this is not proof of absence.,Unresolved is not absence and is never automatically scored as zero.
bozorgmehr-qaenat:industryTechnology,bozorgmehr-qaenat,دانشگاه بزرگمهر قائنات,جامع,51,industryTechnology,unresolved,unresolved,,no-public-evidence-resolved,2026-08-10,0,,,No sufficient public evidence was resolved in this snapshot; this is not proof of absence.,Unresolved is not absence and is never automatically scored as zero.
bozorgmehr-qaenat:informationTechnology,bozorgmehr-qaenat,دانشگاه بزرگمهر قائنات,جامع,51,informationTechnology,unresolved,unresolved,,no-public-evidence-resolved,2026-08-10,0,,,No sufficient public evidence was resolved in this snapshot; this is not proof of absence.,Unresolved is not absence and is never automatically scored as zero.
bozorgmehr-qaenat:systemsServices,bozorgmehr-qaenat,دانشگاه بزرگمهر قائنات,جامع,51,systemsServices,unresolved,unresolved,,no-public-evidence-resolved,2026-08-10,0,,,No sufficient public evidence was resolved in this snapshot; this is not proof of absence.,Unresolved is not absence and is never automatically scored as zero.
bozorgmehr-qaenat:documentsRegulations,bozorgmehr-qaenat,دانشگاه بزرگمهر قائنات,جامع,51,documentsRegulations,unresolved,unresolved,,no-public-evidence-resolved,2026-08-10,0,,,No sufficient public evidence was resolved in this snapshot; this is not proof of absence.,Unresolved is not absence and is never automatically scored as zero.
chabahar-maritime:portalIdentity,chabahar-maritime,دانشگاه دریانوردی و علوم دریایی چابهار,جامع,51,portalIdentity,unresolved,unresolved,,no-public-evidence-resolved,2026-08-10,0,,,No sufficient public evidence was resolved in this snapshot; this is not proof of absence.,Unresolved is not absence and is never automatically scored as zero.
chabahar-maritime:organization,chabahar-maritime,دانشگاه دریانوردی و علوم دریایی چابهار,جامع,51,organization,unresolved,unresolved,,no-public-evidence-resolved,2026-08-10,0,,,No sufficient public evidence was resolved in this snapshot; this is not proof of absence.,Unresolved is not absence and is never automatically scored as zero.
chabahar-maritime:libraryDocuments,chabahar-maritime,دانشگاه دریانوردی و علوم دریایی چابهار,جامع,51,libraryDocuments,unresolved,unresolved,,no-public-evidence-resolved,2026-08-10,0,,,No sufficient public evidence was resolved in this snapshot; this is not proof of absence.,Unresolved is not absence and is never automatically scored as zero.
chabahar-maritime:laboratories,chabahar-maritime,دانشگاه دریانوردی و علوم دریایی چابهار,جامع,51,laboratories,unresolved,unresolved,,no-public-evidence-resolved,2026-08-10,0,,,No sufficient public evidence was resolved in this snapshot; this is not proof of absence.,Unresolved is not absence and is never automatically scored as zero.
chabahar-maritime:industryTechnology,chabahar-maritime,دانشگاه دریانوردی و علوم دریایی چابهار,جامع,51,industryTechnology,unresolved,unresolved,,no-public-evidence-resolved,2026-08-10,0,,,No sufficient public evidence was resolved in this snapshot; this is not proof of absence.,Unresolved is not absence and is never automatically scored as zero.
chabahar-maritime:informationTechnology,chabahar-maritime,دانشگاه دریانوردی و علوم دریایی چابهار,جامع,51,informationTechnology,unresolved,unresolved,,no-public-evidence-resolved,2026-08-10,0,,,No sufficient public evidence was resolved in this snapshot; this is not proof of absence.,Unresolved is not absence and is never automatically scored as zero.
chabahar-maritime:systemsServices,chabahar-maritime,دانشگاه دریانوردی و علوم دریایی چابهار,جامع,51,systemsServices,unresolved,unresolved,,no-public-evidence-resolved,2026-08-10,0,,,No sufficient public evidence was resolved in this snapshot; this is not proof of absence.,Unresolved is not absence and is never automatically scored as zero.
chabahar-maritime:documentsRegulations,chabahar-maritime,دانشگاه دریانوردی و علوم دریایی چابهار,جامع,51,documentsRegulations,unresolved,unresolved,,no-public-evidence-resolved,2026-08-10,0,,,No sufficient public evidence was resolved in this snapshot; this is not proof of absence.,Unresolved is not absence and is never automatically scored as zero.
velayat:portalIdentity,velayat,دانشگاه ولایت,جامع,53,portalIdentity,unresolved,unresolved,,no-public-evidence-resolved,2026-08-10,0,,,No sufficient public evidence was resolved in this snapshot; this is not proof of absence.,Unresolved is not absence and is never automatically scored as zero.
velayat:organization,velayat,دانشگاه ولایت,جامع,53,organization,unresolved,unresolved,,no-public-evidence-resolved,2026-08-10,0,,,No sufficient public evidence was resolved in this snapshot; this is not proof of absence.,Unresolved is not absence and is never automatically scored as zero.
velayat:libraryDocuments,velayat,دانشگاه ولایت,جامع,53,libraryDocuments,unresolved,unresolved,,no-public-evidence-resolved,2026-08-10,0,,,No sufficient public evidence was resolved in this snapshot; this is not proof of absence.,Unresolved is not absence and is never automatically scored as zero.
velayat:laboratories,velayat,دانشگاه ولایت,جامع,53,laboratories,unresolved,unresolved,,no-public-evidence-resolved,2026-08-10,0,,,No sufficient public evidence was resolved in this snapshot; this is not proof of absence.,Unresolved is not absence and is never automatically scored as zero.
velayat:industryTechnology,velayat,دانشگاه ولایت,جامع,53,industryTechnology,unresolved,unresolved,,no-public-evidence-resolved,2026-08-10,0,,,No sufficient public evidence was resolved in this snapshot; this is not proof of absence.,Unresolved is not absence and is never automatically scored as zero.
velayat:informationTechnology,velayat,دانشگاه ولایت,جامع,53,informationTechnology,unresolved,unresolved,,no-public-evidence-resolved,2026-08-10,0,,,No sufficient public evidence was resolved in this snapshot; this is not proof of absence.,Unresolved is not absence and is never automatically scored as zero.
velayat:systemsServices,velayat,دانشگاه ولایت,جامع,53,systemsServices,unresolved,unresolved,,no-public-evidence-resolved,2026-08-10,0,,,No sufficient public evidence was resolved in this snapshot; this is not proof of absence.,Unresolved is not absence and is never automatically scored as zero.
velayat:documentsRegulations,velayat,دانشگاه ولایت,جامع,53,documentsRegulations,unresolved,unresolved,,no-public-evidence-resolved,2026-08-10,0,,,No sufficient public evidence was resolved in this snapshot; this is not proof of absence.,Unresolved is not absence and is never automatically scored as zero.
amol-special-tech:portalIdentity,amol-special-tech,دانشگاه تخصصی فناوری های نوین آمل,جامع,54,portalIdentity,unresolved,unresolved,,no-public-evidence-resolved,2026-08-10,1,portal-identity,https://t.me/s/amoluniv,No sufficient public evidence was resolved in this snapshot; this is not proof of absence.,Unresolved is not absence and is never automatically scored as zero.
amol-special-tech:organization,amol-special-tech,دانشگاه تخصصی فناوری های نوین آمل,جامع,54,organization,unresolved,unresolved,,no-public-evidence-resolved,2026-08-10,0,,,No sufficient public evidence was resolved in this snapshot; this is not proof of absence.,Unresolved is not absence and is never automatically scored as zero.
amol-special-tech:libraryDocuments,amol-special-tech,دانشگاه تخصصی فناوری های نوین آمل,جامع,54,libraryDocuments,unresolved,unresolved,,no-public-evidence-resolved,2026-08-10,0,,,No sufficient public evidence was resolved in this snapshot; this is not proof of absence.,Unresolved is not absence and is never automatically scored as zero.
amol-special-tech:laboratories,amol-special-tech,دانشگاه تخصصی فناوری های نوین آمل,جامع,54,laboratories,unresolved,unresolved,,no-public-evidence-resolved,2026-08-10,0,,,No sufficient public evidence was resolved in this snapshot; this is not proof of absence.,Unresolved is not absence and is never automatically scored as zero.
amol-special-tech:industryTechnology,amol-special-tech,دانشگاه تخصصی فناوری های نوین آمل,جامع,54,industryTechnology,unresolved,unresolved,,no-public-evidence-resolved,2026-08-10,0,,,No sufficient public evidence was resolved in this snapshot; this is not proof of absence.,Unresolved is not absence and is never automatically scored as zero.
amol-special-tech:informationTechnology,amol-special-tech,دانشگاه تخصصی فناوری های نوین آمل,جامع,54,informationTechnology,unresolved,unresolved,,no-public-evidence-resolved,2026-08-10,0,,,No sufficient public evidence was resolved in this snapshot; this is not proof of absence.,Unresolved is not absence and is never automatically scored as zero.
amol-special-tech:systemsServices,amol-special-tech,دانشگاه تخصصی فناوری های نوین آمل,جامع,54,systemsServices,unresolved,unresolved,,no-public-evidence-resolved,2026-08-10,0,,,No sufficient public evidence was resolved in this snapshot; this is not proof of absence.,Unresolved is not absence and is never automatically scored as zero.
amol-special-tech:documentsRegulations,amol-special-tech,دانشگاه تخصصی فناوری های نوین آمل,جامع,54,documentsRegulations,unresolved,unresolved,,no-public-evidence-resolved,2026-08-10,0,,,No sufficient public evidence was resolved in this snapshot; this is not proof of absence.,Unresolved is not absence and is never automatically scored as zero.
malayer:portalIdentity,malayer,دانشگاه ملایر,جامع,55,portalIdentity,observed-reference,observed-reference,,reference-only,2026-08-10,1,portal-identity,https://malayeru.ac.ir/portal/home/?news/32484/116202/279690/,"An official public reference was observed, but direct dimension attribution was not established.",Unresolved is not absence and is never automatically scored as zero.
malayer:organization,malayer,دانشگاه ملایر,جامع,55,organization,observed-reference,observed-reference,,reference-only,2026-08-10,0,,,"An official public reference was observed, but direct dimension attribution was not established.",Unresolved is not absence and is never automatically scored as zero.
malayer:libraryDocuments,malayer,دانشگاه ملایر,جامع,55,libraryDocuments,observed-reference,observed-reference,,reference-only,2026-08-10,0,,,"An official public reference was observed, but direct dimension attribution was not established.",Unresolved is not absence and is never automatically scored as zero.
malayer:laboratories,malayer,دانشگاه ملایر,جامع,55,laboratories,observed-reference,observed-reference,,reference-only,2026-08-10,0,,,"An official public reference was observed, but direct dimension attribution was not established.",Unresolved is not absence and is never automatically scored as zero.
malayer:industryTechnology,malayer,دانشگاه ملایر,جامع,55,industryTechnology,unresolved,unresolved,,no-public-evidence-resolved,2026-08-10,0,,,No sufficient public evidence was resolved in this snapshot; this is not proof of absence.,Unresolved is not absence and is never automatically scored as zero.
malayer:informationTechnology,malayer,دانشگاه ملایر,جامع,55,informationTechnology,unresolved,unresolved,,no-public-evidence-resolved,2026-08-10,0,,,No sufficient public evidence was resolved in this snapshot; this is not proof of absence.,Unresolved is not absence and is never automatically scored as zero.
malayer:systemsServices,malayer,دانشگاه ملایر,جامع,55,systemsServices,observed-reference,observed-reference,,reference-only,2026-08-10,0,,,"An official public reference was observed, but direct dimension attribution was not established.",Unresolved is not absence and is never automatically scored as zero.
malayer:documentsRegulations,malayer,دانشگاه ملایر,جامع,55,documentsRegulations,unresolved,unresolved,,no-public-evidence-resolved,2026-08-10,0,,,No sufficient public evidence was resolved in this snapshot; this is not proof of absence.,Unresolved is not absence and is never automatically scored as zero.
gonbad-kavous:portalIdentity,gonbad-kavous,دانشگاه گنبد کاووس,جامع,56,portalIdentity,unresolved,unresolved,,no-public-evidence-resolved,2026-08-10,0,,,No sufficient public evidence was resolved in this snapshot; this is not proof of absence.,Unresolved is not absence and is never automatically scored as zero.
gonbad-kavous:organization,gonbad-kavous,دانشگاه گنبد کاووس,جامع,56,organization,unresolved,unresolved,,no-public-evidence-resolved,2026-08-10,0,,,No sufficient public evidence was resolved in this snapshot; this is not proof of absence.,Unresolved is not absence and is never automatically scored as zero.
gonbad-kavous:libraryDocuments,gonbad-kavous,دانشگاه گنبد کاووس,جامع,56,libraryDocuments,unresolved,unresolved,,no-public-evidence-resolved,2026-08-10,0,,,No sufficient public evidence was resolved in this snapshot; this is not proof of absence.,Unresolved is not absence and is never automatically scored as zero.
gonbad-kavous:laboratories,gonbad-kavous,دانشگاه گنبد کاووس,جامع,56,laboratories,unresolved,unresolved,,no-public-evidence-resolved,2026-08-10,0,,,No sufficient public evidence was resolved in this snapshot; this is not proof of absence.,Unresolved is not absence and is never automatically scored as zero.
gonbad-kavous:industryTechnology,gonbad-kavous,دانشگاه گنبد کاووس,جامع,56,industryTechnology,unresolved,unresolved,,no-public-evidence-resolved,2026-08-10,0,,,No sufficient public evidence was resolved in this snapshot; this is not proof of absence.,Unresolved is not absence and is never automatically scored as zero.
gonbad-kavous:informationTechnology,gonbad-kavous,دانشگاه گنبد کاووس,جامع,56,informationTechnology,unresolved,unresolved,,no-public-evidence-resolved,2026-08-10,0,,,No sufficient public evidence was resolved in this snapshot; this is not proof of absence.,Unresolved is not absence and is never automatically scored as zero.
gonbad-kavous:systemsServices,gonbad-kavous,دانشگاه گنبد کاووس,جامع,56,systemsServices,unresolved,unresolved,,no-public-evidence-resolved,2026-08-10,0,,,No sufficient public evidence was resolved in this snapshot; this is not proof of absence.,Unresolved is not absence and is never automatically scored as zero.
gonbad-kavous:documentsRegulations,gonbad-kavous,دانشگاه گنبد کاووس,جامع,56,documentsRegulations,unresolved,unresolved,,no-public-evidence-resolved,2026-08-10,0,,,No sufficient public evidence was resolved in this snapshot; this is not proof of absence.,Unresolved is not absence and is never automatically scored as zero.
torbat-heydarieh:portalIdentity,torbat-heydarieh,دانشگاه تربت حیدریه,جامع,57,portalIdentity,unresolved,unresolved,,no-public-evidence-resolved,2026-08-10,0,,,No sufficient public evidence was resolved in this snapshot; this is not proof of absence.,Unresolved is not absence and is never automatically scored as zero.
torbat-heydarieh:organization,torbat-heydarieh,دانشگاه تربت حیدریه,جامع,57,organization,unresolved,unresolved,,no-public-evidence-resolved,2026-08-10,0,,,No sufficient public evidence was resolved in this snapshot; this is not proof of absence.,Unresolved is not absence and is never automatically scored as zero.
torbat-heydarieh:libraryDocuments,torbat-heydarieh,دانشگاه تربت حیدریه,جامع,57,libraryDocuments,unresolved,unresolved,,no-public-evidence-resolved,2026-08-10,0,,,No sufficient public evidence was resolved in this snapshot; this is not proof of absence.,Unresolved is not absence and is never automatically scored as zero.
torbat-heydarieh:laboratories,torbat-heydarieh,دانشگاه تربت حیدریه,جامع,57,laboratories,unresolved,unresolved,,no-public-evidence-resolved,2026-08-10,0,,,No sufficient public evidence was resolved in this snapshot; this is not proof of absence.,Unresolved is not absence and is never automatically scored as zero.
torbat-heydarieh:industryTechnology,torbat-heydarieh,دانشگاه تربت حیدریه,جامع,57,industryTechnology,unresolved,unresolved,,no-public-evidence-resolved,2026-08-10,0,,,No sufficient public evidence was resolved in this snapshot; this is not proof of absence.,Unresolved is not absence and is never automatically scored as zero.
torbat-heydarieh:informationTechnology,torbat-heydarieh,دانشگاه تربت حیدریه,جامع,57,informationTechnology,unresolved,unresolved,,no-public-evidence-resolved,2026-08-10,0,,,No sufficient public evidence was resolved in this snapshot; this is not proof of absence.,Unresolved is not absence and is never automatically scored as zero.
torbat-heydarieh:systemsServices,torbat-heydarieh,دانشگاه تربت حیدریه,جامع,57,systemsServices,unresolved,unresolved,,no-public-evidence-resolved,2026-08-10,0,,,No sufficient public evidence was resolved in this snapshot; this is not proof of absence.,Unresolved is not absence and is never automatically scored as zero.
torbat-heydarieh:documentsRegulations,torbat-heydarieh,دانشگاه تربت حیدریه,جامع,57,documentsRegulations,unresolved,unresolved,,no-public-evidence-resolved,2026-08-10,0,,,No sufficient public evidence was resolved in this snapshot; this is not proof of absence.,Unresolved is not absence and is never automatically scored as zero.
hazrat-masoumeh:portalIdentity,hazrat-masoumeh,دانشگاه حضرت معصومه (س),جامع,58,portalIdentity,unresolved,unresolved,,no-public-evidence-resolved,2026-08-10,0,,,No sufficient public evidence was resolved in this snapshot; this is not proof of absence.,Unresolved is not absence and is never automatically scored as zero.
hazrat-masoumeh:organization,hazrat-masoumeh,دانشگاه حضرت معصومه (س),جامع,58,organization,unresolved,unresolved,,no-public-evidence-resolved,2026-08-10,0,,,No sufficient public evidence was resolved in this snapshot; this is not proof of absence.,Unresolved is not absence and is never automatically scored as zero.
hazrat-masoumeh:libraryDocuments,hazrat-masoumeh,دانشگاه حضرت معصومه (س),جامع,58,libraryDocuments,unresolved,unresolved,,no-public-evidence-resolved,2026-08-10,0,,,No sufficient public evidence was resolved in this snapshot; this is not proof of absence.,Unresolved is not absence and is never automatically scored as zero.
hazrat-masoumeh:laboratories,hazrat-masoumeh,دانشگاه حضرت معصومه (س),جامع,58,laboratories,unresolved,unresolved,,no-public-evidence-resolved,2026-08-10,0,,,No sufficient public evidence was resolved in this snapshot; this is not proof of absence.,Unresolved is not absence and is never automatically scored as zero.
hazrat-masoumeh:industryTechnology,hazrat-masoumeh,دانشگاه حضرت معصومه (س),جامع,58,industryTechnology,unresolved,unresolved,,no-public-evidence-resolved,2026-08-10,0,,,No sufficient public evidence was resolved in this snapshot; this is not proof of absence.,Unresolved is not absence and is never automatically scored as zero.
hazrat-masoumeh:informationTechnology,hazrat-masoumeh,دانشگاه حضرت معصومه (س),جامع,58,informationTechnology,unresolved,unresolved,,no-public-evidence-resolved,2026-08-10,0,,,No sufficient public evidence was resolved in this snapshot; this is not proof of absence.,Unresolved is not absence and is never automatically scored as zero.
hazrat-masoumeh:systemsServices,hazrat-masoumeh,دانشگاه حضرت معصومه (س),جامع,58,systemsServices,unresolved,unresolved,,no-public-evidence-resolved,2026-08-10,0,,,No sufficient public evidence was resolved in this snapshot; this is not proof of absence.,Unresolved is not absence and is never automatically scored as zero.
hazrat-masoumeh:documentsRegulations,hazrat-masoumeh,دانشگاه حضرت معصومه (س),جامع,58,documentsRegulations,unresolved,unresolved,,no-public-evidence-resolved,2026-08-10,0,,,No sufficient public evidence was resolved in this snapshot; this is not proof of absence.,Unresolved is not absence and is never automatically scored as zero.
jahrom:portalIdentity,jahrom,دانشگاه جهرم,جامع,59,portalIdentity,unresolved,unresolved,,no-public-evidence-resolved,2026-08-10,0,,,No sufficient public evidence was resolved in this snapshot; this is not proof of absence.,Unresolved is not absence and is never automatically scored as zero.
jahrom:organization,jahrom,دانشگاه جهرم,جامع,59,organization,unresolved,unresolved,,no-public-evidence-resolved,2026-08-10,0,,,No sufficient public evidence was resolved in this snapshot; this is not proof of absence.,Unresolved is not absence and is never automatically scored as zero.
jahrom:libraryDocuments,jahrom,دانشگاه جهرم,جامع,59,libraryDocuments,unresolved,unresolved,,no-public-evidence-resolved,2026-08-10,0,,,No sufficient public evidence was resolved in this snapshot; this is not proof of absence.,Unresolved is not absence and is never automatically scored as zero.
jahrom:laboratories,jahrom,دانشگاه جهرم,جامع,59,laboratories,unresolved,unresolved,,no-public-evidence-resolved,2026-08-10,0,,,No sufficient public evidence was resolved in this snapshot; this is not proof of absence.,Unresolved is not absence and is never automatically scored as zero.
jahrom:industryTechnology,jahrom,دانشگاه جهرم,جامع,59,industryTechnology,unresolved,unresolved,,no-public-evidence-resolved,2026-08-10,0,,,No sufficient public evidence was resolved in this snapshot; this is not proof of absence.,Unresolved is not absence and is never automatically scored as zero.
jahrom:informationTechnology,jahrom,دانشگاه جهرم,جامع,59,informationTechnology,unresolved,unresolved,,no-public-evidence-resolved,2026-08-10,0,,,No sufficient public evidence was resolved in this snapshot; this is not proof of absence.,Unresolved is not absence and is never automatically scored as zero.
jahrom:systemsServices,jahrom,دانشگاه جهرم,جامع,59,systemsServices,unresolved,unresolved,,no-public-evidence-resolved,2026-08-10,0,,,No sufficient public evidence was resolved in this snapshot; this is not proof of absence.,Unresolved is not absence and is never automatically scored as zero.
jahrom:documentsRegulations,jahrom,دانشگاه جهرم,جامع,59,documentsRegulations,unresolved,unresolved,,no-public-evidence-resolved,2026-08-10,0,,,No sufficient public evidence was resolved in this snapshot; this is not proof of absence.,Unresolved is not absence and is never automatically scored as zero.
kosar:portalIdentity,kosar,دانشگاه کوثر,جامع,60,portalIdentity,unresolved,unresolved,,no-public-evidence-resolved,2026-08-10,0,,,No sufficient public evidence was resolved in this snapshot; this is not proof of absence.,Unresolved is not absence and is never automatically scored as zero.
kosar:organization,kosar,دانشگاه کوثر,جامع,60,organization,unresolved,unresolved,,no-public-evidence-resolved,2026-08-10,0,,,No sufficient public evidence was resolved in this snapshot; this is not proof of absence.,Unresolved is not absence and is never automatically scored as zero.
kosar:libraryDocuments,kosar,دانشگاه کوثر,جامع,60,libraryDocuments,unresolved,unresolved,,no-public-evidence-resolved,2026-08-10,0,,,No sufficient public evidence was resolved in this snapshot; this is not proof of absence.,Unresolved is not absence and is never automatically scored as zero.
kosar:laboratories,kosar,دانشگاه کوثر,جامع,60,laboratories,unresolved,unresolved,,no-public-evidence-resolved,2026-08-10,0,,,No sufficient public evidence was resolved in this snapshot; this is not proof of absence.,Unresolved is not absence and is never automatically scored as zero.
kosar:industryTechnology,kosar,دانشگاه کوثر,جامع,60,industryTechnology,unresolved,unresolved,,no-public-evidence-resolved,2026-08-10,0,,,No sufficient public evidence was resolved in this snapshot; this is not proof of absence.,Unresolved is not absence and is never automatically scored as zero.
kosar:informationTechnology,kosar,دانشگاه کوثر,جامع,60,informationTechnology,unresolved,unresolved,,no-public-evidence-resolved,2026-08-10,0,,,No sufficient public evidence was resolved in this snapshot; this is not proof of absence.,Unresolved is not absence and is never automatically scored as zero.
kosar:systemsServices,kosar,دانشگاه کوثر,جامع,60,systemsServices,unresolved,unresolved,,no-public-evidence-resolved,2026-08-10,0,,,No sufficient public evidence was resolved in this snapshot; this is not proof of absence.,Unresolved is not absence and is never automatically scored as zero.
kosar:documentsRegulations,kosar,دانشگاه کوثر,جامع,60,documentsRegulations,unresolved,unresolved,,no-public-evidence-resolved,2026-08-10,0,,,No sufficient public evidence was resolved in this snapshot; this is not proof of absence.,Unresolved is not absence and is never automatically scored as zero.
jiroft:portalIdentity,jiroft,دانشگاه جیرفت,جامع,61,portalIdentity,unresolved,unresolved,,no-public-evidence-resolved,2026-08-10,0,,,No sufficient public evidence was resolved in this snapshot; this is not proof of absence.,Unresolved is not absence and is never automatically scored as zero.
jiroft:organization,jiroft,دانشگاه جیرفت,جامع,61,organization,unresolved,unresolved,,no-public-evidence-resolved,2026-08-10,0,,,No sufficient public evidence was resolved in this snapshot; this is not proof of absence.,Unresolved is not absence and is never automatically scored as zero.
jiroft:libraryDocuments,jiroft,دانشگاه جیرفت,جامع,61,libraryDocuments,unresolved,unresolved,,no-public-evidence-resolved,2026-08-10,0,,,No sufficient public evidence was resolved in this snapshot; this is not proof of absence.,Unresolved is not absence and is never automatically scored as zero.
jiroft:laboratories,jiroft,دانشگاه جیرفت,جامع,61,laboratories,unresolved,unresolved,,no-public-evidence-resolved,2026-08-10,0,,,No sufficient public evidence was resolved in this snapshot; this is not proof of absence.,Unresolved is not absence and is never automatically scored as zero.
jiroft:industryTechnology,jiroft,دانشگاه جیرفت,جامع,61,industryTechnology,unresolved,unresolved,,no-public-evidence-resolved,2026-08-10,0,,,No sufficient public evidence was resolved in this snapshot; this is not proof of absence.,Unresolved is not absence and is never automatically scored as zero.
jiroft:informationTechnology,jiroft,دانشگاه جیرفت,جامع,61,informationTechnology,unresolved,unresolved,,no-public-evidence-resolved,2026-08-10,0,,,No sufficient public evidence was resolved in this snapshot; this is not proof of absence.,Unresolved is not absence and is never automatically scored as zero.
jiroft:systemsServices,jiroft,دانشگاه جیرفت,جامع,61,systemsServices,unresolved,unresolved,,no-public-evidence-resolved,2026-08-10,0,,,No sufficient public evidence was resolved in this snapshot; this is not proof of absence.,Unresolved is not absence and is never automatically scored as zero.
jiroft:documentsRegulations,jiroft,دانشگاه جیرفت,جامع,61,documentsRegulations,unresolved,unresolved,,no-public-evidence-resolved,2026-08-10,0,,,No sufficient public evidence was resolved in this snapshot; this is not proof of absence.,Unresolved is not absence and is never automatically scored as zero.
salman-farsi-kazerun:portalIdentity,salman-farsi-kazerun,دانشگاه سلمان فارسی کازرون,جامع,62,portalIdentity,unresolved,unresolved,,no-public-evidence-resolved,2026-08-10,0,,,No sufficient public evidence was resolved in this snapshot; this is not proof of absence.,Unresolved is not absence and is never automatically scored as zero.
salman-farsi-kazerun:organization,salman-farsi-kazerun,دانشگاه سلمان فارسی کازرون,جامع,62,organization,unresolved,unresolved,,no-public-evidence-resolved,2026-08-10,0,,,No sufficient public evidence was resolved in this snapshot; this is not proof of absence.,Unresolved is not absence and is never automatically scored as zero.
salman-farsi-kazerun:libraryDocuments,salman-farsi-kazerun,دانشگاه سلمان فارسی کازرون,جامع,62,libraryDocuments,unresolved,unresolved,,no-public-evidence-resolved,2026-08-10,0,,,No sufficient public evidence was resolved in this snapshot; this is not proof of absence.,Unresolved is not absence and is never automatically scored as zero.
salman-farsi-kazerun:laboratories,salman-farsi-kazerun,دانشگاه سلمان فارسی کازرون,جامع,62,laboratories,unresolved,unresolved,,no-public-evidence-resolved,2026-08-10,0,,,No sufficient public evidence was resolved in this snapshot; this is not proof of absence.,Unresolved is not absence and is never automatically scored as zero.
salman-farsi-kazerun:industryTechnology,salman-farsi-kazerun,دانشگاه سلمان فارسی کازرون,جامع,62,industryTechnology,unresolved,unresolved,,no-public-evidence-resolved,2026-08-10,0,,,No sufficient public evidence was resolved in this snapshot; this is not proof of absence.,Unresolved is not absence and is never automatically scored as zero.
salman-farsi-kazerun:informationTechnology,salman-farsi-kazerun,دانشگاه سلمان فارسی کازرون,جامع,62,informationTechnology,unresolved,unresolved,,no-public-evidence-resolved,2026-08-10,0,,,No sufficient public evidence was resolved in this snapshot; this is not proof of absence.,Unresolved is not absence and is never automatically scored as zero.
salman-farsi-kazerun:systemsServices,salman-farsi-kazerun,دانشگاه سلمان فارسی کازرون,جامع,62,systemsServices,unresolved,unresolved,,no-public-evidence-resolved,2026-08-10,0,,,No sufficient public evidence was resolved in this snapshot; this is not proof of absence.,Unresolved is not absence and is never automatically scored as zero.
salman-farsi-kazerun:documentsRegulations,salman-farsi-kazerun,دانشگاه سلمان فارسی کازرون,جامع,62,documentsRegulations,unresolved,unresolved,,no-public-evidence-resolved,2026-08-10,0,,,No sufficient public evidence was resolved in this snapshot; this is not proof of absence.,Unresolved is not absence and is never automatically scored as zero.
lar-higher-ed:portalIdentity,lar-higher-ed,مرکز آموزش عالی لار,جامع,62,portalIdentity,unresolved,unresolved,,no-public-evidence-resolved,2026-08-10,0,,,No sufficient public evidence was resolved in this snapshot; this is not proof of absence.,Unresolved is not absence and is never automatically scored as zero.
lar-higher-ed:organization,lar-higher-ed,مرکز آموزش عالی لار,جامع,62,organization,unresolved,unresolved,,no-public-evidence-resolved,2026-08-10,0,,,No sufficient public evidence was resolved in this snapshot; this is not proof of absence.,Unresolved is not absence and is never automatically scored as zero.
lar-higher-ed:libraryDocuments,lar-higher-ed,مرکز آموزش عالی لار,جامع,62,libraryDocuments,unresolved,unresolved,,no-public-evidence-resolved,2026-08-10,0,,,No sufficient public evidence was resolved in this snapshot; this is not proof of absence.,Unresolved is not absence and is never automatically scored as zero.
lar-higher-ed:laboratories,lar-higher-ed,مرکز آموزش عالی لار,جامع,62,laboratories,unresolved,unresolved,,no-public-evidence-resolved,2026-08-10,0,,,No sufficient public evidence was resolved in this snapshot; this is not proof of absence.,Unresolved is not absence and is never automatically scored as zero.
lar-higher-ed:industryTechnology,lar-higher-ed,مرکز آموزش عالی لار,جامع,62,industryTechnology,unresolved,unresolved,,no-public-evidence-resolved,2026-08-10,0,,,No sufficient public evidence was resolved in this snapshot; this is not proof of absence.,Unresolved is not absence and is never automatically scored as zero.
lar-higher-ed:informationTechnology,lar-higher-ed,مرکز آموزش عالی لار,جامع,62,informationTechnology,unresolved,unresolved,,no-public-evidence-resolved,2026-08-10,0,,,No sufficient public evidence was resolved in this snapshot; this is not proof of absence.,Unresolved is not absence and is never automatically scored as zero.
lar-higher-ed:systemsServices,lar-higher-ed,مرکز آموزش عالی لار,جامع,62,systemsServices,unresolved,unresolved,,no-public-evidence-resolved,2026-08-10,0,,,No sufficient public evidence was resolved in this snapshot; this is not proof of absence.,Unresolved is not absence and is never automatically scored as zero.
lar-higher-ed:documentsRegulations,lar-higher-ed,مرکز آموزش عالی لار,جامع,62,documentsRegulations,unresolved,unresolved,,no-public-evidence-resolved,2026-08-10,0,,,No sufficient public evidence was resolved in this snapshot; this is not proof of absence.,Unresolved is not absence and is never automatically scored as zero.
gonabad-higher-ed:portalIdentity,gonabad-higher-ed,مجتمع آموزش عالی گناباد,جامع,64,portalIdentity,observed-reference,observed-reference,,reference-only,2026-08-10,1,portal-identity,https://gonabad.ac.ir/,"An official public reference was observed, but direct dimension attribution was not established.",Unresolved is not absence and is never automatically scored as zero.
gonabad-higher-ed:organization,gonabad-higher-ed,مجتمع آموزش عالی گناباد,جامع,64,organization,observed-reference,observed-reference,,reference-only,2026-08-10,0,,,"An official public reference was observed, but direct dimension attribution was not established.",Unresolved is not absence and is never automatically scored as zero.
gonabad-higher-ed:libraryDocuments,gonabad-higher-ed,مجتمع آموزش عالی گناباد,جامع,64,libraryDocuments,unresolved,unresolved,,no-public-evidence-resolved,2026-08-10,0,,,No sufficient public evidence was resolved in this snapshot; this is not proof of absence.,Unresolved is not absence and is never automatically scored as zero.
gonabad-higher-ed:laboratories,gonabad-higher-ed,مجتمع آموزش عالی گناباد,جامع,64,laboratories,unresolved,unresolved,,no-public-evidence-resolved,2026-08-10,0,,,No sufficient public evidence was resolved in this snapshot; this is not proof of absence.,Unresolved is not absence and is never automatically scored as zero.
gonabad-higher-ed:industryTechnology,gonabad-higher-ed,مجتمع آموزش عالی گناباد,جامع,64,industryTechnology,unresolved,unresolved,,no-public-evidence-resolved,2026-08-10,0,,,No sufficient public evidence was resolved in this snapshot; this is not proof of absence.,Unresolved is not absence and is never automatically scored as zero.
gonabad-higher-ed:informationTechnology,gonabad-higher-ed,مجتمع آموزش عالی گناباد,جامع,64,informationTechnology,unresolved,unresolved,,no-public-evidence-resolved,2026-08-10,0,,,No sufficient public evidence was resolved in this snapshot; this is not proof of absence.,Unresolved is not absence and is never automatically scored as zero.
gonabad-higher-ed:systemsServices,gonabad-higher-ed,مجتمع آموزش عالی گناباد,جامع,64,systemsServices,unresolved,unresolved,,no-public-evidence-resolved,2026-08-10,0,,,No sufficient public evidence was resolved in this snapshot; this is not proof of absence.,Unresolved is not absence and is never automatically scored as zero.
gonabad-higher-ed:documentsRegulations,gonabad-higher-ed,مجتمع آموزش عالی گناباد,جامع,64,documentsRegulations,unresolved,unresolved,,no-public-evidence-resolved,2026-08-10,0,,,No sufficient public evidence was resolved in this snapshot; this is not proof of absence.,Unresolved is not absence and is never automatically scored as zero.
bam-higher-ed:portalIdentity,bam-higher-ed,مجتمع آموزش عالی بم,جامع,65,portalIdentity,unresolved,unresolved,,no-public-evidence-resolved,2026-08-10,0,,,No sufficient public evidence was resolved in this snapshot; this is not proof of absence.,Unresolved is not absence and is never automatically scored as zero.
bam-higher-ed:organization,bam-higher-ed,مجتمع آموزش عالی بم,جامع,65,organization,unresolved,unresolved,,no-public-evidence-resolved,2026-08-10,0,,,No sufficient public evidence was resolved in this snapshot; this is not proof of absence.,Unresolved is not absence and is never automatically scored as zero.
bam-higher-ed:libraryDocuments,bam-higher-ed,مجتمع آموزش عالی بم,جامع,65,libraryDocuments,unresolved,unresolved,,no-public-evidence-resolved,2026-08-10,0,,,No sufficient public evidence was resolved in this snapshot; this is not proof of absence.,Unresolved is not absence and is never automatically scored as zero.
bam-higher-ed:laboratories,bam-higher-ed,مجتمع آموزش عالی بم,جامع,65,laboratories,unresolved,unresolved,,no-public-evidence-resolved,2026-08-10,0,,,No sufficient public evidence was resolved in this snapshot; this is not proof of absence.,Unresolved is not absence and is never automatically scored as zero.
bam-higher-ed:industryTechnology,bam-higher-ed,مجتمع آموزش عالی بم,جامع,65,industryTechnology,unresolved,unresolved,,no-public-evidence-resolved,2026-08-10,0,,,No sufficient public evidence was resolved in this snapshot; this is not proof of absence.,Unresolved is not absence and is never automatically scored as zero.
bam-higher-ed:informationTechnology,bam-higher-ed,مجتمع آموزش عالی بم,جامع,65,informationTechnology,unresolved,unresolved,,no-public-evidence-resolved,2026-08-10,0,,,No sufficient public evidence was resolved in this snapshot; this is not proof of absence.,Unresolved is not absence and is never automatically scored as zero.
bam-higher-ed:systemsServices,bam-higher-ed,مجتمع آموزش عالی بم,جامع,65,systemsServices,unresolved,unresolved,,no-public-evidence-resolved,2026-08-10,0,,,No sufficient public evidence was resolved in this snapshot; this is not proof of absence.,Unresolved is not absence and is never automatically scored as zero.
bam-higher-ed:documentsRegulations,bam-higher-ed,مجتمع آموزش عالی بم,جامع,65,documentsRegulations,unresolved,unresolved,,no-public-evidence-resolved,2026-08-10,0,,,No sufficient public evidence was resolved in this snapshot; this is not proof of absence.,Unresolved is not absence and is never automatically scored as zero.
neyshabur:portalIdentity,neyshabur,دانشگاه نیشابور,جامع,66,portalIdentity,unresolved,restricted,Downgraded because no official attempted URL was registered for the restricted-access claim.,no-public-evidence-resolved,2026-08-10,0,,,No sufficient public evidence was resolved in this snapshot; this is not proof of absence.,Unresolved is not absence and is never automatically scored as zero.
neyshabur:organization,neyshabur,دانشگاه نیشابور,جامع,66,organization,unresolved,restricted,Downgraded because no official attempted URL was registered for the restricted-access claim.,no-public-evidence-resolved,2026-08-10,0,,,No sufficient public evidence was resolved in this snapshot; this is not proof of absence.,Unresolved is not absence and is never automatically scored as zero.
neyshabur:libraryDocuments,neyshabur,دانشگاه نیشابور,جامع,66,libraryDocuments,unresolved,restricted,Downgraded because no official attempted URL was registered for the restricted-access claim.,no-public-evidence-resolved,2026-08-10,0,,,No sufficient public evidence was resolved in this snapshot; this is not proof of absence.,Unresolved is not absence and is never automatically scored as zero.
neyshabur:laboratories,neyshabur,دانشگاه نیشابور,جامع,66,laboratories,unresolved,restricted,Downgraded because no official attempted URL was registered for the restricted-access claim.,no-public-evidence-resolved,2026-08-10,0,,,No sufficient public evidence was resolved in this snapshot; this is not proof of absence.,Unresolved is not absence and is never automatically scored as zero.
neyshabur:industryTechnology,neyshabur,دانشگاه نیشابور,جامع,66,industryTechnology,unresolved,restricted,Downgraded because no official attempted URL was registered for the restricted-access claim.,no-public-evidence-resolved,2026-08-10,0,,,No sufficient public evidence was resolved in this snapshot; this is not proof of absence.,Unresolved is not absence and is never automatically scored as zero.
neyshabur:informationTechnology,neyshabur,دانشگاه نیشابور,جامع,66,informationTechnology,unresolved,restricted,Downgraded because no official attempted URL was registered for the restricted-access claim.,no-public-evidence-resolved,2026-08-10,0,,,No sufficient public evidence was resolved in this snapshot; this is not proof of absence.,Unresolved is not absence and is never automatically scored as zero.
neyshabur:systemsServices,neyshabur,دانشگاه نیشابور,جامع,66,systemsServices,unresolved,restricted,Downgraded because no official attempted URL was registered for the restricted-access claim.,no-public-evidence-resolved,2026-08-10,0,,,No sufficient public evidence was resolved in this snapshot; this is not proof of absence.,Unresolved is not absence and is never automatically scored as zero.
neyshabur:documentsRegulations,neyshabur,دانشگاه نیشابور,جامع,66,documentsRegulations,unresolved,restricted,Downgraded because no official attempted URL was registered for the restricted-access claim.,no-public-evidence-resolved,2026-08-10,0,,,No sufficient public evidence was resolved in this snapshot; this is not proof of absence.,Unresolved is not absence and is never automatically scored as zero.
eghlid-higher-ed:portalIdentity,eghlid-higher-ed,مرکز آموزش عالی اقلید,جامع,67,portalIdentity,unresolved,unresolved,,no-public-evidence-resolved,2026-08-10,0,,,No sufficient public evidence was resolved in this snapshot; this is not proof of absence.,Unresolved is not absence and is never automatically scored as zero.
eghlid-higher-ed:organization,eghlid-higher-ed,مرکز آموزش عالی اقلید,جامع,67,organization,unresolved,unresolved,,no-public-evidence-resolved,2026-08-10,0,,,No sufficient public evidence was resolved in this snapshot; this is not proof of absence.,Unresolved is not absence and is never automatically scored as zero.
eghlid-higher-ed:libraryDocuments,eghlid-higher-ed,مرکز آموزش عالی اقلید,جامع,67,libraryDocuments,unresolved,unresolved,,no-public-evidence-resolved,2026-08-10,0,,,No sufficient public evidence was resolved in this snapshot; this is not proof of absence.,Unresolved is not absence and is never automatically scored as zero.
eghlid-higher-ed:laboratories,eghlid-higher-ed,مرکز آموزش عالی اقلید,جامع,67,laboratories,unresolved,unresolved,,no-public-evidence-resolved,2026-08-10,0,,,No sufficient public evidence was resolved in this snapshot; this is not proof of absence.,Unresolved is not absence and is never automatically scored as zero.
eghlid-higher-ed:industryTechnology,eghlid-higher-ed,مرکز آموزش عالی اقلید,جامع,67,industryTechnology,unresolved,unresolved,,no-public-evidence-resolved,2026-08-10,0,,,No sufficient public evidence was resolved in this snapshot; this is not proof of absence.,Unresolved is not absence and is never automatically scored as zero.
eghlid-higher-ed:informationTechnology,eghlid-higher-ed,مرکز آموزش عالی اقلید,جامع,67,informationTechnology,unresolved,unresolved,,no-public-evidence-resolved,2026-08-10,0,,,No sufficient public evidence was resolved in this snapshot; this is not proof of absence.,Unresolved is not absence and is never automatically scored as zero.
eghlid-higher-ed:systemsServices,eghlid-higher-ed,مرکز آموزش عالی اقلید,جامع,67,systemsServices,unresolved,unresolved,,no-public-evidence-resolved,2026-08-10,0,,,No sufficient public evidence was resolved in this snapshot; this is not proof of absence.,Unresolved is not absence and is never automatically scored as zero.
eghlid-higher-ed:documentsRegulations,eghlid-higher-ed,مرکز آموزش عالی اقلید,جامع,67,documentsRegulations,unresolved,unresolved,,no-public-evidence-resolved,2026-08-10,0,,,No sufficient public evidence was resolved in this snapshot; this is not proof of absence.,Unresolved is not absence and is never automatically scored as zero.
kashmar-higher-ed:portalIdentity,kashmar-higher-ed,مرکز آموزش عالی کاشمر,جامع,68,portalIdentity,unresolved,unresolved,,no-public-evidence-resolved,2026-08-10,0,,,No sufficient public evidence was resolved in this snapshot; this is not proof of absence.,Unresolved is not absence and is never automatically scored as zero.
kashmar-higher-ed:organization,kashmar-higher-ed,مرکز آموزش عالی کاشمر,جامع,68,organization,unresolved,unresolved,,no-public-evidence-resolved,2026-08-10,0,,,No sufficient public evidence was resolved in this snapshot; this is not proof of absence.,Unresolved is not absence and is never automatically scored as zero.
kashmar-higher-ed:libraryDocuments,kashmar-higher-ed,مرکز آموزش عالی کاشمر,جامع,68,libraryDocuments,unresolved,unresolved,,no-public-evidence-resolved,2026-08-10,0,,,No sufficient public evidence was resolved in this snapshot; this is not proof of absence.,Unresolved is not absence and is never automatically scored as zero.
kashmar-higher-ed:laboratories,kashmar-higher-ed,مرکز آموزش عالی کاشمر,جامع,68,laboratories,unresolved,unresolved,,no-public-evidence-resolved,2026-08-10,0,,,No sufficient public evidence was resolved in this snapshot; this is not proof of absence.,Unresolved is not absence and is never automatically scored as zero.
kashmar-higher-ed:industryTechnology,kashmar-higher-ed,مرکز آموزش عالی کاشمر,جامع,68,industryTechnology,unresolved,unresolved,,no-public-evidence-resolved,2026-08-10,0,,,No sufficient public evidence was resolved in this snapshot; this is not proof of absence.,Unresolved is not absence and is never automatically scored as zero.
kashmar-higher-ed:informationTechnology,kashmar-higher-ed,مرکز آموزش عالی کاشمر,جامع,68,informationTechnology,unresolved,unresolved,,no-public-evidence-resolved,2026-08-10,0,,,No sufficient public evidence was resolved in this snapshot; this is not proof of absence.,Unresolved is not absence and is never automatically scored as zero.
kashmar-higher-ed:systemsServices,kashmar-higher-ed,مرکز آموزش عالی کاشمر,جامع,68,systemsServices,unresolved,unresolved,,no-public-evidence-resolved,2026-08-10,0,,,No sufficient public evidence was resolved in this snapshot; this is not proof of absence.,Unresolved is not absence and is never automatically scored as zero.
kashmar-higher-ed:documentsRegulations,kashmar-higher-ed,مرکز آموزش عالی کاشمر,جامع,68,documentsRegulations,unresolved,unresolved,,no-public-evidence-resolved,2026-08-10,0,,,No sufficient public evidence was resolved in this snapshot; this is not proof of absence.,Unresolved is not absence and is never automatically scored as zero.
seyed-jamaleddin-asadabadi:portalIdentity,seyed-jamaleddin-asadabadi,دانشگاه سید جمال الدین اسدآبادی,جامع,68,portalIdentity,unresolved,unresolved,,no-public-evidence-resolved,2026-08-10,0,,,No sufficient public evidence was resolved in this snapshot; this is not proof of absence.,Unresolved is not absence and is never automatically scored as zero.
seyed-jamaleddin-asadabadi:organization,seyed-jamaleddin-asadabadi,دانشگاه سید جمال الدین اسدآبادی,جامع,68,organization,unresolved,unresolved,,no-public-evidence-resolved,2026-08-10,0,,,No sufficient public evidence was resolved in this snapshot; this is not proof of absence.,Unresolved is not absence and is never automatically scored as zero.
seyed-jamaleddin-asadabadi:libraryDocuments,seyed-jamaleddin-asadabadi,دانشگاه سید جمال الدین اسدآبادی,جامع,68,libraryDocuments,unresolved,unresolved,,no-public-evidence-resolved,2026-08-10,0,,,No sufficient public evidence was resolved in this snapshot; this is not proof of absence.,Unresolved is not absence and is never automatically scored as zero.
seyed-jamaleddin-asadabadi:laboratories,seyed-jamaleddin-asadabadi,دانشگاه سید جمال الدین اسدآبادی,جامع,68,laboratories,unresolved,unresolved,,no-public-evidence-resolved,2026-08-10,0,,,No sufficient public evidence was resolved in this snapshot; this is not proof of absence.,Unresolved is not absence and is never automatically scored as zero.
seyed-jamaleddin-asadabadi:industryTechnology,seyed-jamaleddin-asadabadi,دانشگاه سید جمال الدین اسدآبادی,جامع,68,industryTechnology,unresolved,unresolved,,no-public-evidence-resolved,2026-08-10,0,,,No sufficient public evidence was resolved in this snapshot; this is not proof of absence.,Unresolved is not absence and is never automatically scored as zero.
seyed-jamaleddin-asadabadi:informationTechnology,seyed-jamaleddin-asadabadi,دانشگاه سید جمال الدین اسدآبادی,جامع,68,informationTechnology,unresolved,unresolved,,no-public-evidence-resolved,2026-08-10,0,,,No sufficient public evidence was resolved in this snapshot; this is not proof of absence.,Unresolved is not absence and is never automatically scored as zero.
seyed-jamaleddin-asadabadi:systemsServices,seyed-jamaleddin-asadabadi,دانشگاه سید جمال الدین اسدآبادی,جامع,68,systemsServices,unresolved,unresolved,,no-public-evidence-resolved,2026-08-10,0,,,No sufficient public evidence was resolved in this snapshot; this is not proof of absence.,Unresolved is not absence and is never automatically scored as zero.
seyed-jamaleddin-asadabadi:documentsRegulations,seyed-jamaleddin-asadabadi,دانشگاه سید جمال الدین اسدآبادی,جامع,68,documentsRegulations,unresolved,unresolved,,no-public-evidence-resolved,2026-08-10,0,,,No sufficient public evidence was resolved in this snapshot; this is not proof of absence.,Unresolved is not absence and is never automatically scored as zero.
iust:portalIdentity,iust,دانشگاه علم و صنعت ایران,صنعتی,1,portalIdentity,verified,verified,,evidence-confirmed,2026-08-10,1,portal-identity,https://research.iust.ac.ir/,Dimension-specific evidence is registered on an official public surface.,Unresolved is not absence and is never automatically scored as zero.
iust:organization,iust,دانشگاه علم و صنعت ایران,صنعتی,1,organization,verified,verified,,evidence-confirmed,2026-08-10,1,unit,https://research.iust.ac.ir/,Dimension-specific evidence is registered on an official public surface.,Unresolved is not absence and is never automatically scored as zero.
iust:libraryDocuments,iust,دانشگاه علم و صنعت ایران,صنعتی,1,libraryDocuments,observed-reference,observed-reference,,reference-only,2026-08-10,1,unit,https://research.iust.ac.ir/,"An official public reference was observed, but direct dimension attribution was not established.",Unresolved is not absence and is never automatically scored as zero.
iust:laboratories,iust,دانشگاه علم و صنعت ایران,صنعتی,1,laboratories,verified,verified,,evidence-confirmed,2026-08-10,1,unit,https://research.iust.ac.ir/,Dimension-specific evidence is registered on an official public surface.,Unresolved is not absence and is never automatically scored as zero.
iust:industryTechnology,iust,دانشگاه علم و صنعت ایران,صنعتی,1,industryTechnology,verified,verified,,evidence-confirmed,2026-08-10,1,unit,https://research.iust.ac.ir/,Dimension-specific evidence is registered on an official public surface.,Unresolved is not absence and is never automatically scored as zero.
iust:informationTechnology,iust,دانشگاه علم و صنعت ایران,صنعتی,1,informationTechnology,unresolved,unresolved,,no-public-evidence-resolved,2026-08-10,0,,,No sufficient public evidence was resolved in this snapshot; this is not proof of absence.,Unresolved is not absence and is never automatically scored as zero.
iust:systemsServices,iust,دانشگاه علم و صنعت ایران,صنعتی,1,systemsServices,verified,verified,,evidence-confirmed,2026-08-10,1,system,https://research.iust.ac.ir/,Dimension-specific evidence is registered on an official public surface.,Unresolved is not absence and is never automatically scored as zero.
iust:documentsRegulations,iust,دانشگاه علم و صنعت ایران,صنعتی,1,documentsRegulations,unresolved,unresolved,,no-public-evidence-resolved,2026-08-10,0,,,No sufficient public evidence was resolved in this snapshot; this is not proof of absence.,Unresolved is not absence and is never automatically scored as zero.
sharif:portalIdentity,sharif,دانشگاه صنعتی شریف,صنعتی,2,portalIdentity,unresolved,unresolved,,no-public-evidence-resolved,2026-08-10,1,portal-identity,https://research.sharif.ir/,No sufficient public evidence was resolved in this snapshot; this is not proof of absence.,Unresolved is not absence and is never automatically scored as zero.
sharif:organization,sharif,دانشگاه صنعتی شریف,صنعتی,2,organization,unresolved,unresolved,,no-public-evidence-resolved,2026-08-10,1,unit,https://research.sharif.ir/,No sufficient public evidence was resolved in this snapshot; this is not proof of absence.,Unresolved is not absence and is never automatically scored as zero.
sharif:libraryDocuments,sharif,دانشگاه صنعتی شریف,صنعتی,2,libraryDocuments,unresolved,unresolved,,no-public-evidence-resolved,2026-08-10,1,unit,https://research.sharif.ir/,No sufficient public evidence was resolved in this snapshot; this is not proof of absence.,Unresolved is not absence and is never automatically scored as zero.
sharif:laboratories,sharif,دانشگاه صنعتی شریف,صنعتی,2,laboratories,unresolved,unresolved,,no-public-evidence-resolved,2026-08-10,1,unit,https://research.sharif.ir/,No sufficient public evidence was resolved in this snapshot; this is not proof of absence.,Unresolved is not absence and is never automatically scored as zero.
sharif:industryTechnology,sharif,دانشگاه صنعتی شریف,صنعتی,2,industryTechnology,unresolved,unresolved,,no-public-evidence-resolved,2026-08-10,1,unit,https://research.sharif.ir/,No sufficient public evidence was resolved in this snapshot; this is not proof of absence.,Unresolved is not absence and is never automatically scored as zero.
sharif:informationTechnology,sharif,دانشگاه صنعتی شریف,صنعتی,2,informationTechnology,unresolved,unresolved,,no-public-evidence-resolved,2026-08-10,0,,,No sufficient public evidence was resolved in this snapshot; this is not proof of absence.,Unresolved is not absence and is never automatically scored as zero.
sharif:systemsServices,sharif,دانشگاه صنعتی شریف,صنعتی,2,systemsServices,unresolved,unresolved,,no-public-evidence-resolved,2026-08-10,1,system,https://research.sharif.ir/,No sufficient public evidence was resolved in this snapshot; this is not proof of absence.,Unresolved is not absence and is never automatically scored as zero.
sharif:documentsRegulations,sharif,دانشگاه صنعتی شریف,صنعتی,2,documentsRegulations,unresolved,unresolved,,no-public-evidence-resolved,2026-08-10,1,document,https://research.sharif.ir/,No sufficient public evidence was resolved in this snapshot; this is not proof of absence.,Unresolved is not absence and is never automatically scored as zero.
amirkabir:portalIdentity,amirkabir,دانشگاه صنعتی امیرکبیر,صنعتی,3,portalIdentity,verified,verified,,evidence-confirmed,2026-08-10,1,portal-identity,https://research.aut.ac.ir/,Dimension-specific evidence is registered on an official public surface.,Unresolved is not absence and is never automatically scored as zero.
amirkabir:organization,amirkabir,دانشگاه صنعتی امیرکبیر,صنعتی,3,organization,verified,verified,,evidence-confirmed,2026-08-10,1,unit,https://research.aut.ac.ir/,Dimension-specific evidence is registered on an official public surface.,Unresolved is not absence and is never automatically scored as zero.
amirkabir:libraryDocuments,amirkabir,دانشگاه صنعتی امیرکبیر,صنعتی,3,libraryDocuments,verified,verified,,evidence-confirmed,2026-08-10,1,unit,https://research.aut.ac.ir/,Dimension-specific evidence is registered on an official public surface.,Unresolved is not absence and is never automatically scored as zero.
amirkabir:laboratories,amirkabir,دانشگاه صنعتی امیرکبیر,صنعتی,3,laboratories,verified,verified,,evidence-confirmed,2026-08-10,1,unit,https://research.aut.ac.ir/,Dimension-specific evidence is registered on an official public surface.,Unresolved is not absence and is never automatically scored as zero.
amirkabir:industryTechnology,amirkabir,دانشگاه صنعتی امیرکبیر,صنعتی,3,industryTechnology,verified,verified,,evidence-confirmed,2026-08-10,1,unit,https://research.aut.ac.ir/,Dimension-specific evidence is registered on an official public surface.,Unresolved is not absence and is never automatically scored as zero.
amirkabir:informationTechnology,amirkabir,دانشگاه صنعتی امیرکبیر,صنعتی,3,informationTechnology,unresolved,unresolved,,no-public-evidence-resolved,2026-08-10,0,,,No sufficient public evidence was resolved in this snapshot; this is not proof of absence.,Unresolved is not absence and is never automatically scored as zero.
amirkabir:systemsServices,amirkabir,دانشگاه صنعتی امیرکبیر,صنعتی,3,systemsServices,verified,verified,,evidence-confirmed,2026-08-10,1,system,https://research.aut.ac.ir/,Dimension-specific evidence is registered on an official public surface.,Unresolved is not absence and is never automatically scored as zero.
amirkabir:documentsRegulations,amirkabir,دانشگاه صنعتی امیرکبیر,صنعتی,3,documentsRegulations,unresolved,unresolved,,no-public-evidence-resolved,2026-08-10,0,,,No sufficient public evidence was resolved in this snapshot; this is not proof of absence.,Unresolved is not absence and is never automatically scored as zero.
kntu:portalIdentity,kntu,دانشگاه صنعتی خواجه نصیرالدین طوسی,صنعتی,4,portalIdentity,verified,verified,,evidence-confirmed,2026-08-10,1,portal-identity,https://research.kntu.ac.ir/,Dimension-specific evidence is registered on an official public surface.,Unresolved is not absence and is never automatically scored as zero.
kntu:organization,kntu,دانشگاه صنعتی خواجه نصیرالدین طوسی,صنعتی,4,organization,verified,verified,,evidence-confirmed,2026-08-10,1,unit,https://research.kntu.ac.ir/,Dimension-specific evidence is registered on an official public surface.,Unresolved is not absence and is never automatically scored as zero.
kntu:libraryDocuments,kntu,دانشگاه صنعتی خواجه نصیرالدین طوسی,صنعتی,4,libraryDocuments,verified,verified,,evidence-confirmed,2026-08-10,1,unit,https://research.kntu.ac.ir/,Dimension-specific evidence is registered on an official public surface.,Unresolved is not absence and is never automatically scored as zero.
kntu:laboratories,kntu,دانشگاه صنعتی خواجه نصیرالدین طوسی,صنعتی,4,laboratories,verified,verified,,evidence-confirmed,2026-08-10,1,unit,https://research.kntu.ac.ir/,Dimension-specific evidence is registered on an official public surface.,Unresolved is not absence and is never automatically scored as zero.
kntu:industryTechnology,kntu,دانشگاه صنعتی خواجه نصیرالدین طوسی,صنعتی,4,industryTechnology,verified,verified,,evidence-confirmed,2026-08-10,1,unit,https://research.kntu.ac.ir/,Dimension-specific evidence is registered on an official public surface.,Unresolved is not absence and is never automatically scored as zero.
kntu:informationTechnology,kntu,دانشگاه صنعتی خواجه نصیرالدین طوسی,صنعتی,4,informationTechnology,unresolved,unresolved,,no-public-evidence-resolved,2026-08-10,0,,,No sufficient public evidence was resolved in this snapshot; this is not proof of absence.,Unresolved is not absence and is never automatically scored as zero.
kntu:systemsServices,kntu,دانشگاه صنعتی خواجه نصیرالدین طوسی,صنعتی,4,systemsServices,verified,verified,,evidence-confirmed,2026-08-10,1,system,https://research.kntu.ac.ir/,Dimension-specific evidence is registered on an official public surface.,Unresolved is not absence and is never automatically scored as zero.
kntu:documentsRegulations,kntu,دانشگاه صنعتی خواجه نصیرالدین طوسی,صنعتی,4,documentsRegulations,unresolved,unresolved,,no-public-evidence-resolved,2026-08-10,0,,,No sufficient public evidence was resolved in this snapshot; this is not proof of absence.,Unresolved is not absence and is never automatically scored as zero.
isfahan-technology:portalIdentity,isfahan-technology,دانشگاه صنعتی اصفهان,صنعتی,5,portalIdentity,verified,verified,,evidence-confirmed,2026-08-10,1,portal-identity,https://research.iut.ac.ir/,Dimension-specific evidence is registered on an official public surface.,Unresolved is not absence and is never automatically scored as zero.
isfahan-technology:organization,isfahan-technology,دانشگاه صنعتی اصفهان,صنعتی,5,organization,verified,verified,,evidence-confirmed,2026-08-10,1,unit,https://research.iut.ac.ir/,Dimension-specific evidence is registered on an official public surface.,Unresolved is not absence and is never automatically scored as zero.
isfahan-technology:libraryDocuments,isfahan-technology,دانشگاه صنعتی اصفهان,صنعتی,5,libraryDocuments,verified,verified,,evidence-confirmed,2026-08-10,1,unit,https://research.iut.ac.ir/,Dimension-specific evidence is registered on an official public surface.,Unresolved is not absence and is never automatically scored as zero.
isfahan-technology:laboratories,isfahan-technology,دانشگاه صنعتی اصفهان,صنعتی,5,laboratories,verified,verified,,evidence-confirmed,2026-08-10,1,unit,https://research.iut.ac.ir/,Dimension-specific evidence is registered on an official public surface.,Unresolved is not absence and is never automatically scored as zero.
isfahan-technology:industryTechnology,isfahan-technology,دانشگاه صنعتی اصفهان,صنعتی,5,industryTechnology,verified,verified,,evidence-confirmed,2026-08-10,1,unit,https://research.iut.ac.ir/,Dimension-specific evidence is registered on an official public surface.,Unresolved is not absence and is never automatically scored as zero.
isfahan-technology:informationTechnology,isfahan-technology,دانشگاه صنعتی اصفهان,صنعتی,5,informationTechnology,observed-reference,verified,Downgraded until a source proving organizational IT dependency is registered.,reference-only,2026-08-10,1,unit,https://research.iut.ac.ir/,Downgraded until a source proving organizational IT dependency is registered.,Unresolved is not absence and is never automatically scored as zero.
isfahan-technology:systemsServices,isfahan-technology,دانشگاه صنعتی اصفهان,صنعتی,5,systemsServices,verified,verified,,evidence-confirmed,2026-08-10,1,system,https://research.iut.ac.ir/,Dimension-specific evidence is registered on an official public surface.,Unresolved is not absence and is never automatically scored as zero.
isfahan-technology:documentsRegulations,isfahan-technology,دانشگاه صنعتی اصفهان,صنعتی,5,documentsRegulations,verified,verified,,evidence-confirmed,2026-08-10,1,document,https://research.iut.ac.ir/,Dimension-specific evidence is registered on an official public surface.,Unresolved is not absence and is never automatically scored as zero.
shahrood-technology:portalIdentity,shahrood-technology,دانشگاه صنعتی شاهرود,صنعتی,6,portalIdentity,observed-reference,observed-reference,,reference-only,2026-08-10,3,portal-identity | portal-identity | portal-identity,https://t.me/s/shahroudUNI | https://t.me/s/Research_SUT | https://shahroodut.ac.ir/,"An official public reference was observed, but direct dimension attribution was not established.",Unresolved is not absence and is never automatically scored as zero.
shahrood-technology:organization,shahrood-technology,دانشگاه صنعتی شاهرود,صنعتی,6,organization,observed-reference,observed-reference,,reference-only,2026-08-10,0,,,"An official public reference was observed, but direct dimension attribution was not established.",Unresolved is not absence and is never automatically scored as zero.
shahrood-technology:libraryDocuments,shahrood-technology,دانشگاه صنعتی شاهرود,صنعتی,6,libraryDocuments,unresolved,unresolved,,no-public-evidence-resolved,2026-08-10,0,,,No sufficient public evidence was resolved in this snapshot; this is not proof of absence.,Unresolved is not absence and is never automatically scored as zero.
shahrood-technology:laboratories,shahrood-technology,دانشگاه صنعتی شاهرود,صنعتی,6,laboratories,unresolved,unresolved,,no-public-evidence-resolved,2026-08-10,0,,,No sufficient public evidence was resolved in this snapshot; this is not proof of absence.,Unresolved is not absence and is never automatically scored as zero.
shahrood-technology:industryTechnology,shahrood-technology,دانشگاه صنعتی شاهرود,صنعتی,6,industryTechnology,unresolved,unresolved,,no-public-evidence-resolved,2026-08-10,0,,,No sufficient public evidence was resolved in this snapshot; this is not proof of absence.,Unresolved is not absence and is never automatically scored as zero.
shahrood-technology:informationTechnology,shahrood-technology,دانشگاه صنعتی شاهرود,صنعتی,6,informationTechnology,unresolved,unresolved,,no-public-evidence-resolved,2026-08-10,0,,,No sufficient public evidence was resolved in this snapshot; this is not proof of absence.,Unresolved is not absence and is never automatically scored as zero.
shahrood-technology:systemsServices,shahrood-technology,دانشگاه صنعتی شاهرود,صنعتی,6,systemsServices,observed-reference,observed-reference,,reference-only,2026-08-10,0,,,"An official public reference was observed, but direct dimension attribution was not established.",Unresolved is not absence and is never automatically scored as zero.
shahrood-technology:documentsRegulations,shahrood-technology,دانشگاه صنعتی شاهرود,صنعتی,6,documentsRegulations,unresolved,unresolved,,no-public-evidence-resolved,2026-08-10,0,,,No sufficient public evidence was resolved in this snapshot; this is not proof of absence.,Unresolved is not absence and is never automatically scored as zero.
babol-noshirvani:portalIdentity,babol-noshirvani,دانشگاه صنعتی نوشیروانی بابل,صنعتی,7,portalIdentity,unresolved,unresolved,,no-public-evidence-resolved,2026-08-10,1,portal-identity,https://t.me/s/profnoshiravani,No sufficient public evidence was resolved in this snapshot; this is not proof of absence.,Unresolved is not absence and is never automatically scored as zero.
babol-noshirvani:organization,babol-noshirvani,دانشگاه صنعتی نوشیروانی بابل,صنعتی,7,organization,unresolved,unresolved,,no-public-evidence-resolved,2026-08-10,0,,,No sufficient public evidence was resolved in this snapshot; this is not proof of absence.,Unresolved is not absence and is never automatically scored as zero.
babol-noshirvani:libraryDocuments,babol-noshirvani,دانشگاه صنعتی نوشیروانی بابل,صنعتی,7,libraryDocuments,unresolved,unresolved,,no-public-evidence-resolved,2026-08-10,0,,,No sufficient public evidence was resolved in this snapshot; this is not proof of absence.,Unresolved is not absence and is never automatically scored as zero.
babol-noshirvani:laboratories,babol-noshirvani,دانشگاه صنعتی نوشیروانی بابل,صنعتی,7,laboratories,unresolved,unresolved,,no-public-evidence-resolved,2026-08-10,0,,,No sufficient public evidence was resolved in this snapshot; this is not proof of absence.,Unresolved is not absence and is never automatically scored as zero.
babol-noshirvani:industryTechnology,babol-noshirvani,دانشگاه صنعتی نوشیروانی بابل,صنعتی,7,industryTechnology,unresolved,unresolved,,no-public-evidence-resolved,2026-08-10,0,,,No sufficient public evidence was resolved in this snapshot; this is not proof of absence.,Unresolved is not absence and is never automatically scored as zero.
babol-noshirvani:informationTechnology,babol-noshirvani,دانشگاه صنعتی نوشیروانی بابل,صنعتی,7,informationTechnology,unresolved,unresolved,,no-public-evidence-resolved,2026-08-10,0,,,No sufficient public evidence was resolved in this snapshot; this is not proof of absence.,Unresolved is not absence and is never automatically scored as zero.
babol-noshirvani:systemsServices,babol-noshirvani,دانشگاه صنعتی نوشیروانی بابل,صنعتی,7,systemsServices,unresolved,unresolved,,no-public-evidence-resolved,2026-08-10,0,,,No sufficient public evidence was resolved in this snapshot; this is not proof of absence.,Unresolved is not absence and is never automatically scored as zero.
babol-noshirvani:documentsRegulations,babol-noshirvani,دانشگاه صنعتی نوشیروانی بابل,صنعتی,7,documentsRegulations,unresolved,unresolved,,no-public-evidence-resolved,2026-08-10,0,,,No sufficient public evidence was resolved in this snapshot; this is not proof of absence.,Unresolved is not absence and is never automatically scored as zero.
sahand:portalIdentity,sahand,دانشگاه صنعتی سهند,صنعتی,8,portalIdentity,observed-reference,observed-reference,,reference-only,2026-08-10,1,portal-identity,http://sut.ac.ir/main/ShowArticle.aspx?artid=2039,"An official public reference was observed, but direct dimension attribution was not established.",Unresolved is not absence and is never automatically scored as zero.
sahand:organization,sahand,دانشگاه صنعتی سهند,صنعتی,8,organization,observed-reference,observed-reference,,reference-only,2026-08-10,0,,,"An official public reference was observed, but direct dimension attribution was not established.",Unresolved is not absence and is never automatically scored as zero.
sahand:libraryDocuments,sahand,دانشگاه صنعتی سهند,صنعتی,8,libraryDocuments,unresolved,unresolved,,no-public-evidence-resolved,2026-08-10,0,,,No sufficient public evidence was resolved in this snapshot; this is not proof of absence.,Unresolved is not absence and is never automatically scored as zero.
sahand:laboratories,sahand,دانشگاه صنعتی سهند,صنعتی,8,laboratories,unresolved,unresolved,,no-public-evidence-resolved,2026-08-10,0,,,No sufficient public evidence was resolved in this snapshot; this is not proof of absence.,Unresolved is not absence and is never automatically scored as zero.
sahand:industryTechnology,sahand,دانشگاه صنعتی سهند,صنعتی,8,industryTechnology,unresolved,unresolved,,no-public-evidence-resolved,2026-08-10,0,,,No sufficient public evidence was resolved in this snapshot; this is not proof of absence.,Unresolved is not absence and is never automatically scored as zero.
sahand:informationTechnology,sahand,دانشگاه صنعتی سهند,صنعتی,8,informationTechnology,unresolved,unresolved,,no-public-evidence-resolved,2026-08-10,0,,,No sufficient public evidence was resolved in this snapshot; this is not proof of absence.,Unresolved is not absence and is never automatically scored as zero.
sahand:systemsServices,sahand,دانشگاه صنعتی سهند,صنعتی,8,systemsServices,observed-reference,observed-reference,,reference-only,2026-08-10,0,,,"An official public reference was observed, but direct dimension attribution was not established.",Unresolved is not absence and is never automatically scored as zero.
sahand:documentsRegulations,sahand,دانشگاه صنعتی سهند,صنعتی,8,documentsRegulations,observed-reference,observed-reference,,reference-only,2026-08-10,0,,,"An official public reference was observed, but direct dimension attribution was not established.",Unresolved is not absence and is never automatically scored as zero.
shiraz-technology:portalIdentity,shiraz-technology,دانشگاه صنعتی شیراز,صنعتی,9,portalIdentity,observed-reference,observed-reference,,reference-only,2026-08-10,1,portal-identity,https://sutech.ac.ir/,"An official public reference was observed, but direct dimension attribution was not established.",Unresolved is not absence and is never automatically scored as zero.
shiraz-technology:organization,shiraz-technology,دانشگاه صنعتی شیراز,صنعتی,9,organization,observed-reference,observed-reference,,reference-only,2026-08-10,0,,,"An official public reference was observed, but direct dimension attribution was not established.",Unresolved is not absence and is never automatically scored as zero.
shiraz-technology:libraryDocuments,shiraz-technology,دانشگاه صنعتی شیراز,صنعتی,9,libraryDocuments,unresolved,unresolved,,no-public-evidence-resolved,2026-08-10,0,,,No sufficient public evidence was resolved in this snapshot; this is not proof of absence.,Unresolved is not absence and is never automatically scored as zero.
shiraz-technology:laboratories,shiraz-technology,دانشگاه صنعتی شیراز,صنعتی,9,laboratories,unresolved,unresolved,,no-public-evidence-resolved,2026-08-10,0,,,No sufficient public evidence was resolved in this snapshot; this is not proof of absence.,Unresolved is not absence and is never automatically scored as zero.
shiraz-technology:industryTechnology,shiraz-technology,دانشگاه صنعتی شیراز,صنعتی,9,industryTechnology,unresolved,unresolved,,no-public-evidence-resolved,2026-08-10,0,,,No sufficient public evidence was resolved in this snapshot; this is not proof of absence.,Unresolved is not absence and is never automatically scored as zero.
shiraz-technology:informationTechnology,shiraz-technology,دانشگاه صنعتی شیراز,صنعتی,9,informationTechnology,unresolved,unresolved,,no-public-evidence-resolved,2026-08-10,0,,,No sufficient public evidence was resolved in this snapshot; this is not proof of absence.,Unresolved is not absence and is never automatically scored as zero.
shiraz-technology:systemsServices,shiraz-technology,دانشگاه صنعتی شیراز,صنعتی,9,systemsServices,unresolved,unresolved,,no-public-evidence-resolved,2026-08-10,0,,,No sufficient public evidence was resolved in this snapshot; this is not proof of absence.,Unresolved is not absence and is never automatically scored as zero.
shiraz-technology:documentsRegulations,shiraz-technology,دانشگاه صنعتی شیراز,صنعتی,9,documentsRegulations,unresolved,unresolved,,no-public-evidence-resolved,2026-08-10,0,,,No sufficient public evidence was resolved in this snapshot; this is not proof of absence.,Unresolved is not absence and is never automatically scored as zero.
kgut:portalIdentity,kgut,دانشگاه تحصیلات تکمیلی صنعتی و فناوری پیشرفته کرمان,صنعتی,10,portalIdentity,unresolved,unresolved,,no-public-evidence-resolved,2026-08-10,0,,,No sufficient public evidence was resolved in this snapshot; this is not proof of absence.,Unresolved is not absence and is never automatically scored as zero.
kgut:organization,kgut,دانشگاه تحصیلات تکمیلی صنعتی و فناوری پیشرفته کرمان,صنعتی,10,organization,unresolved,unresolved,,no-public-evidence-resolved,2026-08-10,0,,,No sufficient public evidence was resolved in this snapshot; this is not proof of absence.,Unresolved is not absence and is never automatically scored as zero.
kgut:libraryDocuments,kgut,دانشگاه تحصیلات تکمیلی صنعتی و فناوری پیشرفته کرمان,صنعتی,10,libraryDocuments,unresolved,unresolved,,no-public-evidence-resolved,2026-08-10,0,,,No sufficient public evidence was resolved in this snapshot; this is not proof of absence.,Unresolved is not absence and is never automatically scored as zero.
kgut:laboratories,kgut,دانشگاه تحصیلات تکمیلی صنعتی و فناوری پیشرفته کرمان,صنعتی,10,laboratories,unresolved,unresolved,,no-public-evidence-resolved,2026-08-10,0,,,No sufficient public evidence was resolved in this snapshot; this is not proof of absence.,Unresolved is not absence and is never automatically scored as zero.
kgut:industryTechnology,kgut,دانشگاه تحصیلات تکمیلی صنعتی و فناوری پیشرفته کرمان,صنعتی,10,industryTechnology,unresolved,unresolved,,no-public-evidence-resolved,2026-08-10,0,,,No sufficient public evidence was resolved in this snapshot; this is not proof of absence.,Unresolved is not absence and is never automatically scored as zero.
kgut:informationTechnology,kgut,دانشگاه تحصیلات تکمیلی صنعتی و فناوری پیشرفته کرمان,صنعتی,10,informationTechnology,unresolved,unresolved,,no-public-evidence-resolved,2026-08-10,0,,,No sufficient public evidence was resolved in this snapshot; this is not proof of absence.,Unresolved is not absence and is never automatically scored as zero.
kgut:systemsServices,kgut,دانشگاه تحصیلات تکمیلی صنعتی و فناوری پیشرفته کرمان,صنعتی,10,systemsServices,unresolved,unresolved,,no-public-evidence-resolved,2026-08-10,0,,,No sufficient public evidence was resolved in this snapshot; this is not proof of absence.,Unresolved is not absence and is never automatically scored as zero.
kgut:documentsRegulations,kgut,دانشگاه تحصیلات تکمیلی صنعتی و فناوری پیشرفته کرمان,صنعتی,10,documentsRegulations,unresolved,unresolved,,no-public-evidence-resolved,2026-08-10,0,,,No sufficient public evidence was resolved in this snapshot; this is not proof of absence.,Unresolved is not absence and is never automatically scored as zero.
urmia-technology:portalIdentity,urmia-technology,دانشگاه صنعتی ارومیه,صنعتی,11,portalIdentity,unresolved,unresolved,,no-public-evidence-resolved,2026-08-10,0,,,No sufficient public evidence was resolved in this snapshot; this is not proof of absence.,Unresolved is not absence and is never automatically scored as zero.
urmia-technology:organization,urmia-technology,دانشگاه صنعتی ارومیه,صنعتی,11,organization,unresolved,unresolved,,no-public-evidence-resolved,2026-08-10,0,,,No sufficient public evidence was resolved in this snapshot; this is not proof of absence.,Unresolved is not absence and is never automatically scored as zero.
urmia-technology:libraryDocuments,urmia-technology,دانشگاه صنعتی ارومیه,صنعتی,11,libraryDocuments,unresolved,unresolved,,no-public-evidence-resolved,2026-08-10,0,,,No sufficient public evidence was resolved in this snapshot; this is not proof of absence.,Unresolved is not absence and is never automatically scored as zero.
urmia-technology:laboratories,urmia-technology,دانشگاه صنعتی ارومیه,صنعتی,11,laboratories,unresolved,unresolved,,no-public-evidence-resolved,2026-08-10,0,,,No sufficient public evidence was resolved in this snapshot; this is not proof of absence.,Unresolved is not absence and is never automatically scored as zero.
urmia-technology:industryTechnology,urmia-technology,دانشگاه صنعتی ارومیه,صنعتی,11,industryTechnology,unresolved,unresolved,,no-public-evidence-resolved,2026-08-10,0,,,No sufficient public evidence was resolved in this snapshot; this is not proof of absence.,Unresolved is not absence and is never automatically scored as zero.
urmia-technology:informationTechnology,urmia-technology,دانشگاه صنعتی ارومیه,صنعتی,11,informationTechnology,unresolved,unresolved,,no-public-evidence-resolved,2026-08-10,0,,,No sufficient public evidence was resolved in this snapshot; this is not proof of absence.,Unresolved is not absence and is never automatically scored as zero.
urmia-technology:systemsServices,urmia-technology,دانشگاه صنعتی ارومیه,صنعتی,11,systemsServices,unresolved,unresolved,,no-public-evidence-resolved,2026-08-10,0,,,No sufficient public evidence was resolved in this snapshot; this is not proof of absence.,Unresolved is not absence and is never automatically scored as zero.
urmia-technology:documentsRegulations,urmia-technology,دانشگاه صنعتی ارومیه,صنعتی,11,documentsRegulations,unresolved,unresolved,,no-public-evidence-resolved,2026-08-10,0,,,No sufficient public evidence was resolved in this snapshot; this is not proof of absence.,Unresolved is not absence and is never automatically scored as zero.
qochan-technology:portalIdentity,qochan-technology,دانشگاه صنعتی قوچان,صنعتی,12,portalIdentity,unresolved,unresolved,,no-public-evidence-resolved,2026-08-10,0,,,No sufficient public evidence was resolved in this snapshot; this is not proof of absence.,Unresolved is not absence and is never automatically scored as zero.
qochan-technology:organization,qochan-technology,دانشگاه صنعتی قوچان,صنعتی,12,organization,unresolved,unresolved,,no-public-evidence-resolved,2026-08-10,0,,,No sufficient public evidence was resolved in this snapshot; this is not proof of absence.,Unresolved is not absence and is never automatically scored as zero.
qochan-technology:libraryDocuments,qochan-technology,دانشگاه صنعتی قوچان,صنعتی,12,libraryDocuments,unresolved,unresolved,,no-public-evidence-resolved,2026-08-10,0,,,No sufficient public evidence was resolved in this snapshot; this is not proof of absence.,Unresolved is not absence and is never automatically scored as zero.
qochan-technology:laboratories,qochan-technology,دانشگاه صنعتی قوچان,صنعتی,12,laboratories,unresolved,unresolved,,no-public-evidence-resolved,2026-08-10,0,,,No sufficient public evidence was resolved in this snapshot; this is not proof of absence.,Unresolved is not absence and is never automatically scored as zero.
qochan-technology:industryTechnology,qochan-technology,دانشگاه صنعتی قوچان,صنعتی,12,industryTechnology,unresolved,unresolved,,no-public-evidence-resolved,2026-08-10,0,,,No sufficient public evidence was resolved in this snapshot; this is not proof of absence.,Unresolved is not absence and is never automatically scored as zero.
qochan-technology:informationTechnology,qochan-technology,دانشگاه صنعتی قوچان,صنعتی,12,informationTechnology,unresolved,unresolved,,no-public-evidence-resolved,2026-08-10,0,,,No sufficient public evidence was resolved in this snapshot; this is not proof of absence.,Unresolved is not absence and is never automatically scored as zero.
qochan-technology:systemsServices,qochan-technology,دانشگاه صنعتی قوچان,صنعتی,12,systemsServices,unresolved,unresolved,,no-public-evidence-resolved,2026-08-10,0,,,No sufficient public evidence was resolved in this snapshot; this is not proof of absence.,Unresolved is not absence and is never automatically scored as zero.
qochan-technology:documentsRegulations,qochan-technology,دانشگاه صنعتی قوچان,صنعتی,12,documentsRegulations,unresolved,unresolved,,no-public-evidence-resolved,2026-08-10,0,,,No sufficient public evidence was resolved in this snapshot; this is not proof of absence.,Unresolved is not absence and is never automatically scored as zero.
arak-technology:portalIdentity,arak-technology,دانشگاه صنعتی اراک,صنعتی,13,portalIdentity,unresolved,unresolved,,no-public-evidence-resolved,2026-08-10,1,portal-identity,https://t.me/s/ArakutOfficial,No sufficient public evidence was resolved in this snapshot; this is not proof of absence.,Unresolved is not absence and is never automatically scored as zero.
arak-technology:organization,arak-technology,دانشگاه صنعتی اراک,صنعتی,13,organization,unresolved,unresolved,,no-public-evidence-resolved,2026-08-10,0,,,No sufficient public evidence was resolved in this snapshot; this is not proof of absence.,Unresolved is not absence and is never automatically scored as zero.
arak-technology:libraryDocuments,arak-technology,دانشگاه صنعتی اراک,صنعتی,13,libraryDocuments,unresolved,unresolved,,no-public-evidence-resolved,2026-08-10,0,,,No sufficient public evidence was resolved in this snapshot; this is not proof of absence.,Unresolved is not absence and is never automatically scored as zero.
arak-technology:laboratories,arak-technology,دانشگاه صنعتی اراک,صنعتی,13,laboratories,unresolved,unresolved,,no-public-evidence-resolved,2026-08-10,0,,,No sufficient public evidence was resolved in this snapshot; this is not proof of absence.,Unresolved is not absence and is never automatically scored as zero.
arak-technology:industryTechnology,arak-technology,دانشگاه صنعتی اراک,صنعتی,13,industryTechnology,unresolved,unresolved,,no-public-evidence-resolved,2026-08-10,0,,,No sufficient public evidence was resolved in this snapshot; this is not proof of absence.,Unresolved is not absence and is never automatically scored as zero.
arak-technology:informationTechnology,arak-technology,دانشگاه صنعتی اراک,صنعتی,13,informationTechnology,unresolved,unresolved,,no-public-evidence-resolved,2026-08-10,0,,,No sufficient public evidence was resolved in this snapshot; this is not proof of absence.,Unresolved is not absence and is never automatically scored as zero.
arak-technology:systemsServices,arak-technology,دانشگاه صنعتی اراک,صنعتی,13,systemsServices,unresolved,unresolved,,no-public-evidence-resolved,2026-08-10,0,,,No sufficient public evidence was resolved in this snapshot; this is not proof of absence.,Unresolved is not absence and is never automatically scored as zero.
arak-technology:documentsRegulations,arak-technology,دانشگاه صنعتی اراک,صنعتی,13,documentsRegulations,unresolved,unresolved,,no-public-evidence-resolved,2026-08-10,0,,,No sufficient public evidence was resolved in this snapshot; this is not proof of absence.,Unresolved is not absence and is never automatically scored as zero.
kermanshah-technology:portalIdentity,kermanshah-technology,دانشگاه صنعتی کرمانشاه,صنعتی,14,portalIdentity,unresolved,unresolved,,no-public-evidence-resolved,2026-08-10,0,,,No sufficient public evidence was resolved in this snapshot; this is not proof of absence.,Unresolved is not absence and is never automatically scored as zero.
kermanshah-technology:organization,kermanshah-technology,دانشگاه صنعتی کرمانشاه,صنعتی,14,organization,unresolved,unresolved,,no-public-evidence-resolved,2026-08-10,0,,,No sufficient public evidence was resolved in this snapshot; this is not proof of absence.,Unresolved is not absence and is never automatically scored as zero.
kermanshah-technology:libraryDocuments,kermanshah-technology,دانشگاه صنعتی کرمانشاه,صنعتی,14,libraryDocuments,unresolved,unresolved,,no-public-evidence-resolved,2026-08-10,0,,,No sufficient public evidence was resolved in this snapshot; this is not proof of absence.,Unresolved is not absence and is never automatically scored as zero.
kermanshah-technology:laboratories,kermanshah-technology,دانشگاه صنعتی کرمانشاه,صنعتی,14,laboratories,unresolved,unresolved,,no-public-evidence-resolved,2026-08-10,0,,,No sufficient public evidence was resolved in this snapshot; this is not proof of absence.,Unresolved is not absence and is never automatically scored as zero.
kermanshah-technology:industryTechnology,kermanshah-technology,دانشگاه صنعتی کرمانشاه,صنعتی,14,industryTechnology,unresolved,unresolved,,no-public-evidence-resolved,2026-08-10,0,,,No sufficient public evidence was resolved in this snapshot; this is not proof of absence.,Unresolved is not absence and is never automatically scored as zero.
kermanshah-technology:informationTechnology,kermanshah-technology,دانشگاه صنعتی کرمانشاه,صنعتی,14,informationTechnology,unresolved,unresolved,,no-public-evidence-resolved,2026-08-10,0,,,No sufficient public evidence was resolved in this snapshot; this is not proof of absence.,Unresolved is not absence and is never automatically scored as zero.
kermanshah-technology:systemsServices,kermanshah-technology,دانشگاه صنعتی کرمانشاه,صنعتی,14,systemsServices,unresolved,unresolved,,no-public-evidence-resolved,2026-08-10,0,,,No sufficient public evidence was resolved in this snapshot; this is not proof of absence.,Unresolved is not absence and is never automatically scored as zero.
kermanshah-technology:documentsRegulations,kermanshah-technology,دانشگاه صنعتی کرمانشاه,صنعتی,14,documentsRegulations,unresolved,unresolved,,no-public-evidence-resolved,2026-08-10,0,,,No sufficient public evidence was resolved in this snapshot; this is not proof of absence.,Unresolved is not absence and is never automatically scored as zero.
qom-technology:portalIdentity,qom-technology,دانشگاه صنعتی قم,صنعتی,15,portalIdentity,verified,verified,,evidence-confirmed,2026-08-10,1,portal-identity,https://qut.ac.ir/fa/researches/index,Dimension-specific evidence is registered on an official public surface.,Unresolved is not absence and is never automatically scored as zero.
qom-technology:organization,qom-technology,دانشگاه صنعتی قم,صنعتی,15,organization,verified,verified,,evidence-confirmed,2026-08-10,1,unit,https://qut.ac.ir/fa/researches/index,Dimension-specific evidence is registered on an official public surface.,Unresolved is not absence and is never automatically scored as zero.
qom-technology:libraryDocuments,qom-technology,دانشگاه صنعتی قم,صنعتی,15,libraryDocuments,verified,verified,,evidence-confirmed,2026-08-10,1,unit,https://qut.ac.ir/fa/researches/index,Dimension-specific evidence is registered on an official public surface.,Unresolved is not absence and is never automatically scored as zero.
qom-technology:laboratories,qom-technology,دانشگاه صنعتی قم,صنعتی,15,laboratories,verified,verified,,evidence-confirmed,2026-08-10,1,unit,https://qut.ac.ir/fa/researches/index,Dimension-specific evidence is registered on an official public surface.,Unresolved is not absence and is never automatically scored as zero.
qom-technology:industryTechnology,qom-technology,دانشگاه صنعتی قم,صنعتی,15,industryTechnology,verified,verified,,evidence-confirmed,2026-08-10,1,unit,https://qut.ac.ir/fa/researches/index,Dimension-specific evidence is registered on an official public surface.,Unresolved is not absence and is never automatically scored as zero.
qom-technology:informationTechnology,qom-technology,دانشگاه صنعتی قم,صنعتی,15,informationTechnology,unresolved,unresolved,,no-public-evidence-resolved,2026-08-10,0,,,No sufficient public evidence was resolved in this snapshot; this is not proof of absence.,Unresolved is not absence and is never automatically scored as zero.
qom-technology:systemsServices,qom-technology,دانشگاه صنعتی قم,صنعتی,15,systemsServices,verified,verified,,evidence-confirmed,2026-08-10,1,system,https://qut.ac.ir/fa/researches/index,Dimension-specific evidence is registered on an official public surface.,Unresolved is not absence and is never automatically scored as zero.
qom-technology:documentsRegulations,qom-technology,دانشگاه صنعتی قم,صنعتی,15,documentsRegulations,verified,verified,,evidence-confirmed,2026-08-10,1,document,https://qut.ac.ir/fa/researches/index,Dimension-specific evidence is registered on an official public surface.,Unresolved is not absence and is never automatically scored as zero.
jundi-shapur-dezful:portalIdentity,jundi-shapur-dezful,دانشگاه صنعتی جندی شاپور دزفول,صنعتی,16,portalIdentity,unresolved,unresolved,,no-public-evidence-resolved,2026-08-10,1,portal-identity,https://t.me/s/jsu_ir,No sufficient public evidence was resolved in this snapshot; this is not proof of absence.,Unresolved is not absence and is never automatically scored as zero.
jundi-shapur-dezful:organization,jundi-shapur-dezful,دانشگاه صنعتی جندی شاپور دزفول,صنعتی,16,organization,unresolved,unresolved,,no-public-evidence-resolved,2026-08-10,0,,,No sufficient public evidence was resolved in this snapshot; this is not proof of absence.,Unresolved is not absence and is never automatically scored as zero.
jundi-shapur-dezful:libraryDocuments,jundi-shapur-dezful,دانشگاه صنعتی جندی شاپور دزفول,صنعتی,16,libraryDocuments,unresolved,unresolved,,no-public-evidence-resolved,2026-08-10,0,,,No sufficient public evidence was resolved in this snapshot; this is not proof of absence.,Unresolved is not absence and is never automatically scored as zero.
jundi-shapur-dezful:laboratories,jundi-shapur-dezful,دانشگاه صنعتی جندی شاپور دزفول,صنعتی,16,laboratories,unresolved,unresolved,,no-public-evidence-resolved,2026-08-10,0,,,No sufficient public evidence was resolved in this snapshot; this is not proof of absence.,Unresolved is not absence and is never automatically scored as zero.
jundi-shapur-dezful:industryTechnology,jundi-shapur-dezful,دانشگاه صنعتی جندی شاپور دزفول,صنعتی,16,industryTechnology,unresolved,unresolved,,no-public-evidence-resolved,2026-08-10,0,,,No sufficient public evidence was resolved in this snapshot; this is not proof of absence.,Unresolved is not absence and is never automatically scored as zero.
jundi-shapur-dezful:informationTechnology,jundi-shapur-dezful,دانشگاه صنعتی جندی شاپور دزفول,صنعتی,16,informationTechnology,unresolved,unresolved,,no-public-evidence-resolved,2026-08-10,0,,,No sufficient public evidence was resolved in this snapshot; this is not proof of absence.,Unresolved is not absence and is never automatically scored as zero.
jundi-shapur-dezful:systemsServices,jundi-shapur-dezful,دانشگاه صنعتی جندی شاپور دزفول,صنعتی,16,systemsServices,unresolved,unresolved,,no-public-evidence-resolved,2026-08-10,0,,,No sufficient public evidence was resolved in this snapshot; this is not proof of absence.,Unresolved is not absence and is never automatically scored as zero.
jundi-shapur-dezful:documentsRegulations,jundi-shapur-dezful,دانشگاه صنعتی جندی شاپور دزفول,صنعتی,16,documentsRegulations,unresolved,unresolved,,no-public-evidence-resolved,2026-08-10,0,,,No sufficient public evidence was resolved in this snapshot; this is not proof of absence.,Unresolved is not absence and is never automatically scored as zero.
hamedan-technology:portalIdentity,hamedan-technology,دانشگاه صنعتی همدان,صنعتی,17,portalIdentity,unresolved,unresolved,,no-public-evidence-resolved,2026-08-10,0,,,No sufficient public evidence was resolved in this snapshot; this is not proof of absence.,Unresolved is not absence and is never automatically scored as zero.
hamedan-technology:organization,hamedan-technology,دانشگاه صنعتی همدان,صنعتی,17,organization,unresolved,unresolved,,no-public-evidence-resolved,2026-08-10,0,,,No sufficient public evidence was resolved in this snapshot; this is not proof of absence.,Unresolved is not absence and is never automatically scored as zero.
hamedan-technology:libraryDocuments,hamedan-technology,دانشگاه صنعتی همدان,صنعتی,17,libraryDocuments,unresolved,unresolved,,no-public-evidence-resolved,2026-08-10,0,,,No sufficient public evidence was resolved in this snapshot; this is not proof of absence.,Unresolved is not absence and is never automatically scored as zero.
hamedan-technology:laboratories,hamedan-technology,دانشگاه صنعتی همدان,صنعتی,17,laboratories,unresolved,unresolved,,no-public-evidence-resolved,2026-08-10,0,,,No sufficient public evidence was resolved in this snapshot; this is not proof of absence.,Unresolved is not absence and is never automatically scored as zero.
hamedan-technology:industryTechnology,hamedan-technology,دانشگاه صنعتی همدان,صنعتی,17,industryTechnology,unresolved,unresolved,,no-public-evidence-resolved,2026-08-10,0,,,No sufficient public evidence was resolved in this snapshot; this is not proof of absence.,Unresolved is not absence and is never automatically scored as zero.
hamedan-technology:informationTechnology,hamedan-technology,دانشگاه صنعتی همدان,صنعتی,17,informationTechnology,unresolved,unresolved,,no-public-evidence-resolved,2026-08-10,0,,,No sufficient public evidence was resolved in this snapshot; this is not proof of absence.,Unresolved is not absence and is never automatically scored as zero.
hamedan-technology:systemsServices,hamedan-technology,دانشگاه صنعتی همدان,صنعتی,17,systemsServices,unresolved,unresolved,,no-public-evidence-resolved,2026-08-10,0,,,No sufficient public evidence was resolved in this snapshot; this is not proof of absence.,Unresolved is not absence and is never automatically scored as zero.
hamedan-technology:documentsRegulations,hamedan-technology,دانشگاه صنعتی همدان,صنعتی,17,documentsRegulations,unresolved,unresolved,,no-public-evidence-resolved,2026-08-10,0,,,No sufficient public evidence was resolved in this snapshot; this is not proof of absence.,Unresolved is not absence and is never automatically scored as zero.
khatam-behbahan:portalIdentity,khatam-behbahan,دانشگاه صنعتی خاتم الانبیاء بهبهان,صنعتی,17,portalIdentity,unresolved,restricted,Downgraded because no official attempted URL was registered for the restricted-access claim.,no-public-evidence-resolved,2026-08-10,0,,,No sufficient public evidence was resolved in this snapshot; this is not proof of absence.,Unresolved is not absence and is never automatically scored as zero.
khatam-behbahan:organization,khatam-behbahan,دانشگاه صنعتی خاتم الانبیاء بهبهان,صنعتی,17,organization,unresolved,restricted,Downgraded because no official attempted URL was registered for the restricted-access claim.,no-public-evidence-resolved,2026-08-10,0,,,No sufficient public evidence was resolved in this snapshot; this is not proof of absence.,Unresolved is not absence and is never automatically scored as zero.
khatam-behbahan:libraryDocuments,khatam-behbahan,دانشگاه صنعتی خاتم الانبیاء بهبهان,صنعتی,17,libraryDocuments,unresolved,restricted,Downgraded because no official attempted URL was registered for the restricted-access claim.,no-public-evidence-resolved,2026-08-10,0,,,No sufficient public evidence was resolved in this snapshot; this is not proof of absence.,Unresolved is not absence and is never automatically scored as zero.
khatam-behbahan:laboratories,khatam-behbahan,دانشگاه صنعتی خاتم الانبیاء بهبهان,صنعتی,17,laboratories,unresolved,restricted,Downgraded because no official attempted URL was registered for the restricted-access claim.,no-public-evidence-resolved,2026-08-10,0,,,No sufficient public evidence was resolved in this snapshot; this is not proof of absence.,Unresolved is not absence and is never automatically scored as zero.
khatam-behbahan:industryTechnology,khatam-behbahan,دانشگاه صنعتی خاتم الانبیاء بهبهان,صنعتی,17,industryTechnology,unresolved,restricted,Downgraded because no official attempted URL was registered for the restricted-access claim.,no-public-evidence-resolved,2026-08-10,0,,,No sufficient public evidence was resolved in this snapshot; this is not proof of absence.,Unresolved is not absence and is never automatically scored as zero.
khatam-behbahan:informationTechnology,khatam-behbahan,دانشگاه صنعتی خاتم الانبیاء بهبهان,صنعتی,17,informationTechnology,unresolved,restricted,Downgraded because no official attempted URL was registered for the restricted-access claim.,no-public-evidence-resolved,2026-08-10,0,,,No sufficient public evidence was resolved in this snapshot; this is not proof of absence.,Unresolved is not absence and is never automatically scored as zero.
khatam-behbahan:systemsServices,khatam-behbahan,دانشگاه صنعتی خاتم الانبیاء بهبهان,صنعتی,17,systemsServices,unresolved,restricted,Downgraded because no official attempted URL was registered for the restricted-access claim.,no-public-evidence-resolved,2026-08-10,0,,,No sufficient public evidence was resolved in this snapshot; this is not proof of absence.,Unresolved is not absence and is never automatically scored as zero.
khatam-behbahan:documentsRegulations,khatam-behbahan,دانشگاه صنعتی خاتم الانبیاء بهبهان,صنعتی,17,documentsRegulations,unresolved,restricted,Downgraded because no official attempted URL was registered for the restricted-access claim.,no-public-evidence-resolved,2026-08-10,0,,,No sufficient public evidence was resolved in this snapshot; this is not proof of absence.,Unresolved is not absence and is never automatically scored as zero.
sirjan-technology:portalIdentity,sirjan-technology,دانشگاه صنعتی سیرجان,صنعتی,19,portalIdentity,unresolved,unresolved,,no-public-evidence-resolved,2026-08-10,0,,,No sufficient public evidence was resolved in this snapshot; this is not proof of absence.,Unresolved is not absence and is never automatically scored as zero.
sirjan-technology:organization,sirjan-technology,دانشگاه صنعتی سیرجان,صنعتی,19,organization,unresolved,unresolved,,no-public-evidence-resolved,2026-08-10,0,,,No sufficient public evidence was resolved in this snapshot; this is not proof of absence.,Unresolved is not absence and is never automatically scored as zero.
sirjan-technology:libraryDocuments,sirjan-technology,دانشگاه صنعتی سیرجان,صنعتی,19,libraryDocuments,unresolved,unresolved,,no-public-evidence-resolved,2026-08-10,0,,,No sufficient public evidence was resolved in this snapshot; this is not proof of absence.,Unresolved is not absence and is never automatically scored as zero.
sirjan-technology:laboratories,sirjan-technology,دانشگاه صنعتی سیرجان,صنعتی,19,laboratories,unresolved,unresolved,,no-public-evidence-resolved,2026-08-10,0,,,No sufficient public evidence was resolved in this snapshot; this is not proof of absence.,Unresolved is not absence and is never automatically scored as zero.
sirjan-technology:industryTechnology,sirjan-technology,دانشگاه صنعتی سیرجان,صنعتی,19,industryTechnology,unresolved,unresolved,,no-public-evidence-resolved,2026-08-10,0,,,No sufficient public evidence was resolved in this snapshot; this is not proof of absence.,Unresolved is not absence and is never automatically scored as zero.
sirjan-technology:informationTechnology,sirjan-technology,دانشگاه صنعتی سیرجان,صنعتی,19,informationTechnology,unresolved,unresolved,,no-public-evidence-resolved,2026-08-10,0,,,No sufficient public evidence was resolved in this snapshot; this is not proof of absence.,Unresolved is not absence and is never automatically scored as zero.
sirjan-technology:systemsServices,sirjan-technology,دانشگاه صنعتی سیرجان,صنعتی,19,systemsServices,unresolved,unresolved,,no-public-evidence-resolved,2026-08-10,0,,,No sufficient public evidence was resolved in this snapshot; this is not proof of absence.,Unresolved is not absence and is never automatically scored as zero.
sirjan-technology:documentsRegulations,sirjan-technology,دانشگاه صنعتی سیرجان,صنعتی,19,documentsRegulations,unresolved,unresolved,,no-public-evidence-resolved,2026-08-10,0,,,No sufficient public evidence was resolved in this snapshot; this is not proof of absence.,Unresolved is not absence and is never automatically scored as zero.
mazandaran-science-tech:portalIdentity,mazandaran-science-tech,دانشگاه علم و فناوری مازندران (بهشهر),صنعتی,20,portalIdentity,unresolved,unresolved,,no-public-evidence-resolved,2026-08-10,0,,,No sufficient public evidence was resolved in this snapshot; this is not proof of absence.,Unresolved is not absence and is never automatically scored as zero.
mazandaran-science-tech:organization,mazandaran-science-tech,دانشگاه علم و فناوری مازندران (بهشهر),صنعتی,20,organization,unresolved,unresolved,,no-public-evidence-resolved,2026-08-10,0,,,No sufficient public evidence was resolved in this snapshot; this is not proof of absence.,Unresolved is not absence and is never automatically scored as zero.
mazandaran-science-tech:libraryDocuments,mazandaran-science-tech,دانشگاه علم و فناوری مازندران (بهشهر),صنعتی,20,libraryDocuments,unresolved,unresolved,,no-public-evidence-resolved,2026-08-10,0,,,No sufficient public evidence was resolved in this snapshot; this is not proof of absence.,Unresolved is not absence and is never automatically scored as zero.
mazandaran-science-tech:laboratories,mazandaran-science-tech,دانشگاه علم و فناوری مازندران (بهشهر),صنعتی,20,laboratories,unresolved,unresolved,,no-public-evidence-resolved,2026-08-10,0,,,No sufficient public evidence was resolved in this snapshot; this is not proof of absence.,Unresolved is not absence and is never automatically scored as zero.
mazandaran-science-tech:industryTechnology,mazandaran-science-tech,دانشگاه علم و فناوری مازندران (بهشهر),صنعتی,20,industryTechnology,unresolved,unresolved,,no-public-evidence-resolved,2026-08-10,0,,,No sufficient public evidence was resolved in this snapshot; this is not proof of absence.,Unresolved is not absence and is never automatically scored as zero.
mazandaran-science-tech:informationTechnology,mazandaran-science-tech,دانشگاه علم و فناوری مازندران (بهشهر),صنعتی,20,informationTechnology,unresolved,unresolved,,no-public-evidence-resolved,2026-08-10,0,,,No sufficient public evidence was resolved in this snapshot; this is not proof of absence.,Unresolved is not absence and is never automatically scored as zero.
mazandaran-science-tech:systemsServices,mazandaran-science-tech,دانشگاه علم و فناوری مازندران (بهشهر),صنعتی,20,systemsServices,unresolved,unresolved,,no-public-evidence-resolved,2026-08-10,0,,,No sufficient public evidence was resolved in this snapshot; this is not proof of absence.,Unresolved is not absence and is never automatically scored as zero.
mazandaran-science-tech:documentsRegulations,mazandaran-science-tech,دانشگاه علم و فناوری مازندران (بهشهر),صنعتی,20,documentsRegulations,unresolved,unresolved,,no-public-evidence-resolved,2026-08-10,0,,,No sufficient public evidence was resolved in this snapshot; this is not proof of absence.,Unresolved is not absence and is never automatically scored as zero.
esfarayen-higher-ed:portalIdentity,esfarayen-higher-ed,مجتمع آموزش عالی فنی و مهندسی اسفراین,صنعتی,21,portalIdentity,unresolved,unresolved,,no-public-evidence-resolved,2026-08-10,0,,,No sufficient public evidence was resolved in this snapshot; this is not proof of absence.,Unresolved is not absence and is never automatically scored as zero.
esfarayen-higher-ed:organization,esfarayen-higher-ed,مجتمع آموزش عالی فنی و مهندسی اسفراین,صنعتی,21,organization,unresolved,unresolved,,no-public-evidence-resolved,2026-08-10,0,,,No sufficient public evidence was resolved in this snapshot; this is not proof of absence.,Unresolved is not absence and is never automatically scored as zero.
esfarayen-higher-ed:libraryDocuments,esfarayen-higher-ed,مجتمع آموزش عالی فنی و مهندسی اسفراین,صنعتی,21,libraryDocuments,unresolved,unresolved,,no-public-evidence-resolved,2026-08-10,0,,,No sufficient public evidence was resolved in this snapshot; this is not proof of absence.,Unresolved is not absence and is never automatically scored as zero.
esfarayen-higher-ed:laboratories,esfarayen-higher-ed,مجتمع آموزش عالی فنی و مهندسی اسفراین,صنعتی,21,laboratories,unresolved,unresolved,,no-public-evidence-resolved,2026-08-10,0,,,No sufficient public evidence was resolved in this snapshot; this is not proof of absence.,Unresolved is not absence and is never automatically scored as zero.
esfarayen-higher-ed:industryTechnology,esfarayen-higher-ed,مجتمع آموزش عالی فنی و مهندسی اسفراین,صنعتی,21,industryTechnology,unresolved,unresolved,,no-public-evidence-resolved,2026-08-10,0,,,No sufficient public evidence was resolved in this snapshot; this is not proof of absence.,Unresolved is not absence and is never automatically scored as zero.
esfarayen-higher-ed:informationTechnology,esfarayen-higher-ed,مجتمع آموزش عالی فنی و مهندسی اسفراین,صنعتی,21,informationTechnology,unresolved,unresolved,,no-public-evidence-resolved,2026-08-10,0,,,No sufficient public evidence was resolved in this snapshot; this is not proof of absence.,Unresolved is not absence and is never automatically scored as zero.
esfarayen-higher-ed:systemsServices,esfarayen-higher-ed,مجتمع آموزش عالی فنی و مهندسی اسفراین,صنعتی,21,systemsServices,unresolved,unresolved,,no-public-evidence-resolved,2026-08-10,0,,,No sufficient public evidence was resolved in this snapshot; this is not proof of absence.,Unresolved is not absence and is never automatically scored as zero.
esfarayen-higher-ed:documentsRegulations,esfarayen-higher-ed,مجتمع آموزش عالی فنی و مهندسی اسفراین,صنعتی,21,documentsRegulations,unresolved,unresolved,,no-public-evidence-resolved,2026-08-10,0,,,No sufficient public evidence was resolved in this snapshot; this is not proof of absence.,Unresolved is not absence and is never automatically scored as zero.
birjand-technology:portalIdentity,birjand-technology,دانشگاه صنعتی بیرجند,صنعتی,22,portalIdentity,observed-reference,observed-reference,,reference-only,2026-08-10,2,portal-identity | portal-identity,https://birjandut.ac.ir/fa/news/1858 | https://birjandut.ac.ir/fa/news/1859,"An official public reference was observed, but direct dimension attribution was not established.",Unresolved is not absence and is never automatically scored as zero.
birjand-technology:organization,birjand-technology,دانشگاه صنعتی بیرجند,صنعتی,22,organization,observed-reference,observed-reference,,reference-only,2026-08-10,0,,,"An official public reference was observed, but direct dimension attribution was not established.",Unresolved is not absence and is never automatically scored as zero.
birjand-technology:libraryDocuments,birjand-technology,دانشگاه صنعتی بیرجند,صنعتی,22,libraryDocuments,unresolved,unresolved,,no-public-evidence-resolved,2026-08-10,0,,,No sufficient public evidence was resolved in this snapshot; this is not proof of absence.,Unresolved is not absence and is never automatically scored as zero.
birjand-technology:laboratories,birjand-technology,دانشگاه صنعتی بیرجند,صنعتی,22,laboratories,unresolved,unresolved,,no-public-evidence-resolved,2026-08-10,0,,,No sufficient public evidence was resolved in this snapshot; this is not proof of absence.,Unresolved is not absence and is never automatically scored as zero.
birjand-technology:industryTechnology,birjand-technology,دانشگاه صنعتی بیرجند,صنعتی,22,industryTechnology,observed-reference,observed-reference,,reference-only,2026-08-10,0,,,"An official public reference was observed, but direct dimension attribution was not established.",Unresolved is not absence and is never automatically scored as zero.
birjand-technology:informationTechnology,birjand-technology,دانشگاه صنعتی بیرجند,صنعتی,22,informationTechnology,unresolved,unresolved,,no-public-evidence-resolved,2026-08-10,0,,,No sufficient public evidence was resolved in this snapshot; this is not proof of absence.,Unresolved is not absence and is never automatically scored as zero.
birjand-technology:systemsServices,birjand-technology,دانشگاه صنعتی بیرجند,صنعتی,22,systemsServices,unresolved,unresolved,,no-public-evidence-resolved,2026-08-10,0,,,No sufficient public evidence was resolved in this snapshot; this is not proof of absence.,Unresolved is not absence and is never automatically scored as zero.
birjand-technology:documentsRegulations,birjand-technology,دانشگاه صنعتی بیرجند,صنعتی,22,documentsRegulations,unresolved,unresolved,,no-public-evidence-resolved,2026-08-10,0,,,No sufficient public evidence was resolved in this snapshot; this is not proof of absence.,Unresolved is not absence and is never automatically scored as zero.
buin-zahra-higher-ed:portalIdentity,buin-zahra-higher-ed,مرکز آموزش عالی فنی و مهندسی بوئین زهرا,صنعتی,23,portalIdentity,unresolved,unresolved,,no-public-evidence-resolved,2026-08-10,0,,,No sufficient public evidence was resolved in this snapshot; this is not proof of absence.,Unresolved is not absence and is never automatically scored as zero.
buin-zahra-higher-ed:organization,buin-zahra-higher-ed,مرکز آموزش عالی فنی و مهندسی بوئین زهرا,صنعتی,23,organization,unresolved,unresolved,,no-public-evidence-resolved,2026-08-10,0,,,No sufficient public evidence was resolved in this snapshot; this is not proof of absence.,Unresolved is not absence and is never automatically scored as zero.
buin-zahra-higher-ed:libraryDocuments,buin-zahra-higher-ed,مرکز آموزش عالی فنی و مهندسی بوئین زهرا,صنعتی,23,libraryDocuments,unresolved,unresolved,,no-public-evidence-resolved,2026-08-10,0,,,No sufficient public evidence was resolved in this snapshot; this is not proof of absence.,Unresolved is not absence and is never automatically scored as zero.
buin-zahra-higher-ed:laboratories,buin-zahra-higher-ed,مرکز آموزش عالی فنی و مهندسی بوئین زهرا,صنعتی,23,laboratories,unresolved,unresolved,,no-public-evidence-resolved,2026-08-10,0,,,No sufficient public evidence was resolved in this snapshot; this is not proof of absence.,Unresolved is not absence and is never automatically scored as zero.
buin-zahra-higher-ed:industryTechnology,buin-zahra-higher-ed,مرکز آموزش عالی فنی و مهندسی بوئین زهرا,صنعتی,23,industryTechnology,unresolved,unresolved,,no-public-evidence-resolved,2026-08-10,0,,,No sufficient public evidence was resolved in this snapshot; this is not proof of absence.,Unresolved is not absence and is never automatically scored as zero.
buin-zahra-higher-ed:informationTechnology,buin-zahra-higher-ed,مرکز آموزش عالی فنی و مهندسی بوئین زهرا,صنعتی,23,informationTechnology,unresolved,unresolved,,no-public-evidence-resolved,2026-08-10,0,,,No sufficient public evidence was resolved in this snapshot; this is not proof of absence.,Unresolved is not absence and is never automatically scored as zero.
buin-zahra-higher-ed:systemsServices,buin-zahra-higher-ed,مرکز آموزش عالی فنی و مهندسی بوئین زهرا,صنعتی,23,systemsServices,unresolved,unresolved,,no-public-evidence-resolved,2026-08-10,0,,,No sufficient public evidence was resolved in this snapshot; this is not proof of absence.,Unresolved is not absence and is never automatically scored as zero.
buin-zahra-higher-ed:documentsRegulations,buin-zahra-higher-ed,مرکز آموزش عالی فنی و مهندسی بوئین زهرا,صنعتی,23,documentsRegulations,unresolved,unresolved,,no-public-evidence-resolved,2026-08-10,0,,,No sufficient public evidence was resolved in this snapshot; this is not proof of absence.,Unresolved is not absence and is never automatically scored as zero.
mahallat-higher-ed:portalIdentity,mahallat-higher-ed,مرکز آموزش عالی محلات,صنعتی,24,portalIdentity,unresolved,unresolved,,no-public-evidence-resolved,2026-08-10,0,,,No sufficient public evidence was resolved in this snapshot; this is not proof of absence.,Unresolved is not absence and is never automatically scored as zero.
mahallat-higher-ed:organization,mahallat-higher-ed,مرکز آموزش عالی محلات,صنعتی,24,organization,unresolved,unresolved,,no-public-evidence-resolved,2026-08-10,0,,,No sufficient public evidence was resolved in this snapshot; this is not proof of absence.,Unresolved is not absence and is never automatically scored as zero.
mahallat-higher-ed:libraryDocuments,mahallat-higher-ed,مرکز آموزش عالی محلات,صنعتی,24,libraryDocuments,unresolved,unresolved,,no-public-evidence-resolved,2026-08-10,0,,,No sufficient public evidence was resolved in this snapshot; this is not proof of absence.,Unresolved is not absence and is never automatically scored as zero.
mahallat-higher-ed:laboratories,mahallat-higher-ed,مرکز آموزش عالی محلات,صنعتی,24,laboratories,unresolved,unresolved,,no-public-evidence-resolved,2026-08-10,0,,,No sufficient public evidence was resolved in this snapshot; this is not proof of absence.,Unresolved is not absence and is never automatically scored as zero.
mahallat-higher-ed:industryTechnology,mahallat-higher-ed,مرکز آموزش عالی محلات,صنعتی,24,industryTechnology,unresolved,unresolved,,no-public-evidence-resolved,2026-08-10,0,,,No sufficient public evidence was resolved in this snapshot; this is not proof of absence.,Unresolved is not absence and is never automatically scored as zero.
mahallat-higher-ed:informationTechnology,mahallat-higher-ed,مرکز آموزش عالی محلات,صنعتی,24,informationTechnology,unresolved,unresolved,,no-public-evidence-resolved,2026-08-10,0,,,No sufficient public evidence was resolved in this snapshot; this is not proof of absence.,Unresolved is not absence and is never automatically scored as zero.
mahallat-higher-ed:systemsServices,mahallat-higher-ed,مرکز آموزش عالی محلات,صنعتی,24,systemsServices,unresolved,unresolved,,no-public-evidence-resolved,2026-08-10,0,,,No sufficient public evidence was resolved in this snapshot; this is not proof of absence.,Unresolved is not absence and is never automatically scored as zero.
mahallat-higher-ed:documentsRegulations,mahallat-higher-ed,مرکز آموزش عالی محلات,صنعتی,24,documentsRegulations,unresolved,unresolved,,no-public-evidence-resolved,2026-08-10,0,,,No sufficient public evidence was resolved in this snapshot; this is not proof of absence.,Unresolved is not absence and is never automatically scored as zero.
gorgan-agri:portalIdentity,gorgan-agri,دانشگاه علوم کشاورزی و منابع طبیعی گرگان,علوم کشاورزی,1,portalIdentity,unresolved,unresolved,,no-public-evidence-resolved,2026-08-10,1,portal-identity,https://t.me/s/gorganuniversity_news?before=2268,No sufficient public evidence was resolved in this snapshot; this is not proof of absence.,Unresolved is not absence and is never automatically scored as zero.
gorgan-agri:organization,gorgan-agri,دانشگاه علوم کشاورزی و منابع طبیعی گرگان,علوم کشاورزی,1,organization,unresolved,unresolved,,no-public-evidence-resolved,2026-08-10,0,,,No sufficient public evidence was resolved in this snapshot; this is not proof of absence.,Unresolved is not absence and is never automatically scored as zero.
gorgan-agri:libraryDocuments,gorgan-agri,دانشگاه علوم کشاورزی و منابع طبیعی گرگان,علوم کشاورزی,1,libraryDocuments,unresolved,unresolved,,no-public-evidence-resolved,2026-08-10,0,,,No sufficient public evidence was resolved in this snapshot; this is not proof of absence.,Unresolved is not absence and is never automatically scored as zero.
gorgan-agri:laboratories,gorgan-agri,دانشگاه علوم کشاورزی و منابع طبیعی گرگان,علوم کشاورزی,1,laboratories,unresolved,unresolved,,no-public-evidence-resolved,2026-08-10,0,,,No sufficient public evidence was resolved in this snapshot; this is not proof of absence.,Unresolved is not absence and is never automatically scored as zero.
gorgan-agri:industryTechnology,gorgan-agri,دانشگاه علوم کشاورزی و منابع طبیعی گرگان,علوم کشاورزی,1,industryTechnology,unresolved,unresolved,,no-public-evidence-resolved,2026-08-10,0,,,No sufficient public evidence was resolved in this snapshot; this is not proof of absence.,Unresolved is not absence and is never automatically scored as zero.
gorgan-agri:informationTechnology,gorgan-agri,دانشگاه علوم کشاورزی و منابع طبیعی گرگان,علوم کشاورزی,1,informationTechnology,unresolved,unresolved,,no-public-evidence-resolved,2026-08-10,0,,,No sufficient public evidence was resolved in this snapshot; this is not proof of absence.,Unresolved is not absence and is never automatically scored as zero.
gorgan-agri:systemsServices,gorgan-agri,دانشگاه علوم کشاورزی و منابع طبیعی گرگان,علوم کشاورزی,1,systemsServices,unresolved,unresolved,,no-public-evidence-resolved,2026-08-10,0,,,No sufficient public evidence was resolved in this snapshot; this is not proof of absence.,Unresolved is not absence and is never automatically scored as zero.
gorgan-agri:documentsRegulations,gorgan-agri,دانشگاه علوم کشاورزی و منابع طبیعی گرگان,علوم کشاورزی,1,documentsRegulations,unresolved,unresolved,,no-public-evidence-resolved,2026-08-10,0,,,No sufficient public evidence was resolved in this snapshot; this is not proof of absence.,Unresolved is not absence and is never automatically scored as zero.
sari-agri:portalIdentity,sari-agri,دانشگاه علوم کشاورزی و منابع طبیعی ساری,علوم کشاورزی,2,portalIdentity,unresolved,unresolved,,no-public-evidence-resolved,2026-08-10,1,portal-identity,https://khabarfarsi.com/u/248561459,No sufficient public evidence was resolved in this snapshot; this is not proof of absence.,Unresolved is not absence and is never automatically scored as zero.
sari-agri:organization,sari-agri,دانشگاه علوم کشاورزی و منابع طبیعی ساری,علوم کشاورزی,2,organization,unresolved,unresolved,,no-public-evidence-resolved,2026-08-10,0,,,No sufficient public evidence was resolved in this snapshot; this is not proof of absence.,Unresolved is not absence and is never automatically scored as zero.
sari-agri:libraryDocuments,sari-agri,دانشگاه علوم کشاورزی و منابع طبیعی ساری,علوم کشاورزی,2,libraryDocuments,unresolved,unresolved,,no-public-evidence-resolved,2026-08-10,0,,,No sufficient public evidence was resolved in this snapshot; this is not proof of absence.,Unresolved is not absence and is never automatically scored as zero.
sari-agri:laboratories,sari-agri,دانشگاه علوم کشاورزی و منابع طبیعی ساری,علوم کشاورزی,2,laboratories,unresolved,unresolved,,no-public-evidence-resolved,2026-08-10,0,,,No sufficient public evidence was resolved in this snapshot; this is not proof of absence.,Unresolved is not absence and is never automatically scored as zero.
sari-agri:industryTechnology,sari-agri,دانشگاه علوم کشاورزی و منابع طبیعی ساری,علوم کشاورزی,2,industryTechnology,unresolved,unresolved,,no-public-evidence-resolved,2026-08-10,0,,,No sufficient public evidence was resolved in this snapshot; this is not proof of absence.,Unresolved is not absence and is never automatically scored as zero.
sari-agri:informationTechnology,sari-agri,دانشگاه علوم کشاورزی و منابع طبیعی ساری,علوم کشاورزی,2,informationTechnology,unresolved,unresolved,,no-public-evidence-resolved,2026-08-10,0,,,No sufficient public evidence was resolved in this snapshot; this is not proof of absence.,Unresolved is not absence and is never automatically scored as zero.
sari-agri:systemsServices,sari-agri,دانشگاه علوم کشاورزی و منابع طبیعی ساری,علوم کشاورزی,2,systemsServices,unresolved,unresolved,,no-public-evidence-resolved,2026-08-10,0,,,No sufficient public evidence was resolved in this snapshot; this is not proof of absence.,Unresolved is not absence and is never automatically scored as zero.
sari-agri:documentsRegulations,sari-agri,دانشگاه علوم کشاورزی و منابع طبیعی ساری,علوم کشاورزی,2,documentsRegulations,unresolved,unresolved,,no-public-evidence-resolved,2026-08-10,0,,,No sufficient public evidence was resolved in this snapshot; this is not proof of absence.,Unresolved is not absence and is never automatically scored as zero.
khuzestan-agri:portalIdentity,khuzestan-agri,دانشگاه علوم کشاورزی و منابع طبیعی خوزستان,علوم کشاورزی,3,portalIdentity,observed-reference,observed-reference,,reference-only,2026-08-10,1,portal-identity,https://jrpsm.asnrukh.ac.ir/,"An official public reference was observed, but direct dimension attribution was not established.",Unresolved is not absence and is never automatically scored as zero.
khuzestan-agri:organization,khuzestan-agri,دانشگاه علوم کشاورزی و منابع طبیعی خوزستان,علوم کشاورزی,3,organization,observed-reference,observed-reference,,reference-only,2026-08-10,0,,,"An official public reference was observed, but direct dimension attribution was not established.",Unresolved is not absence and is never automatically scored as zero.
khuzestan-agri:libraryDocuments,khuzestan-agri,دانشگاه علوم کشاورزی و منابع طبیعی خوزستان,علوم کشاورزی,3,libraryDocuments,unresolved,unresolved,,no-public-evidence-resolved,2026-08-10,0,,,No sufficient public evidence was resolved in this snapshot; this is not proof of absence.,Unresolved is not absence and is never automatically scored as zero.
khuzestan-agri:laboratories,khuzestan-agri,دانشگاه علوم کشاورزی و منابع طبیعی خوزستان,علوم کشاورزی,3,laboratories,unresolved,unresolved,,no-public-evidence-resolved,2026-08-10,0,,,No sufficient public evidence was resolved in this snapshot; this is not proof of absence.,Unresolved is not absence and is never automatically scored as zero.
khuzestan-agri:industryTechnology,khuzestan-agri,دانشگاه علوم کشاورزی و منابع طبیعی خوزستان,علوم کشاورزی,3,industryTechnology,unresolved,unresolved,,no-public-evidence-resolved,2026-08-10,0,,,No sufficient public evidence was resolved in this snapshot; this is not proof of absence.,Unresolved is not absence and is never automatically scored as zero.
khuzestan-agri:informationTechnology,khuzestan-agri,دانشگاه علوم کشاورزی و منابع طبیعی خوزستان,علوم کشاورزی,3,informationTechnology,unresolved,unresolved,,no-public-evidence-resolved,2026-08-10,0,,,No sufficient public evidence was resolved in this snapshot; this is not proof of absence.,Unresolved is not absence and is never automatically scored as zero.
khuzestan-agri:systemsServices,khuzestan-agri,دانشگاه علوم کشاورزی و منابع طبیعی خوزستان,علوم کشاورزی,3,systemsServices,observed-reference,observed-reference,,reference-only,2026-08-10,0,,,"An official public reference was observed, but direct dimension attribution was not established.",Unresolved is not absence and is never automatically scored as zero.
khuzestan-agri:documentsRegulations,khuzestan-agri,دانشگاه علوم کشاورزی و منابع طبیعی خوزستان,علوم کشاورزی,3,documentsRegulations,unresolved,unresolved,,no-public-evidence-resolved,2026-08-10,0,,,No sufficient public evidence was resolved in this snapshot; this is not proof of absence.,Unresolved is not absence and is never automatically scored as zero.
torbat-jam-agri:portalIdentity,torbat-jam-agri,دانشکده کشاورزی و دامپروری تربت جام,علوم کشاورزی,4,portalIdentity,unresolved,unresolved,,no-public-evidence-resolved,2026-08-10,0,,,No sufficient public evidence was resolved in this snapshot; this is not proof of absence.,Unresolved is not absence and is never automatically scored as zero.
torbat-jam-agri:organization,torbat-jam-agri,دانشکده کشاورزی و دامپروری تربت جام,علوم کشاورزی,4,organization,unresolved,unresolved,,no-public-evidence-resolved,2026-08-10,0,,,No sufficient public evidence was resolved in this snapshot; this is not proof of absence.,Unresolved is not absence and is never automatically scored as zero.
torbat-jam-agri:libraryDocuments,torbat-jam-agri,دانشکده کشاورزی و دامپروری تربت جام,علوم کشاورزی,4,libraryDocuments,unresolved,unresolved,,no-public-evidence-resolved,2026-08-10,0,,,No sufficient public evidence was resolved in this snapshot; this is not proof of absence.,Unresolved is not absence and is never automatically scored as zero.
torbat-jam-agri:laboratories,torbat-jam-agri,دانشکده کشاورزی و دامپروری تربت جام,علوم کشاورزی,4,laboratories,unresolved,unresolved,,no-public-evidence-resolved,2026-08-10,0,,,No sufficient public evidence was resolved in this snapshot; this is not proof of absence.,Unresolved is not absence and is never automatically scored as zero.
torbat-jam-agri:industryTechnology,torbat-jam-agri,دانشکده کشاورزی و دامپروری تربت جام,علوم کشاورزی,4,industryTechnology,unresolved,unresolved,,no-public-evidence-resolved,2026-08-10,0,,,No sufficient public evidence was resolved in this snapshot; this is not proof of absence.,Unresolved is not absence and is never automatically scored as zero.
torbat-jam-agri:informationTechnology,torbat-jam-agri,دانشکده کشاورزی و دامپروری تربت جام,علوم کشاورزی,4,informationTechnology,unresolved,unresolved,,no-public-evidence-resolved,2026-08-10,0,,,No sufficient public evidence was resolved in this snapshot; this is not proof of absence.,Unresolved is not absence and is never automatically scored as zero.
torbat-jam-agri:systemsServices,torbat-jam-agri,دانشکده کشاورزی و دامپروری تربت جام,علوم کشاورزی,4,systemsServices,unresolved,unresolved,,no-public-evidence-resolved,2026-08-10,0,,,No sufficient public evidence was resolved in this snapshot; this is not proof of absence.,Unresolved is not absence and is never automatically scored as zero.
torbat-jam-agri:documentsRegulations,torbat-jam-agri,دانشکده کشاورزی و دامپروری تربت جام,علوم کشاورزی,4,documentsRegulations,unresolved,unresolved,,no-public-evidence-resolved,2026-08-10,0,,,No sufficient public evidence was resolved in this snapshot; this is not proof of absence.,Unresolved is not absence and is never automatically scored as zero.
iran-art:portalIdentity,iran-art,دانشگاه هنر ایران,هنر,1,portalIdentity,verified,verified,,evidence-confirmed,2026-08-10,1,portal-identity,https://research.art.ac.ir/fa,Dimension-specific evidence is registered on an official public surface.,Unresolved is not absence and is never automatically scored as zero.
iran-art:organization,iran-art,دانشگاه هنر ایران,هنر,1,organization,verified,verified,,evidence-confirmed,2026-08-10,1,unit,https://research.art.ac.ir/fa,Dimension-specific evidence is registered on an official public surface.,Unresolved is not absence and is never automatically scored as zero.
iran-art:libraryDocuments,iran-art,دانشگاه هنر ایران,هنر,1,libraryDocuments,verified,verified,,evidence-confirmed,2026-08-10,1,unit,https://research.art.ac.ir/fa,Dimension-specific evidence is registered on an official public surface.,Unresolved is not absence and is never automatically scored as zero.
iran-art:laboratories,iran-art,دانشگاه هنر ایران,هنر,1,laboratories,verified,verified,,evidence-confirmed,2026-08-10,1,unit,https://research.art.ac.ir/fa,Dimension-specific evidence is registered on an official public surface.,Unresolved is not absence and is never automatically scored as zero.
iran-art:industryTechnology,iran-art,دانشگاه هنر ایران,هنر,1,industryTechnology,verified,verified,,evidence-confirmed,2026-08-10,1,unit,https://research.art.ac.ir/fa,Dimension-specific evidence is registered on an official public surface.,Unresolved is not absence and is never automatically scored as zero.
iran-art:informationTechnology,iran-art,دانشگاه هنر ایران,هنر,1,informationTechnology,observed-reference,verified,Downgraded until a source proving organizational IT dependency is registered.,reference-only,2026-08-10,1,unit,https://research.art.ac.ir/fa,Downgraded until a source proving organizational IT dependency is registered.,Unresolved is not absence and is never automatically scored as zero.
iran-art:systemsServices,iran-art,دانشگاه هنر ایران,هنر,1,systemsServices,verified,verified,,evidence-confirmed,2026-08-10,1,system,https://research.art.ac.ir/fa,Dimension-specific evidence is registered on an official public surface.,Unresolved is not absence and is never automatically scored as zero.
iran-art:documentsRegulations,iran-art,دانشگاه هنر ایران,هنر,1,documentsRegulations,verified,verified,,evidence-confirmed,2026-08-10,1,document,https://research.art.ac.ir/fa,Dimension-specific evidence is registered on an official public surface.,Unresolved is not absence and is never automatically scored as zero.
tabriz-islamic-art:portalIdentity,tabriz-islamic-art,دانشگاه هنر اسلامی تبریز,هنر,2,portalIdentity,observed-reference,observed-reference,,reference-only,2026-08-10,1,portal-identity,https://tabriziau.ac.ir/,"An official public reference was observed, but direct dimension attribution was not established.",Unresolved is not absence and is never automatically scored as zero.
tabriz-islamic-art:organization,tabriz-islamic-art,دانشگاه هنر اسلامی تبریز,هنر,2,organization,unresolved,unresolved,,no-public-evidence-resolved,2026-08-10,0,,,No sufficient public evidence was resolved in this snapshot; this is not proof of absence.,Unresolved is not absence and is never automatically scored as zero.
tabriz-islamic-art:libraryDocuments,tabriz-islamic-art,دانشگاه هنر اسلامی تبریز,هنر,2,libraryDocuments,unresolved,unresolved,,no-public-evidence-resolved,2026-08-10,0,,,No sufficient public evidence was resolved in this snapshot; this is not proof of absence.,Unresolved is not absence and is never automatically scored as zero.
tabriz-islamic-art:laboratories,tabriz-islamic-art,دانشگاه هنر اسلامی تبریز,هنر,2,laboratories,unresolved,unresolved,,no-public-evidence-resolved,2026-08-10,0,,,No sufficient public evidence was resolved in this snapshot; this is not proof of absence.,Unresolved is not absence and is never automatically scored as zero.
tabriz-islamic-art:industryTechnology,tabriz-islamic-art,دانشگاه هنر اسلامی تبریز,هنر,2,industryTechnology,unresolved,unresolved,,no-public-evidence-resolved,2026-08-10,0,,,No sufficient public evidence was resolved in this snapshot; this is not proof of absence.,Unresolved is not absence and is never automatically scored as zero.
tabriz-islamic-art:informationTechnology,tabriz-islamic-art,دانشگاه هنر اسلامی تبریز,هنر,2,informationTechnology,unresolved,unresolved,,no-public-evidence-resolved,2026-08-10,0,,,No sufficient public evidence was resolved in this snapshot; this is not proof of absence.,Unresolved is not absence and is never automatically scored as zero.
tabriz-islamic-art:systemsServices,tabriz-islamic-art,دانشگاه هنر اسلامی تبریز,هنر,2,systemsServices,unresolved,unresolved,,no-public-evidence-resolved,2026-08-10,0,,,No sufficient public evidence was resolved in this snapshot; this is not proof of absence.,Unresolved is not absence and is never automatically scored as zero.
tabriz-islamic-art:documentsRegulations,tabriz-islamic-art,دانشگاه هنر اسلامی تبریز,هنر,2,documentsRegulations,unresolved,unresolved,,no-public-evidence-resolved,2026-08-10,0,,,No sufficient public evidence was resolved in this snapshot; this is not proof of absence.,Unresolved is not absence and is never automatically scored as zero.
isfahan-art:portalIdentity,isfahan-art,دانشگاه هنر اصفهان,هنر,3,portalIdentity,observed-reference,observed-reference,,reference-only,2026-08-10,1,portal-identity,https://aui.ac.ir/,"An official public reference was observed, but direct dimension attribution was not established.",Unresolved is not absence and is never automatically scored as zero.
isfahan-art:organization,isfahan-art,دانشگاه هنر اصفهان,هنر,3,organization,unresolved,unresolved,,no-public-evidence-resolved,2026-08-10,0,,,No sufficient public evidence was resolved in this snapshot; this is not proof of absence.,Unresolved is not absence and is never automatically scored as zero.
isfahan-art:libraryDocuments,isfahan-art,دانشگاه هنر اصفهان,هنر,3,libraryDocuments,unresolved,unresolved,,no-public-evidence-resolved,2026-08-10,0,,,No sufficient public evidence was resolved in this snapshot; this is not proof of absence.,Unresolved is not absence and is never automatically scored as zero.
isfahan-art:laboratories,isfahan-art,دانشگاه هنر اصفهان,هنر,3,laboratories,unresolved,unresolved,,no-public-evidence-resolved,2026-08-10,0,,,No sufficient public evidence was resolved in this snapshot; this is not proof of absence.,Unresolved is not absence and is never automatically scored as zero.
isfahan-art:industryTechnology,isfahan-art,دانشگاه هنر اصفهان,هنر,3,industryTechnology,unresolved,unresolved,,no-public-evidence-resolved,2026-08-10,0,,,No sufficient public evidence was resolved in this snapshot; this is not proof of absence.,Unresolved is not absence and is never automatically scored as zero.
isfahan-art:informationTechnology,isfahan-art,دانشگاه هنر اصفهان,هنر,3,informationTechnology,unresolved,unresolved,,no-public-evidence-resolved,2026-08-10,0,,,No sufficient public evidence was resolved in this snapshot; this is not proof of absence.,Unresolved is not absence and is never automatically scored as zero.
isfahan-art:systemsServices,isfahan-art,دانشگاه هنر اصفهان,هنر,3,systemsServices,unresolved,unresolved,,no-public-evidence-resolved,2026-08-10,0,,,No sufficient public evidence was resolved in this snapshot; this is not proof of absence.,Unresolved is not absence and is never automatically scored as zero.
isfahan-art:documentsRegulations,isfahan-art,دانشگاه هنر اصفهان,هنر,3,documentsRegulations,unresolved,unresolved,,no-public-evidence-resolved,2026-08-10,0,,,No sufficient public evidence was resolved in this snapshot; this is not proof of absence.,Unresolved is not absence and is never automatically scored as zero.
shiraz-art:portalIdentity,shiraz-art,دانشگاه هنر شیراز,هنر,4,portalIdentity,observed-reference,observed-reference,,reference-only,2026-08-10,2,portal-identity | portal-identity,https://t.me/s/archaeology_shirazartu | http://www.shirazartu.ac.ir/,"An official public reference was observed, but direct dimension attribution was not established.",Unresolved is not absence and is never automatically scored as zero.
shiraz-art:organization,shiraz-art,دانشگاه هنر شیراز,هنر,4,organization,observed-reference,observed-reference,,reference-only,2026-08-10,0,,,"An official public reference was observed, but direct dimension attribution was not established.",Unresolved is not absence and is never automatically scored as zero.
shiraz-art:libraryDocuments,shiraz-art,دانشگاه هنر شیراز,هنر,4,libraryDocuments,unresolved,unresolved,,no-public-evidence-resolved,2026-08-10,0,,,No sufficient public evidence was resolved in this snapshot; this is not proof of absence.,Unresolved is not absence and is never automatically scored as zero.
shiraz-art:laboratories,shiraz-art,دانشگاه هنر شیراز,هنر,4,laboratories,unresolved,unresolved,,no-public-evidence-resolved,2026-08-10,0,,,No sufficient public evidence was resolved in this snapshot; this is not proof of absence.,Unresolved is not absence and is never automatically scored as zero.
shiraz-art:industryTechnology,shiraz-art,دانشگاه هنر شیراز,هنر,4,industryTechnology,unresolved,unresolved,,no-public-evidence-resolved,2026-08-10,0,,,No sufficient public evidence was resolved in this snapshot; this is not proof of absence.,Unresolved is not absence and is never automatically scored as zero.
shiraz-art:informationTechnology,shiraz-art,دانشگاه هنر شیراز,هنر,4,informationTechnology,unresolved,unresolved,,no-public-evidence-resolved,2026-08-10,0,,,No sufficient public evidence was resolved in this snapshot; this is not proof of absence.,Unresolved is not absence and is never automatically scored as zero.
shiraz-art:systemsServices,shiraz-art,دانشگاه هنر شیراز,هنر,4,systemsServices,unresolved,unresolved,,no-public-evidence-resolved,2026-08-10,0,,,No sufficient public evidence was resolved in this snapshot; this is not proof of absence.,Unresolved is not absence and is never automatically scored as zero.
shiraz-art:documentsRegulations,shiraz-art,دانشگاه هنر شیراز,هنر,4,documentsRegulations,unresolved,unresolved,,no-public-evidence-resolved,2026-08-10,0,,,No sufficient public evidence was resolved in this snapshot; this is not proof of absence.,Unresolved is not absence and is never automatically scored as zero.
payame-noor:portalIdentity,payame-noor,دانشگاه پیام نور,زیرنظام,1,portalIdentity,observed-reference,observed-reference,,reference-only,2026-08-10,1,portal-identity,https://pnu.ac.ir/,"An official public reference was observed, but direct dimension attribution was not established.",Unresolved is not absence and is never automatically scored as zero.
payame-noor:organization,payame-noor,دانشگاه پیام نور,زیرنظام,1,organization,unresolved,unresolved,,no-public-evidence-resolved,2026-08-10,0,,,No sufficient public evidence was resolved in this snapshot; this is not proof of absence.,Unresolved is not absence and is never automatically scored as zero.
payame-noor:libraryDocuments,payame-noor,دانشگاه پیام نور,زیرنظام,1,libraryDocuments,unresolved,unresolved,,no-public-evidence-resolved,2026-08-10,0,,,No sufficient public evidence was resolved in this snapshot; this is not proof of absence.,Unresolved is not absence and is never automatically scored as zero.
payame-noor:laboratories,payame-noor,دانشگاه پیام نور,زیرنظام,1,laboratories,unresolved,unresolved,,no-public-evidence-resolved,2026-08-10,0,,,No sufficient public evidence was resolved in this snapshot; this is not proof of absence.,Unresolved is not absence and is never automatically scored as zero.
payame-noor:industryTechnology,payame-noor,دانشگاه پیام نور,زیرنظام,1,industryTechnology,unresolved,unresolved,,no-public-evidence-resolved,2026-08-10,0,,,No sufficient public evidence was resolved in this snapshot; this is not proof of absence.,Unresolved is not absence and is never automatically scored as zero.
payame-noor:informationTechnology,payame-noor,دانشگاه پیام نور,زیرنظام,1,informationTechnology,unresolved,unresolved,,no-public-evidence-resolved,2026-08-10,0,,,No sufficient public evidence was resolved in this snapshot; this is not proof of absence.,Unresolved is not absence and is never automatically scored as zero.
payame-noor:systemsServices,payame-noor,دانشگاه پیام نور,زیرنظام,1,systemsServices,unresolved,unresolved,,no-public-evidence-resolved,2026-08-10,0,,,No sufficient public evidence was resolved in this snapshot; this is not proof of absence.,Unresolved is not absence and is never automatically scored as zero.
payame-noor:documentsRegulations,payame-noor,دانشگاه پیام نور,زیرنظام,1,documentsRegulations,unresolved,unresolved,,no-public-evidence-resolved,2026-08-10,0,,,No sufficient public evidence was resolved in this snapshot; this is not proof of absence.,Unresolved is not absence and is never automatically scored as zero.
national-skills:portalIdentity,national-skills,دانشگاه ملی مهارت,زیرنظام,2,portalIdentity,observed-reference,observed-reference,,reference-only,2026-08-10,1,portal-identity,https://www.nus.ac.ir/,"An official public reference was observed, but direct dimension attribution was not established.",Unresolved is not absence and is never automatically scored as zero.
national-skills:organization,national-skills,دانشگاه ملی مهارت,زیرنظام,2,organization,unresolved,unresolved,,no-public-evidence-resolved,2026-08-10,0,,,No sufficient public evidence was resolved in this snapshot; this is not proof of absence.,Unresolved is not absence and is never automatically scored as zero.
national-skills:libraryDocuments,national-skills,دانشگاه ملی مهارت,زیرنظام,2,libraryDocuments,unresolved,unresolved,,no-public-evidence-resolved,2026-08-10,0,,,No sufficient public evidence was resolved in this snapshot; this is not proof of absence.,Unresolved is not absence and is never automatically scored as zero.
national-skills:laboratories,national-skills,دانشگاه ملی مهارت,زیرنظام,2,laboratories,unresolved,unresolved,,no-public-evidence-resolved,2026-08-10,0,,,No sufficient public evidence was resolved in this snapshot; this is not proof of absence.,Unresolved is not absence and is never automatically scored as zero.
national-skills:industryTechnology,national-skills,دانشگاه ملی مهارت,زیرنظام,2,industryTechnology,unresolved,unresolved,,no-public-evidence-resolved,2026-08-10,0,,,No sufficient public evidence was resolved in this snapshot; this is not proof of absence.,Unresolved is not absence and is never automatically scored as zero.
national-skills:informationTechnology,national-skills,دانشگاه ملی مهارت,زیرنظام,2,informationTechnology,unresolved,unresolved,,no-public-evidence-resolved,2026-08-10,0,,,No sufficient public evidence was resolved in this snapshot; this is not proof of absence.,Unresolved is not absence and is never automatically scored as zero.
national-skills:systemsServices,national-skills,دانشگاه ملی مهارت,زیرنظام,2,systemsServices,unresolved,unresolved,,no-public-evidence-resolved,2026-08-10,0,,,No sufficient public evidence was resolved in this snapshot; this is not proof of absence.,Unresolved is not absence and is never automatically scored as zero.
national-skills:documentsRegulations,national-skills,دانشگاه ملی مهارت,زیرنظام,2,documentsRegulations,unresolved,unresolved,,no-public-evidence-resolved,2026-08-10,0,,,No sufficient public evidence was resolved in this snapshot; this is not proof of absence.,Unresolved is not absence and is never automatically scored as zero.
farhangian:portalIdentity,farhangian,دانشگاه فرهنگیان,زیرنظام,3,portalIdentity,observed-reference,observed-reference,,reference-only,2026-08-10,1,portal-identity,https://esfahan.cfu.ac.ir/fa/226134/,"An official public reference was observed, but direct dimension attribution was not established.",Unresolved is not absence and is never automatically scored as zero.
farhangian:organization,farhangian,دانشگاه فرهنگیان,زیرنظام,3,organization,observed-reference,observed-reference,,reference-only,2026-08-10,0,,,"An official public reference was observed, but direct dimension attribution was not established.",Unresolved is not absence and is never automatically scored as zero.
farhangian:libraryDocuments,farhangian,دانشگاه فرهنگیان,زیرنظام,3,libraryDocuments,unresolved,unresolved,,no-public-evidence-resolved,2026-08-10,0,,,No sufficient public evidence was resolved in this snapshot; this is not proof of absence.,Unresolved is not absence and is never automatically scored as zero.
farhangian:laboratories,farhangian,دانشگاه فرهنگیان,زیرنظام,3,laboratories,unresolved,unresolved,,no-public-evidence-resolved,2026-08-10,0,,,No sufficient public evidence was resolved in this snapshot; this is not proof of absence.,Unresolved is not absence and is never automatically scored as zero.
farhangian:industryTechnology,farhangian,دانشگاه فرهنگیان,زیرنظام,3,industryTechnology,unresolved,unresolved,,no-public-evidence-resolved,2026-08-10,0,,,No sufficient public evidence was resolved in this snapshot; this is not proof of absence.,Unresolved is not absence and is never automatically scored as zero.
farhangian:informationTechnology,farhangian,دانشگاه فرهنگیان,زیرنظام,3,informationTechnology,unresolved,unresolved,,no-public-evidence-resolved,2026-08-10,0,,,No sufficient public evidence was resolved in this snapshot; this is not proof of absence.,Unresolved is not absence and is never automatically scored as zero.
farhangian:systemsServices,farhangian,دانشگاه فرهنگیان,زیرنظام,3,systemsServices,observed-reference,observed-reference,,reference-only,2026-08-10,0,,,"An official public reference was observed, but direct dimension attribution was not established.",Unresolved is not absence and is never automatically scored as zero.
farhangian:documentsRegulations,farhangian,دانشگاه فرهنگیان,زیرنظام,3,documentsRegulations,unresolved,unresolved,,no-public-evidence-resolved,2026-08-10,0,,,No sufficient public evidence was resolved in this snapshot; this is not proof of absence.,Unresolved is not absence and is never automatically scored as zero.
applied-science:portalIdentity,applied-science,دانشگاه جامع علمی کاربردی,زیرنظام,4,portalIdentity,unresolved,unresolved,,no-public-evidence-resolved,2026-08-10,1,portal-identity,https://www.tasnimnews.ir/fa/news/1405/04/30/3652651/,No sufficient public evidence was resolved in this snapshot; this is not proof of absence.,Unresolved is not absence and is never automatically scored as zero.
applied-science:organization,applied-science,دانشگاه جامع علمی کاربردی,زیرنظام,4,organization,unresolved,unresolved,,no-public-evidence-resolved,2026-08-10,0,,,No sufficient public evidence was resolved in this snapshot; this is not proof of absence.,Unresolved is not absence and is never automatically scored as zero.
applied-science:libraryDocuments,applied-science,دانشگاه جامع علمی کاربردی,زیرنظام,4,libraryDocuments,unresolved,unresolved,,no-public-evidence-resolved,2026-08-10,0,,,No sufficient public evidence was resolved in this snapshot; this is not proof of absence.,Unresolved is not absence and is never automatically scored as zero.
applied-science:laboratories,applied-science,دانشگاه جامع علمی کاربردی,زیرنظام,4,laboratories,unresolved,unresolved,,no-public-evidence-resolved,2026-08-10,0,,,No sufficient public evidence was resolved in this snapshot; this is not proof of absence.,Unresolved is not absence and is never automatically scored as zero.
applied-science:industryTechnology,applied-science,دانشگاه جامع علمی کاربردی,زیرنظام,4,industryTechnology,unresolved,unresolved,,no-public-evidence-resolved,2026-08-10,0,,,No sufficient public evidence was resolved in this snapshot; this is not proof of absence.,Unresolved is not absence and is never automatically scored as zero.
applied-science:informationTechnology,applied-science,دانشگاه جامع علمی کاربردی,زیرنظام,4,informationTechnology,unresolved,unresolved,,no-public-evidence-resolved,2026-08-10,0,,,No sufficient public evidence was resolved in this snapshot; this is not proof of absence.,Unresolved is not absence and is never automatically scored as zero.
applied-science:systemsServices,applied-science,دانشگاه جامع علمی کاربردی,زیرنظام,4,systemsServices,unresolved,unresolved,,no-public-evidence-resolved,2026-08-10,0,,,No sufficient public evidence was resolved in this snapshot; this is not proof of absence.,Unresolved is not absence and is never automatically scored as zero.
applied-science:documentsRegulations,applied-science,دانشگاه جامع علمی کاربردی,زیرنظام,4,documentsRegulations,unresolved,unresolved,,no-public-evidence-resolved,2026-08-10,0,,,No sufficient public evidence was resolved in this snapshot; this is not proof of absence.,Unresolved is not absence and is never automatically scored as zero.
imam-hossein:portalIdentity,imam-hossein,دانشگاه جامع امام حسین (ع),دستگاه اجرایی,1,portalIdentity,restricted,restricted,,access-restricted,2026-08-10,2,portal-identity | portal-identity,https://www.ihu.ac.ir/ | http://portal.ihu.ac.ir/?q=fa/publications,"An attempted official or institutional URL is registered, but public verification was restricted or blocked.",Unresolved is not absence and is never automatically scored as zero.
imam-hossein:organization,imam-hossein,دانشگاه جامع امام حسین (ع),دستگاه اجرایی,1,organization,restricted,restricted,,access-restricted,2026-08-10,2,restriction-reference | restriction-reference,https://www.ihu.ac.ir/ | http://portal.ihu.ac.ir/?q=fa/publications,"An attempted official or institutional URL is registered, but public verification was restricted or blocked.",Unresolved is not absence and is never automatically scored as zero.
imam-hossein:libraryDocuments,imam-hossein,دانشگاه جامع امام حسین (ع),دستگاه اجرایی,1,libraryDocuments,restricted,restricted,,access-restricted,2026-08-10,2,restriction-reference | restriction-reference,https://www.ihu.ac.ir/ | http://portal.ihu.ac.ir/?q=fa/publications,"An attempted official or institutional URL is registered, but public verification was restricted or blocked.",Unresolved is not absence and is never automatically scored as zero.
imam-hossein:laboratories,imam-hossein,دانشگاه جامع امام حسین (ع),دستگاه اجرایی,1,laboratories,restricted,restricted,,access-restricted,2026-08-10,2,restriction-reference | restriction-reference,https://www.ihu.ac.ir/ | http://portal.ihu.ac.ir/?q=fa/publications,"An attempted official or institutional URL is registered, but public verification was restricted or blocked.",Unresolved is not absence and is never automatically scored as zero.
imam-hossein:industryTechnology,imam-hossein,دانشگاه جامع امام حسین (ع),دستگاه اجرایی,1,industryTechnology,restricted,restricted,,access-restricted,2026-08-10,2,restriction-reference | restriction-reference,https://www.ihu.ac.ir/ | http://portal.ihu.ac.ir/?q=fa/publications,"An attempted official or institutional URL is registered, but public verification was restricted or blocked.",Unresolved is not absence and is never automatically scored as zero.
imam-hossein:informationTechnology,imam-hossein,دانشگاه جامع امام حسین (ع),دستگاه اجرایی,1,informationTechnology,restricted,restricted,,access-restricted,2026-08-10,2,restriction-reference | restriction-reference,https://www.ihu.ac.ir/ | http://portal.ihu.ac.ir/?q=fa/publications,"An attempted official or institutional URL is registered, but public verification was restricted or blocked.",Unresolved is not absence and is never automatically scored as zero.
imam-hossein:systemsServices,imam-hossein,دانشگاه جامع امام حسین (ع),دستگاه اجرایی,1,systemsServices,restricted,restricted,,access-restricted,2026-08-10,2,restriction-reference | restriction-reference,https://www.ihu.ac.ir/ | http://portal.ihu.ac.ir/?q=fa/publications,"An attempted official or institutional URL is registered, but public verification was restricted or blocked.",Unresolved is not absence and is never automatically scored as zero.
imam-hossein:documentsRegulations,imam-hossein,دانشگاه جامع امام حسین (ع),دستگاه اجرایی,1,documentsRegulations,restricted,restricted,,access-restricted,2026-08-10,2,restriction-reference | restriction-reference,https://www.ihu.ac.ir/ | http://portal.ihu.ac.ir/?q=fa/publications,"An attempted official or institutional URL is registered, but public verification was restricted or blocked.",Unresolved is not absence and is never automatically scored as zero.
shahed:portalIdentity,shahed,دانشگاه شاهد,دستگاه اجرایی,2,portalIdentity,verified,verified,,evidence-confirmed,2026-08-10,2,portal-identity | portal-identity,https://res.shahed.ac.ir | https://res.shahed.ac.ir/,Dimension-specific evidence is registered on an official public surface.,Unresolved is not absence and is never automatically scored as zero.
shahed:organization,shahed,دانشگاه شاهد,دستگاه اجرایی,2,organization,verified,verified,,evidence-confirmed,2026-08-10,1,unit,https://res.shahed.ac.ir/,Dimension-specific evidence is registered on an official public surface.,Unresolved is not absence and is never automatically scored as zero.
shahed:libraryDocuments,shahed,دانشگاه شاهد,دستگاه اجرایی,2,libraryDocuments,verified,verified,,evidence-confirmed,2026-08-10,2,unit | system,https://res.shahed.ac.ir/ | https://library.shahed.ac.ir/,Dimension-specific evidence is registered on an official public surface.,Unresolved is not absence and is never automatically scored as zero.
shahed:laboratories,shahed,دانشگاه شاهد,دستگاه اجرایی,2,laboratories,verified,verified,,evidence-confirmed,2026-08-10,1,unit,https://res.shahed.ac.ir/,Dimension-specific evidence is registered on an official public surface.,Unresolved is not absence and is never automatically scored as zero.
shahed:industryTechnology,shahed,دانشگاه شاهد,دستگاه اجرایی,2,industryTechnology,verified,verified,,evidence-confirmed,2026-08-10,1,unit,https://res.shahed.ac.ir/,Dimension-specific evidence is registered on an official public surface.,Unresolved is not absence and is never automatically scored as zero.
shahed:informationTechnology,shahed,دانشگاه شاهد,دستگاه اجرایی,2,informationTechnology,unresolved,unresolved,,no-public-evidence-resolved,2026-08-10,0,,,No sufficient public evidence was resolved in this snapshot; this is not proof of absence.,Unresolved is not absence and is never automatically scored as zero.
shahed:systemsServices,shahed,دانشگاه شاهد,دستگاه اجرایی,2,systemsServices,verified,verified,,evidence-confirmed,2026-08-10,1,system,https://library.shahed.ac.ir/,Dimension-specific evidence is registered on an official public surface.,Unresolved is not absence and is never automatically scored as zero.
shahed:documentsRegulations,shahed,دانشگاه شاهد,دستگاه اجرایی,2,documentsRegulations,verified,verified,,evidence-confirmed,2026-08-10,1,document,https://library.shahed.ac.ir/,Dimension-specific evidence is registered on an official public surface.,Unresolved is not absence and is never automatically scored as zero.
malek-ashtar:portalIdentity,malek-ashtar,دانشگاه صنعتی مالک اشتر,دستگاه اجرایی,3,portalIdentity,restricted,restricted,,access-restricted,2026-08-10,1,portal-identity,https://mut.ac.ir/,"An attempted official or institutional URL is registered, but public verification was restricted or blocked.",Unresolved is not absence and is never automatically scored as zero.
malek-ashtar:organization,malek-ashtar,دانشگاه صنعتی مالک اشتر,دستگاه اجرایی,3,organization,restricted,restricted,,access-restricted,2026-08-10,1,restriction-reference,https://mut.ac.ir/,"An attempted official or institutional URL is registered, but public verification was restricted or blocked.",Unresolved is not absence and is never automatically scored as zero.
malek-ashtar:libraryDocuments,malek-ashtar,دانشگاه صنعتی مالک اشتر,دستگاه اجرایی,3,libraryDocuments,restricted,restricted,,access-restricted,2026-08-10,1,restriction-reference,https://mut.ac.ir/,"An attempted official or institutional URL is registered, but public verification was restricted or blocked.",Unresolved is not absence and is never automatically scored as zero.
malek-ashtar:laboratories,malek-ashtar,دانشگاه صنعتی مالک اشتر,دستگاه اجرایی,3,laboratories,restricted,restricted,,access-restricted,2026-08-10,1,restriction-reference,https://mut.ac.ir/,"An attempted official or institutional URL is registered, but public verification was restricted or blocked.",Unresolved is not absence and is never automatically scored as zero.
malek-ashtar:industryTechnology,malek-ashtar,دانشگاه صنعتی مالک اشتر,دستگاه اجرایی,3,industryTechnology,restricted,restricted,,access-restricted,2026-08-10,1,restriction-reference,https://mut.ac.ir/,"An attempted official or institutional URL is registered, but public verification was restricted or blocked.",Unresolved is not absence and is never automatically scored as zero.
malek-ashtar:informationTechnology,malek-ashtar,دانشگاه صنعتی مالک اشتر,دستگاه اجرایی,3,informationTechnology,restricted,restricted,,access-restricted,2026-08-10,1,restriction-reference,https://mut.ac.ir/,"An attempted official or institutional URL is registered, but public verification was restricted or blocked.",Unresolved is not absence and is never automatically scored as zero.
malek-ashtar:systemsServices,malek-ashtar,دانشگاه صنعتی مالک اشتر,دستگاه اجرایی,3,systemsServices,restricted,restricted,,access-restricted,2026-08-10,1,restriction-reference,https://mut.ac.ir/,"An attempted official or institutional URL is registered, but public verification was restricted or blocked.",Unresolved is not absence and is never automatically scored as zero.
malek-ashtar:documentsRegulations,malek-ashtar,دانشگاه صنعتی مالک اشتر,دستگاه اجرایی,3,documentsRegulations,restricted,restricted,,access-restricted,2026-08-10,1,restriction-reference,https://mut.ac.ir/,"An attempted official or institutional URL is registered, but public verification was restricted or blocked.",Unresolved is not absence and is never automatically scored as zero.
shahid-rajaee:portalIdentity,shahid-rajaee,دانشگاه تربیت دبیر شهید رجایی,دستگاه اجرایی,4,portalIdentity,unresolved,unresolved,,no-public-evidence-resolved,2026-08-10,1,portal-identity,https://www.srttu.edu/,No sufficient public evidence was resolved in this snapshot; this is not proof of absence.,Unresolved is not absence and is never automatically scored as zero.
shahid-rajaee:organization,shahid-rajaee,دانشگاه تربیت دبیر شهید رجایی,دستگاه اجرایی,4,organization,unresolved,unresolved,,no-public-evidence-resolved,2026-08-10,0,,,No sufficient public evidence was resolved in this snapshot; this is not proof of absence.,Unresolved is not absence and is never automatically scored as zero.
shahid-rajaee:libraryDocuments,shahid-rajaee,دانشگاه تربیت دبیر شهید رجایی,دستگاه اجرایی,4,libraryDocuments,unresolved,unresolved,,no-public-evidence-resolved,2026-08-10,0,,,No sufficient public evidence was resolved in this snapshot; this is not proof of absence.,Unresolved is not absence and is never automatically scored as zero.
shahid-rajaee:laboratories,shahid-rajaee,دانشگاه تربیت دبیر شهید رجایی,دستگاه اجرایی,4,laboratories,unresolved,unresolved,,no-public-evidence-resolved,2026-08-10,0,,,No sufficient public evidence was resolved in this snapshot; this is not proof of absence.,Unresolved is not absence and is never automatically scored as zero.
shahid-rajaee:industryTechnology,shahid-rajaee,دانشگاه تربیت دبیر شهید رجایی,دستگاه اجرایی,4,industryTechnology,unresolved,unresolved,,no-public-evidence-resolved,2026-08-10,0,,,No sufficient public evidence was resolved in this snapshot; this is not proof of absence.,Unresolved is not absence and is never automatically scored as zero.
shahid-rajaee:informationTechnology,shahid-rajaee,دانشگاه تربیت دبیر شهید رجایی,دستگاه اجرایی,4,informationTechnology,unresolved,unresolved,,no-public-evidence-resolved,2026-08-10,0,,,No sufficient public evidence was resolved in this snapshot; this is not proof of absence.,Unresolved is not absence and is never automatically scored as zero.
shahid-rajaee:systemsServices,shahid-rajaee,دانشگاه تربیت دبیر شهید رجایی,دستگاه اجرایی,4,systemsServices,unresolved,unresolved,,no-public-evidence-resolved,2026-08-10,0,,,No sufficient public evidence was resolved in this snapshot; this is not proof of absence.,Unresolved is not absence and is never automatically scored as zero.
shahid-rajaee:documentsRegulations,shahid-rajaee,دانشگاه تربیت دبیر شهید رجایی,دستگاه اجرایی,4,documentsRegulations,unresolved,unresolved,,no-public-evidence-resolved,2026-08-10,0,,,No sufficient public evidence was resolved in this snapshot; this is not proof of absence.,Unresolved is not absence and is never automatically scored as zero.
aja-command:portalIdentity,aja-command,دانشگاه فرماندهی و ستاد آجا (دافوس),دستگاه اجرایی,5,portalIdentity,unresolved,restricted,Downgraded because no official attempted URL was registered for the restricted-access claim.,no-public-evidence-resolved,2026-08-10,0,,,No sufficient public evidence was resolved in this snapshot; this is not proof of absence.,Unresolved is not absence and is never automatically scored as zero.
aja-command:organization,aja-command,دانشگاه فرماندهی و ستاد آجا (دافوس),دستگاه اجرایی,5,organization,unresolved,restricted,Downgraded because no official attempted URL was registered for the restricted-access claim.,no-public-evidence-resolved,2026-08-10,0,,,No sufficient public evidence was resolved in this snapshot; this is not proof of absence.,Unresolved is not absence and is never automatically scored as zero.
aja-command:libraryDocuments,aja-command,دانشگاه فرماندهی و ستاد آجا (دافوس),دستگاه اجرایی,5,libraryDocuments,unresolved,restricted,Downgraded because no official attempted URL was registered for the restricted-access claim.,no-public-evidence-resolved,2026-08-10,0,,,No sufficient public evidence was resolved in this snapshot; this is not proof of absence.,Unresolved is not absence and is never automatically scored as zero.
aja-command:laboratories,aja-command,دانشگاه فرماندهی و ستاد آجا (دافوس),دستگاه اجرایی,5,laboratories,unresolved,restricted,Downgraded because no official attempted URL was registered for the restricted-access claim.,no-public-evidence-resolved,2026-08-10,0,,,No sufficient public evidence was resolved in this snapshot; this is not proof of absence.,Unresolved is not absence and is never automatically scored as zero.
aja-command:industryTechnology,aja-command,دانشگاه فرماندهی و ستاد آجا (دافوس),دستگاه اجرایی,5,industryTechnology,unresolved,restricted,Downgraded because no official attempted URL was registered for the restricted-access claim.,no-public-evidence-resolved,2026-08-10,0,,,No sufficient public evidence was resolved in this snapshot; this is not proof of absence.,Unresolved is not absence and is never automatically scored as zero.
aja-command:informationTechnology,aja-command,دانشگاه فرماندهی و ستاد آجا (دافوس),دستگاه اجرایی,5,informationTechnology,unresolved,restricted,Downgraded because no official attempted URL was registered for the restricted-access claim.,no-public-evidence-resolved,2026-08-10,0,,,No sufficient public evidence was resolved in this snapshot; this is not proof of absence.,Unresolved is not absence and is never automatically scored as zero.
aja-command:systemsServices,aja-command,دانشگاه فرماندهی و ستاد آجا (دافوس),دستگاه اجرایی,5,systemsServices,unresolved,restricted,Downgraded because no official attempted URL was registered for the restricted-access claim.,no-public-evidence-resolved,2026-08-10,0,,,No sufficient public evidence was resolved in this snapshot; this is not proof of absence.,Unresolved is not absence and is never automatically scored as zero.
aja-command:documentsRegulations,aja-command,دانشگاه فرماندهی و ستاد آجا (دافوس),دستگاه اجرایی,5,documentsRegulations,unresolved,restricted,Downgraded because no official attempted URL was registered for the restricted-access claim.,no-public-evidence-resolved,2026-08-10,0,,,No sufficient public evidence was resolved in this snapshot; this is not proof of absence.,Unresolved is not absence and is never automatically scored as zero.
national-defense:portalIdentity,national-defense,دانشگاه عالی دفاع ملی,دستگاه اجرایی,6,portalIdentity,restricted,restricted,,access-restricted,2026-08-10,2,portal-identity | portal-identity,https://nezamat.ir/post-44967/ | https://smsnds.sndu.ac.ir/,"An attempted official or institutional URL is registered, but public verification was restricted or blocked.",Unresolved is not absence and is never automatically scored as zero.
national-defense:organization,national-defense,دانشگاه عالی دفاع ملی,دستگاه اجرایی,6,organization,restricted,restricted,,access-restricted,2026-08-10,2,restriction-reference | restriction-reference,https://nezamat.ir/post-44967/ | https://smsnds.sndu.ac.ir/,"An attempted official or institutional URL is registered, but public verification was restricted or blocked.",Unresolved is not absence and is never automatically scored as zero.
national-defense:libraryDocuments,national-defense,دانشگاه عالی دفاع ملی,دستگاه اجرایی,6,libraryDocuments,restricted,restricted,,access-restricted,2026-08-10,2,restriction-reference | restriction-reference,https://nezamat.ir/post-44967/ | https://smsnds.sndu.ac.ir/,"An attempted official or institutional URL is registered, but public verification was restricted or blocked.",Unresolved is not absence and is never automatically scored as zero.
national-defense:laboratories,national-defense,دانشگاه عالی دفاع ملی,دستگاه اجرایی,6,laboratories,restricted,restricted,,access-restricted,2026-08-10,2,restriction-reference | restriction-reference,https://nezamat.ir/post-44967/ | https://smsnds.sndu.ac.ir/,"An attempted official or institutional URL is registered, but public verification was restricted or blocked.",Unresolved is not absence and is never automatically scored as zero.
national-defense:industryTechnology,national-defense,دانشگاه عالی دفاع ملی,دستگاه اجرایی,6,industryTechnology,restricted,restricted,,access-restricted,2026-08-10,2,restriction-reference | restriction-reference,https://nezamat.ir/post-44967/ | https://smsnds.sndu.ac.ir/,"An attempted official or institutional URL is registered, but public verification was restricted or blocked.",Unresolved is not absence and is never automatically scored as zero.
national-defense:informationTechnology,national-defense,دانشگاه عالی دفاع ملی,دستگاه اجرایی,6,informationTechnology,restricted,restricted,,access-restricted,2026-08-10,2,restriction-reference | restriction-reference,https://nezamat.ir/post-44967/ | https://smsnds.sndu.ac.ir/,"An attempted official or institutional URL is registered, but public verification was restricted or blocked.",Unresolved is not absence and is never automatically scored as zero.
national-defense:systemsServices,national-defense,دانشگاه عالی دفاع ملی,دستگاه اجرایی,6,systemsServices,restricted,restricted,,access-restricted,2026-08-10,2,restriction-reference | restriction-reference,https://nezamat.ir/post-44967/ | https://smsnds.sndu.ac.ir/,"An attempted official or institutional URL is registered, but public verification was restricted or blocked.",Unresolved is not absence and is never automatically scored as zero.
national-defense:documentsRegulations,national-defense,دانشگاه عالی دفاع ملی,دستگاه اجرایی,6,documentsRegulations,restricted,restricted,,access-restricted,2026-08-10,2,restriction-reference | restriction-reference,https://nezamat.ir/post-44967/ | https://smsnds.sndu.ac.ir/,"An attempted official or institutional URL is registered, but public verification was restricted or blocked.",Unresolved is not absence and is never automatically scored as zero.
amin-police:portalIdentity,amin-police,دانشگاه علوم انتظامی امین,دستگاه اجرایی,7,portalIdentity,unresolved,restricted,Downgraded because no official attempted URL was registered for the restricted-access claim.,no-public-evidence-resolved,2026-08-10,0,,,No sufficient public evidence was resolved in this snapshot; this is not proof of absence.,Unresolved is not absence and is never automatically scored as zero.
amin-police:organization,amin-police,دانشگاه علوم انتظامی امین,دستگاه اجرایی,7,organization,unresolved,restricted,Downgraded because no official attempted URL was registered for the restricted-access claim.,no-public-evidence-resolved,2026-08-10,0,,,No sufficient public evidence was resolved in this snapshot; this is not proof of absence.,Unresolved is not absence and is never automatically scored as zero.
amin-police:libraryDocuments,amin-police,دانشگاه علوم انتظامی امین,دستگاه اجرایی,7,libraryDocuments,unresolved,restricted,Downgraded because no official attempted URL was registered for the restricted-access claim.,no-public-evidence-resolved,2026-08-10,0,,,No sufficient public evidence was resolved in this snapshot; this is not proof of absence.,Unresolved is not absence and is never automatically scored as zero.
amin-police:laboratories,amin-police,دانشگاه علوم انتظامی امین,دستگاه اجرایی,7,laboratories,unresolved,restricted,Downgraded because no official attempted URL was registered for the restricted-access claim.,no-public-evidence-resolved,2026-08-10,0,,,No sufficient public evidence was resolved in this snapshot; this is not proof of absence.,Unresolved is not absence and is never automatically scored as zero.
amin-police:industryTechnology,amin-police,دانشگاه علوم انتظامی امین,دستگاه اجرایی,7,industryTechnology,unresolved,restricted,Downgraded because no official attempted URL was registered for the restricted-access claim.,no-public-evidence-resolved,2026-08-10,0,,,No sufficient public evidence was resolved in this snapshot; this is not proof of absence.,Unresolved is not absence and is never automatically scored as zero.
amin-police:informationTechnology,amin-police,دانشگاه علوم انتظامی امین,دستگاه اجرایی,7,informationTechnology,unresolved,restricted,Downgraded because no official attempted URL was registered for the restricted-access claim.,no-public-evidence-resolved,2026-08-10,0,,,No sufficient public evidence was resolved in this snapshot; this is not proof of absence.,Unresolved is not absence and is never automatically scored as zero.
amin-police:systemsServices,amin-police,دانشگاه علوم انتظامی امین,دستگاه اجرایی,7,systemsServices,unresolved,restricted,Downgraded because no official attempted URL was registered for the restricted-access claim.,no-public-evidence-resolved,2026-08-10,0,,,No sufficient public evidence was resolved in this snapshot; this is not proof of absence.,Unresolved is not absence and is never automatically scored as zero.
amin-police:documentsRegulations,amin-police,دانشگاه علوم انتظامی امین,دستگاه اجرایی,7,documentsRegulations,unresolved,restricted,Downgraded because no official attempted URL was registered for the restricted-access claim.,no-public-evidence-resolved,2026-08-10,0,,,No sufficient public evidence was resolved in this snapshot; this is not proof of absence.,Unresolved is not absence and is never automatically scored as zero.
petroleum:portalIdentity,petroleum,دانشگاه صنعت نفت,دستگاه اجرایی,8,portalIdentity,unresolved,unresolved,,no-public-evidence-resolved,2026-08-10,0,,,No sufficient public evidence was resolved in this snapshot; this is not proof of absence.,Unresolved is not absence and is never automatically scored as zero.
petroleum:organization,petroleum,دانشگاه صنعت نفت,دستگاه اجرایی,8,organization,unresolved,unresolved,,no-public-evidence-resolved,2026-08-10,0,,,No sufficient public evidence was resolved in this snapshot; this is not proof of absence.,Unresolved is not absence and is never automatically scored as zero.
petroleum:libraryDocuments,petroleum,دانشگاه صنعت نفت,دستگاه اجرایی,8,libraryDocuments,unresolved,unresolved,,no-public-evidence-resolved,2026-08-10,0,,,No sufficient public evidence was resolved in this snapshot; this is not proof of absence.,Unresolved is not absence and is never automatically scored as zero.
petroleum:laboratories,petroleum,دانشگاه صنعت نفت,دستگاه اجرایی,8,laboratories,unresolved,unresolved,,no-public-evidence-resolved,2026-08-10,0,,,No sufficient public evidence was resolved in this snapshot; this is not proof of absence.,Unresolved is not absence and is never automatically scored as zero.
petroleum:industryTechnology,petroleum,دانشگاه صنعت نفت,دستگاه اجرایی,8,industryTechnology,unresolved,unresolved,,no-public-evidence-resolved,2026-08-10,0,,,No sufficient public evidence was resolved in this snapshot; this is not proof of absence.,Unresolved is not absence and is never automatically scored as zero.
petroleum:informationTechnology,petroleum,دانشگاه صنعت نفت,دستگاه اجرایی,8,informationTechnology,unresolved,unresolved,,no-public-evidence-resolved,2026-08-10,0,,,No sufficient public evidence was resolved in this snapshot; this is not proof of absence.,Unresolved is not absence and is never automatically scored as zero.
petroleum:systemsServices,petroleum,دانشگاه صنعت نفت,دستگاه اجرایی,8,systemsServices,unresolved,unresolved,,no-public-evidence-resolved,2026-08-10,0,,,No sufficient public evidence was resolved in this snapshot; this is not proof of absence.,Unresolved is not absence and is never automatically scored as zero.
petroleum:documentsRegulations,petroleum,دانشگاه صنعت نفت,دستگاه اجرایی,8,documentsRegulations,unresolved,unresolved,,no-public-evidence-resolved,2026-08-10,0,,,No sufficient public evidence was resolved in this snapshot; this is not proof of absence.,Unresolved is not absence and is never automatically scored as zero.
irib:portalIdentity,irib,دانشگاه صدا و سیمای جمهوری اسلامی ایران,دستگاه اجرایی,9,portalIdentity,unresolved,unresolved,,no-public-evidence-resolved,2026-08-10,0,,,No sufficient public evidence was resolved in this snapshot; this is not proof of absence.,Unresolved is not absence and is never automatically scored as zero.
irib:organization,irib,دانشگاه صدا و سیمای جمهوری اسلامی ایران,دستگاه اجرایی,9,organization,unresolved,unresolved,,no-public-evidence-resolved,2026-08-10,0,,,No sufficient public evidence was resolved in this snapshot; this is not proof of absence.,Unresolved is not absence and is never automatically scored as zero.
irib:libraryDocuments,irib,دانشگاه صدا و سیمای جمهوری اسلامی ایران,دستگاه اجرایی,9,libraryDocuments,unresolved,unresolved,,no-public-evidence-resolved,2026-08-10,0,,,No sufficient public evidence was resolved in this snapshot; this is not proof of absence.,Unresolved is not absence and is never automatically scored as zero.
irib:laboratories,irib,دانشگاه صدا و سیمای جمهوری اسلامی ایران,دستگاه اجرایی,9,laboratories,unresolved,unresolved,,no-public-evidence-resolved,2026-08-10,0,,,No sufficient public evidence was resolved in this snapshot; this is not proof of absence.,Unresolved is not absence and is never automatically scored as zero.
irib:industryTechnology,irib,دانشگاه صدا و سیمای جمهوری اسلامی ایران,دستگاه اجرایی,9,industryTechnology,unresolved,unresolved,,no-public-evidence-resolved,2026-08-10,0,,,No sufficient public evidence was resolved in this snapshot; this is not proof of absence.,Unresolved is not absence and is never automatically scored as zero.
irib:informationTechnology,irib,دانشگاه صدا و سیمای جمهوری اسلامی ایران,دستگاه اجرایی,9,informationTechnology,unresolved,unresolved,,no-public-evidence-resolved,2026-08-10,0,,,No sufficient public evidence was resolved in this snapshot; this is not proof of absence.,Unresolved is not absence and is never automatically scored as zero.
irib:systemsServices,irib,دانشگاه صدا و سیمای جمهوری اسلامی ایران,دستگاه اجرایی,9,systemsServices,unresolved,unresolved,,no-public-evidence-resolved,2026-08-10,0,,,No sufficient public evidence was resolved in this snapshot; this is not proof of absence.,Unresolved is not absence and is never automatically scored as zero.
irib:documentsRegulations,irib,دانشگاه صدا و سیمای جمهوری اسلامی ایران,دستگاه اجرایی,9,documentsRegulations,unresolved,unresolved,,no-public-evidence-resolved,2026-08-10,0,,,No sufficient public evidence was resolved in this snapshot; this is not proof of absence.,Unresolved is not absence and is never automatically scored as zero.
civil-aviation:portalIdentity,civil-aviation,مرکز آموزش عالی هوانوردی و فرودگاهی کشور,دستگاه اجرایی,10,portalIdentity,restricted,restricted,,access-restricted,2026-08-10,2,portal-identity | portal-identity,https://nezamat.ir/post-40635/ | https://nezamat.ir/post-38549/,"An attempted official or institutional URL is registered, but public verification was restricted or blocked.",Unresolved is not absence and is never automatically scored as zero.
civil-aviation:organization,civil-aviation,مرکز آموزش عالی هوانوردی و فرودگاهی کشور,دستگاه اجرایی,10,organization,restricted,restricted,,access-restricted,2026-08-10,2,restriction-reference | restriction-reference,https://nezamat.ir/post-40635/ | https://nezamat.ir/post-38549/,"An attempted official or institutional URL is registered, but public verification was restricted or blocked.",Unresolved is not absence and is never automatically scored as zero.
civil-aviation:libraryDocuments,civil-aviation,مرکز آموزش عالی هوانوردی و فرودگاهی کشور,دستگاه اجرایی,10,libraryDocuments,restricted,restricted,,access-restricted,2026-08-10,2,restriction-reference | restriction-reference,https://nezamat.ir/post-40635/ | https://nezamat.ir/post-38549/,"An attempted official or institutional URL is registered, but public verification was restricted or blocked.",Unresolved is not absence and is never automatically scored as zero.
civil-aviation:laboratories,civil-aviation,مرکز آموزش عالی هوانوردی و فرودگاهی کشور,دستگاه اجرایی,10,laboratories,restricted,restricted,,access-restricted,2026-08-10,2,restriction-reference | restriction-reference,https://nezamat.ir/post-40635/ | https://nezamat.ir/post-38549/,"An attempted official or institutional URL is registered, but public verification was restricted or blocked.",Unresolved is not absence and is never automatically scored as zero.
civil-aviation:industryTechnology,civil-aviation,مرکز آموزش عالی هوانوردی و فرودگاهی کشور,دستگاه اجرایی,10,industryTechnology,restricted,restricted,,access-restricted,2026-08-10,2,restriction-reference | restriction-reference,https://nezamat.ir/post-40635/ | https://nezamat.ir/post-38549/,"An attempted official or institutional URL is registered, but public verification was restricted or blocked.",Unresolved is not absence and is never automatically scored as zero.
civil-aviation:informationTechnology,civil-aviation,مرکز آموزش عالی هوانوردی و فرودگاهی کشور,دستگاه اجرایی,10,informationTechnology,restricted,restricted,,access-restricted,2026-08-10,2,restriction-reference | restriction-reference,https://nezamat.ir/post-40635/ | https://nezamat.ir/post-38549/,"An attempted official or institutional URL is registered, but public verification was restricted or blocked.",Unresolved is not absence and is never automatically scored as zero.
civil-aviation:systemsServices,civil-aviation,مرکز آموزش عالی هوانوردی و فرودگاهی کشور,دستگاه اجرایی,10,systemsServices,restricted,restricted,,access-restricted,2026-08-10,2,restriction-reference | restriction-reference,https://nezamat.ir/post-40635/ | https://nezamat.ir/post-38549/,"An attempted official or institutional URL is registered, but public verification was restricted or blocked.",Unresolved is not absence and is never automatically scored as zero.
civil-aviation:documentsRegulations,civil-aviation,مرکز آموزش عالی هوانوردی و فرودگاهی کشور,دستگاه اجرایی,10,documentsRegulations,restricted,restricted,,access-restricted,2026-08-10,2,restriction-reference | restriction-reference,https://nezamat.ir/post-40635/ | https://nezamat.ir/post-38549/,"An attempted official or institutional URL is registered, but public verification was restricted or blocked.",Unresolved is not absence and is never automatically scored as zero.
