id,universitySlug,nameFa,type,parentUnitId,relationStatus,url,sourceUrl,evidence,lastVerified
tehran-1,tehran,امور پژوهشی,research,,,,https://research.ut.ac.ir/fa,verified,2026-08-10
tehran-2,tehran,کتابخانه مرکزی و مرکز اسناد,library,,,,https://research.ut.ac.ir/fa,verified,2026-08-10
tehran-3,tehran,امور آزمایشگاه‌ها,laboratory,,,,https://research.ut.ac.ir/fa,verified,2026-08-10
tehran-4,tehran,انتقال فناوری و مالکیت فکری,technology,,,,https://research.ut.ac.ir/fa,verified,2026-08-10
tehran-5,tehran,مجلات و علم‌سنجی,publishing,,,,https://research.ut.ac.ir/fa,verified,2026-08-10
tehran-6,tehran,مراکز و مؤسسات پژوهشی,research-centers,,,,https://research.ut.ac.ir/fa,verified,2026-08-10
ferdowsi-1,ferdowsi,مدیریت پژوهشی,research,,,,https://vpr.um.ac.ir/,verified,2026-08-10
ferdowsi-2,ferdowsi,ارتباط با صنعت و جامعه,industry,,,,https://vpr.um.ac.ir/,verified,2026-08-10
ferdowsi-3,ferdowsi,شبکه آزمایشگاه‌ها و کارگاه‌ها,laboratory,,,,https://vpr.um.ac.ir/,verified,2026-08-10
ferdowsi-4,ferdowsi,مدیریت نشر و کتابخانه مرکزی,library,,,,https://vpr.um.ac.ir/,verified,2026-08-10
ferdowsi-5,ferdowsi,نوآوری و مالکیت فکری,technology,,,,https://vpr.um.ac.ir/,verified,2026-08-10
ferdowsi-6,ferdowsi,علم‌سنجی و اطلاع‌رسانی علمی,publishing,,,,https://vpr.um.ac.ir/,verified,2026-08-10
ferdowsi-7,ferdowsi,پژوهشکده‌ها و مراکز پژوهشی,research-centers,,,,https://vpr.um.ac.ir/,verified,2026-08-10
ferdowsi-industry,ferdowsi,مدیریت ارتباط با صنعت و جامعه,industry,,,https://tto.um.ac.ir/,https://vpr.um.ac.ir/,verified,2026-08-10
ferdowsi-innovation,ferdowsi,مدیریت نوآوری و مالکیت فکری,technology,,,https://innov.um.ac.ir/,https://vpr.um.ac.ir/,verified,2026-08-10
ferdowsi-labs,ferdowsi,مدیریت شبکه آزمایشگاه‌ها و کارگاه‌ها,laboratory,,,https://labs.um.ac.ir/,https://vpr.um.ac.ir/,verified,2026-08-10
ferdowsi-library,ferdowsi,مدیریت نشر و کتابخانه مرکزی,library,,,,https://vpr.um.ac.ir/,verified,2026-08-10
ferdowsi-research,ferdowsi,مدیریت پژوهشی,research,,,,https://vpr.um.ac.ir/,verified,2026-08-10
ferdowsi-scientometrics,ferdowsi,گروه علم‌سنجی و اطلاع‌رسانی علمی,publishing,,,https://sis.um.ac.ir/,https://vpr.um.ac.ir/,verified,2026-08-10
isfahan-1,isfahan,امور پژوهشی,research,,,,https://research.ui.ac.ir/,verified,2026-08-10
isfahan-2,isfahan,مدیریت کتابخانه‌ها و مرکز اسناد,library,,,,https://research.ui.ac.ir/,verified,2026-08-10
isfahan-3,isfahan,آزمایشگاه مرکزی,laboratory,,,,https://research.ui.ac.ir/,verified,2026-08-10
isfahan-4,isfahan,ارتباط با صنعت و جامعه,industry,,,,https://research.ui.ac.ir/,verified,2026-08-10
isfahan-5,isfahan,فناوری، رشد و کارآفرینی,technology,,,,https://research.ui.ac.ir/,verified,2026-08-10
isfahan-6,isfahan,مالکیت فکری و تجاری‌سازی,technology,,,,https://research.ui.ac.ir/,verified,2026-08-10
isfahan-7,isfahan,چاپ و انتشارات,publishing,,,,https://research.ui.ac.ir/,verified,2026-08-10
isfahan-docs,isfahan,موزه و مرکز اسناد,library,,,,https://research.ui.ac.ir/,verified,2026-08-10
isfahan-industry,isfahan,مدیریت ارتباط با صنعت و جامعه,industry,,,,https://research.ui.ac.ir/,verified,2026-08-10
isfahan-lab,isfahan,آزمایشگاه مرکزی,laboratory,,,,https://research.ui.ac.ir/,verified,2026-08-10
isfahan-library,isfahan,مدیریت کتابخانه‌های دانشگاه,library,,,,https://research.ui.ac.ir/,verified,2026-08-10
isfahan-publishing,isfahan,اداره چاپ و انتشارات,publishing,,,,https://research.ui.ac.ir/,verified,2026-08-10
isfahan-research,isfahan,مدیریت امور پژوهشی,research,,,,https://research.ui.ac.ir/,verified,2026-08-10
isfahan-tech,isfahan,مدیریت فناوری، رشد و کارآفرینی,technology,,,,https://research.ui.ac.ir/,verified,2026-08-10
kharazmi-1,kharazmi,مدیریت امور پژوهشی,research,,,,https://research.khu.ac.ir/,verified,2026-08-10
kharazmi-2,kharazmi,مرکز فناوری اطلاعات و ارتباطات,it,,,,https://research.khu.ac.ir/,verified,2026-08-10
kharazmi-3,kharazmi,کارآفرینی و ارتباط با جامعه,industry,,,,https://research.khu.ac.ir/,verified,2026-08-10
kharazmi-4,kharazmi,مرکز رشد و توسعه واحدهای فناور,technology,,,,https://research.khu.ac.ir/,verified,2026-08-10
kharazmi-5,kharazmi,کتابخانه مرکزی، موزه و مرکز اسناد,library,,,,https://research.khu.ac.ir/,verified,2026-08-10
kharazmi-6,kharazmi,آزمایشگاه مرکزی,laboratory,,,,https://research.khu.ac.ir/,verified,2026-08-10
kharazmi-7,kharazmi,انتشارات,publishing,,,,https://research.khu.ac.ir/,verified,2026-08-10
kharazmi-inc,kharazmi,مرکز رشد و توسعه واحدهای فناور,technology,,,https://inc.khu.ac.ir/,https://research.khu.ac.ir/,verified,2026-08-10
kharazmi-industry,kharazmi,مرکز کارآفرینی و ارتباط با جامعه,industry,,,https://ent.khu.ac.ir/,https://research.khu.ac.ir/,verified,2026-08-10
kharazmi-it,kharazmi,مرکز فناوری اطلاعات و ارتباطات,it,,,https://ict.khu.ac.ir/,https://research.khu.ac.ir/,verified,2026-08-10
kharazmi-lab,kharazmi,آزمایشگاه مرکزی,laboratory,,,https://lab.khu.ac.ir/,https://research.khu.ac.ir/,verified,2026-08-10
kharazmi-library,kharazmi,کتابخانه مرکزی، موزه و مرکز اسناد,library,,,https://lib.khu.ac.ir/,https://research.khu.ac.ir/,verified,2026-08-10
kharazmi-pub,kharazmi,انتشارات,publishing,,,https://pub.khu.ac.ir/,https://research.khu.ac.ir/,verified,2026-08-10
kharazmi-research,kharazmi,مدیریت امور پژوهشی,research,,,https://respro.khu.ac.ir/,https://research.khu.ac.ir/,verified,2026-08-10
allameh-1,allameh,مدیریت امور پژوهشی,research,,,,https://research.atu.ac.ir/fa,verified,2026-08-10
allameh-2,allameh,مرکز ارتباط با جامعه و صنعت,industry,,,,https://research.atu.ac.ir/fa,verified,2026-08-10
allameh-3,allameh,اخلاق در پژوهش,ethics,,,,https://research.atu.ac.ir/fa,verified,2026-08-10
allameh-4,allameh,کتابخانه دیجیتال,library,,,,https://research.atu.ac.ir/fa,verified,2026-08-10
semnan-1,semnan,مدیریت امور پژوهشی,research,,,,https://research.semnan.ac.ir/,verified,2026-08-10
semnan-2,semnan,مدیریت امور فناوری,technology,,,,https://research.semnan.ac.ir/,verified,2026-08-10
semnan-3,semnan,کتابخانه مرکزی و مرکز اسناد,library,,,,https://research.semnan.ac.ir/,verified,2026-08-10
semnan-4,semnan,فناوری اطلاعات و امنیت فضای مجازی,it,,,,https://research.semnan.ac.ir/,verified,2026-08-10
semnan-5,semnan,آزمایشگاه‌ها و کارگاه‌های تحقیقاتی,laboratory,,,,https://research.semnan.ac.ir/,verified,2026-08-10
semnan-6,semnan,کارآفرینی و ارتباط با صنعت,industry,,,,https://research.semnan.ac.ir/,verified,2026-08-10
semnan-7,semnan,نشریات و انتشارات,publishing,,,,https://research.semnan.ac.ir/,verified,2026-08-10
semnan-industry,semnan,مرکز کارآفرینی و ارتباط با صنعت,industry,,,,https://research.semnan.ac.ir/,verified,2026-08-10
semnan-it,semnan,مدیریت فناوری اطلاعات و امنیت فضای مجازی,it,,,,https://research.semnan.ac.ir/,verified,2026-08-10
semnan-labs,semnan,آزمایشگاه‌ها و کارگاه‌های تحقیقاتی و آموزشی,laboratory,,,https://centrallab.semnan.ac.ir/,https://research.semnan.ac.ir/,verified,2026-08-10
semnan-library,semnan,مدیریت کتابخانه مرکزی و مرکز اسناد,library,,,,https://research.semnan.ac.ir/,verified,2026-08-10
semnan-publishing,semnan,اداره نشریات و چاپ و انتشارات,publishing,,,https://publication.semnan.ac.ir/,https://research.semnan.ac.ir/,verified,2026-08-10
semnan-research,semnan,مدیریت امور پژوهشی,research,,,,https://research.semnan.ac.ir/,verified,2026-08-10
semnan-tech,semnan,مدیریت امور فناوری,technology,,,,https://research.semnan.ac.ir/,verified,2026-08-10
shahid-chamran-ahvaz-1,shahid-chamran-ahvaz,مدیریت امور پژوهش و فناوری,research,,,,https://research.scu.ac.ir/,verified,2026-08-10
shahid-chamran-ahvaz-2,shahid-chamran-ahvaz,ارتباط با صنعت و کارآفرینی,industry,,,,https://research.scu.ac.ir/,verified,2026-08-10
shahid-chamran-ahvaz-3,shahid-chamran-ahvaz,فناوری اطلاعات و امنیت فضای مجازی,it,,,,https://research.scu.ac.ir/,verified,2026-08-10
shahid-chamran-ahvaz-4,shahid-chamran-ahvaz,کتابخانه، اطلاع‌رسانی و اسناد,library,,,,https://research.scu.ac.ir/,verified,2026-08-10
shahid-chamran-ahvaz-5,shahid-chamran-ahvaz,آزمایشگاه مرکزی,laboratory,,,,https://research.scu.ac.ir/,verified,2026-08-10
shahid-chamran-ahvaz-6,shahid-chamran-ahvaz,چاپ و انتشارات,publishing,,,,https://research.scu.ac.ir/,verified,2026-08-10
shahid-chamran-ahvaz-7,shahid-chamran-ahvaz,مراکز تحقیقاتی,research-centers,,,,https://research.scu.ac.ir/,verified,2026-08-10
qom-1,qom,مدیریت امور پژوهشی,research,,,,https://research.qom.ac.ir/,verified,2026-08-10
qom-2,qom,کتابخانه و مرکز اسناد,library,,,,https://research.qom.ac.ir/,verified,2026-08-10
qom-3,qom,آزمایشگاه مرکزی,laboratory,,,,https://research.qom.ac.ir/,verified,2026-08-10
qom-4,qom,فناوری و ارتباط با صنعت,technology,,,,https://research.qom.ac.ir/,verified,2026-08-10
qom-centers,qom,واحدها و پژوهشکده‌های پژوهشی و فناوری,research-centers,,,,https://research.qom.ac.ir/,verified,2026-08-10
qom-industry,qom,گروه کارآفرینی و ارتباط با جامعه و صنعت,industry,,,,https://research.qom.ac.ir/,verified,2026-08-10
qom-lab,qom,آزمایشگاه مرکزی,laboratory,,,,https://research.qom.ac.ir/,verified,2026-08-10
qom-library,qom,کتابخانه مرکزی و مرکز اسناد,library,,,,https://research.qom.ac.ir/,verified,2026-08-10
qom-research,qom,مدیریت پژوهشی,research,,,,https://research.qom.ac.ir/,verified,2026-08-10
qom-tech,qom,مدیریت امور فناوری,technology,,,,https://research.qom.ac.ir/,verified,2026-08-10
alzahra-1,alzahra,مدیریت امور پژوهشی,research,,,,https://research.alzahra.ac.ir/,verified,2026-08-10
alzahra-2,alzahra,مدیریت امور فناوری,technology,,,,https://research.alzahra.ac.ir/,verified,2026-08-10
alzahra-3,alzahra,ارتباط با صنعت و جامعه,industry,,,,https://research.alzahra.ac.ir/,verified,2026-08-10
alzahra-4,alzahra,نظارت بر امور آزمایشگاه‌ها,laboratory,,,,https://research.alzahra.ac.ir/,verified,2026-08-10
alzahra-5,alzahra,مرکز کارآفرینی و نوآوری,technology,,,,https://research.alzahra.ac.ir/,verified,2026-08-10
alzahra-6,alzahra,کتابخانه مرکزی,library,,,,https://research.alzahra.ac.ir/,verified,2026-08-10
alzahra-7,alzahra,نشریات و تالیفات علمی,publishing,,,,https://research.alzahra.ac.ir/,verified,2026-08-10
zanjan-1,zanjan,امور پژوهشی,research,,,,https://research.znu.ac.ir/,verified,2026-08-10
zanjan-2,zanjan,فناوری اطلاعات، امنیت و هوشمندسازی,it,,,,https://research.znu.ac.ir/,verified,2026-08-10
zanjan-3,zanjan,کتابخانه و مرکز اسناد,library,,,,https://research.znu.ac.ir/,verified,2026-08-10
zanjan-4,zanjan,آزمایشگاه مرکزی,laboratory,,,,https://research.znu.ac.ir/,verified,2026-08-10
zanjan-5,zanjan,فناوری و ارتباط با صنعت,technology,,,,https://research.znu.ac.ir/,verified,2026-08-10
arak-1,arak,امور پژوهشی و فناوری,research,,,,https://research.araku.ac.ir/,verified,2026-08-10
arak-2,arak,ارتباط با صنعت,industry,,,,https://research.araku.ac.ir/,verified,2026-08-10
arak-3,arak,فناوری اطلاعات و ارتباطات,it,,,,https://research.araku.ac.ir/,verified,2026-08-10
arak-4,arak,کتابخانه و اسناد,library,,,,https://research.araku.ac.ir/,verified,2026-08-10
arak-5,arak,پژوهشکده‌ها و مراکز پژوهشی,research-centers,,,,https://research.araku.ac.ir/,verified,2026-08-10
iust-1,iust,مدیریت امور پژوهشی,research,,,,https://research.iust.ac.ir/,verified,2026-08-10
iust-2,iust,آزمایشگاه مرکزی,laboratory,,,,https://research.iust.ac.ir/,verified,2026-08-10
iust-3,iust,انتشارات و نشریات,publishing,,,,https://research.iust.ac.ir/,verified,2026-08-10
iust-4,iust,ارتباط با صنعت,industry,,,,https://research.iust.ac.ir/,verified,2026-08-10
iust-5,iust,سامانه‌ها و شبکه‌های پژوهشی,technology,,,,https://research.iust.ac.ir/,verified,2026-08-10
sharif-1,sharif,مدیریت امور پژوهشی,research,,,,https://research.sharif.ir/,verified,2026-08-10
sharif-2,sharif,مدیریت ارتباط با صنعت,industry,,,,https://research.sharif.ir/,verified,2026-08-10
sharif-3,sharif,مدیریت امور فناوری,technology,,,,https://research.sharif.ir/,verified,2026-08-10
sharif-4,sharif,مرکز خدمات آزمایشگاهی,laboratory,,,,https://research.sharif.ir/,verified,2026-08-10
sharif-5,sharif,کتابخانه مرکزی,library,,,,https://research.sharif.ir/,verified,2026-08-10
sharif-6,sharif,پارک علم و فناوری,technology,,,,https://research.sharif.ir/,verified,2026-08-10
sharif-7,sharif,پژوهشکده‌ها و قطب‌های علمی,research-centers,,,,https://research.sharif.ir/,verified,2026-08-10
amirkabir-1,amirkabir,مدیریت امور پژوهشی,research,,,,https://research.aut.ac.ir/,verified,2026-08-10
amirkabir-2,amirkabir,مرکز اطلاع‌رسانی، کتابخانه و نشر,library,,,,https://research.aut.ac.ir/,verified,2026-08-10
amirkabir-3,amirkabir,مدیریت فناوری و توسعه نوآوری,technology,,,,https://research.aut.ac.ir/,verified,2026-08-10
amirkabir-4,amirkabir,مدیریت ارتباط با صنعت,industry,,,,https://research.aut.ac.ir/,verified,2026-08-10
amirkabir-5,amirkabir,آزمایشگاه مرکزی,laboratory,,,,https://research.aut.ac.ir/,verified,2026-08-10
kntu-1,kntu,امور توسعه پژوهش,research,,,,https://research.kntu.ac.ir/,verified,2026-08-10
kntu-2,kntu,ارتباط با صنعت و کارآفرینی,industry,,,,https://research.kntu.ac.ir/,verified,2026-08-10
kntu-3,kntu,انتشارات,publishing,,,,https://research.kntu.ac.ir/,verified,2026-08-10
kntu-4,kntu,کتابخانه مرکزی و مرکز اسناد,library,,,,https://research.kntu.ac.ir/,verified,2026-08-10
kntu-5,kntu,نشریات دانشگاه,publishing,,,,https://research.kntu.ac.ir/,verified,2026-08-10
kntu-6,kntu,آزمایشگاه‌های پژوهشی,laboratory,,,,https://research.kntu.ac.ir/,verified,2026-08-10
kntu-7,kntu,پژوهشکده‌ها و مراکز پژوهشی,research-centers,,,,https://research.kntu.ac.ir/,verified,2026-08-10
isfahan-technology-1,isfahan-technology,امور پژوهشی,research,,,,https://research.iut.ac.ir/,verified,2026-08-10
isfahan-technology-2,isfahan-technology,آزمایشگاه مرکزی,laboratory,,,,https://research.iut.ac.ir/,verified,2026-08-10
isfahan-technology-3,isfahan-technology,مدیریت فناوری اطلاعات,it,,,,https://research.iut.ac.ir/,verified,2026-08-10
isfahan-technology-4,isfahan-technology,مرکز ابررایانش,it,,,,https://research.iut.ac.ir/,verified,2026-08-10
isfahan-technology-5,isfahan-technology,فناوری، نوآوری و تجاری‌سازی,technology,,,,https://research.iut.ac.ir/,verified,2026-08-10
isfahan-technology-6,isfahan-technology,ارتباط با صنعت و جامعه,industry,,,,https://research.iut.ac.ir/,verified,2026-08-10
isfahan-technology-7,isfahan-technology,کتابخانه، انتشارات و نشریات,library,,,,https://research.iut.ac.ir/,verified,2026-08-10
isfahan-technology-8,isfahan-technology,ساختارهای پژوهشی,research-centers,,,,https://research.iut.ac.ir/,verified,2026-08-10
qom-technology-1,qom-technology,مدیریت امور پژوهشی و فناوری,research,,,,https://qut.ac.ir/fa/researches/index,verified,2026-08-10
qom-technology-2,qom-technology,دفتر ارتباط با صنعت,industry,,,,https://qut.ac.ir/fa/researches/index,verified,2026-08-10
qom-technology-3,qom-technology,کتابخانه,library,,,,https://qut.ac.ir/fa/researches/index,verified,2026-08-10
qom-technology-4,qom-technology,آزمایشگاه مرکزی,laboratory,,,,https://qut.ac.ir/fa/researches/index,verified,2026-08-10
qom-technology-5,qom-technology,مرکز نوآوری,technology,,,,https://qut.ac.ir/fa/researches/index,verified,2026-08-10
qom-technology-6,qom-technology,مجلات علمی,publishing,,,,https://qut.ac.ir/fa/researches/index,verified,2026-08-10
iran-art-1,iran-art,مدیریت امور پژوهشی,research,,,,https://research.art.ac.ir/fa,verified,2026-08-10
iran-art-2,iran-art,همکاری‌های علمی و هنری با جامعه,industry,,,,https://research.art.ac.ir/fa,verified,2026-08-10
iran-art-3,iran-art,آزمایشگاه مرکزی,laboratory,,,,https://research.art.ac.ir/fa,verified,2026-08-10
iran-art-4,iran-art,انتشارات,publishing,,,,https://research.art.ac.ir/fa,verified,2026-08-10
iran-art-5,iran-art,کتابخانه مرکزی و مرکز اسناد,library,,,,https://research.art.ac.ir/fa,verified,2026-08-10
iran-art-6,iran-art,فناوری اطلاعات، امنیت و هوشمندسازی,it,,,,https://research.art.ac.ir/fa,verified,2026-08-10
arak-tech,arak,مدیریت امور فناوری، کارآفرینی و تجاری‌سازی,technology,,,,https://research.araku.ac.ir/,verified,2026-08-10
arak-lab,arak,آزمایشگاه مرکزی,laboratory,,,https://new.araku.ac.ir/,https://research.araku.ac.ir/,verified,2026-08-10
arak-publishing,arak,انتشارات,publishing,,,https://press.araku.ac.ir/,https://research.araku.ac.ir/,verified,2026-08-10
shahed-research,shahed,مدیریت امور پژوهشی,research,,,https://ram.shahed.ac.ir/,https://res.shahed.ac.ir/,verified,2026-08-10
shahed-tech,shahed,مدیریت امور فناوری و تحقیقات کاربردی,technology,,,https://tarm.shahed.ac.ir/,https://res.shahed.ac.ir/,verified,2026-08-10
shahed-labs-management,shahed,مدیریت امور واحدهای پژوهشی و آزمایشگاه‌ها,laboratory,,,https://rcm.shahed.ac.ir/,https://res.shahed.ac.ir/,verified,2026-08-10
shahed-library,shahed,مرکز اسناد و مدارک علمی,library,,,https://library.shahed.ac.ir/,https://res.shahed.ac.ir/,verified,2026-08-10
shahed-pub,shahed,اداره انتشارات,publishing,,,https://po.shahed.ac.ir/,https://res.shahed.ac.ir/,verified,2026-08-10
shahed-ethics,shahed,کارگروه اخلاق در پژوهش,ethics,,,https://rec.shahed.ac.ir/,https://res.shahed.ac.ir/,verified,2026-08-10
shahed-innovation,shahed,مرکز نوآوری و مراکز رشد,technology,,,https://innovation.shahed.ac.ir/,https://res.shahed.ac.ir/,verified,2026-08-10
shahed-centers,shahed,پژوهشکده‌ها و مراکز تحقیقاتی,research-centers,,,https://res.shahed.ac.ir/,https://res.shahed.ac.ir/,verified,2026-08-10
tarbiat-modares-discovery-unit-laboratory-e9d72c807574,tarbiat-modares,پایگاه خبری دانشگاه تربیت مدرس - جلسه شورای ایمنی، بهداشت و محیط زیست | تربیت مدرس,laboratory,,,,https://news.modares.ac.ir/res-news-list/%D8%AA%D8%A3%DA%A9%DB%8C%D8%AF%20%D8%A8%D8%B1%20%D8%A2%D9%85%D8%A7%D8%AF%DA%AF%DB%8C%20%D8%A8%D8%B1%D8%A7%DB%8C%20%D8%B4%D8%B1%D8%A7%DB%8C%D8%B7%20%D8%A7%D8%B6%D8%B7%D8%B1%D8%A7%D8%B1%DB%8C%20%D9%88%20%D8%A7%DB%8C%D9%85%D9%86%E2%80%8C%D8%B3%D8%A7%D8%B2%DB%8C%20%D8%A2%D8%B2%D9%85%D8%A7%DB%8C%D8%B4%DA%AF%D8%A7%D9%87%E2%80%8C%D9%87%D8%A7%20%D8%AF%D8%B1%20%D9%86%D8%B4%D8%B3%D8%AA%20%D8%B4%D9%88%D8%B1%D8%A7%DB%8C%20%D8%A7%DB%8C%D9%85%D9%86%DB%8C%D8%8C%20%D8%A8%D9%87%D8%AF%D8%A7%D8%B4%D8%AA%20%D9%88%20%D9%85%D8%AD%DB%8C%D8%B7%20%D8%B2%DB%8C%D8%B3%D8%AA%20%D8%AF%D8%A7%D9%86%D8%B4%DA%AF%D8%A7%D9%87,verified,2026-08-11
tarbiat-modares-discovery-unit-library-5106bc5d063f,tarbiat-modares,پایگاه خبری دانشگاه تربیت مدرس - تقدیر از کتابداران کتابخانه مرکزی | دانشگاه تربیت مدرس,library,,,,https://news.modares.ac.ir/res-news-list/%D8%A8%D8%B1%DA%AF%D8%B2%D8%A7%D8%B1%DB%8C%20%D9%86%D8%B4%D8%B3%D8%AA%20%DA%AF%D8%B1%D8%A7%D9%85%DB%8C%D8%AF%D8%A7%D8%B4%D8%AA%20%D9%87%D9%81%D8%AA%D9%87%20%DA%A9%D8%AA%D8%A7%D8%A8%D8%8C%20%DA%A9%D8%AA%D8%A7%D8%A8%D8%AE%D9%88%D8%A7%D9%86%DB%8C%20%D9%88%20%D8%B1%D9%88%D8%B2%20%DA%A9%D8%AA%D8%A7%D8%A8%D8%AF%D8%A7%D8%B1%20%D8%AF%D8%B1%20%DA%A9%D8%AA%D8%A7%D8%A8%D8%AE%D8%A7%D9%86%D9%87%20%D9%85%D8%B1%DA%A9%D8%B2%DB%8C%20%D8%AF%D8%A7%D9%86%D8%B4%DA%AF%D8%A7%D9%87,verified,2026-08-11
tarbiat-modares-discovery-unit-laboratory-071ff4d3e9ea,tarbiat-modares,پایگاه خبری دانشگاه تربیت مدرس - جلسه شورای ایمنی، بهداشت و محیط زیست | تربیت مدرس,laboratory,,,,https://news.modares.ac.ir/res-news-list/%D8%AA%D8%A3%DA%A9%DB%8C%D8%AF-%D8%A8%D8%B1-%D8%A2%D9%85%D8%A7%D8%AF%DA%AF%DB%8C-%D8%A8%D8%B1%D8%A7%DB%8C-%D8%B4%D8%B1%D8%A7%DB%8C%D8%B7-%D8%A7%D8%B6%D8%B7%D8%B1%D8%A7%D8%B1%DB%8C-%D9%88-%D8%A7%DB%8C%D9%85%D9%86%E2%80%8C%D8%B3%D8%A7%D8%B2%DB%8C-%D8%A2%D8%B2%D9%85%D8%A7%DB%8C%D8%B4%DA%AF%D8%A7%D9%87%E2%80%8C%D9%87%D8%A7-%D8%AF%D8%B1-%D9%86%D8%B4%D8%B3%D8%AA-%D8%B4%D9%88%D8%B1%D8%A7%DB%8C-%D8%A7%DB%8C%D9%85%D9%86%DB%8C%D8%8C-%D8%A8%D9%87%D8%AF%D8%A7%D8%B4%D8%AA-%D9%88-%D9%85%D8%AD%DB%8C%D8%B7-%D8%B2%DB%8C%D8%B3%D8%AA-%D8%AF%D8%A7%D9%86%D8%B4%DA%AF%D8%A7%D9%87,verified,2026-08-11
tarbiat-modares-discovery-unit-research-36bca4e8a8a2,tarbiat-modares,مدیریت پژوهش و نوآوری - معاونت پژوهشی و فناوری,research,,,,https://res.modares.ac.ir/res/managements/research-innovation-management,verified,2026-08-11
tarbiat-modares-discovery-unit-technology-36bca4e8a8a2,tarbiat-modares,مدیریت پژوهش و نوآوری - معاونت پژوهشی و فناوری,technology,,,,https://res.modares.ac.ir/res/managements/research-innovation-management,verified,2026-08-11
ferdowsi-discovery-unit-technology-bec81bc80a14,ferdowsi,مدیریت نوآوری و مالکیت فکری دانشگاه فردوسی مشهد,technology,,,,https://innov.um.ac.ir/index.php/fa/,verified,2026-08-11
ferdowsi-discovery-unit-technology-e3aab1b3d53c,ferdowsi,آیین نامه و الزامات استقرار در مراکز نوآوری,technology,,,,https://innov.um.ac.ir/index.php/fa/innovation-centers/elzamat-esteghrar,verified,2026-08-11
ferdowsi-discovery-unit-technology-f9dea44a2e0b,ferdowsi,نوآوری و نظریه پردازی,technology,,,,https://vpr.um.ac.ir/index.php/fa/vice-chancellor-for-research-and-technology/innovation-and-theorizing,verified,2026-08-11
ferdowsi-discovery-unit-laboratory-cc4918f60f58,ferdowsi,دستورالعمل ارائه خدمات آزمایشگاهی و استفاده از خوابگاه در شرایط شیوع ویروس کرونا,laboratory,,,,https://vpr.um.ac.ir/index.php/fa/2020-08-25-06-35-55/1050-corona-instruction,verified,2026-08-11
ferdowsi-discovery-unit-research-a128ac0f7259,ferdowsi,مدیریت پژوهشی,research,,,,https://vpr.um.ac.ir/index.php/fa/research-management,verified,2026-08-11
shahid-beheshti-discovery-unit-library-e11d2a496fce,shahid-beheshti,برپایی غرفه «دانشمندان آینده» از سوی کتابخانه مرکزی و مرکز اسناد در ایام وداع با آقای شهید ایران - معاونت پژوهشی و فناوری,library,,,,https://resevp.sbu.ac.ir/fa/w/%D8%A8%D8%B1%D9%BE%D8%A7%DB%8C%DB%8C-%D8%BA%D8%B1%D9%81%D9%87-%C2%AB%D8%AF%D8%A7%D9%86%D8%B4%D9%85%D9%86%D8%AF%D8%A7%D9%86-%D8%A2%DB%8C%D9%86%D8%AF%D9%87%C2%BB-%D8%A7%D8%B2-%D8%B3%D9%88%DB%8C-%DA%A9%D8%AA%D8%A7%D8%A8%D8%AE%D8%A7%D9%86%D9%87-%D9%85%D8%B1?redirect=%2F,verified,2026-08-11
shahid-beheshti-discovery-unit-library-da791532dbba,shahid-beheshti,برپایی غرفه «دانشمندان آینده» از سوی کتابخانه مرکزی و مرکز اسناد در ایام وداع با آقای شهید ایران - معاونت پژوهشی و فناوری,library,,,,https://resevp.sbu.ac.ir/fa/w/%D8%A8%D8%B1%D9%BE%D8%A7%DB%8C%DB%8C-%D8%BA%D8%B1%D9%81%D9%87-%C2%AB%D8%AF%D8%A7%D9%86%D8%B4%D9%85%D9%86%D8%AF%D8%A7%D9%86-%D8%A2%DB%8C%D9%86%D8%AF%D9%87%C2%BB-%D8%A7%D8%B2-%D8%B3%D9%88%DB%8C-%DA%A9%D8%AA%D8%A7%D8%A8%D8%AE%D8%A7%D9%86%D9%87-%D9%85%D8%B1?redirect=%2Ffa%2Fw%2F%25D8%25A8%25D8%25B1%25D9%25BE%25D8%25A7%25DB%258C%25DB%258C-%25D8%25BA%25D8%25B1%25D9%2581%25D9%2587-%25C2%25AB%25D8%25AF%25D8%25A7%25D9%2586%25D8%25B4%25D9%2585%25D9%2586%25D8%25AF%25D8%25A7%25D9%2586-%25D8%25A2%25DB%258C%25D9%2586%25D8%25AF%25D9%2587%25C2%25BB-%25D8%25A7%25D8%25B2-%25D8%25B3%25D9%2588%25DB%258C-%25DA%25A9%25D8%25AA%25D8%25A7%25D8%25A8%25D8%25AE%25D8%25A7%25D9%2586%25D9%2587-%25D9%2585%25D8%25B1%3Fredirect%3D%252F,verified,2026-08-11
shiraz-discovery-unit-library-0018ec41b574,shiraz,اهداء کتابخانه شخصی زنده‌یاد محمدحسین شبانی به کتابخانه مرکزی و مرکز اسناد دانشگاه شیراز - - - کتابخانه مرکزی و مرکز اسناد دانشگاه شیراز,library,,,,https://centlib.shirazu.ac.ir/-/%D8%A7%D9%87%D8%AF%D8%A7%D8%A1-%DA%A9%D8%AA%D8%A7%D8%A8%D8%AE%D8%A7%D9%86%D9%87-%D8%B4%D8%AE%D8%B5%DB%8C-%D8%B2%D9%86%D8%AF%D9%87%E2%80%8C%DB%8C%D8%A7%D8%AF-%D9%85%D8%AD%D9%85%D8%AF%D8%AD%D8%B3%DB%8C%D9%86-%D8%B4%D8%A8%D8%A7%D9%86%DB%8C-%D8%A8%D9%87-%DA%A9%D8%AA%D8%A7%D8%A8%D8%AE%D8%A7%D9%86%D9%87-%D9%85%D8%B1%DA%A9%D8%B2%DB%8C-%D9%88-%D9%85%D8%B1%DA%A9%D8%B2-%D8%A7%D8%B3%D9%86%D8%A7%D8%AF-%D8%AF%D8%A7%D9%86%D8%B4%DA%AF%D8%A7%D9%87-%D8%B4%DB%8C%D8%B1%D8%A7%D8%B2,verified,2026-08-11
shiraz-discovery-unit-library-70d13785707d,shiraz,حضور مسئول محترم نهاد نمایندگی معظم رهبری دانشگاه به همراه معاون محترم پژوهشی دانشگاه در کتابخانه مرکزی و تقدیر از کتابداران به مناسبت هفته کتاب و کتابخوانی و روز کتابدار - - - کتابخانه مرکزی و مرکز اسناد دانشگاه شیراز,library,,,,https://centlib.shirazu.ac.ir/-/%D8%AD%D8%B6%D9%88%D8%B1-%D9%85%D8%B3%D8%A6%D9%88%D9%84-%D9%85%D8%AD%D8%AA%D8%B1%D9%85-%D9%86%D9%87%D8%A7%D8%AF-%D9%86%D9%85%D8%A7%DB%8C%D9%86%D8%AF%DA%AF%DB%8C-%D9%85%D8%B9%D8%B8%D9%85-%D8%B1%D9%87%D8%A8%D8%B1%DB%8C-%D8%AF%D8%A7%D9%86%D8%B4%DA%AF%D8%A7%D9%87-%D8%A8%D9%87-%D9%87%D9%85%D8%B1%D8%A7%D9%87-%D9%85%D8%B9%D8%A7%D9%88%D9%86-%D9%85%D8%AD%D8%AA%D8%B1%D9%85-%D9%BE%DA%98%D9%88%D9%87%D8%B4%DB%8C-%D8%AF%D8%A7%D9%86%D8%B4%DA%AF%D8%A7%D9%87-%D8%AF%D8%B1-%DA%A9%D8%AA%D8%A7%D8%A8%D8%AE%D8%A7%D9%86%D9%87-%D9%85%D8%B1%DA%A9%D8%B2%DB%8C-%D9%88-%D8%AA%D9%82%D8%AF%DB%8C%D8%B1-%D8%A7%D8%B2-%DA%A9%D8%AA%D8%A7%D8%A8%D8%AF%D8%A7%D8%B1%D8%A7%D9%86-%D8%A8%D9%87-%D9%85%D9%86%D8%A7%D8%B3%D8%A8%D8%AA-%D9%87%D9%81%D8%AA%D9%87-%DA%A9%D8%AA%D8%A7%D8%A8-%D9%88-%DA%A9%D8%AA%D8%A7,verified,2026-08-11
shiraz-discovery-unit-library-25a1b341c6f6,shiraz,صفحه اصلی - کتابخانه مرکزی و مرکز اسناد دانشگاه شیراز,library,,,,https://centlib.shirazu.ac.ir/,verified,2026-08-11
shiraz-discovery-unit-library-8770423f63e4,shiraz,اطلاعیه ساعت فعالیت تالارهای مطالعه کتابخانه مرکزی و مرکز اسناد و خوارزمی - - - کتابخانه مرکزی و مرکز اسناد دانشگاه شیراز,library,,,,https://centlib.shirazu.ac.ir/-/%D8%A7%D8%B7%D9%84%D8%A7%D8%B9%DB%8C%D9%87-%D8%B3%D8%A7%D8%B9%D8%AA-%D9%81%D8%B9%D8%A7%D9%84%DB%8C%D8%AA-%D8%AA%D8%A7%D9%84%D8%A7%D8%B1%D9%87%D8%A7%DB%8C-%D9%85%D8%B7%D8%A7%D9%84%D8%B9%D9%87-%DA%A9%D8%AA%D8%A7%D8%A8%D8%AE%D8%A7%D9%86%D9%87-%D9%85%D8%B1%DA%A9%D8%B2%DB%8C-%D9%88-%D9%85%D8%B1%DA%A9%D8%B2-%D8%A7%D8%B3%D9%86%D8%A7%D8%AF-%D9%88-%D8%AE%D9%88%D8%A7%D8%B1%D8%B2-2,verified,2026-08-11
shiraz-discovery-unit-library-c7e94e985c46,shiraz,اطلاعیه ساعت فعالیت تالارهای مطالعه کتابخانه مرکزی و مرکز اسناد و خوارزمی - - - کتابخانه مرکزی و مرکز اسناد دانشگاه شیراز,library,,,,https://centlib.shirazu.ac.ir/-/%D8%A7%D8%B7%D9%84%D8%A7%D8%B9%DB%8C%D9%87-%D8%B3%D8%A7%D8%B9%D8%AA-%D9%81%D8%B9%D8%A7%D9%84%DB%8C%D8%AA-%D8%AA%D8%A7%D9%84%D8%A7%D8%B1%D9%87%D8%A7%DB%8C-%D9%85%D8%B7%D8%A7%D9%84%D8%B9%D9%87-%DA%A9%D8%AA%D8%A7%D8%A8%D8%AE%D8%A7%D9%86%D9%87-%D9%85%D8%B1%DA%A9%D8%B2%DB%8C-%D9%88-%D9%85%D8%B1%DA%A9%D8%B2-%D8%A7%D8%B3%D9%86%D8%A7%D8%AF-%D9%88-%D8%AE%D9%88%D8%A7%D8%B1%D8%B2-1,verified,2026-08-11
shiraz-discovery-unit-technology-666ee7f4b65b,shiraz,صفحه اصلی - مرکز نوآوری و کارآفرینی,technology,,,,https://shirazu.ac.ir/web/iec,verified,2026-08-11
shiraz-discovery-unit-laboratory-cc20e524c231,shiraz,Home Page - آزمایشگاه مرکزی,laboratory,,,,https://clab.shirazu.ac.ir/,verified,2026-08-11
shiraz-discovery-unit-library-fe995fb82df8,shiraz,سامانه ملی ثبت پروپوزال و پایان نامه / سامانه همانندجو - کتابخانه مرکزی و مرکز اسناد دانشگاه شیراز,library,,,,https://centlib.shirazu.ac.ir/national-system-for-registering-proposals-and-thesis,verified,2026-08-11
shiraz-discovery-unit-library-c3d32ca1f2ea,shiraz,پایگاه های اطلاعاتی پایان نامه - کتابخانه مرکزی و مرکز اسناد دانشگاه شیراز,library,,,,https://centlib.shirazu.ac.ir/thesis,verified,2026-08-11
shiraz-discovery-unit-library-d47a9ca04dca,shiraz,پایان نامه (راهنمای استفاده و تسویه) - کتابخانه مرکزی و مرکز اسناد دانشگاه شیراز,library,,,,https://centlib.shirazu.ac.ir/help-thesis,verified,2026-08-11
shiraz-discovery-unit-library-38dd6185075e,shiraz,پایان نامه ها - کتابخانه مرکزی و مرکز اسناد دانشگاه شیراز,library,,,,https://centlib.shirazu.ac.ir/thesises,verified,2026-08-11
shiraz-discovery-unit-library-f114fa035dfa,shiraz,بخش اسناد - کتابخانه مرکزی و مرکز اسناد دانشگاه شیراز,library,,,,https://centlib.shirazu.ac.ir/documents-section,verified,2026-08-11
shiraz-discovery-unit-library-5cceeb9c753b,shiraz,راهنمای استفاده از خدمات - - - کتابخانه مرکزی و مرکز اسناد دانشگاه شیراز,library,,,,https://centlib.shirazu.ac.ir/-/%D8%B1%D8%A7%D9%87%D9%86%D9%85%D8%A7%DB%8C-%D8%A7%D8%B3%D8%AA%D9%81%D8%A7%D8%AF%D9%87-%D8%A7%D8%B2-%D8%AE%D8%AF%D9%85%D8%A7%D8%AA,verified,2026-08-11
shiraz-discovery-unit-research-4a03ae6bfaba,shiraz,مدیریت امور پژوهشی - معاونت پژوهشی و فناوری,research,,,,https://research.shirazu.ac.ir/researchmanagement,verified,2026-08-11
shiraz-discovery-unit-research-5b0ffa5e0b5d,shiraz,زهرا حسینی، مسئول دفتر مدیریت امور پژوهشی - show-content - معاونت پژوهشی و فناوری,research,,,,https://research.shirazu.ac.ir/-/%D8%B2%D9%87%D8%B1%D8%A7-%D8%AD%D8%B3%DB%8C%D9%86%DB%8C%D8%8C-%D9%85%D8%B3%D8%A6%D9%88%D9%84-%D8%AF%D9%81%D8%AA%D8%B1-%D9%85%D8%AF%DB%8C%D8%B1%DB%8C%D8%AA-%D8%A7%D9%85%D9%88%D8%B1-%D9%BE%DA%98%D9%88%D9%87%D8%B4%DB%8C,verified,2026-08-11
razi-discovery-unit-library-4784ff0b6617,razi,كتابخانه دانشگاه رازي كرمانشاه,library,,,,https://lib.razi.ac.ir/Dl/Sportal/,verified,2026-08-11
razi-discovery-unit-library-a393d4d23fed,razi,اعلام ضریب تأثیر نشریات علمی دانشگاه توسط موسسه استنادی و پایش علم و فناوری جهان اسلام (ISC) - معاونت پژوهشی و فناوری,library,,,,https://are.razi.ac.ir/fa/w/%D8%A7%D8%B9%D9%84%D8%A7%D9%85-%D8%B6%D8%B1%DB%8C%D8%A8-%D8%AA%D8%A3%D8%AB%DB%8C%D8%B1-%D9%86%D8%B4%D8%B1%DB%8C%D8%A7%D8%AA-%D8%B9%D9%84%D9%85%DB%8C-%D8%AF%D8%A7%D9%86%D8%B4%DA%AF%D8%A7%D9%87-%D8%AA%D9%88%D8%B3%D8%B7-%D9%85%D9%88%D8%B3%D8%B3%D9%87-%D8%A7?redirect=%2F,verified,2026-08-11
mazandaran-discovery-unit-library-f741e39bb0b3,mazandaran,کتابخانه مرکزی و مرکز اسناد - research,library,,,,https://research.umz.ac.ir/library,verified,2026-08-11
mazandaran-discovery-unit-library-425f6f8ee74f,mazandaran,کتابخانه مرکزی و مرکز اسناد - research,library,,,,https://umz.ac.ir/web/research/library,verified,2026-08-11
mazandaran-discovery-unit-library-d0b3e29923aa,mazandaran,کتابخانه مرکزی - research,library,,,,https://research.umz.ac.ir/%DA%A9%D8%AA%D8%A7%D8%A8%D8%AE%D8%A7%D9%86%D9%87-%D9%85%D8%B1%DA%A9%D8%B2%DB%8C,verified,2026-08-11
tarbiat-modares-discovery-unit-laboratory-9b6ecf427357,tarbiat-modares,پایگاه خبری دانشگاه تربیت مدرس - تأکید بر ایمنی محیط‌های پژوهشی و آزمایشگاه | دانشگاه تربیت مدرس,laboratory,,,,https://news.modares.ac.ir/res-news-list/%D8%AA%D8%A3%DA%A9%DB%8C%D8%AF%20%D8%A8%D8%B1%20%D8%B1%D8%B9%D8%A7%DB%8C%D8%AA%20%D9%85%D9%88%D8%A7%D8%B1%D8%AF%20%D8%A7%DB%8C%D9%85%D9%86%DB%8C%20%D8%AF%D8%B1%20%D8%A2%D8%B2%D9%85%D8%A7%DB%8C%D8%B4%DA%AF%D8%A7%D9%87%E2%80%8C%D9%87%D8%A7%20%D9%88%20%D8%B9%D8%B1%D8%B5%D9%87%E2%80%8C%D9%87%D8%A7%DB%8C%20%D9%BE%DA%98%D9%88%D9%87%D8%B4%DB%8C%20%D8%AF%D8%A7%D9%86%D8%B4%DA%AF%D8%A7%D9%87,verified,2026-08-11
isfahan-discovery-unit-library-38e57f9ec4e7,isfahan,کتابخانه مرکزی دانشگاه اصفهان | آیین نامه ها و فرم ها,library,,,,https://library.ui.ac.ir/%d8%a2%db%8c%db%8c%d9%86-%d9%86%d8%a7%d9%85%d9%87-%d9%87%d8%a7-%d9%88-%d9%81%d8%b1%d9%85-%d9%87%d8%a7-%d8%ac%d9%87%d8%aa-%d9%84%db%8c%d9%86%da%a9,verified,2026-08-11
isfahan-discovery-unit-library-15abcfbca16f,isfahan,کتابخانه مرکزی دانشگاه اصفهان | چگونگی بارگذاری پایان نامه در نرم افزار کتابخانه مرکزی دانشگاه اصفهان,library,,,,https://library.ui.ac.ir/%DA%86%DA%AF%D9%88%D9%86%DA%AF%DB%8C-%D8%A8%D8%A7%D8%B1%DA%AF%D8%B0%D8%A7%D8%B1%DB%8C-%D9%BE%D8%A7%DB%8C%D8%A7%D9%86-%D9%86%D8%A7%D9%85%D9%87-%D8%AF%D8%B1-%D9%86%D8%B1%D9%85-%D8%A7%D9%81%D8%B2%D8%A7%D8%B1-%DA%A9%D8%AA%D8%A7%D8%A8%D8%AE%D8%A7%D9%86%D9%87-%D9%85%D8%B1%DA%A9%D8%B2%DB%8C-%D8%AF%D8%A7%D9%86%D8%B4%DA%AF%D8%A7%D9%87-%D8%A7%D8%B5%D9%81%D9%87%D8%A7%D9%86,verified,2026-08-11
isfahan-discovery-unit-library-e20880efdc53,isfahan,کتابخانه مرکزی دانشگاه اصفهان | خانه,library,,,,https://library.ui.ac.ir/,verified,2026-08-11
isfahan-discovery-unit-library-8503b104c83d,isfahan,کتابخانه مرکزی دانشگاه اصفهان | آئین نامه پذیرش منابع اهدایی کتابخانه مرکزی و مرکز اسناد دانشگاه اصفهان- ۱۴۰۳,library,,,,https://library.ui.ac.ir/%D8%A2%D8%A6%DB%8C%D9%86-%D9%86%D8%A7%D9%85%D9%87-%D9%BE%D8%B0%DB%8C%D8%B1%D8%B4-%D9%85%D9%86%D8%A7%D8%A8%D8%B9-%D8%A7%D9%87%D8%AF%D8%A7%DB%8C%DB%8C-%DA%A9%D8%AA%D8%A7%D8%A8%D8%AE%D8%A7%D9%86%D9%87-%D9%85%D8%B1%DA%A9%D8%B2%DB%8C-%D9%88-%D9%85%D8%B1%DA%A9%D8%B2-%D8%A7%D8%B3%D9%86%D8%A7%D8%AF-%D8%AF%D8%A7%D9%86%D8%B4%DA%AF%D8%A7%D9%87-%D8%A7%D8%B5%D9%81%D9%87%D8%A7%D9%86%E2%80%93-%DB%B1%DB%B4%DB%B0%DB%B3,verified,2026-08-11
isfahan-discovery-unit-library-2d75e55debc5,isfahan,کتابخانه مرکزی دانشگاه اصفهان | آئین نامه عضویت کتابخانه مرکزی و مرکز اسناد- ۱۴۰۳,library,,,,https://library.ui.ac.ir/%D8%A2%D8%A6%DB%8C%D9%86-%D9%86%D8%A7%D9%85%D9%87-%D8%B9%D8%B6%D9%88%DB%8C%D8%AA-%DA%A9%D8%AA%D8%A7%D8%A8%D8%AE%D8%A7%D9%86%D9%87-%D9%85%D8%B1%DA%A9%D8%B2%DB%8C-%D9%88-%D9%85%D8%B1%DA%A9%D8%B2-%D8%A7%D8%B3%D9%86%D8%A7%D8%AF%E2%80%93-%DB%B1%DB%B4%DB%B0%DB%B3,verified,2026-08-11
isfahan-discovery-unit-library-9dfd1100b9a3,isfahan,کتابخانه دانشگاه اصفهان ، کتابخانه 2.0 ثنا,library,,,,https://lib.ui.ac.ir/DL/Search/,verified,2026-08-11
isfahan-discovery-unit-industry-30b0380d5910,isfahan,مدیریت ارتباط با جامعه و صنعت | خانه,industry,,,,https://iro.ui.ac.ir/,verified,2026-08-11
isfahan-discovery-unit-library-2860c8353c66,isfahan,معاونت پژوهش و فناوری | اداره چاپ و انتشارات,library,,,,https://research.ui.ac.ir/-%D8%A7%D8%AF%D8%A7%D8%B1%D9%87-%DA%86%D8%A7%D9%BE-%D9%88-%D8%A7%D9%86%D8%AA%D8%B4%D8%A7%D8%B1%D8%A7%D8%AA,verified,2026-08-11
isfahan-discovery-unit-library-73b64b23cffe,isfahan,کتابخانه مرکزی دانشگاه اصفهان | آیین نامه ها و فرم ها,library,,,,https://library.ui.ac.ir/%D8%A2%DB%8C%DB%8C%D9%86-%D9%86%D8%A7%D9%85%D9%87-%D9%87%D8%A7-%D9%88-%D9%81%D8%B1%D9%85-%D9%87%D8%A7-%D8%AC%D9%87%D8%AA-%D9%84%DB%8C%D9%86%DA%A9,verified,2026-08-11
isfahan-discovery-unit-library-7704caf15255,isfahan,کتابخانه مرکزی دانشگاه اصفهان | خدمات پژوهشی و پایان نامه,library,,,,https://library.ui.ac.ir/%D8%AE%D8%AF%D9%85%D8%A7%D8%AA-%D9%BE%DA%98%D9%88%D9%87%D8%B4%DB%8C-%D9%88-%D9%BE%D8%A7%DB%8C%D8%A7%D9%86-%D9%86%D8%A7%D9%85%D9%87,verified,2026-08-11
isfahan-discovery-unit-library-446eb532fd93,isfahan,کتابخانه مرکزی دانشگاه اصفهان | آدرس Email جهت ارسال pdf پایان نامه thesisdl@res.ui.ac.ir,library,,,,https://library.ui.ac.ir/%D8%A2%D8%AF%D8%B1%D8%B3-Email-%D8%AC%D9%87%D8%AA-%D8%A7%D8%B1%D8%B3%D8%A7%D9%84-pdf-%D9%BE%D8%A7%DB%8C%D8%A7%D9%86-%D9%86%D8%A7%D9%85%D9%87-thesisdl@res%C2%B7ui%C2%B7ac%C2%B7ir-,verified,2026-08-11
isfahan-discovery-unit-library-c2d2ac1b990d,isfahan,کتابخانه مرکزی دانشگاه اصفهان | اعلام شماره ی شبا جهت بخش پایان نامه ها,library,,,,https://library.ui.ac.ir/%D8%A7%D8%B9%D9%84%D8%A7%D9%85-%D8%B4%D9%85%D8%A7%D8%B1%D9%87-%DB%8C-%D8%B4%D8%A8%D8%A7-%D8%AC%D9%87%D8%AA-%D8%A8%D8%AE%D8%B4-%D9%BE%D8%A7%DB%8C%D8%A7%D9%86-%D9%86%D8%A7%D9%85%D9%87-%D9%87%D8%A7,verified,2026-08-11
isfahan-discovery-unit-library-f70c57b97845,isfahan,کتابخانه مرکزی دانشگاه اصفهان | شیوه نامه نگارش پایان نامه/ رساله,library,,,,https://library.ui.ac.ir/%D8%B4%DB%8C%D9%88%D9%87-%D9%86%D8%A7%D9%85%D9%87-%D9%86%DA%AF%D8%A7%D8%B1%D8%B4-%D9%BE%D8%A7%DB%8C%D8%A7%D9%86-%D9%86%D8%A7%D9%85%D9%87%E2%81%84-%D8%B1%D8%B3%D8%A7%D9%84%D9%87,verified,2026-08-11
isfahan-discovery-unit-library-716b02d561e8,isfahan,کتابخانه مرکزی دانشگاه اصفهان | حوزه موضوعی پایان نامه ها جهت ثبت در صفحه تصویب نامه لاتین,library,,,,https://library.ui.ac.ir/%D8%AD%D9%88%D8%B2%D9%87-%D9%85%D9%88%D8%B6%D9%88%D8%B9%DB%8C-%D9%BE%D8%A7%DB%8C%D8%A7%D9%86-%D9%86%D8%A7%D9%85%D9%87-%D9%87%D8%A7-%D8%AC%D9%87%D8%AA-%D8%AB%D8%A8%D8%AA-%D8%AF%D8%B1-%D8%B5%D9%81%D8%AD%D9%87-%D8%AA%D8%B5%D9%88%DB%8C%D8%A8-%D9%86%D8%A7%D9%85%D9%87-%D9%84%D8%A7%D8%AA%DB%8C%D9%86,verified,2026-08-11
isfahan-discovery-unit-library-ae99900d72ab,isfahan,کتابخانه مرکزی دانشگاه اصفهان | تهیه سی دی پایان نامه/رساله و تحویل به بخش پایان نامه ها,library,,,,https://library.ui.ac.ir/%D8%AA%D9%87%DB%8C%D9%87-%D8%B3%DB%8C-%D8%AF%DB%8C-%D9%BE%D8%A7%DB%8C%D8%A7%D9%86-%D9%86%D8%A7%D9%85%D9%87%E2%81%84%D8%B1%D8%B3%D8%A7%D9%84%D9%87-%D9%88-%D8%AA%D8%AD%D9%88%DB%8C%D9%84-%D8%A8%D9%87-%D8%A8%D8%AE%D8%B4-%D9%BE%D8%A7%DB%8C%D8%A7%D9%86-%D9%86%D8%A7%D9%85%D9%87-%D9%87%D8%A7,verified,2026-08-11
isfahan-discovery-unit-library-4e191942eb01,isfahan,کتابخانه مرکزی دانشگاه اصفهان | دریافت قالب پایان نامه مقطع دکتری,library,,,,https://library.ui.ac.ir/%D8%AF%D8%B1%DB%8C%D8%A7%D9%81%D8%AA-%D9%82%D8%A7%D9%84%D8%A8-%D9%BE%D8%A7%DB%8C%D8%A7%D9%86-%D9%86%D8%A7%D9%85%D9%87-%D9%85%D9%82%D8%B7%D8%B9-%D8%AF%DA%A9%D8%AA%D8%B1%DB%8C,verified,2026-08-11
isfahan-discovery-unit-library-54edcb215c3d,isfahan,کتابخانه مرکزی دانشگاه اصفهان | دریافت قالب پایان نامه مقطع کارشناسی ارشد,library,,,,https://library.ui.ac.ir/%D8%AF%D8%B1%DB%8C%D8%A7%D9%81%D8%AA-%D9%82%D8%A7%D9%84%D8%A8-%D9%BE%D8%A7%DB%8C%D8%A7%D9%86-%D9%86%D8%A7%D9%85%D9%87-%D9%85%D9%82%D8%B7%D8%B9-%DA%A9%D8%A7%D8%B1%D8%B4%D9%86%D8%A7%D8%B3%DB%8C-%D8%A7%D8%B1%D8%B4%D8%AF,verified,2026-08-11
isfahan-discovery-unit-industry-1185dbf1cf5f,isfahan,مدیریت ارتباط با جامعه و صنعت | شیوه نامه فرصت مطالعاتی اعضای هیات علمی دانشگاه ها و موسسات پژوهشی در جامعه و صنعت _ وزارت عتف,industry,,,,https://iro.ui.ac.ir/-%D8%B4%DB%8C%D9%88%D9%87-%D9%86%D8%A7%D9%85%D9%87-%D9%81%D8%B1%D8%B5%D8%AA-%D9%85%D8%B7%D8%A7%D9%84%D8%B9%D8%A7%D8%AA%DB%8C-%D8%A7%D8%B9%D8%B6%D8%A7%DB%8C-%D9%87%DB%8C%D8%A7%D8%AA-%D8%B9%D9%84%D9%85%DB%8C-%D8%AF%D8%A7%D9%86%D8%B4%DA%AF%D8%A7%D9%87-%D9%87%D8%A7-%D9%88-%D9%85%D9%88%D8%B3%D8%B3%D8%A7%D8%AA-%D9%BE%DA%98%D9%88%D9%87%D8%B4%DB%8C-%D8%AF%D8%B1-%D8%AC%D8%A7%D9%85%D8%B9%D9%87-%D9%88-%D8%B5%D9%86%D8%B9%D8%AA-_-%D9%88%D8%B2%D8%A7%D8%B1%D8%AA-%D8%B9%D8%AA%D9%81,verified,2026-08-11
isfahan-discovery-unit-technology-5c77c8bea3d9,isfahan,گروه کارآفرینی و رشد فناوری | خانه,technology,,,,https://roshd.ui.ac.ir/,verified,2026-08-11
kharazmi-discovery-unit-library-204d306ffc71,kharazmi,کتابخانه مرکزی موزه و مرکز اسناد - دانشگاه خوارزمی - معاونت پژوهش و فناوری,library,,,,https://research.khu.ac.ir/page/30278/%DA%A9%D8%AA%D8%A7%D8%A8%D8%AE%D8%A7%D9%86%D9%87-%D9%85%D8%B1%DA%A9%D8%B2%DB%8C%D8%8C-%D9%85%D9%88%D8%B2%D9%87-%D9%88-%D9%85%D8%B1%DA%A9%D8%B2-%D8%A7%D8%B3%D9%86%D8%A7%D8%AF,verified,2026-08-11
kharazmi-discovery-unit-library-1694ddf6e773,kharazmi,Introduction-to-the-library - دانشگاه خوارزمی - کتابخانه مرکزی موزه و مرکز اسناد,library,,,,https://lib.khu.ac.ir/page/23640/Introduction-to-the-library,verified,2026-08-11
kharazmi-discovery-unit-library-b1cb4ca0dfad,kharazmi,Director-of-the-Library - دانشگاه خوارزمی - کتابخانه مرکزی موزه و مرکز اسناد,library,,,,https://lib.khu.ac.ir/page/23643/Director-of-the-Library,verified,2026-08-11
kharazmi-discovery-unit-library-d56a9c1a30b3,kharazmi,گزارش عملکرد یک ساله کتابخانه مرکزی موزه و مرکز اسناد دانشگاه خوارزمی(۱۴۰۴-۱۴۰۳) - دانشگاه خوارزمی - کتابخانه مرکزی موزه و مرکز اسناد,library,,,,https://lib.khu.ac.ir/content/76436/%DA%AF%D8%B2%D8%A7%D8%B1%D8%B4-%D8%B9%D9%85%D9%84%DA%A9%D8%B1%D8%AF-%DB%8C%DA%A9-%D8%B3%D8%A7%D9%84%D9%87-%DA%A9%D8%AA%D8%A7%D8%A8%D8%AE%D8%A7%D9%86%D9%87-%D9%85%D8%B1%DA%A9%D8%B2%DB%8C%D8%8C-%D9%85%D9%88%D8%B2%D9%87-%D9%88-%D9%85%D8%B1%DA%A9%D8%B2-%D8%A7%D8%B3%D9%86%D8%A7%D8%AF-%D8%AF%D8%A7%D9%86%D8%B4%DA%AF%D8%A7%D9%87-%D8%AE%D9%88%D8%A7%D8%B1%D8%B2%D9%85%DB%8C_YW_PAR_OPEN_%DB%B1%DB%B4%DB%B0%DB%B4-%DB%B1%DB%B4%DB%B0%DB%B3_YW_PAR_CLOSE_,verified,2026-08-11
kharazmi-discovery-unit-library-d45f2a75f365,kharazmi,دانشگاه خوارزمی - کتابخانه مرکزی موزه و مرکز اسناد,library,,,,https://lib.khu.ac.ir/,verified,2026-08-11
kharazmi-discovery-unit-library-ec2bf488ba22,kharazmi,دانشگاه خوارزمی - کتابخانه مرکزی موزه و مرکز اسناد,library,,,,https://lib.khu.ac.ir/index.php?sid=15&slc_lang=fa,verified,2026-08-11
kharazmi-discovery-unit-library-c30664ef012d,kharazmi,ادارت - دانشگاه خوارزمی - کتابخانه مرکزی موزه و مرکز اسناد,library,,,,https://lib.khu.ac.ir/content/76686/%D8%A7%D8%AF%D8%A7%D8%B1%D8%AA,verified,2026-08-11
kharazmi-discovery-unit-library-82cb1e20e0ff,kharazmi,فهرست افراد - دانشگاه خوارزمی - کتابخانه مرکزی موزه و مرکز اسناد,library,,,,https://lib.khu.ac.ir/persons.php?slc_lang=fa&sid=15,verified,2026-08-11
kharazmi-discovery-unit-library-57402e93e192,kharazmi,فهرست افراد - دانشگاه خوارزمی - کتابخانه مرکزی موزه و مرکز اسناد,library,,,,https://lib.khu.ac.ir/persons.php?sid=15&slc_lang=fa&section_id=111,verified,2026-08-11
kharazmi-discovery-unit-library-35eb71271cb1,kharazmi,مشخصات افراد - دانشگاه خوارزمی - کتابخانه مرکزی موزه و مرکز اسناد,library,,,,https://lib.khu.ac.ir/persons.php?ppup=1&slc_lang=fa&sid=15&prsn_id=235,verified,2026-08-11
kharazmi-discovery-unit-library-050dc96c5205,kharazmi,فهرست افراد - دانشگاه خوارزمی - کتابخانه مرکزی موزه و مرکز اسناد,library,,,,https://lib.khu.ac.ir/persons.php?sid=15&slc_lang=fa&section_id=110,verified,2026-08-11
kharazmi-discovery-unit-library-e25968b15f20,kharazmi,مشخصات افراد - دانشگاه خوارزمی - کتابخانه مرکزی موزه و مرکز اسناد,library,,,,https://lib.khu.ac.ir/persons.php?ppup=1&slc_lang=fa&sid=15&prsn_id=256,verified,2026-08-11
kharazmi-discovery-unit-it-8c26a117dc24,kharazmi,مرکز فناوری اطلاعات و ارتباطات - دانشگاه خوارزمی - معاونت پژوهش و فناوری,it,,organizationally-attributed,,https://research.khu.ac.ir/page/30241/%D9%85%D8%B1%DA%A9%D8%B2-%D9%81%D9%86%D8%A7%D9%88%D8%B1%DB%8C-%D8%A7%D8%B7%D9%84%D8%A7%D8%B9%D8%A7%D8%AA-%D9%88-%D8%A7%D8%B1%D8%AA%D8%A8%D8%A7%D8%B7%D8%A7%D8%AA,verified,2026-08-11
kharazmi-discovery-unit-library-6ab7fdfacb61,kharazmi,آیین‌نامه‌ها و شیوه‌نامه‌ها - دانشگاه خوارزمی - کتابخانه مرکزی موزه و مرکز اسناد,library,,,,https://lib.khu.ac.ir/find.php?item=15.23762.60672.fa,verified,2026-08-11
kharazmi-discovery-unit-library-f53bce1e3b6a,kharazmi,کتابخانه مرکزی، موزه و مرکز اسناد,library,,,,https://lib.khu.ac.ir/page/23640/index.php?sid=15&slc_lang=fa,verified,2026-08-11
kharazmi-discovery-unit-library-92c6361f00e2,kharazmi,کتابخانه مرکزی، موزه و مرکز اسناد,library,,,,https://lib.khu.ac.ir/page/23643/index.php?sid=15&slc_lang=fa,verified,2026-08-11
kharazmi-discovery-unit-library-f518b629daa0,kharazmi,کتابخانه مرکزی، موزه و مرکز اسناد,library,,,,https://lib.khu.ac.ir/content/76436/index.php?sid=15&slc_lang=fa,verified,2026-08-11
kharazmi-discovery-unit-library-bbe010c62511,kharazmi,کتابخانه مرکزی، موزه و مرکز اسناد,library,,,,https://lib.khu.ac.ir/content/76686/index.php?sid=15&slc_lang=fa,verified,2026-08-11
allameh-discovery-unit-library-b4f9a3b48dfe,allameh,کتابخانه مرکزی و مرکز اسناد دانشگاه علامه طباطبائی,library,,,,https://library.atu.ac.ir/fa/tag/12138/%DA%A9%D8%AA%D8%A7%D8%A8%D8%AE%D8%A7%D9%86%D9%87+%D9%85%D8%B1%DA%A9%D8%B2%DB%8C+%D9%88+%D9%85%D8%B1%DA%A9%D8%B2+%D8%A7%D8%B3%D9%86%D8%A7%D8%AF+%D8%AF%D8%A7%D9%86%D8%B4%DA%AF%D8%A7%D9%87+%D8%B9%D9%84%D8%A7%D9%85%D9%87+%D8%B7%D8%A8%D8%A7%D8%B7%D8%A8%D8%A7%D8%A6%DB%8C,verified,2026-08-11
allameh-discovery-unit-library-f195eb570946,allameh,رئیس کتابخانه مرکزی و مرکز اسناد دانشگاه - کتابخانه مرکزی و مرکز اسناد دانشگاه,library,,,,https://library.atu.ac.ir/fa/page/10332/%D8%B1%D8%A6%DB%8C%D8%B3-%DA%A9%D8%AA%D8%A7%D8%A8%D8%AE%D8%A7%D9%86%D9%87-%D9%85%D8%B1%DA%A9%D8%B2%DB%8C-%D9%88-%D9%85%D8%B1%DA%A9%D8%B2-%D8%A7%D8%B3%D9%86%D8%A7%D8%AF-%D8%AF%D8%A7%D9%86%D8%B4%DA%AF%D8%A7%D9%87,verified,2026-08-11
allameh-discovery-unit-library-32107f1b36e8,allameh,جامعه کاربران کتابخانه مرکزی و مرکز اسناد دانشگاه - کتابخانه مرکزی و مرکز اسناد دانشگاه,library,,,,https://library.atu.ac.ir/fa/page/10224/%D8%AC%D8%A7%D9%85%D8%B9%D9%87-%DA%A9%D8%A7%D8%B1%D8%A8%D8%B1%D8%A7%D9%86-%DA%A9%D8%AA%D8%A7%D8%A8%D8%AE%D8%A7%D9%86%D9%87-%D9%85%D8%B1%DA%A9%D8%B2%DB%8C-%D9%88-%D9%85%D8%B1%DA%A9%D8%B2-%D8%A7%D8%B3%D9%86%D8%A7%D8%AF-%D8%AF%D8%A7%D9%86%D8%B4%DA%AF%D8%A7%D9%87,verified,2026-08-11
allameh-discovery-unit-library-6cb1269cb091,allameh,تفاهم نامه‌های کتابخانه مرکزی و مرکز اسناد دانشگاه با سایر کتابخانه ها - کتابخانه مرکزی و مرکز اسناد دانشگاه,library,,,,https://library.atu.ac.ir/fa/page/10226/%D8%AA%D9%81%D8%A7%D9%87%D9%85-%D9%86%D8%A7%D9%85%D9%87-%D9%87%D8%A7%DB%8C-%DA%A9%D8%AA%D8%A7%D8%A8%D8%AE%D8%A7%D9%86%D9%87-%D9%85%D8%B1%DA%A9%D8%B2%DB%8C-%D9%88-%D9%85%D8%B1%DA%A9%D8%B2-%D8%A7%D8%B3%D9%86%D8%A7%D8%AF-%D8%AF%D8%A7%D9%86%D8%B4%DA%AF%D8%A7%D9%87-%D8%A8%D8%A7-%D8%B3%D8%A7%DB%8C%D8%B1-%DA%A9%D8%AA%D8%A7%D8%A8%D8%AE%D8%A7%D9%86%D9%87-%D9%87%D8%A7,verified,2026-08-11
allameh-discovery-unit-library-1208097b91c7,allameh,برگزاری نشست نقد کتاب در کتابخانه مرکزی و مرکز اسناد دانشگاه,library,,,,https://library.atu.ac.ir/fa/news/32501/%D8%A8%D8%B1%DA%AF%D8%B2%D8%A7%D8%B1%DB%8C-%D9%86%D8%B4%D8%B3%D8%AA-%D9%86%D9%82%D8%AF-%DA%A9%D8%AA%D8%A7%D8%A8-%D8%AF%D8%B1-%DA%A9%D8%AA%D8%A7%D8%A8%D8%AE%D8%A7%D9%86%D9%87-%D9%85%D8%B1%DA%A9%D8%B2%DB%8C-%D9%88-%D9%85%D8%B1%DA%A9%D8%B2-%D8%A7%D8%B3%D9%86%D8%A7%D8%AF-%D8%AF%D8%A7%D9%86%D8%B4%DA%AF%D8%A7%D9%87,verified,2026-08-11
allameh-discovery-unit-library-ff37160f363b,allameh,خوش‌آمدگویی کتابخانه مرکزی و مرکز اسناد دانشگاه علامه طباطبائی به دانشجویان نوورود و خبر ایجاد پروفایل کاربری برای این دانشجویان در کتابخانۀ دیجیتالی کتابخانه مرکزی و مرکز اسناد دانشگاه,library,,,,https://library.atu.ac.ir/fa/news/16304/%D8%AE%D9%88%D8%B4-%D8%A2%D9%85%D8%AF%DA%AF%D9%88%DB%8C%DB%8C-%DA%A9%D8%AA%D8%A7%D8%A8%D8%AE%D8%A7%D9%86%D9%87-%D9%85%D8%B1%DA%A9%D8%B2%DB%8C-%D9%88-%D9%85%D8%B1%DA%A9%D8%B2-%D8%A7%D8%B3%D9%86%D8%A7%D8%AF-%D8%AF%D8%A7%D9%86%D8%B4%DA%AF%D8%A7%D9%87-%D8%B9%D9%84%D8%A7%D9%85%D9%87-%D8%B7%D8%A8%D8%A7%D8%B7%D8%A8%D8%A7%D8%A6%DB%8C-%D8%A8%D9%87-%D8%AF%D8%A7%D9%86%D8%B4%D8%AC%D9%88%DB%8C%D8%A7%D9%86-%D9%86%D9%88%D9%88%D8%B1%D9%88%D8%AF-%D9%88-%D8%AE%D8%A8%D8%B1-%D8%A7%DB%8C%D8%AC%D8%A7%D8%AF-%D9%BE%D8%B1%D9%88%D9%81%D8%A7%DB%8C%D9%84-%DA%A9%D8%A7%D8%B1%D8%A8%D8%B1%DB%8C-%D8%A8%D8%B1%D8%A7%DB%8C-%D8%A7%DB%8C%D9%86-%D8%AF%D8%A7%D9%86%D8%B4%D8%AC%D9%88%DB%8C%D8%A7%D9%86-%D8%AF%D8%B1-%DA%A9%D8%AA%D8%A7%D8%A8%D8%AE%D8%A7%D9%86%DB%80-%D8%AF%DB%8C%D8%AC%DB%8C%D8%AA%D8%A7%D9%84%DB%8C-%DA%A9%D8%AA%D8%A7%D8%A8%D8%AE%D8%A7%D9%86%D9%87-%D9%85%D8%B1%DA%A9%D8%B2%DB%8C-%D9%88-%D9%85%D8%B1%DA%A9%D8%B2-%D8%A7%D8%B3%D9%86%D8%A7%D8%AF-%D8%AF%D8%A7%D9%86%D8%B4%DA%AF%D8%A7%D9%87,verified,2026-08-11
allameh-discovery-unit-library-1aa304b6076b,allameh,کتابخانه مرکزی و مرکز اسناد,library,,,,https://research.atu.ac.ir/fa/person/category/297/%DA%A9%D8%AA%D8%A7%D8%A8%D8%AE%D8%A7%D9%86%D9%87-%D9%85%D8%B1%DA%A9%D8%B2%DB%8C-%D9%88-%D9%85%D8%B1%DA%A9%D8%B2-%D8%A7%D8%B3%D9%86%D8%A7%D8%AF,verified,2026-08-11
allameh-discovery-unit-library-d558f3f19825,allameh,کتابخانه مرکزی و مرکز اسناد دانشگاه,library,,,,https://library.atu.ac.ir/fa,verified,2026-08-11
allameh-discovery-unit-library-413332cd83f6,allameh,شرایط تسویه‌حساب و تحویل غیرحضوری پایان‌نامه/ رساله به کتابخانه مرکزی و مرکز اسناد - کتابخانه مرکزی و مرکز اسناد دانشگاه,library,,,,https://library.atu.ac.ir/fa/page/10877/%D8%B4%D8%B1%D8%A7%DB%8C%D8%B7-%D8%AA%D8%B3%D9%88%DB%8C%D9%87-%D8%AD%D8%B3%D8%A7%D8%A8-%D9%88-%D8%AA%D8%AD%D9%88%DB%8C%D9%84-%D8%BA%DB%8C%D8%B1%D8%AD%D8%B6%D9%88%D8%B1%DB%8C-%D9%BE%D8%A7%DB%8C%D8%A7%D9%86-%D9%86%D8%A7%D9%85%D9%87-%D8%B1%D8%B3%D8%A7%D9%84%D9%87-%D8%A8%D9%87-%DA%A9%D8%AA%D8%A7%D8%A8%D8%AE%D8%A7%D9%86%D9%87-%D9%85%D8%B1%DA%A9%D8%B2%DB%8C-%D9%88-%D9%85%D8%B1%DA%A9%D8%B2-%D8%A7%D8%B3%D9%86%D8%A7%D8%AF,verified,2026-08-11
allameh-discovery-unit-library-3edf8bf40a88,allameh,تور مجازی کتابخانه مرکزی دانشگاه علامه طباطبایی | Virtual tour generated by Panotour and Livepano,library,,,,https://library.atu.ac.ir/virtual360/,verified,2026-08-11
allameh-discovery-unit-library-7d1000409038,allameh,فرم سفارش خرید منابع علمی کتابخانه مرکزی,library,,,,https://library.atu.ac.ir/fa/form/318/%D9%81%D8%B1%D9%85-%D8%B3%D9%81%D8%A7%D8%B1%D8%B4-%D8%AE%D8%B1%DB%8C%D8%AF-%D9%85%D9%86%D8%A7%D8%A8%D8%B9-%D8%B9%D9%84%D9%85%DB%8C-%DA%A9%D8%AA%D8%A7%D8%A8%D8%AE%D8%A7%D9%86%D9%87-%D9%85%D8%B1%DA%A9%D8%B2%DB%8C,verified,2026-08-11
allameh-discovery-unit-library-563a5b386d89,allameh,معرفی مدیر کتابخانه مرکزی,library,,,,https://research.atu.ac.ir/fa/person/category/208/%D9%85%D8%B9%D8%B1%D9%81%DB%8C-%D9%85%D8%AF%DB%8C%D8%B1-%DA%A9%D8%AA%D8%A7%D8%A8%D8%AE%D8%A7%D9%86%D9%87-%D9%85%D8%B1%DA%A9%D8%B2%DB%8C,verified,2026-08-11
allameh-discovery-unit-technology-8efd3623ab6f,allameh,معرفی معاونت - معاونت پژوهشی دانشگاه,technology,,,,https://research.atu.ac.ir/fa/page/904/%D9%85%D8%B9%D8%B1%D9%81%DB%8C-%D9%85%D8%B9%D8%A7%D9%88%D9%86%D8%AA,verified,2026-08-11
allameh-discovery-unit-industry-c1cfc1a86c65,allameh,سامانه‌های مرتبط با مرکز ارتباط با جامعه و صنعت - معاونت پژوهشی دانشگاه,industry,,,,https://research.atu.ac.ir/fa/page/11034/%D8%B3%D8%A7%D9%85%D8%A7%D9%86%D9%87-%D9%87%D8%A7%DB%8C-%D9%85%D8%B1%D8%AA%D8%A8%D8%B7-%D8%A8%D8%A7-%D9%85%D8%B1%DA%A9%D8%B2-%D8%A7%D8%B1%D8%AA%D8%A8%D8%A7%D8%B7-%D8%A8%D8%A7-%D8%AC%D8%A7%D9%85%D8%B9%D9%87-%D9%88-%D8%B5%D9%86%D8%B9%D8%AA,verified,2026-08-11
allameh-discovery-unit-research-3306d70b74f8,allameh,مدیریت امور پژوهشی - معاونت پژوهشی دانشگاه,research,,,,https://research.atu.ac.ir/fa/page/905/%D9%85%D8%AF%DB%8C%D8%B1%DB%8C%D8%AA-%D8%A7%D9%85%D9%88%D8%B1-%D9%BE%DA%98%D9%88%D9%87%D8%B4%DB%8C,verified,2026-08-11
shahid-bahonar-kerman-discovery-unit-research-aa910d640448,shahid-bahonar-kerman,معرفی معاونت پژوهشی و فناوری - show-content - معاونت پژوهشی و فناوری,research,,,,https://vcresearch.uk.ac.ir/-/%D9%85%D8%B9%D8%B1%D9%81%DB%8C-%D9%85%D8%B9%D8%A7%D9%88%D9%86%D8%AA-%D9%BE%DA%98%D9%88%D9%87%D8%B4%DB%8C-%D9%88-%D9%81%D9%86%D8%A7%D9%88%D8%B1%DB%8C,verified,2026-08-11
shahid-bahonar-kerman-discovery-unit-research-4e353748e495,shahid-bahonar-kerman,معرفی معاونت پژوهشی و فناوری - show-content - معاونت پژوهشی و فناوری,research,,,,https://vcresearch.uk.ac.ir/show-content/-/asset_publisher/u4ipR7pesLZC/content/%D9%85%D8%B9%D8%B1%D9%81%DB%8C-%D9%85%D8%B9%D8%A7%D9%88%D9%86%D8%AA-%D9%BE%DA%98%D9%88%D9%87%D8%B4%DB%8C-%D9%88-%D9%81%D9%86%D8%A7%D9%88%D8%B1%DB%8C,verified,2026-08-11
guilan-discovery-unit-library-403f54c2c947,guilan,رئیس مرکز اسناد، کتابخانه و نشر دانشگاه منصوب شد - معاونت پژوهش و فناوری,library,,,,https://resvp.guilan.ac.ir/fa/w/%D8%B1%D8%A6%DB%8C%D8%B3-%D9%85%D8%B1%DA%A9%D8%B2-%D8%A7%D8%B3%D9%86%D8%A7%D8%AF%D8%8C-%DA%A9%D8%AA%D8%A7%D8%A8%D8%AE%D8%A7%D9%86%D9%87-%D9%88-%D9%86%D8%B4%D8%B1-%D8%AF%D8%A7%D9%86%D8%B4%DA%AF%D8%A7%D9%87-%D9%85%D9%86%D8%B5%D9%88%D8%A8-%D8%B4%D8%AF-2?redirect=%2F,verified,2026-08-11
guilan-discovery-unit-library-2c615dfe6427,guilan,بازدید معاونت پژوهش و فناوری دانشگاه از کتابخانه مرکزی رشت با هدف توسعه همکاری‌های مشترک - معاونت پژوهش و فناوری,library,,,,https://resvp.guilan.ac.ir/fa/w/%D8%A8%D8%A7%D8%B2%D8%AF%DB%8C%D8%AF-%D9%85%D8%B9%D8%A7%D9%88%D9%86%D8%AA-%D9%BE%DA%98%D9%88%D9%87%D8%B4-%D9%88-%D9%81%D9%86%D8%A7%D9%88%D8%B1%DB%8C-%D8%AF%D8%A7%D9%86%D8%B4%DA%AF%D8%A7%D9%87-%D8%A7%D8%B2-%DA%A9%D8%AA%D8%A7%D8%A8%D8%AE%D8%A7%D9%86%D9%87-?redirect=%2F,verified,2026-08-11
guilan-discovery-unit-library-43df8bff776c,guilan,رئیس مرکز اسناد، کتابخانه و نشر دانشگاه منصوب شد - معاونت پژوهش و فناوری,library,,,,https://resvp.guilan.ac.ir/fa/w/%D8%B1%D8%A6%DB%8C%D8%B3-%D9%85%D8%B1%DA%A9%D8%B2-%D8%A7%D8%B3%D9%86%D8%A7%D8%AF%D8%8C-%DA%A9%D8%AA%D8%A7%D8%A8%D8%AE%D8%A7%D9%86%D9%87-%D9%88-%D9%86%D8%B4%D8%B1-%D8%AF%D8%A7%D9%86%D8%B4%DA%AF%D8%A7%D9%87-%D9%85%D9%86%D8%B5%D9%88%D8%A8-%D8%B4%D8%AF-2?redirect=%2Ffa%2Fw%2F%25D8%25B1%25D8%25A6%25DB%258C%25D8%25B3-%25D9%2585%25D8%25B1%25DA%25A9%25D8%25B2-%25D8%25A7%25D8%25B3%25D9%2586%25D8%25A7%25D8%25AF%25D8%258C-%25DA%25A9%25D8%25AA%25D8%25A7%25D8%25A8%25D8%25AE%25D8%25A7%25D9%2586%25D9%2587-%25D9%2588-%25D9%2586%25D8%25B4%25D8%25B1-%25D8%25AF%25D8%25A7%25D9%2586%25D8%25B4%25DA%25AF%25D8%25A7%25D9%2587-%25D9%2585%25D9%2586%25D8%25B5%25D9%2588%25D8%25A8-%25D8%25B4%25D8%25AF-2%3Fredirect%3D%252F,verified,2026-08-11
guilan-discovery-unit-library-d3144b1d79cf,guilan,رئیس مرکز اسناد، کتابخانه و نشر دانشگاه منصوب شد - معاونت پژوهش و فناوری,library,,,,https://resvp.guilan.ac.ir/fa/w/%D8%B1%D8%A6%DB%8C%D8%B3-%D9%85%D8%B1%DA%A9%D8%B2-%D8%A7%D8%B3%D9%86%D8%A7%D8%AF%D8%8C-%DA%A9%D8%AA%D8%A7%D8%A8%D8%AE%D8%A7%D9%86%D9%87-%D9%88-%D9%86%D8%B4%D8%B1-%D8%AF%D8%A7%D9%86%D8%B4%DA%AF%D8%A7%D9%87-%D9%85%D9%86%D8%B5%D9%88%D8%A8-%D8%B4%D8%AF-2?redirect=%2Ffa%2Fw%2F%25D8%25A8%25D8%25A7%25D8%25B2%25D8%25AF%25DB%258C%25D8%25AF-%25D9%2585%25D8%25B9%25D8%25A7%25D9%2588%25D9%2586%25D8%25AA-%25D9%25BE%25DA%2598%25D9%2588%25D9%2587%25D8%25B4-%25D9%2588-%25D9%2581%25D9%2586%25D8%25A7%25D9%2588%25D8%25B1%25DB%258C-%25D8%25AF%25D8%25A7%25D9%2586%25D8%25B4%25DA%25AF%25D8%25A7%25D9%2587-%25D8%25A7%25D8%25B2-%25DA%25A9%25D8%25AA%25D8%25A7%25D8%25A8%25D8%25AE%25D8%25A7%25D9%2586%25D9%2587-%3Fredirect%3D%252F,verified,2026-08-11
guilan-discovery-unit-library-581d55db350a,guilan,رئیس مرکز اسناد، کتابخانه و نشر دانشگاه منصوب شد - معاونت پژوهش و فناوری,library,,,,https://resvp.guilan.ac.ir/fa/w/%D8%B1%D8%A6%DB%8C%D8%B3-%D9%85%D8%B1%DA%A9%D8%B2-%D8%A7%D8%B3%D9%86%D8%A7%D8%AF%D8%8C-%DA%A9%D8%AA%D8%A7%D8%A8%D8%AE%D8%A7%D9%86%D9%87-%D9%88-%D9%86%D8%B4%D8%B1-%D8%AF%D8%A7%D9%86%D8%B4%DA%AF%D8%A7%D9%87-%D9%85%D9%86%D8%B5%D9%88%D8%A8-%D8%B4%D8%AF-2?redirect=%2Ffa%2Fw%2F%25D8%25B3%25D8%25B1%25D9%25BE%25D8%25B1%25D8%25B3%25D8%25AA-%25D8%25AC%25D8%25AF%25DB%258C%25D8%25AF-%25D9%2585%25D8%25AF%25DB%258C%25D8%25B1%25DB%258C%25D8%25AA-%25D8%25A7%25D8%25B1%25D8%25AA%25D8%25A8%25D8%25A7%25D8%25B7-%25D8%25A8%25D8%25A7-%25D8%25B5%25D9%2586%25D8%25B9%25D8%25AA-%25D9%2588-%25D8%25AC%25D8%25A7%25D9%2585%25D8%25B9%25D9%2587-%25D8%25AF%25D8%25A7%25D9%2586%25D8%25B4%25DA%25AF%25D8%25A7%25D9%2587-%3Fredirect%3D%252F,verified,2026-08-11
guilan-discovery-unit-library-71ccb7803a4d,guilan,رئیس مرکز اسناد، کتابخانه و نشر دانشگاه منصوب شد - معاونت پژوهش و فناوری,library,,,,https://resvp.guilan.ac.ir/fa/w/%D8%B1%D8%A6%DB%8C%D8%B3-%D9%85%D8%B1%DA%A9%D8%B2-%D8%A7%D8%B3%D9%86%D8%A7%D8%AF%D8%8C-%DA%A9%D8%AA%D8%A7%D8%A8%D8%AE%D8%A7%D9%86%D9%87-%D9%88-%D9%86%D8%B4%D8%B1-%D8%AF%D8%A7%D9%86%D8%B4%DA%AF%D8%A7%D9%87-%D9%85%D9%86%D8%B5%D9%88%D8%A8-%D8%B4%D8%AF-2?redirect=%2Ffa%2Fw%2F%25D8%25B1%25D8%25A6%25DB%258C%25D8%25B3-%25D9%2585%25D8%25B1%25DA%25A9%25D8%25B2-%25D8%25A7%25D8%25B3%25D9%2586%25D8%25A7%25D8%25AF%25D8%258C-%25DA%25A9%25D8%25AA%25D8%25A7%25D8%25A8%25D8%25AE%25D8%25A7%25D9%2586%25D9%2587-%25D9%2588-%25D9%2586%25D8%25B4%25D8%25B1-%25D8%25AF%25D8%25A7%25D9%2586%25D8%25B4%25DA%25AF%25D8%25A7%25D9%2587-%25D9%2585%25D9%2586%25D8%25B5%25D9%2588%25D8%25A8-%25D8%25B4%25D8%25AF-2%3Fredirect%3D%252Ffa%252Fw%252F%2525D8%2525B1%2525D8%2525A6%2525DB%25258C%2525D8%2525B3-%2525D9%252585%2525D8%2525B1%2525DA%2525A9%2525D8%2525B2-%2525D8%2525A7%2525D8%2525B3%2525D9%252586%2525D8%2525A7%2525D8%2525AF%2525D8%25258C-%2525DA%2525A9%2525D8%2525AA%2525D8%2525A7%2525D8%2525A8%2525D8%2525AE%2525D8%2525A7%2525D9%252586%2525D9%252587-%2525D9%252588-%2525D9%252586%2525D8%2525B4%2525D8%2525B1-%2525D8%2525AF%2525D8%2525A7%2525D9%252586%2525D8%2525B4%2525DA%2525AF%2525D8%2525A7%2525D9%252587-%2525D9%252585%2525D9%252586%2525D8%2525B5%2525D9%252588%2525D8%2525A8-%2525D8%2525B4%2525D8%2525AF-2%253Fredirect%253D%25252F,verified,2026-08-11
guilan-discovery-unit-library-685f4d00cfa8,guilan,رئیس مرکز اسناد، کتابخانه و نشر دانشگاه منصوب شد - معاونت پژوهش و فناوری,library,,,,https://resvp.guilan.ac.ir/fa/w/%D8%B1%D8%A6%DB%8C%D8%B3-%D9%85%D8%B1%DA%A9%D8%B2-%D8%A7%D8%B3%D9%86%D8%A7%D8%AF%D8%8C-%DA%A9%D8%AA%D8%A7%D8%A8%D8%AE%D8%A7%D9%86%D9%87-%D9%88-%D9%86%D8%B4%D8%B1-%D8%AF%D8%A7%D9%86%D8%B4%DA%AF%D8%A7%D9%87-%D9%85%D9%86%D8%B5%D9%88%D8%A8-%D8%B4%D8%AF-2?redirect=%2Ffa%2Fw%2F%25D8%25B1%25D8%25A6%25DB%258C%25D8%25B3-%25D9%2585%25D8%25B1%25DA%25A9%25D8%25B2-%25D8%25A7%25D8%25B3%25D9%2586%25D8%25A7%25D8%25AF%25D8%258C-%25DA%25A9%25D8%25AA%25D8%25A7%25D8%25A8%25D8%25AE%25D8%25A7%25D9%2586%25D9%2587-%25D9%2588-%25D9%2586%25D8%25B4%25D8%25B1-%25D8%25AF%25D8%25A7%25D9%2586%25D8%25B4%25DA%25AF%25D8%25A7%25D9%2587-%25D9%2585%25D9%2586%25D8%25B5%25D9%2588%25D8%25A8-%25D8%25B4%25D8%25AF-2%3Fredirect%3D%252Ffa%252Fw%252F%2525D8%2525A8%2525D8%2525A7%2525D8%2525B2%2525D8%2525AF%2525DB%25258C%2525D8%2525AF-%2525D9%252585%2525D8%2525B9%2525D8%2525A7%2525D9%252588%2525D9%252586%2525D8%2525AA-%2525D9%2525BE%2525DA%252598%2525D9%252588%2525D9%252587%2525D8%2525B4-%2525D9%252588-%2525D9%252581%2525D9%252586%2525D8%2525A7%2525D9%252588%2525D8%2525B1%2525DB%25258C-%2525D8%2525AF%2525D8%2525A7%2525D9%252586%2525D8%2525B4%2525DA%2525AF%2525D8%2525A7%2525D9%252587-%2525D8%2525A7%2525D8%2525B2-%2525DA%2525A9%2525D8%2525AA%2525D8%2525A7%2525D8%2525A8%2525D8%2525AE%2525D8%2525A7%2525D9%252586%2525D9%252587-%253Fredirect%253D%25252F,verified,2026-08-11
guilan-discovery-unit-library-77155276fbca,guilan,رئیس مرکز اسناد، کتابخانه و نشر دانشگاه منصوب شد - معاونت پژوهش و فناوری,library,,,,https://resvp.guilan.ac.ir/fa/w/%D8%B1%D8%A6%DB%8C%D8%B3-%D9%85%D8%B1%DA%A9%D8%B2-%D8%A7%D8%B3%D9%86%D8%A7%D8%AF%D8%8C-%DA%A9%D8%AA%D8%A7%D8%A8%D8%AE%D8%A7%D9%86%D9%87-%D9%88-%D9%86%D8%B4%D8%B1-%D8%AF%D8%A7%D9%86%D8%B4%DA%AF%D8%A7%D9%87-%D9%85%D9%86%D8%B5%D9%88%D8%A8-%D8%B4%D8%AF-2?redirect=%2Ffa%2Fw%2F%25D8%25B1%25D8%25A6%25DB%258C%25D8%25B3-%25D9%2585%25D8%25B1%25DA%25A9%25D8%25B2-%25D8%25A7%25D8%25B3%25D9%2586%25D8%25A7%25D8%25AF%25D8%258C-%25DA%25A9%25D8%25AA%25D8%25A7%25D8%25A8%25D8%25AE%25D8%25A7%25D9%2586%25D9%2587-%25D9%2588-%25D9%2586%25D8%25B4%25D8%25B1-%25D8%25AF%25D8%25A7%25D9%2586%25D8%25B4%25DA%25AF%25D8%25A7%25D9%2587-%25D9%2585%25D9%2586%25D8%25B5%25D9%2588%25D8%25A8-%25D8%25B4%25D8%25AF-2%3Fredirect%3D%252Ffa%252Fw%252F%2525D8%2525B3%2525D8%2525B1%2525D9%2525BE%2525D8%2525B1%2525D8%2525B3%2525D8%2525AA-%2525D8%2525AC%2525D8%2525AF%2525DB%25258C%2525D8%2525AF-%2525D9%252585%2525D8%2525AF%2525DB%25258C%2525D8%2525B1%2525DB%25258C%2525D8%2525AA-%2525D8%2525A7%2525D8%2525B1%2525D8%2525AA%2525D8%2525A8%2525D8%2525A7%2525D8%2525B7-%2525D8%2525A8%2525D8%2525A7-%2525D8%2525B5%2525D9%252586%2525D8%2525B9%2525D8%2525AA-%2525D9%252588-%2525D8%2525AC%2525D8%2525A7%2525D9%252585%2525D8%2525B9%2525D9%252587-%2525D8%2525AF%2525D8%2525A7%2525D9%252586%2525D8%2525B4%2525DA%2525AF%2525D8%2525A7%2525D9%252587-%253Fredirect%253D%25252F,verified,2026-08-11
guilan-discovery-unit-library-ec3f95e6052f,guilan,بازدید معاونت پژوهش و فناوری دانشگاه از کتابخانه مرکزی رشت با هدف توسعه همکاری‌های مشترک - معاونت پژوهش و فناوری,library,,,,https://resvp.guilan.ac.ir/fa/w/%D8%A8%D8%A7%D8%B2%D8%AF%DB%8C%D8%AF-%D9%85%D8%B9%D8%A7%D9%88%D9%86%D8%AA-%D9%BE%DA%98%D9%88%D9%87%D8%B4-%D9%88-%D9%81%D9%86%D8%A7%D9%88%D8%B1%DB%8C-%D8%AF%D8%A7%D9%86%D8%B4%DA%AF%D8%A7%D9%87-%D8%A7%D8%B2-%DA%A9%D8%AA%D8%A7%D8%A8%D8%AE%D8%A7%D9%86%D9%87-?redirect=%2Ffa%2Fw%2F%25D8%25B1%25D8%25A6%25DB%258C%25D8%25B3-%25D9%2585%25D8%25B1%25DA%25A9%25D8%25B2-%25D8%25A7%25D8%25B3%25D9%2586%25D8%25A7%25D8%25AF%25D8%258C-%25DA%25A9%25D8%25AA%25D8%25A7%25D8%25A8%25D8%25AE%25D8%25A7%25D9%2586%25D9%2587-%25D9%2588-%25D9%2586%25D8%25B4%25D8%25B1-%25D8%25AF%25D8%25A7%25D9%2586%25D8%25B4%25DA%25AF%25D8%25A7%25D9%2587-%25D9%2585%25D9%2586%25D8%25B5%25D9%2588%25D8%25A8-%25D8%25B4%25D8%25AF-2%3Fredirect%3D%252F,verified,2026-08-11
guilan-discovery-unit-library-9d4a784b0fad,guilan,بازدید معاونت پژوهش و فناوری دانشگاه از کتابخانه مرکزی رشت با هدف توسعه همکاری‌های مشترک - معاونت پژوهش و فناوری,library,,,,https://resvp.guilan.ac.ir/fa/w/%D8%A8%D8%A7%D8%B2%D8%AF%DB%8C%D8%AF-%D9%85%D8%B9%D8%A7%D9%88%D9%86%D8%AA-%D9%BE%DA%98%D9%88%D9%87%D8%B4-%D9%88-%D9%81%D9%86%D8%A7%D9%88%D8%B1%DB%8C-%D8%AF%D8%A7%D9%86%D8%B4%DA%AF%D8%A7%D9%87-%D8%A7%D8%B2-%DA%A9%D8%AA%D8%A7%D8%A8%D8%AE%D8%A7%D9%86%D9%87-?redirect=%2Ffa%2Fw%2F%25D8%25A8%25D8%25A7%25D8%25B2%25D8%25AF%25DB%258C%25D8%25AF-%25D9%2585%25D8%25B9%25D8%25A7%25D9%2588%25D9%2586%25D8%25AA-%25D9%25BE%25DA%2598%25D9%2588%25D9%2587%25D8%25B4-%25D9%2588-%25D9%2581%25D9%2586%25D8%25A7%25D9%2588%25D8%25B1%25DB%258C-%25D8%25AF%25D8%25A7%25D9%2586%25D8%25B4%25DA%25AF%25D8%25A7%25D9%2587-%25D8%25A7%25D8%25B2-%25DA%25A9%25D8%25AA%25D8%25A7%25D8%25A8%25D8%25AE%25D8%25A7%25D9%2586%25D9%2587-%3Fredirect%3D%252F,verified,2026-08-11
guilan-discovery-unit-library-ccd1a29b4976,guilan,بازدید معاونت پژوهش و فناوری دانشگاه از کتابخانه مرکزی رشت با هدف توسعه همکاری‌های مشترک - معاونت پژوهش و فناوری,library,,,,https://resvp.guilan.ac.ir/fa/w/%D8%A8%D8%A7%D8%B2%D8%AF%DB%8C%D8%AF-%D9%85%D8%B9%D8%A7%D9%88%D9%86%D8%AA-%D9%BE%DA%98%D9%88%D9%87%D8%B4-%D9%88-%D9%81%D9%86%D8%A7%D9%88%D8%B1%DB%8C-%D8%AF%D8%A7%D9%86%D8%B4%DA%AF%D8%A7%D9%87-%D8%A7%D8%B2-%DA%A9%D8%AA%D8%A7%D8%A8%D8%AE%D8%A7%D9%86%D9%87-?redirect=%2Ffa%2Fw%2F%25D8%25B3%25D8%25B1%25D9%25BE%25D8%25B1%25D8%25B3%25D8%25AA-%25D8%25AC%25D8%25AF%25DB%258C%25D8%25AF-%25D9%2585%25D8%25AF%25DB%258C%25D8%25B1%25DB%258C%25D8%25AA-%25D8%25A7%25D8%25B1%25D8%25AA%25D8%25A8%25D8%25A7%25D8%25B7-%25D8%25A8%25D8%25A7-%25D8%25B5%25D9%2586%25D8%25B9%25D8%25AA-%25D9%2588-%25D8%25AC%25D8%25A7%25D9%2585%25D8%25B9%25D9%2587-%25D8%25AF%25D8%25A7%25D9%2586%25D8%25B4%25DA%25AF%25D8%25A7%25D9%2587-%3Fredirect%3D%252F,verified,2026-08-11
guilan-discovery-unit-library-d368a5ea2b9f,guilan,رئیس مرکز اسناد، کتابخانه و نشر دانشگاه منصوب شد - معاونت پژوهش و فناوری,library,,,,https://resvp.guilan.ac.ir/fa/w/%D8%B1%D8%A6%DB%8C%D8%B3-%D9%85%D8%B1%DA%A9%D8%B2-%D8%A7%D8%B3%D9%86%D8%A7%D8%AF%D8%8C-%DA%A9%D8%AA%D8%A7%D8%A8%D8%AE%D8%A7%D9%86%D9%87-%D9%88-%D9%86%D8%B4%D8%B1-%D8%AF%D8%A7%D9%86%D8%B4%DA%AF%D8%A7%D9%87-%D9%85%D9%86%D8%B5%D9%88%D8%A8-%D8%B4%D8%AF-2?redirect=%2Ffa%2Fw%2F%25D8%25A8%25D8%25A7%25D8%25B2%25D8%25AF%25DB%258C%25D8%25AF-%25D9%2585%25D8%25B9%25D8%25A7%25D9%2588%25D9%2586%25D8%25AA-%25D9%25BE%25DA%2598%25D9%2588%25D9%2587%25D8%25B4-%25D9%2588-%25D9%2581%25D9%2586%25D8%25A7%25D9%2588%25D8%25B1%25DB%258C-%25D8%25AF%25D8%25A7%25D9%2586%25D8%25B4%25DA%25AF%25D8%25A7%25D9%2587-%25D8%25A7%25D8%25B2-%25DA%25A9%25D8%25AA%25D8%25A7%25D8%25A8%25D8%25AE%25D8%25A7%25D9%2586%25D9%2587-%3Fredirect%3D%252Ffa%252Fw%252F%2525D8%2525B1%2525D8%2525A6%2525DB%25258C%2525D8%2525B3-%2525D9%252585%2525D8%2525B1%2525DA%2525A9%2525D8%2525B2-%2525D8%2525A7%2525D8%2525B3%2525D9%252586%2525D8%2525A7%2525D8%2525AF%2525D8%25258C-%2525DA%2525A9%2525D8%2525AA%2525D8%2525A7%2525D8%2525A8%2525D8%2525AE%2525D8%2525A7%2525D9%252586%2525D9%252587-%2525D9%252588-%2525D9%252586%2525D8%2525B4%2525D8%2525B1-%2525D8%2525AF%2525D8%2525A7%2525D9%252586%2525D8%2525B4%2525DA%2525AF%2525D8%2525A7%2525D9%252587-%2525D9%252585%2525D9%252586%2525D8%2525B5%2525D9%252588%2525D8%2525A8-%2525D8%2525B4%2525D8%2525AF-2%253Fredirect%253D%25252F,verified,2026-08-11
guilan-discovery-unit-library-423563b047ed,guilan,رئیس مرکز اسناد، کتابخانه و نشر دانشگاه منصوب شد - معاونت پژوهش و فناوری,library,,,,https://resvp.guilan.ac.ir/fa/w/%D8%B1%D8%A6%DB%8C%D8%B3-%D9%85%D8%B1%DA%A9%D8%B2-%D8%A7%D8%B3%D9%86%D8%A7%D8%AF%D8%8C-%DA%A9%D8%AA%D8%A7%D8%A8%D8%AE%D8%A7%D9%86%D9%87-%D9%88-%D9%86%D8%B4%D8%B1-%D8%AF%D8%A7%D9%86%D8%B4%DA%AF%D8%A7%D9%87-%D9%85%D9%86%D8%B5%D9%88%D8%A8-%D8%B4%D8%AF-2?redirect=%2Ffa%2Fw%2F%25D8%25A8%25D8%25A7%25D8%25B2%25D8%25AF%25DB%258C%25D8%25AF-%25D9%2585%25D8%25B9%25D8%25A7%25D9%2588%25D9%2586%25D8%25AA-%25D9%25BE%25DA%2598%25D9%2588%25D9%2587%25D8%25B4-%25D9%2588-%25D9%2581%25D9%2586%25D8%25A7%25D9%2588%25D8%25B1%25DB%258C-%25D8%25AF%25D8%25A7%25D9%2586%25D8%25B4%25DA%25AF%25D8%25A7%25D9%2587-%25D8%25A7%25D8%25B2-%25DA%25A9%25D8%25AA%25D8%25A7%25D8%25A8%25D8%25AE%25D8%25A7%25D9%2586%25D9%2587-%3Fredirect%3D%252Ffa%252Fw%252F%2525D8%2525A8%2525D8%2525A7%2525D8%2525B2%2525D8%2525AF%2525DB%25258C%2525D8%2525AF-%2525D9%252585%2525D8%2525B9%2525D8%2525A7%2525D9%252588%2525D9%252586%2525D8%2525AA-%2525D9%2525BE%2525DA%252598%2525D9%252588%2525D9%252587%2525D8%2525B4-%2525D9%252588-%2525D9%252581%2525D9%252586%2525D8%2525A7%2525D9%252588%2525D8%2525B1%2525DB%25258C-%2525D8%2525AF%2525D8%2525A7%2525D9%252586%2525D8%2525B4%2525DA%2525AF%2525D8%2525A7%2525D9%252587-%2525D8%2525A7%2525D8%2525B2-%2525DA%2525A9%2525D8%2525AA%2525D8%2525A7%2525D8%2525A8%2525D8%2525AE%2525D8%2525A7%2525D9%252586%2525D9%252587-%253Fredirect%253D%25252F,verified,2026-08-11
guilan-discovery-unit-library-7f7f16ce7376,guilan,رئیس مرکز اسناد، کتابخانه و نشر دانشگاه منصوب شد - معاونت پژوهش و فناوری,library,,,,https://resvp.guilan.ac.ir/fa/w/%D8%B1%D8%A6%DB%8C%D8%B3-%D9%85%D8%B1%DA%A9%D8%B2-%D8%A7%D8%B3%D9%86%D8%A7%D8%AF%D8%8C-%DA%A9%D8%AA%D8%A7%D8%A8%D8%AE%D8%A7%D9%86%D9%87-%D9%88-%D9%86%D8%B4%D8%B1-%D8%AF%D8%A7%D9%86%D8%B4%DA%AF%D8%A7%D9%87-%D9%85%D9%86%D8%B5%D9%88%D8%A8-%D8%B4%D8%AF-2?redirect=%2Ffa%2Fw%2F%25D8%25A8%25D8%25A7%25D8%25B2%25D8%25AF%25DB%258C%25D8%25AF-%25D9%2585%25D8%25B9%25D8%25A7%25D9%2588%25D9%2586%25D8%25AA-%25D9%25BE%25DA%2598%25D9%2588%25D9%2587%25D8%25B4-%25D9%2588-%25D9%2581%25D9%2586%25D8%25A7%25D9%2588%25D8%25B1%25DB%258C-%25D8%25AF%25D8%25A7%25D9%2586%25D8%25B4%25DA%25AF%25D8%25A7%25D9%2587-%25D8%25A7%25D8%25B2-%25DA%25A9%25D8%25AA%25D8%25A7%25D8%25A8%25D8%25AE%25D8%25A7%25D9%2586%25D9%2587-%3Fredirect%3D%252Ffa%252Fw%252F%2525D8%2525B3%2525D8%2525B1%2525D9%2525BE%2525D8%2525B1%2525D8%2525B3%2525D8%2525AA-%2525D8%2525AC%2525D8%2525AF%2525DB%25258C%2525D8%2525AF-%2525D9%252585%2525D8%2525AF%2525DB%25258C%2525D8%2525B1%2525DB%25258C%2525D8%2525AA-%2525D8%2525A7%2525D8%2525B1%2525D8%2525AA%2525D8%2525A8%2525D8%2525A7%2525D8%2525B7-%2525D8%2525A8%2525D8%2525A7-%2525D8%2525B5%2525D9%252586%2525D8%2525B9%2525D8%2525AA-%2525D9%252588-%2525D8%2525AC%2525D8%2525A7%2525D9%252585%2525D8%2525B9%2525D9%252587-%2525D8%2525AF%2525D8%2525A7%2525D9%252586%2525D8%2525B4%2525DA%2525AF%2525D8%2525A7%2525D9%252587-%253Fredirect%253D%25252F,verified,2026-08-11
guilan-discovery-unit-library-f2edd1346808,guilan,بازدید معاونت پژوهش و فناوری دانشگاه از کتابخانه مرکزی رشت با هدف توسعه همکاری‌های مشترک - معاونت پژوهش و فناوری,library,,,,https://resvp.guilan.ac.ir/fa/w/%D8%A8%D8%A7%D8%B2%D8%AF%DB%8C%D8%AF-%D9%85%D8%B9%D8%A7%D9%88%D9%86%D8%AA-%D9%BE%DA%98%D9%88%D9%87%D8%B4-%D9%88-%D9%81%D9%86%D8%A7%D9%88%D8%B1%DB%8C-%D8%AF%D8%A7%D9%86%D8%B4%DA%AF%D8%A7%D9%87-%D8%A7%D8%B2-%DA%A9%D8%AA%D8%A7%D8%A8%D8%AE%D8%A7%D9%86%D9%87-?redirect=%2Ffa%2Fw%2F%25D8%25B1%25D8%25A6%25DB%258C%25D8%25B3-%25D9%2585%25D8%25B1%25DA%25A9%25D8%25B2-%25D8%25A7%25D8%25B3%25D9%2586%25D8%25A7%25D8%25AF%25D8%258C-%25DA%25A9%25D8%25AA%25D8%25A7%25D8%25A8%25D8%25AE%25D8%25A7%25D9%2586%25D9%2587-%25D9%2588-%25D9%2586%25D8%25B4%25D8%25B1-%25D8%25AF%25D8%25A7%25D9%2586%25D8%25B4%25DA%25AF%25D8%25A7%25D9%2587-%25D9%2585%25D9%2586%25D8%25B5%25D9%2588%25D8%25A8-%25D8%25B4%25D8%25AF-2%3Fredirect%3D%252Ffa%252Fw%252F%2525D8%2525B1%2525D8%2525A6%2525DB%25258C%2525D8%2525B3-%2525D9%252585%2525D8%2525B1%2525DA%2525A9%2525D8%2525B2-%2525D8%2525A7%2525D8%2525B3%2525D9%252586%2525D8%2525A7%2525D8%2525AF%2525D8%25258C-%2525DA%2525A9%2525D8%2525AA%2525D8%2525A7%2525D8%2525A8%2525D8%2525AE%2525D8%2525A7%2525D9%252586%2525D9%252587-%2525D9%252588-%2525D9%252586%2525D8%2525B4%2525D8%2525B1-%2525D8%2525AF%2525D8%2525A7%2525D9%252586%2525D8%2525B4%2525DA%2525AF%2525D8%2525A7%2525D9%252587-%2525D9%252585%2525D9%252586%2525D8%2525B5%2525D9%252588%2525D8%2525A8-%2525D8%2525B4%2525D8%2525AF-2%253Fredirect%253D%25252F,verified,2026-08-11
guilan-discovery-unit-library-32e62b01ffee,guilan,بازدید معاونت پژوهش و فناوری دانشگاه از کتابخانه مرکزی رشت با هدف توسعه همکاری‌های مشترک - معاونت پژوهش و فناوری,library,,,,https://resvp.guilan.ac.ir/fa/w/%D8%A8%D8%A7%D8%B2%D8%AF%DB%8C%D8%AF-%D9%85%D8%B9%D8%A7%D9%88%D9%86%D8%AA-%D9%BE%DA%98%D9%88%D9%87%D8%B4-%D9%88-%D9%81%D9%86%D8%A7%D9%88%D8%B1%DB%8C-%D8%AF%D8%A7%D9%86%D8%B4%DA%AF%D8%A7%D9%87-%D8%A7%D8%B2-%DA%A9%D8%AA%D8%A7%D8%A8%D8%AE%D8%A7%D9%86%D9%87-?redirect=%2Ffa%2Fw%2F%25D8%25B1%25D8%25A6%25DB%258C%25D8%25B3-%25D9%2585%25D8%25B1%25DA%25A9%25D8%25B2-%25D8%25A7%25D8%25B3%25D9%2586%25D8%25A7%25D8%25AF%25D8%258C-%25DA%25A9%25D8%25AA%25D8%25A7%25D8%25A8%25D8%25AE%25D8%25A7%25D9%2586%25D9%2587-%25D9%2588-%25D9%2586%25D8%25B4%25D8%25B1-%25D8%25AF%25D8%25A7%25D9%2586%25D8%25B4%25DA%25AF%25D8%25A7%25D9%2587-%25D9%2585%25D9%2586%25D8%25B5%25D9%2588%25D8%25A8-%25D8%25B4%25D8%25AF-2%3Fredirect%3D%252Ffa%252Fw%252F%2525D8%2525A8%2525D8%2525A7%2525D8%2525B2%2525D8%2525AF%2525DB%25258C%2525D8%2525AF-%2525D9%252585%2525D8%2525B9%2525D8%2525A7%2525D9%252588%2525D9%252586%2525D8%2525AA-%2525D9%2525BE%2525DA%252598%2525D9%252588%2525D9%252587%2525D8%2525B4-%2525D9%252588-%2525D9%252581%2525D9%252586%2525D8%2525A7%2525D9%252588%2525D8%2525B1%2525DB%25258C-%2525D8%2525AF%2525D8%2525A7%2525D9%252586%2525D8%2525B4%2525DA%2525AF%2525D8%2525A7%2525D9%252587-%2525D8%2525A7%2525D8%2525B2-%2525DA%2525A9%2525D8%2525AA%2525D8%2525A7%2525D8%2525A8%2525D8%2525AE%2525D8%2525A7%2525D9%252586%2525D9%252587-%253Fredirect%253D%25252F,verified,2026-08-11
guilan-discovery-unit-library-431b4189a90b,guilan,بازدید معاونت پژوهش و فناوری دانشگاه از کتابخانه مرکزی رشت با هدف توسعه همکاری‌های مشترک - معاونت پژوهش و فناوری,library,,,,https://resvp.guilan.ac.ir/fa/w/%D8%A8%D8%A7%D8%B2%D8%AF%DB%8C%D8%AF-%D9%85%D8%B9%D8%A7%D9%88%D9%86%D8%AA-%D9%BE%DA%98%D9%88%D9%87%D8%B4-%D9%88-%D9%81%D9%86%D8%A7%D9%88%D8%B1%DB%8C-%D8%AF%D8%A7%D9%86%D8%B4%DA%AF%D8%A7%D9%87-%D8%A7%D8%B2-%DA%A9%D8%AA%D8%A7%D8%A8%D8%AE%D8%A7%D9%86%D9%87-?redirect=%2Ffa%2Fw%2F%25D8%25B1%25D8%25A6%25DB%258C%25D8%25B3-%25D9%2585%25D8%25B1%25DA%25A9%25D8%25B2-%25D8%25A7%25D8%25B3%25D9%2586%25D8%25A7%25D8%25AF%25D8%258C-%25DA%25A9%25D8%25AA%25D8%25A7%25D8%25A8%25D8%25AE%25D8%25A7%25D9%2586%25D9%2587-%25D9%2588-%25D9%2586%25D8%25B4%25D8%25B1-%25D8%25AF%25D8%25A7%25D9%2586%25D8%25B4%25DA%25AF%25D8%25A7%25D9%2587-%25D9%2585%25D9%2586%25D8%25B5%25D9%2588%25D8%25A8-%25D8%25B4%25D8%25AF-2%3Fredirect%3D%252Ffa%252Fw%252F%2525D8%2525B3%2525D8%2525B1%2525D9%2525BE%2525D8%2525B1%2525D8%2525B3%2525D8%2525AA-%2525D8%2525AC%2525D8%2525AF%2525DB%25258C%2525D8%2525AF-%2525D9%252585%2525D8%2525AF%2525DB%25258C%2525D8%2525B1%2525DB%25258C%2525D8%2525AA-%2525D8%2525A7%2525D8%2525B1%2525D8%2525AA%2525D8%2525A8%2525D8%2525A7%2525D8%2525B7-%2525D8%2525A8%2525D8%2525A7-%2525D8%2525B5%2525D9%252586%2525D8%2525B9%2525D8%2525AA-%2525D9%252588-%2525D8%2525AC%2525D8%2525A7%2525D9%252585%2525D8%2525B9%2525D9%252587-%2525D8%2525AF%2525D8%2525A7%2525D9%252586%2525D8%2525B4%2525DA%2525AF%2525D8%2525A7%2525D9%252587-%253Fredirect%253D%25252F,verified,2026-08-11
guilan-discovery-unit-library-fd05193c18a0,guilan,بازدید معاونت پژوهش و فناوری دانشگاه از کتابخانه مرکزی رشت با هدف توسعه همکاری‌های مشترک - معاونت پژوهش و فناوری,library,,,,https://resvp.guilan.ac.ir/fa/w/%D8%A8%D8%A7%D8%B2%D8%AF%DB%8C%D8%AF-%D9%85%D8%B9%D8%A7%D9%88%D9%86%D8%AA-%D9%BE%DA%98%D9%88%D9%87%D8%B4-%D9%88-%D9%81%D9%86%D8%A7%D9%88%D8%B1%DB%8C-%D8%AF%D8%A7%D9%86%D8%B4%DA%AF%D8%A7%D9%87-%D8%A7%D8%B2-%DA%A9%D8%AA%D8%A7%D8%A8%D8%AE%D8%A7%D9%86%D9%87-?redirect=%2Ffa%2Fw%2F%25D8%25A8%25D8%25A7%25D8%25B2%25D8%25AF%25DB%258C%25D8%25AF-%25D9%2585%25D8%25B9%25D8%25A7%25D9%2588%25D9%2586%25D8%25AA-%25D9%25BE%25DA%2598%25D9%2588%25D9%2587%25D8%25B4-%25D9%2588-%25D9%2581%25D9%2586%25D8%25A7%25D9%2588%25D8%25B1%25DB%258C-%25D8%25AF%25D8%25A7%25D9%2586%25D8%25B4%25DA%25AF%25D8%25A7%25D9%2587-%25D8%25A7%25D8%25B2-%25DA%25A9%25D8%25AA%25D8%25A7%25D8%25A8%25D8%25AE%25D8%25A7%25D9%2586%25D9%2587-%3Fredirect%3D%252Ffa%252Fw%252F%2525D8%2525B1%2525D8%2525A6%2525DB%25258C%2525D8%2525B3-%2525D9%252585%2525D8%2525B1%2525DA%2525A9%2525D8%2525B2-%2525D8%2525A7%2525D8%2525B3%2525D9%252586%2525D8%2525A7%2525D8%2525AF%2525D8%25258C-%2525DA%2525A9%2525D8%2525AA%2525D8%2525A7%2525D8%2525A8%2525D8%2525AE%2525D8%2525A7%2525D9%252586%2525D9%252587-%2525D9%252588-%2525D9%252586%2525D8%2525B4%2525D8%2525B1-%2525D8%2525AF%2525D8%2525A7%2525D9%252586%2525D8%2525B4%2525DA%2525AF%2525D8%2525A7%2525D9%252587-%2525D9%252585%2525D9%252586%2525D8%2525B5%2525D9%252588%2525D8%2525A8-%2525D8%2525B4%2525D8%2525AF-2%253Fredirect%253D%25252F,verified,2026-08-11
guilan-discovery-unit-library-05a6f2aa356c,guilan,بازدید معاونت پژوهش و فناوری دانشگاه از کتابخانه مرکزی رشت با هدف توسعه همکاری‌های مشترک - معاونت پژوهش و فناوری,library,,,,https://resvp.guilan.ac.ir/fa/w/%D8%A8%D8%A7%D8%B2%D8%AF%DB%8C%D8%AF-%D9%85%D8%B9%D8%A7%D9%88%D9%86%D8%AA-%D9%BE%DA%98%D9%88%D9%87%D8%B4-%D9%88-%D9%81%D9%86%D8%A7%D9%88%D8%B1%DB%8C-%D8%AF%D8%A7%D9%86%D8%B4%DA%AF%D8%A7%D9%87-%D8%A7%D8%B2-%DA%A9%D8%AA%D8%A7%D8%A8%D8%AE%D8%A7%D9%86%D9%87-?redirect=%2Ffa%2Fw%2F%25D8%25A8%25D8%25A7%25D8%25B2%25D8%25AF%25DB%258C%25D8%25AF-%25D9%2585%25D8%25B9%25D8%25A7%25D9%2588%25D9%2586%25D8%25AA-%25D9%25BE%25DA%2598%25D9%2588%25D9%2587%25D8%25B4-%25D9%2588-%25D9%2581%25D9%2586%25D8%25A7%25D9%2588%25D8%25B1%25DB%258C-%25D8%25AF%25D8%25A7%25D9%2586%25D8%25B4%25DA%25AF%25D8%25A7%25D9%2587-%25D8%25A7%25D8%25B2-%25DA%25A9%25D8%25AA%25D8%25A7%25D8%25A8%25D8%25AE%25D8%25A7%25D9%2586%25D9%2587-%3Fredirect%3D%252Ffa%252Fw%252F%2525D8%2525A8%2525D8%2525A7%2525D8%2525B2%2525D8%2525AF%2525DB%25258C%2525D8%2525AF-%2525D9%252585%2525D8%2525B9%2525D8%2525A7%2525D9%252588%2525D9%252586%2525D8%2525AA-%2525D9%2525BE%2525DA%252598%2525D9%252588%2525D9%252587%2525D8%2525B4-%2525D9%252588-%2525D9%252581%2525D9%252586%2525D8%2525A7%2525D9%252588%2525D8%2525B1%2525DB%25258C-%2525D8%2525AF%2525D8%2525A7%2525D9%252586%2525D8%2525B4%2525DA%2525AF%2525D8%2525A7%2525D9%252587-%2525D8%2525A7%2525D8%2525B2-%2525DA%2525A9%2525D8%2525AA%2525D8%2525A7%2525D8%2525A8%2525D8%2525AE%2525D8%2525A7%2525D9%252586%2525D9%252587-%253Fredirect%253D%25252F,verified,2026-08-11
guilan-discovery-unit-library-2d45500c0ceb,guilan,بازدید معاونت پژوهش و فناوری دانشگاه از کتابخانه مرکزی رشت با هدف توسعه همکاری‌های مشترک - معاونت پژوهش و فناوری,library,,,,https://resvp.guilan.ac.ir/fa/w/%D8%A8%D8%A7%D8%B2%D8%AF%DB%8C%D8%AF-%D9%85%D8%B9%D8%A7%D9%88%D9%86%D8%AA-%D9%BE%DA%98%D9%88%D9%87%D8%B4-%D9%88-%D9%81%D9%86%D8%A7%D9%88%D8%B1%DB%8C-%D8%AF%D8%A7%D9%86%D8%B4%DA%AF%D8%A7%D9%87-%D8%A7%D8%B2-%DA%A9%D8%AA%D8%A7%D8%A8%D8%AE%D8%A7%D9%86%D9%87-?redirect=%2Ffa%2Fw%2F%25D8%25A8%25D8%25A7%25D8%25B2%25D8%25AF%25DB%258C%25D8%25AF-%25D9%2585%25D8%25B9%25D8%25A7%25D9%2588%25D9%2586%25D8%25AA-%25D9%25BE%25DA%2598%25D9%2588%25D9%2587%25D8%25B4-%25D9%2588-%25D9%2581%25D9%2586%25D8%25A7%25D9%2588%25D8%25B1%25DB%258C-%25D8%25AF%25D8%25A7%25D9%2586%25D8%25B4%25DA%25AF%25D8%25A7%25D9%2587-%25D8%25A7%25D8%25B2-%25DA%25A9%25D8%25AA%25D8%25A7%25D8%25A8%25D8%25AE%25D8%25A7%25D9%2586%25D9%2587-%3Fredirect%3D%252Ffa%252Fw%252F%2525D8%2525B3%2525D8%2525B1%2525D9%2525BE%2525D8%2525B1%2525D8%2525B3%2525D8%2525AA-%2525D8%2525AC%2525D8%2525AF%2525DB%25258C%2525D8%2525AF-%2525D9%252585%2525D8%2525AF%2525DB%25258C%2525D8%2525B1%2525DB%25258C%2525D8%2525AA-%2525D8%2525A7%2525D8%2525B1%2525D8%2525AA%2525D8%2525A8%2525D8%2525A7%2525D8%2525B7-%2525D8%2525A8%2525D8%2525A7-%2525D8%2525B5%2525D9%252586%2525D8%2525B9%2525D8%2525AA-%2525D9%252588-%2525D8%2525AC%2525D8%2525A7%2525D9%252585%2525D8%2525B9%2525D9%252587-%2525D8%2525AF%2525D8%2525A7%2525D9%252586%2525D8%2525B4%2525DA%2525AF%2525D8%2525A7%2525D9%252587-%253Fredirect%253D%25252F,verified,2026-08-11
guilan-discovery-unit-library-705eb6f464ff,guilan,رئیس مرکز اسناد، کتابخانه و نشر دانشگاه منصوب شد - معاونت پژوهش و فناوری,library,,,,https://resvp.guilan.ac.ir/fa/w/%D8%B1%D8%A6%DB%8C%D8%B3-%D9%85%D8%B1%DA%A9%D8%B2-%D8%A7%D8%B3%D9%86%D8%A7%D8%AF%D8%8C-%DA%A9%D8%AA%D8%A7%D8%A8%D8%AE%D8%A7%D9%86%D9%87-%D9%88-%D9%86%D8%B4%D8%B1-%D8%AF%D8%A7%D9%86%D8%B4%DA%AF%D8%A7%D9%87-%D9%85%D9%86%D8%B5%D9%88%D8%A8-%D8%B4%D8%AF-2?redirect=%2Ffa%2Fw%2F%25D8%25B3%25D8%25B1%25D9%25BE%25D8%25B1%25D8%25B3%25D8%25AA-%25D8%25AC%25D8%25AF%25DB%258C%25D8%25AF-%25D9%2585%25D8%25AF%25DB%258C%25D8%25B1%25DB%258C%25D8%25AA-%25D8%25A7%25D8%25B1%25D8%25AA%25D8%25A8%25D8%25A7%25D8%25B7-%25D8%25A8%25D8%25A7-%25D8%25B5%25D9%2586%25D8%25B9%25D8%25AA-%25D9%2588-%25D8%25AC%25D8%25A7%25D9%2585%25D8%25B9%25D9%2587-%25D8%25AF%25D8%25A7%25D9%2586%25D8%25B4%25DA%25AF%25D8%25A7%25D9%2587-%3Fredirect%3D%252Ffa%252Fw%252F%2525D8%2525B1%2525D8%2525A6%2525DB%25258C%2525D8%2525B3-%2525D9%252585%2525D8%2525B1%2525DA%2525A9%2525D8%2525B2-%2525D8%2525A7%2525D8%2525B3%2525D9%252586%2525D8%2525A7%2525D8%2525AF%2525D8%25258C-%2525DA%2525A9%2525D8%2525AA%2525D8%2525A7%2525D8%2525A8%2525D8%2525AE%2525D8%2525A7%2525D9%252586%2525D9%252587-%2525D9%252588-%2525D9%252586%2525D8%2525B4%2525D8%2525B1-%2525D8%2525AF%2525D8%2525A7%2525D9%252586%2525D8%2525B4%2525DA%2525AF%2525D8%2525A7%2525D9%252587-%2525D9%252585%2525D9%252586%2525D8%2525B5%2525D9%252588%2525D8%2525A8-%2525D8%2525B4%2525D8%2525AF-2%253Fredirect%253D%25252F,verified,2026-08-11
guilan-discovery-unit-library-0d70216aaaed,guilan,رئیس مرکز اسناد، کتابخانه و نشر دانشگاه منصوب شد - معاونت پژوهش و فناوری,library,,,,https://resvp.guilan.ac.ir/fa/w/%D8%B1%D8%A6%DB%8C%D8%B3-%D9%85%D8%B1%DA%A9%D8%B2-%D8%A7%D8%B3%D9%86%D8%A7%D8%AF%D8%8C-%DA%A9%D8%AA%D8%A7%D8%A8%D8%AE%D8%A7%D9%86%D9%87-%D9%88-%D9%86%D8%B4%D8%B1-%D8%AF%D8%A7%D9%86%D8%B4%DA%AF%D8%A7%D9%87-%D9%85%D9%86%D8%B5%D9%88%D8%A8-%D8%B4%D8%AF-2?redirect=%2Ffa%2Fw%2F%25D8%25B3%25D8%25B1%25D9%25BE%25D8%25B1%25D8%25B3%25D8%25AA-%25D8%25AC%25D8%25AF%25DB%258C%25D8%25AF-%25D9%2585%25D8%25AF%25DB%258C%25D8%25B1%25DB%258C%25D8%25AA-%25D8%25A7%25D8%25B1%25D8%25AA%25D8%25A8%25D8%25A7%25D8%25B7-%25D8%25A8%25D8%25A7-%25D8%25B5%25D9%2586%25D8%25B9%25D8%25AA-%25D9%2588-%25D8%25AC%25D8%25A7%25D9%2585%25D8%25B9%25D9%2587-%25D8%25AF%25D8%25A7%25D9%2586%25D8%25B4%25DA%25AF%25D8%25A7%25D9%2587-%3Fredirect%3D%252Ffa%252Fw%252F%2525D8%2525A8%2525D8%2525A7%2525D8%2525B2%2525D8%2525AF%2525DB%25258C%2525D8%2525AF-%2525D9%252585%2525D8%2525B9%2525D8%2525A7%2525D9%252588%2525D9%252586%2525D8%2525AA-%2525D9%2525BE%2525DA%252598%2525D9%252588%2525D9%252587%2525D8%2525B4-%2525D9%252588-%2525D9%252581%2525D9%252586%2525D8%2525A7%2525D9%252588%2525D8%2525B1%2525DB%25258C-%2525D8%2525AF%2525D8%2525A7%2525D9%252586%2525D8%2525B4%2525DA%2525AF%2525D8%2525A7%2525D9%252587-%2525D8%2525A7%2525D8%2525B2-%2525DA%2525A9%2525D8%2525AA%2525D8%2525A7%2525D8%2525A8%2525D8%2525AE%2525D8%2525A7%2525D9%252586%2525D9%252587-%253Fredirect%253D%25252F,verified,2026-08-11
guilan-discovery-unit-library-a5fbe8e9045c,guilan,رئیس مرکز اسناد، کتابخانه و نشر دانشگاه منصوب شد - معاونت پژوهش و فناوری,library,,,,https://resvp.guilan.ac.ir/fa/w/%D8%B1%D8%A6%DB%8C%D8%B3-%D9%85%D8%B1%DA%A9%D8%B2-%D8%A7%D8%B3%D9%86%D8%A7%D8%AF%D8%8C-%DA%A9%D8%AA%D8%A7%D8%A8%D8%AE%D8%A7%D9%86%D9%87-%D9%88-%D9%86%D8%B4%D8%B1-%D8%AF%D8%A7%D9%86%D8%B4%DA%AF%D8%A7%D9%87-%D9%85%D9%86%D8%B5%D9%88%D8%A8-%D8%B4%D8%AF-2?redirect=%2Ffa%2Fw%2F%25D8%25B3%25D8%25B1%25D9%25BE%25D8%25B1%25D8%25B3%25D8%25AA-%25D8%25AC%25D8%25AF%25DB%258C%25D8%25AF-%25D9%2585%25D8%25AF%25DB%258C%25D8%25B1%25DB%258C%25D8%25AA-%25D8%25A7%25D8%25B1%25D8%25AA%25D8%25A8%25D8%25A7%25D8%25B7-%25D8%25A8%25D8%25A7-%25D8%25B5%25D9%2586%25D8%25B9%25D8%25AA-%25D9%2588-%25D8%25AC%25D8%25A7%25D9%2585%25D8%25B9%25D9%2587-%25D8%25AF%25D8%25A7%25D9%2586%25D8%25B4%25DA%25AF%25D8%25A7%25D9%2587-%3Fredirect%3D%252Ffa%252Fw%252F%2525D8%2525B3%2525D8%2525B1%2525D9%2525BE%2525D8%2525B1%2525D8%2525B3%2525D8%2525AA-%2525D8%2525AC%2525D8%2525AF%2525DB%25258C%2525D8%2525AF-%2525D9%252585%2525D8%2525AF%2525DB%25258C%2525D8%2525B1%2525DB%25258C%2525D8%2525AA-%2525D8%2525A7%2525D8%2525B1%2525D8%2525AA%2525D8%2525A8%2525D8%2525A7%2525D8%2525B7-%2525D8%2525A8%2525D8%2525A7-%2525D8%2525B5%2525D9%252586%2525D8%2525B9%2525D8%2525AA-%2525D9%252588-%2525D8%2525AC%2525D8%2525A7%2525D9%252585%2525D8%2525B9%2525D9%252587-%2525D8%2525AF%2525D8%2525A7%2525D9%252586%2525D8%2525B4%2525DA%2525AF%2525D8%2525A7%2525D9%252587-%253Fredirect%253D%25252F,verified,2026-08-11
guilan-discovery-unit-library-a4900059ac23,guilan,بازدید معاونت پژوهش و فناوری دانشگاه از کتابخانه مرکزی رشت با هدف توسعه همکاری‌های مشترک - معاونت پژوهش و فناوری,library,,,,https://resvp.guilan.ac.ir/fa/w/%D8%A8%D8%A7%D8%B2%D8%AF%DB%8C%D8%AF-%D9%85%D8%B9%D8%A7%D9%88%D9%86%D8%AA-%D9%BE%DA%98%D9%88%D9%87%D8%B4-%D9%88-%D9%81%D9%86%D8%A7%D9%88%D8%B1%DB%8C-%D8%AF%D8%A7%D9%86%D8%B4%DA%AF%D8%A7%D9%87-%D8%A7%D8%B2-%DA%A9%D8%AA%D8%A7%D8%A8%D8%AE%D8%A7%D9%86%D9%87-?redirect=%2Ffa%2Fw%2F%25D8%25B3%25D8%25B1%25D9%25BE%25D8%25B1%25D8%25B3%25D8%25AA-%25D8%25AC%25D8%25AF%25DB%258C%25D8%25AF-%25D9%2585%25D8%25AF%25DB%258C%25D8%25B1%25DB%258C%25D8%25AA-%25D8%25A7%25D8%25B1%25D8%25AA%25D8%25A8%25D8%25A7%25D8%25B7-%25D8%25A8%25D8%25A7-%25D8%25B5%25D9%2586%25D8%25B9%25D8%25AA-%25D9%2588-%25D8%25AC%25D8%25A7%25D9%2585%25D8%25B9%25D9%2587-%25D8%25AF%25D8%25A7%25D9%2586%25D8%25B4%25DA%25AF%25D8%25A7%25D9%2587-%3Fredirect%3D%252Ffa%252Fw%252F%2525D8%2525B1%2525D8%2525A6%2525DB%25258C%2525D8%2525B3-%2525D9%252585%2525D8%2525B1%2525DA%2525A9%2525D8%2525B2-%2525D8%2525A7%2525D8%2525B3%2525D9%252586%2525D8%2525A7%2525D8%2525AF%2525D8%25258C-%2525DA%2525A9%2525D8%2525AA%2525D8%2525A7%2525D8%2525A8%2525D8%2525AE%2525D8%2525A7%2525D9%252586%2525D9%252587-%2525D9%252588-%2525D9%252586%2525D8%2525B4%2525D8%2525B1-%2525D8%2525AF%2525D8%2525A7%2525D9%252586%2525D8%2525B4%2525DA%2525AF%2525D8%2525A7%2525D9%252587-%2525D9%252585%2525D9%252586%2525D8%2525B5%2525D9%252588%2525D8%2525A8-%2525D8%2525B4%2525D8%2525AF-2%253Fredirect%253D%25252F,verified,2026-08-11
guilan-discovery-unit-library-bdf28d96fb6c,guilan,بازدید معاونت پژوهش و فناوری دانشگاه از کتابخانه مرکزی رشت با هدف توسعه همکاری‌های مشترک - معاونت پژوهش و فناوری,library,,,,https://resvp.guilan.ac.ir/fa/w/%D8%A8%D8%A7%D8%B2%D8%AF%DB%8C%D8%AF-%D9%85%D8%B9%D8%A7%D9%88%D9%86%D8%AA-%D9%BE%DA%98%D9%88%D9%87%D8%B4-%D9%88-%D9%81%D9%86%D8%A7%D9%88%D8%B1%DB%8C-%D8%AF%D8%A7%D9%86%D8%B4%DA%AF%D8%A7%D9%87-%D8%A7%D8%B2-%DA%A9%D8%AA%D8%A7%D8%A8%D8%AE%D8%A7%D9%86%D9%87-?redirect=%2Ffa%2Fw%2F%25D8%25B3%25D8%25B1%25D9%25BE%25D8%25B1%25D8%25B3%25D8%25AA-%25D8%25AC%25D8%25AF%25DB%258C%25D8%25AF-%25D9%2585%25D8%25AF%25DB%258C%25D8%25B1%25DB%258C%25D8%25AA-%25D8%25A7%25D8%25B1%25D8%25AA%25D8%25A8%25D8%25A7%25D8%25B7-%25D8%25A8%25D8%25A7-%25D8%25B5%25D9%2586%25D8%25B9%25D8%25AA-%25D9%2588-%25D8%25AC%25D8%25A7%25D9%2585%25D8%25B9%25D9%2587-%25D8%25AF%25D8%25A7%25D9%2586%25D8%25B4%25DA%25AF%25D8%25A7%25D9%2587-%3Fredirect%3D%252Ffa%252Fw%252F%2525D8%2525B3%2525D8%2525B1%2525D9%2525BE%2525D8%2525B1%2525D8%2525B3%2525D8%2525AA-%2525D8%2525AC%2525D8%2525AF%2525DB%25258C%2525D8%2525AF-%2525D9%252585%2525D8%2525AF%2525DB%25258C%2525D8%2525B1%2525DB%25258C%2525D8%2525AA-%2525D8%2525A7%2525D8%2525B1%2525D8%2525AA%2525D8%2525A8%2525D8%2525A7%2525D8%2525B7-%2525D8%2525A8%2525D8%2525A7-%2525D8%2525B5%2525D9%252586%2525D8%2525B9%2525D8%2525AA-%2525D9%252588-%2525D8%2525AC%2525D8%2525A7%2525D9%252585%2525D8%2525B9%2525D9%252587-%2525D8%2525AF%2525D8%2525A7%2525D9%252586%2525D8%2525B4%2525DA%2525AF%2525D8%2525A7%2525D9%252587-%253Fredirect%253D%25252F,verified,2026-08-11
guilan-discovery-unit-industry-d00b7ea56a5b,guilan,سرپرست جدید مدیریت ارتباط با صنعت و جامعه دانشگاه منصوب شد - معاونت پژوهش و فناوری,industry,,,,https://resvp.guilan.ac.ir/fa/w/%D8%B3%D8%B1%D9%BE%D8%B1%D8%B3%D8%AA-%D8%AC%D8%AF%DB%8C%D8%AF-%D9%85%D8%AF%DB%8C%D8%B1%DB%8C%D8%AA-%D8%A7%D8%B1%D8%AA%D8%A8%D8%A7%D8%B7-%D8%A8%D8%A7-%D8%B5%D9%86%D8%B9%D8%AA-%D9%88-%D8%AC%D8%A7%D9%85%D8%B9%D9%87-%D8%AF%D8%A7%D9%86%D8%B4%DA%AF%D8%A7%D9%87-?redirect=%2F,verified,2026-08-11
guilan-discovery-unit-industry-7b352d590194,guilan,سرپرست جدید مدیریت ارتباط با صنعت و جامعه دانشگاه منصوب شد - معاونت پژوهش و فناوری,industry,,,,https://resvp.guilan.ac.ir/fa/w/%D8%B3%D8%B1%D9%BE%D8%B1%D8%B3%D8%AA-%D8%AC%D8%AF%DB%8C%D8%AF-%D9%85%D8%AF%DB%8C%D8%B1%DB%8C%D8%AA-%D8%A7%D8%B1%D8%AA%D8%A8%D8%A7%D8%B7-%D8%A8%D8%A7-%D8%B5%D9%86%D8%B9%D8%AA-%D9%88-%D8%AC%D8%A7%D9%85%D8%B9%D9%87-%D8%AF%D8%A7%D9%86%D8%B4%DA%AF%D8%A7%D9%87-?redirect=%2Ffa%2Fw%2F%25D8%25B1%25D8%25A6%25DB%258C%25D8%25B3-%25D9%2585%25D8%25B1%25DA%25A9%25D8%25B2-%25D8%25A7%25D8%25B3%25D9%2586%25D8%25A7%25D8%25AF%25D8%258C-%25DA%25A9%25D8%25AA%25D8%25A7%25D8%25A8%25D8%25AE%25D8%25A7%25D9%2586%25D9%2587-%25D9%2588-%25D9%2586%25D8%25B4%25D8%25B1-%25D8%25AF%25D8%25A7%25D9%2586%25D8%25B4%25DA%25AF%25D8%25A7%25D9%2587-%25D9%2585%25D9%2586%25D8%25B5%25D9%2588%25D8%25A8-%25D8%25B4%25D8%25AF-2%3Fredirect%3D%252F,verified,2026-08-11
guilan-discovery-unit-industry-53fe43565d1f,guilan,سرپرست جدید مدیریت ارتباط با صنعت و جامعه دانشگاه منصوب شد - معاونت پژوهش و فناوری,industry,,,,https://resvp.guilan.ac.ir/fa/w/%D8%B3%D8%B1%D9%BE%D8%B1%D8%B3%D8%AA-%D8%AC%D8%AF%DB%8C%D8%AF-%D9%85%D8%AF%DB%8C%D8%B1%DB%8C%D8%AA-%D8%A7%D8%B1%D8%AA%D8%A8%D8%A7%D8%B7-%D8%A8%D8%A7-%D8%B5%D9%86%D8%B9%D8%AA-%D9%88-%D8%AC%D8%A7%D9%85%D8%B9%D9%87-%D8%AF%D8%A7%D9%86%D8%B4%DA%AF%D8%A7%D9%87-?redirect=%2Ffa%2Fw%2F%25D8%25A8%25D8%25A7%25D8%25B2%25D8%25AF%25DB%258C%25D8%25AF-%25D9%2585%25D8%25B9%25D8%25A7%25D9%2588%25D9%2586%25D8%25AA-%25D9%25BE%25DA%2598%25D9%2588%25D9%2587%25D8%25B4-%25D9%2588-%25D9%2581%25D9%2586%25D8%25A7%25D9%2588%25D8%25B1%25DB%258C-%25D8%25AF%25D8%25A7%25D9%2586%25D8%25B4%25DA%25AF%25D8%25A7%25D9%2587-%25D8%25A7%25D8%25B2-%25DA%25A9%25D8%25AA%25D8%25A7%25D8%25A8%25D8%25AE%25D8%25A7%25D9%2586%25D9%2587-%3Fredirect%3D%252F,verified,2026-08-11
guilan-discovery-unit-industry-1df6b483b4ae,guilan,سرپرست جدید مدیریت ارتباط با صنعت و جامعه دانشگاه منصوب شد - معاونت پژوهش و فناوری,industry,,,,https://resvp.guilan.ac.ir/fa/w/%D8%B3%D8%B1%D9%BE%D8%B1%D8%B3%D8%AA-%D8%AC%D8%AF%DB%8C%D8%AF-%D9%85%D8%AF%DB%8C%D8%B1%DB%8C%D8%AA-%D8%A7%D8%B1%D8%AA%D8%A8%D8%A7%D8%B7-%D8%A8%D8%A7-%D8%B5%D9%86%D8%B9%D8%AA-%D9%88-%D8%AC%D8%A7%D9%85%D8%B9%D9%87-%D8%AF%D8%A7%D9%86%D8%B4%DA%AF%D8%A7%D9%87-?redirect=%2Ffa%2Fw%2F%25D8%25B3%25D8%25B1%25D9%25BE%25D8%25B1%25D8%25B3%25D8%25AA-%25D8%25AC%25D8%25AF%25DB%258C%25D8%25AF-%25D9%2585%25D8%25AF%25DB%258C%25D8%25B1%25DB%258C%25D8%25AA-%25D8%25A7%25D8%25B1%25D8%25AA%25D8%25A8%25D8%25A7%25D8%25B7-%25D8%25A8%25D8%25A7-%25D8%25B5%25D9%2586%25D8%25B9%25D8%25AA-%25D9%2588-%25D8%25AC%25D8%25A7%25D9%2585%25D8%25B9%25D9%2587-%25D8%25AF%25D8%25A7%25D9%2586%25D8%25B4%25DA%25AF%25D8%25A7%25D9%2587-%3Fredirect%3D%252F,verified,2026-08-11
guilan-discovery-unit-industry-3b035d429081,guilan,سرپرست جدید مدیریت ارتباط با صنعت و جامعه دانشگاه منصوب شد - معاونت پژوهش و فناوری,industry,,,,https://resvp.guilan.ac.ir/fa/w/%D8%B3%D8%B1%D9%BE%D8%B1%D8%B3%D8%AA-%D8%AC%D8%AF%DB%8C%D8%AF-%D9%85%D8%AF%DB%8C%D8%B1%DB%8C%D8%AA-%D8%A7%D8%B1%D8%AA%D8%A8%D8%A7%D8%B7-%D8%A8%D8%A7-%D8%B5%D9%86%D8%B9%D8%AA-%D9%88-%D8%AC%D8%A7%D9%85%D8%B9%D9%87-%D8%AF%D8%A7%D9%86%D8%B4%DA%AF%D8%A7%D9%87-?redirect=%2Ffa%2Fw%2F%25D8%25B1%25D8%25A6%25DB%258C%25D8%25B3-%25D9%2585%25D8%25B1%25DA%25A9%25D8%25B2-%25D8%25A7%25D8%25B3%25D9%2586%25D8%25A7%25D8%25AF%25D8%258C-%25DA%25A9%25D8%25AA%25D8%25A7%25D8%25A8%25D8%25AE%25D8%25A7%25D9%2586%25D9%2587-%25D9%2588-%25D9%2586%25D8%25B4%25D8%25B1-%25D8%25AF%25D8%25A7%25D9%2586%25D8%25B4%25DA%25AF%25D8%25A7%25D9%2587-%25D9%2585%25D9%2586%25D8%25B5%25D9%2588%25D8%25A8-%25D8%25B4%25D8%25AF-2%3Fredirect%3D%252Ffa%252Fw%252F%2525D8%2525B1%2525D8%2525A6%2525DB%25258C%2525D8%2525B3-%2525D9%252585%2525D8%2525B1%2525DA%2525A9%2525D8%2525B2-%2525D8%2525A7%2525D8%2525B3%2525D9%252586%2525D8%2525A7%2525D8%2525AF%2525D8%25258C-%2525DA%2525A9%2525D8%2525AA%2525D8%2525A7%2525D8%2525A8%2525D8%2525AE%2525D8%2525A7%2525D9%252586%2525D9%252587-%2525D9%252588-%2525D9%252586%2525D8%2525B4%2525D8%2525B1-%2525D8%2525AF%2525D8%2525A7%2525D9%252586%2525D8%2525B4%2525DA%2525AF%2525D8%2525A7%2525D9%252587-%2525D9%252585%2525D9%252586%2525D8%2525B5%2525D9%252588%2525D8%2525A8-%2525D8%2525B4%2525D8%2525AF-2%253Fredirect%253D%25252F,verified,2026-08-11
guilan-discovery-unit-industry-75f36e92a7ac,guilan,سرپرست جدید مدیریت ارتباط با صنعت و جامعه دانشگاه منصوب شد - معاونت پژوهش و فناوری,industry,,,,https://resvp.guilan.ac.ir/fa/w/%D8%B3%D8%B1%D9%BE%D8%B1%D8%B3%D8%AA-%D8%AC%D8%AF%DB%8C%D8%AF-%D9%85%D8%AF%DB%8C%D8%B1%DB%8C%D8%AA-%D8%A7%D8%B1%D8%AA%D8%A8%D8%A7%D8%B7-%D8%A8%D8%A7-%D8%B5%D9%86%D8%B9%D8%AA-%D9%88-%D8%AC%D8%A7%D9%85%D8%B9%D9%87-%D8%AF%D8%A7%D9%86%D8%B4%DA%AF%D8%A7%D9%87-?redirect=%2Ffa%2Fw%2F%25D8%25A8%25D8%25A7%25D8%25B2%25D8%25AF%25DB%258C%25D8%25AF-%25D9%2585%25D8%25B9%25D8%25A7%25D9%2588%25D9%2586%25D8%25AA-%25D9%25BE%25DA%2598%25D9%2588%25D9%2587%25D8%25B4-%25D9%2588-%25D9%2581%25D9%2586%25D8%25A7%25D9%2588%25D8%25B1%25DB%258C-%25D8%25AF%25D8%25A7%25D9%2586%25D8%25B4%25DA%25AF%25D8%25A7%25D9%2587-%25D8%25A7%25D8%25B2-%25DA%25A9%25D8%25AA%25D8%25A7%25D8%25A8%25D8%25AE%25D8%25A7%25D9%2586%25D9%2587-%3Fredirect%3D%252Ffa%252Fw%252F%2525D8%2525B1%2525D8%2525A6%2525DB%25258C%2525D8%2525B3-%2525D9%252585%2525D8%2525B1%2525DA%2525A9%2525D8%2525B2-%2525D8%2525A7%2525D8%2525B3%2525D9%252586%2525D8%2525A7%2525D8%2525AF%2525D8%25258C-%2525DA%2525A9%2525D8%2525AA%2525D8%2525A7%2525D8%2525A8%2525D8%2525AE%2525D8%2525A7%2525D9%252586%2525D9%252587-%2525D9%252588-%2525D9%252586%2525D8%2525B4%2525D8%2525B1-%2525D8%2525AF%2525D8%2525A7%2525D9%252586%2525D8%2525B4%2525DA%2525AF%2525D8%2525A7%2525D9%252587-%2525D9%252585%2525D9%252586%2525D8%2525B5%2525D9%252588%2525D8%2525A8-%2525D8%2525B4%2525D8%2525AF-2%253Fredirect%253D%25252F,verified,2026-08-11
guilan-discovery-unit-industry-fe182829ec34,guilan,سرپرست جدید مدیریت ارتباط با صنعت و جامعه دانشگاه منصوب شد - معاونت پژوهش و فناوری,industry,,,,https://resvp.guilan.ac.ir/fa/w/%D8%B3%D8%B1%D9%BE%D8%B1%D8%B3%D8%AA-%D8%AC%D8%AF%DB%8C%D8%AF-%D9%85%D8%AF%DB%8C%D8%B1%DB%8C%D8%AA-%D8%A7%D8%B1%D8%AA%D8%A8%D8%A7%D8%B7-%D8%A8%D8%A7-%D8%B5%D9%86%D8%B9%D8%AA-%D9%88-%D8%AC%D8%A7%D9%85%D8%B9%D9%87-%D8%AF%D8%A7%D9%86%D8%B4%DA%AF%D8%A7%D9%87-?redirect=%2Ffa%2Fw%2F%25D8%25B3%25D8%25B1%25D9%25BE%25D8%25B1%25D8%25B3%25D8%25AA-%25D8%25AC%25D8%25AF%25DB%258C%25D8%25AF-%25D9%2585%25D8%25AF%25DB%258C%25D8%25B1%25DB%258C%25D8%25AA-%25D8%25A7%25D8%25B1%25D8%25AA%25D8%25A8%25D8%25A7%25D8%25B7-%25D8%25A8%25D8%25A7-%25D8%25B5%25D9%2586%25D8%25B9%25D8%25AA-%25D9%2588-%25D8%25AC%25D8%25A7%25D9%2585%25D8%25B9%25D9%2587-%25D8%25AF%25D8%25A7%25D9%2586%25D8%25B4%25DA%25AF%25D8%25A7%25D9%2587-%3Fredirect%3D%252Ffa%252Fw%252F%2525D8%2525B1%2525D8%2525A6%2525DB%25258C%2525D8%2525B3-%2525D9%252585%2525D8%2525B1%2525DA%2525A9%2525D8%2525B2-%2525D8%2525A7%2525D8%2525B3%2525D9%252586%2525D8%2525A7%2525D8%2525AF%2525D8%25258C-%2525DA%2525A9%2525D8%2525AA%2525D8%2525A7%2525D8%2525A8%2525D8%2525AE%2525D8%2525A7%2525D9%252586%2525D9%252587-%2525D9%252588-%2525D9%252586%2525D8%2525B4%2525D8%2525B1-%2525D8%2525AF%2525D8%2525A7%2525D9%252586%2525D8%2525B4%2525DA%2525AF%2525D8%2525A7%2525D9%252587-%2525D9%252585%2525D9%252586%2525D8%2525B5%2525D9%252588%2525D8%2525A8-%2525D8%2525B4%2525D8%2525AF-2%253Fredirect%253D%25252F,verified,2026-08-11
guilan-discovery-unit-research-2c615dfe6427,guilan,بازدید معاونت پژوهش و فناوری دانشگاه از کتابخانه مرکزی رشت با هدف توسعه همکاری‌های مشترک - معاونت پژوهش و فناوری,research,,,,https://resvp.guilan.ac.ir/fa/w/%D8%A8%D8%A7%D8%B2%D8%AF%DB%8C%D8%AF-%D9%85%D8%B9%D8%A7%D9%88%D9%86%D8%AA-%D9%BE%DA%98%D9%88%D9%87%D8%B4-%D9%88-%D9%81%D9%86%D8%A7%D9%88%D8%B1%DB%8C-%D8%AF%D8%A7%D9%86%D8%B4%DA%AF%D8%A7%D9%87-%D8%A7%D8%B2-%DA%A9%D8%AA%D8%A7%D8%A8%D8%AE%D8%A7%D9%86%D9%87-?redirect=%2F,verified,2026-08-11
guilan-discovery-unit-research-ec3f95e6052f,guilan,بازدید معاونت پژوهش و فناوری دانشگاه از کتابخانه مرکزی رشت با هدف توسعه همکاری‌های مشترک - معاونت پژوهش و فناوری,research,,,,https://resvp.guilan.ac.ir/fa/w/%D8%A8%D8%A7%D8%B2%D8%AF%DB%8C%D8%AF-%D9%85%D8%B9%D8%A7%D9%88%D9%86%D8%AA-%D9%BE%DA%98%D9%88%D9%87%D8%B4-%D9%88-%D9%81%D9%86%D8%A7%D9%88%D8%B1%DB%8C-%D8%AF%D8%A7%D9%86%D8%B4%DA%AF%D8%A7%D9%87-%D8%A7%D8%B2-%DA%A9%D8%AA%D8%A7%D8%A8%D8%AE%D8%A7%D9%86%D9%87-?redirect=%2Ffa%2Fw%2F%25D8%25B1%25D8%25A6%25DB%258C%25D8%25B3-%25D9%2585%25D8%25B1%25DA%25A9%25D8%25B2-%25D8%25A7%25D8%25B3%25D9%2586%25D8%25A7%25D8%25AF%25D8%258C-%25DA%25A9%25D8%25AA%25D8%25A7%25D8%25A8%25D8%25AE%25D8%25A7%25D9%2586%25D9%2587-%25D9%2588-%25D9%2586%25D8%25B4%25D8%25B1-%25D8%25AF%25D8%25A7%25D9%2586%25D8%25B4%25DA%25AF%25D8%25A7%25D9%2587-%25D9%2585%25D9%2586%25D8%25B5%25D9%2588%25D8%25A8-%25D8%25B4%25D8%25AF-2%3Fredirect%3D%252F,verified,2026-08-11
guilan-discovery-unit-research-9d4a784b0fad,guilan,بازدید معاونت پژوهش و فناوری دانشگاه از کتابخانه مرکزی رشت با هدف توسعه همکاری‌های مشترک - معاونت پژوهش و فناوری,research,,,,https://resvp.guilan.ac.ir/fa/w/%D8%A8%D8%A7%D8%B2%D8%AF%DB%8C%D8%AF-%D9%85%D8%B9%D8%A7%D9%88%D9%86%D8%AA-%D9%BE%DA%98%D9%88%D9%87%D8%B4-%D9%88-%D9%81%D9%86%D8%A7%D9%88%D8%B1%DB%8C-%D8%AF%D8%A7%D9%86%D8%B4%DA%AF%D8%A7%D9%87-%D8%A7%D8%B2-%DA%A9%D8%AA%D8%A7%D8%A8%D8%AE%D8%A7%D9%86%D9%87-?redirect=%2Ffa%2Fw%2F%25D8%25A8%25D8%25A7%25D8%25B2%25D8%25AF%25DB%258C%25D8%25AF-%25D9%2585%25D8%25B9%25D8%25A7%25D9%2588%25D9%2586%25D8%25AA-%25D9%25BE%25DA%2598%25D9%2588%25D9%2587%25D8%25B4-%25D9%2588-%25D9%2581%25D9%2586%25D8%25A7%25D9%2588%25D8%25B1%25DB%258C-%25D8%25AF%25D8%25A7%25D9%2586%25D8%25B4%25DA%25AF%25D8%25A7%25D9%2587-%25D8%25A7%25D8%25B2-%25DA%25A9%25D8%25AA%25D8%25A7%25D8%25A8%25D8%25AE%25D8%25A7%25D9%2586%25D9%2587-%3Fredirect%3D%252F,verified,2026-08-11
guilan-discovery-unit-research-ccd1a29b4976,guilan,بازدید معاونت پژوهش و فناوری دانشگاه از کتابخانه مرکزی رشت با هدف توسعه همکاری‌های مشترک - معاونت پژوهش و فناوری,research,,,,https://resvp.guilan.ac.ir/fa/w/%D8%A8%D8%A7%D8%B2%D8%AF%DB%8C%D8%AF-%D9%85%D8%B9%D8%A7%D9%88%D9%86%D8%AA-%D9%BE%DA%98%D9%88%D9%87%D8%B4-%D9%88-%D9%81%D9%86%D8%A7%D9%88%D8%B1%DB%8C-%D8%AF%D8%A7%D9%86%D8%B4%DA%AF%D8%A7%D9%87-%D8%A7%D8%B2-%DA%A9%D8%AA%D8%A7%D8%A8%D8%AE%D8%A7%D9%86%D9%87-?redirect=%2Ffa%2Fw%2F%25D8%25B3%25D8%25B1%25D9%25BE%25D8%25B1%25D8%25B3%25D8%25AA-%25D8%25AC%25D8%25AF%25DB%258C%25D8%25AF-%25D9%2585%25D8%25AF%25DB%258C%25D8%25B1%25DB%258C%25D8%25AA-%25D8%25A7%25D8%25B1%25D8%25AA%25D8%25A8%25D8%25A7%25D8%25B7-%25D8%25A8%25D8%25A7-%25D8%25B5%25D9%2586%25D8%25B9%25D8%25AA-%25D9%2588-%25D8%25AC%25D8%25A7%25D9%2585%25D8%25B9%25D9%2587-%25D8%25AF%25D8%25A7%25D9%2586%25D8%25B4%25DA%25AF%25D8%25A7%25D9%2587-%3Fredirect%3D%252F,verified,2026-08-11
guilan-discovery-unit-research-f2edd1346808,guilan,بازدید معاونت پژوهش و فناوری دانشگاه از کتابخانه مرکزی رشت با هدف توسعه همکاری‌های مشترک - معاونت پژوهش و فناوری,research,,,,https://resvp.guilan.ac.ir/fa/w/%D8%A8%D8%A7%D8%B2%D8%AF%DB%8C%D8%AF-%D9%85%D8%B9%D8%A7%D9%88%D9%86%D8%AA-%D9%BE%DA%98%D9%88%D9%87%D8%B4-%D9%88-%D9%81%D9%86%D8%A7%D9%88%D8%B1%DB%8C-%D8%AF%D8%A7%D9%86%D8%B4%DA%AF%D8%A7%D9%87-%D8%A7%D8%B2-%DA%A9%D8%AA%D8%A7%D8%A8%D8%AE%D8%A7%D9%86%D9%87-?redirect=%2Ffa%2Fw%2F%25D8%25B1%25D8%25A6%25DB%258C%25D8%25B3-%25D9%2585%25D8%25B1%25DA%25A9%25D8%25B2-%25D8%25A7%25D8%25B3%25D9%2586%25D8%25A7%25D8%25AF%25D8%258C-%25DA%25A9%25D8%25AA%25D8%25A7%25D8%25A8%25D8%25AE%25D8%25A7%25D9%2586%25D9%2587-%25D9%2588-%25D9%2586%25D8%25B4%25D8%25B1-%25D8%25AF%25D8%25A7%25D9%2586%25D8%25B4%25DA%25AF%25D8%25A7%25D9%2587-%25D9%2585%25D9%2586%25D8%25B5%25D9%2588%25D8%25A8-%25D8%25B4%25D8%25AF-2%3Fredirect%3D%252Ffa%252Fw%252F%2525D8%2525B1%2525D8%2525A6%2525DB%25258C%2525D8%2525B3-%2525D9%252585%2525D8%2525B1%2525DA%2525A9%2525D8%2525B2-%2525D8%2525A7%2525D8%2525B3%2525D9%252586%2525D8%2525A7%2525D8%2525AF%2525D8%25258C-%2525DA%2525A9%2525D8%2525AA%2525D8%2525A7%2525D8%2525A8%2525D8%2525AE%2525D8%2525A7%2525D9%252586%2525D9%252587-%2525D9%252588-%2525D9%252586%2525D8%2525B4%2525D8%2525B1-%2525D8%2525AF%2525D8%2525A7%2525D9%252586%2525D8%2525B4%2525DA%2525AF%2525D8%2525A7%2525D9%252587-%2525D9%252585%2525D9%252586%2525D8%2525B5%2525D9%252588%2525D8%2525A8-%2525D8%2525B4%2525D8%2525AF-2%253Fredirect%253D%25252F,verified,2026-08-11
guilan-discovery-unit-research-32e62b01ffee,guilan,بازدید معاونت پژوهش و فناوری دانشگاه از کتابخانه مرکزی رشت با هدف توسعه همکاری‌های مشترک - معاونت پژوهش و فناوری,research,,,,https://resvp.guilan.ac.ir/fa/w/%D8%A8%D8%A7%D8%B2%D8%AF%DB%8C%D8%AF-%D9%85%D8%B9%D8%A7%D9%88%D9%86%D8%AA-%D9%BE%DA%98%D9%88%D9%87%D8%B4-%D9%88-%D9%81%D9%86%D8%A7%D9%88%D8%B1%DB%8C-%D8%AF%D8%A7%D9%86%D8%B4%DA%AF%D8%A7%D9%87-%D8%A7%D8%B2-%DA%A9%D8%AA%D8%A7%D8%A8%D8%AE%D8%A7%D9%86%D9%87-?redirect=%2Ffa%2Fw%2F%25D8%25B1%25D8%25A6%25DB%258C%25D8%25B3-%25D9%2585%25D8%25B1%25DA%25A9%25D8%25B2-%25D8%25A7%25D8%25B3%25D9%2586%25D8%25A7%25D8%25AF%25D8%258C-%25DA%25A9%25D8%25AA%25D8%25A7%25D8%25A8%25D8%25AE%25D8%25A7%25D9%2586%25D9%2587-%25D9%2588-%25D9%2586%25D8%25B4%25D8%25B1-%25D8%25AF%25D8%25A7%25D9%2586%25D8%25B4%25DA%25AF%25D8%25A7%25D9%2587-%25D9%2585%25D9%2586%25D8%25B5%25D9%2588%25D8%25A8-%25D8%25B4%25D8%25AF-2%3Fredirect%3D%252Ffa%252Fw%252F%2525D8%2525A8%2525D8%2525A7%2525D8%2525B2%2525D8%2525AF%2525DB%25258C%2525D8%2525AF-%2525D9%252585%2525D8%2525B9%2525D8%2525A7%2525D9%252588%2525D9%252586%2525D8%2525AA-%2525D9%2525BE%2525DA%252598%2525D9%252588%2525D9%252587%2525D8%2525B4-%2525D9%252588-%2525D9%252581%2525D9%252586%2525D8%2525A7%2525D9%252588%2525D8%2525B1%2525DB%25258C-%2525D8%2525AF%2525D8%2525A7%2525D9%252586%2525D8%2525B4%2525DA%2525AF%2525D8%2525A7%2525D9%252587-%2525D8%2525A7%2525D8%2525B2-%2525DA%2525A9%2525D8%2525AA%2525D8%2525A7%2525D8%2525A8%2525D8%2525AE%2525D8%2525A7%2525D9%252586%2525D9%252587-%253Fredirect%253D%25252F,verified,2026-08-11
guilan-discovery-unit-research-431b4189a90b,guilan,بازدید معاونت پژوهش و فناوری دانشگاه از کتابخانه مرکزی رشت با هدف توسعه همکاری‌های مشترک - معاونت پژوهش و فناوری,research,,,,https://resvp.guilan.ac.ir/fa/w/%D8%A8%D8%A7%D8%B2%D8%AF%DB%8C%D8%AF-%D9%85%D8%B9%D8%A7%D9%88%D9%86%D8%AA-%D9%BE%DA%98%D9%88%D9%87%D8%B4-%D9%88-%D9%81%D9%86%D8%A7%D9%88%D8%B1%DB%8C-%D8%AF%D8%A7%D9%86%D8%B4%DA%AF%D8%A7%D9%87-%D8%A7%D8%B2-%DA%A9%D8%AA%D8%A7%D8%A8%D8%AE%D8%A7%D9%86%D9%87-?redirect=%2Ffa%2Fw%2F%25D8%25B1%25D8%25A6%25DB%258C%25D8%25B3-%25D9%2585%25D8%25B1%25DA%25A9%25D8%25B2-%25D8%25A7%25D8%25B3%25D9%2586%25D8%25A7%25D8%25AF%25D8%258C-%25DA%25A9%25D8%25AA%25D8%25A7%25D8%25A8%25D8%25AE%25D8%25A7%25D9%2586%25D9%2587-%25D9%2588-%25D9%2586%25D8%25B4%25D8%25B1-%25D8%25AF%25D8%25A7%25D9%2586%25D8%25B4%25DA%25AF%25D8%25A7%25D9%2587-%25D9%2585%25D9%2586%25D8%25B5%25D9%2588%25D8%25A8-%25D8%25B4%25D8%25AF-2%3Fredirect%3D%252Ffa%252Fw%252F%2525D8%2525B3%2525D8%2525B1%2525D9%2525BE%2525D8%2525B1%2525D8%2525B3%2525D8%2525AA-%2525D8%2525AC%2525D8%2525AF%2525DB%25258C%2525D8%2525AF-%2525D9%252585%2525D8%2525AF%2525DB%25258C%2525D8%2525B1%2525DB%25258C%2525D8%2525AA-%2525D8%2525A7%2525D8%2525B1%2525D8%2525AA%2525D8%2525A8%2525D8%2525A7%2525D8%2525B7-%2525D8%2525A8%2525D8%2525A7-%2525D8%2525B5%2525D9%252586%2525D8%2525B9%2525D8%2525AA-%2525D9%252588-%2525D8%2525AC%2525D8%2525A7%2525D9%252585%2525D8%2525B9%2525D9%252587-%2525D8%2525AF%2525D8%2525A7%2525D9%252586%2525D8%2525B4%2525DA%2525AF%2525D8%2525A7%2525D9%252587-%253Fredirect%253D%25252F,verified,2026-08-11
guilan-discovery-unit-research-fd05193c18a0,guilan,بازدید معاونت پژوهش و فناوری دانشگاه از کتابخانه مرکزی رشت با هدف توسعه همکاری‌های مشترک - معاونت پژوهش و فناوری,research,,,,https://resvp.guilan.ac.ir/fa/w/%D8%A8%D8%A7%D8%B2%D8%AF%DB%8C%D8%AF-%D9%85%D8%B9%D8%A7%D9%88%D9%86%D8%AA-%D9%BE%DA%98%D9%88%D9%87%D8%B4-%D9%88-%D9%81%D9%86%D8%A7%D9%88%D8%B1%DB%8C-%D8%AF%D8%A7%D9%86%D8%B4%DA%AF%D8%A7%D9%87-%D8%A7%D8%B2-%DA%A9%D8%AA%D8%A7%D8%A8%D8%AE%D8%A7%D9%86%D9%87-?redirect=%2Ffa%2Fw%2F%25D8%25A8%25D8%25A7%25D8%25B2%25D8%25AF%25DB%258C%25D8%25AF-%25D9%2585%25D8%25B9%25D8%25A7%25D9%2588%25D9%2586%25D8%25AA-%25D9%25BE%25DA%2598%25D9%2588%25D9%2587%25D8%25B4-%25D9%2588-%25D9%2581%25D9%2586%25D8%25A7%25D9%2588%25D8%25B1%25DB%258C-%25D8%25AF%25D8%25A7%25D9%2586%25D8%25B4%25DA%25AF%25D8%25A7%25D9%2587-%25D8%25A7%25D8%25B2-%25DA%25A9%25D8%25AA%25D8%25A7%25D8%25A8%25D8%25AE%25D8%25A7%25D9%2586%25D9%2587-%3Fredirect%3D%252Ffa%252Fw%252F%2525D8%2525B1%2525D8%2525A6%2525DB%25258C%2525D8%2525B3-%2525D9%252585%2525D8%2525B1%2525DA%2525A9%2525D8%2525B2-%2525D8%2525A7%2525D8%2525B3%2525D9%252586%2525D8%2525A7%2525D8%2525AF%2525D8%25258C-%2525DA%2525A9%2525D8%2525AA%2525D8%2525A7%2525D8%2525A8%2525D8%2525AE%2525D8%2525A7%2525D9%252586%2525D9%252587-%2525D9%252588-%2525D9%252586%2525D8%2525B4%2525D8%2525B1-%2525D8%2525AF%2525D8%2525A7%2525D9%252586%2525D8%2525B4%2525DA%2525AF%2525D8%2525A7%2525D9%252587-%2525D9%252585%2525D9%252586%2525D8%2525B5%2525D9%252588%2525D8%2525A8-%2525D8%2525B4%2525D8%2525AF-2%253Fredirect%253D%25252F,verified,2026-08-11
guilan-discovery-unit-research-05a6f2aa356c,guilan,بازدید معاونت پژوهش و فناوری دانشگاه از کتابخانه مرکزی رشت با هدف توسعه همکاری‌های مشترک - معاونت پژوهش و فناوری,research,,,,https://resvp.guilan.ac.ir/fa/w/%D8%A8%D8%A7%D8%B2%D8%AF%DB%8C%D8%AF-%D9%85%D8%B9%D8%A7%D9%88%D9%86%D8%AA-%D9%BE%DA%98%D9%88%D9%87%D8%B4-%D9%88-%D9%81%D9%86%D8%A7%D9%88%D8%B1%DB%8C-%D8%AF%D8%A7%D9%86%D8%B4%DA%AF%D8%A7%D9%87-%D8%A7%D8%B2-%DA%A9%D8%AA%D8%A7%D8%A8%D8%AE%D8%A7%D9%86%D9%87-?redirect=%2Ffa%2Fw%2F%25D8%25A8%25D8%25A7%25D8%25B2%25D8%25AF%25DB%258C%25D8%25AF-%25D9%2585%25D8%25B9%25D8%25A7%25D9%2588%25D9%2586%25D8%25AA-%25D9%25BE%25DA%2598%25D9%2588%25D9%2587%25D8%25B4-%25D9%2588-%25D9%2581%25D9%2586%25D8%25A7%25D9%2588%25D8%25B1%25DB%258C-%25D8%25AF%25D8%25A7%25D9%2586%25D8%25B4%25DA%25AF%25D8%25A7%25D9%2587-%25D8%25A7%25D8%25B2-%25DA%25A9%25D8%25AA%25D8%25A7%25D8%25A8%25D8%25AE%25D8%25A7%25D9%2586%25D9%2587-%3Fredirect%3D%252Ffa%252Fw%252F%2525D8%2525A8%2525D8%2525A7%2525D8%2525B2%2525D8%2525AF%2525DB%25258C%2525D8%2525AF-%2525D9%252585%2525D8%2525B9%2525D8%2525A7%2525D9%252588%2525D9%252586%2525D8%2525AA-%2525D9%2525BE%2525DA%252598%2525D9%252588%2525D9%252587%2525D8%2525B4-%2525D9%252588-%2525D9%252581%2525D9%252586%2525D8%2525A7%2525D9%252588%2525D8%2525B1%2525DB%25258C-%2525D8%2525AF%2525D8%2525A7%2525D9%252586%2525D8%2525B4%2525DA%2525AF%2525D8%2525A7%2525D9%252587-%2525D8%2525A7%2525D8%2525B2-%2525DA%2525A9%2525D8%2525AA%2525D8%2525A7%2525D8%2525A8%2525D8%2525AE%2525D8%2525A7%2525D9%252586%2525D9%252587-%253Fredirect%253D%25252F,verified,2026-08-11
guilan-discovery-unit-research-2d45500c0ceb,guilan,بازدید معاونت پژوهش و فناوری دانشگاه از کتابخانه مرکزی رشت با هدف توسعه همکاری‌های مشترک - معاونت پژوهش و فناوری,research,,,,https://resvp.guilan.ac.ir/fa/w/%D8%A8%D8%A7%D8%B2%D8%AF%DB%8C%D8%AF-%D9%85%D8%B9%D8%A7%D9%88%D9%86%D8%AA-%D9%BE%DA%98%D9%88%D9%87%D8%B4-%D9%88-%D9%81%D9%86%D8%A7%D9%88%D8%B1%DB%8C-%D8%AF%D8%A7%D9%86%D8%B4%DA%AF%D8%A7%D9%87-%D8%A7%D8%B2-%DA%A9%D8%AA%D8%A7%D8%A8%D8%AE%D8%A7%D9%86%D9%87-?redirect=%2Ffa%2Fw%2F%25D8%25A8%25D8%25A7%25D8%25B2%25D8%25AF%25DB%258C%25D8%25AF-%25D9%2585%25D8%25B9%25D8%25A7%25D9%2588%25D9%2586%25D8%25AA-%25D9%25BE%25DA%2598%25D9%2588%25D9%2587%25D8%25B4-%25D9%2588-%25D9%2581%25D9%2586%25D8%25A7%25D9%2588%25D8%25B1%25DB%258C-%25D8%25AF%25D8%25A7%25D9%2586%25D8%25B4%25DA%25AF%25D8%25A7%25D9%2587-%25D8%25A7%25D8%25B2-%25DA%25A9%25D8%25AA%25D8%25A7%25D8%25A8%25D8%25AE%25D8%25A7%25D9%2586%25D9%2587-%3Fredirect%3D%252Ffa%252Fw%252F%2525D8%2525B3%2525D8%2525B1%2525D9%2525BE%2525D8%2525B1%2525D8%2525B3%2525D8%2525AA-%2525D8%2525AC%2525D8%2525AF%2525DB%25258C%2525D8%2525AF-%2525D9%252585%2525D8%2525AF%2525DB%25258C%2525D8%2525B1%2525DB%25258C%2525D8%2525AA-%2525D8%2525A7%2525D8%2525B1%2525D8%2525AA%2525D8%2525A8%2525D8%2525A7%2525D8%2525B7-%2525D8%2525A8%2525D8%2525A7-%2525D8%2525B5%2525D9%252586%2525D8%2525B9%2525D8%2525AA-%2525D9%252588-%2525D8%2525AC%2525D8%2525A7%2525D9%252585%2525D8%2525B9%2525D9%252587-%2525D8%2525AF%2525D8%2525A7%2525D9%252586%2525D8%2525B4%2525DA%2525AF%2525D8%2525A7%2525D9%252587-%253Fredirect%253D%25252F,verified,2026-08-11
guilan-discovery-unit-research-a4900059ac23,guilan,بازدید معاونت پژوهش و فناوری دانشگاه از کتابخانه مرکزی رشت با هدف توسعه همکاری‌های مشترک - معاونت پژوهش و فناوری,research,,,,https://resvp.guilan.ac.ir/fa/w/%D8%A8%D8%A7%D8%B2%D8%AF%DB%8C%D8%AF-%D9%85%D8%B9%D8%A7%D9%88%D9%86%D8%AA-%D9%BE%DA%98%D9%88%D9%87%D8%B4-%D9%88-%D9%81%D9%86%D8%A7%D9%88%D8%B1%DB%8C-%D8%AF%D8%A7%D9%86%D8%B4%DA%AF%D8%A7%D9%87-%D8%A7%D8%B2-%DA%A9%D8%AA%D8%A7%D8%A8%D8%AE%D8%A7%D9%86%D9%87-?redirect=%2Ffa%2Fw%2F%25D8%25B3%25D8%25B1%25D9%25BE%25D8%25B1%25D8%25B3%25D8%25AA-%25D8%25AC%25D8%25AF%25DB%258C%25D8%25AF-%25D9%2585%25D8%25AF%25DB%258C%25D8%25B1%25DB%258C%25D8%25AA-%25D8%25A7%25D8%25B1%25D8%25AA%25D8%25A8%25D8%25A7%25D8%25B7-%25D8%25A8%25D8%25A7-%25D8%25B5%25D9%2586%25D8%25B9%25D8%25AA-%25D9%2588-%25D8%25AC%25D8%25A7%25D9%2585%25D8%25B9%25D9%2587-%25D8%25AF%25D8%25A7%25D9%2586%25D8%25B4%25DA%25AF%25D8%25A7%25D9%2587-%3Fredirect%3D%252Ffa%252Fw%252F%2525D8%2525B1%2525D8%2525A6%2525DB%25258C%2525D8%2525B3-%2525D9%252585%2525D8%2525B1%2525DA%2525A9%2525D8%2525B2-%2525D8%2525A7%2525D8%2525B3%2525D9%252586%2525D8%2525A7%2525D8%2525AF%2525D8%25258C-%2525DA%2525A9%2525D8%2525AA%2525D8%2525A7%2525D8%2525A8%2525D8%2525AE%2525D8%2525A7%2525D9%252586%2525D9%252587-%2525D9%252588-%2525D9%252586%2525D8%2525B4%2525D8%2525B1-%2525D8%2525AF%2525D8%2525A7%2525D9%252586%2525D8%2525B4%2525DA%2525AF%2525D8%2525A7%2525D9%252587-%2525D9%252585%2525D9%252586%2525D8%2525B5%2525D9%252588%2525D8%2525A8-%2525D8%2525B4%2525D8%2525AF-2%253Fredirect%253D%25252F,verified,2026-08-11
guilan-discovery-unit-research-bdf28d96fb6c,guilan,بازدید معاونت پژوهش و فناوری دانشگاه از کتابخانه مرکزی رشت با هدف توسعه همکاری‌های مشترک - معاونت پژوهش و فناوری,research,,,,https://resvp.guilan.ac.ir/fa/w/%D8%A8%D8%A7%D8%B2%D8%AF%DB%8C%D8%AF-%D9%85%D8%B9%D8%A7%D9%88%D9%86%D8%AA-%D9%BE%DA%98%D9%88%D9%87%D8%B4-%D9%88-%D9%81%D9%86%D8%A7%D9%88%D8%B1%DB%8C-%D8%AF%D8%A7%D9%86%D8%B4%DA%AF%D8%A7%D9%87-%D8%A7%D8%B2-%DA%A9%D8%AA%D8%A7%D8%A8%D8%AE%D8%A7%D9%86%D9%87-?redirect=%2Ffa%2Fw%2F%25D8%25B3%25D8%25B1%25D9%25BE%25D8%25B1%25D8%25B3%25D8%25AA-%25D8%25AC%25D8%25AF%25DB%258C%25D8%25AF-%25D9%2585%25D8%25AF%25DB%258C%25D8%25B1%25DB%258C%25D8%25AA-%25D8%25A7%25D8%25B1%25D8%25AA%25D8%25A8%25D8%25A7%25D8%25B7-%25D8%25A8%25D8%25A7-%25D8%25B5%25D9%2586%25D8%25B9%25D8%25AA-%25D9%2588-%25D8%25AC%25D8%25A7%25D9%2585%25D8%25B9%25D9%2587-%25D8%25AF%25D8%25A7%25D9%2586%25D8%25B4%25DA%25AF%25D8%25A7%25D9%2587-%3Fredirect%3D%252Ffa%252Fw%252F%2525D8%2525B3%2525D8%2525B1%2525D9%2525BE%2525D8%2525B1%2525D8%2525B3%2525D8%2525AA-%2525D8%2525AC%2525D8%2525AF%2525DB%25258C%2525D8%2525AF-%2525D9%252585%2525D8%2525AF%2525DB%25258C%2525D8%2525B1%2525DB%25258C%2525D8%2525AA-%2525D8%2525A7%2525D8%2525B1%2525D8%2525AA%2525D8%2525A8%2525D8%2525A7%2525D8%2525B7-%2525D8%2525A8%2525D8%2525A7-%2525D8%2525B5%2525D9%252586%2525D8%2525B9%2525D8%2525AA-%2525D9%252588-%2525D8%2525AC%2525D8%2525A7%2525D9%252585%2525D8%2525B9%2525D9%252587-%2525D8%2525AF%2525D8%2525A7%2525D9%252586%2525D8%2525B4%2525DA%2525AF%2525D8%2525A7%2525D9%252587-%253Fredirect%253D%25252F,verified,2026-08-11
urmia-discovery-unit-research-2116fd84d0db,urmia,دانلودها - فرم های مدیریت امور پژوهشی,research,,,,https://pajuheshi.urmia.ac.ir/fa/download/category/329/%D9%81%D8%B1%D9%85-%D9%87%D8%A7%DB%8C-%D9%85%D8%AF%DB%8C%D8%B1%DB%8C%D8%AA-%D8%A7%D9%85%D9%88%D8%B1-%D9%BE%DA%98%D9%88%D9%87%D8%B4%DB%8C,verified,2026-08-11
urmia-discovery-unit-industry-4565d6dfc6f9,urmia,دانلودها - فرم های ارتباط با صنعت,industry,,,,https://pajuheshi.urmia.ac.ir/fa/download/category/369,verified,2026-08-11
urmia-discovery-unit-industry-838bb928b27d,urmia,دانلودها - فرم های ارتباط با صنعت,industry,,,,https://pajuheshi.urmia.ac.ir/fa/download/category/369/%D9%81%D8%B1%D9%85-%D9%87%D8%A7%DB%8C-%D8%A7%D8%B1%D8%AA%D8%A8%D8%A7%D8%B7-%D8%A8%D8%A7-%D8%B5%D9%86%D8%B9%D8%AA,verified,2026-08-11
urmia-discovery-unit-industry-2d80741ba896,urmia,فرمت قرارداد طرح ارتباط با صنعت با شرکت‌های خصوصی - معاونت پژوهش و فن‌آوری,industry,,,,https://pajuheshi.urmia.ac.ir/fa/download/2419/%D9%81%D8%B1%D9%85%D8%AA-%D9%82%D8%B1%D8%A7%D8%B1%D8%AF%D8%A7%D8%AF-%D8%B7%D8%B1%D8%AD-%D8%A7%D8%B1%D8%AA%D8%A8%D8%A7%D8%B7-%D8%A8%D8%A7-%D8%B5%D9%86%D8%B9%D8%AA-%D8%A8%D8%A7-%D8%B4%D8%B1%DA%A9%D8%AA-%D9%87%D8%A7%DB%8C-%D8%AE%D8%B5%D9%88%D8%B5%DB%8C,verified,2026-08-11
urmia-discovery-unit-it-bf77420f804d,urmia,دانلودها - فرم های مدیریت فناوری اطلاعات,it,,organizationally-attributed,,https://pajuheshi.urmia.ac.ir/fa/download/category/328/%D9%81%D8%B1%D9%85-%D9%87%D8%A7%DB%8C-%D9%85%D8%AF%DB%8C%D8%B1%DB%8C%D8%AA-%D9%81%D9%86%D8%A7%D9%88%D8%B1%DB%8C-%D8%A7%D8%B7%D9%84%D8%A7%D8%B9%D8%A7%D8%AA,verified,2026-08-11
semnan-discovery-unit-library-be7fb4e2dab2,semnan,مدیریت کتابخانه مرکزی و مرکز اسناد | معاونت پژوهش و فناوری دانشگاه سمنان,library,,,,https://research.semnan.ac.ir/%D9%85%D8%AF%DB%8C%D8%B1%DB%8C%D8%AA-%DA%A9%D8%AA%D8%A7%D8%A8%D8%AE%D8%A7%D9%86%D9%87-%D9%85%D8%B1%DA%A9%D8%B2%DB%8C-%D9%88-%D9%85%D8%B1%DA%A9%D8%B2-%D8%A7%D8%B3%D9%86%D8%A7%D8%AF,verified,2026-08-11
semnan-discovery-unit-library-265ce689993e,semnan,کتابخانه مرکزی و مرکز اسناد | کتابخانه مرکزی و مرکز اسناد دانشگاه سمنان,library,,,,https://lib.semnan.ac.ir/%DA%A9%D8%AA%D8%A7%D8%A8%D8%AE%D8%A7%D9%86%D9%87-%D9%85%D8%B1%DA%A9%D8%B2%DB%8C-%D9%88-%D9%85%D8%B1%DA%A9%D8%B2-%D8%A7%D8%B3%D9%86%D8%A7%D8%AF-,verified,2026-08-11
semnan-discovery-unit-library-9a9ee4d5f3ee,semnan,برگ افتخار دیگری برای دانشگاه سمنان: قرارگرفتن کتابخانه مرکزی و مرکز اسناد دانشگاه برای چندمین سال متوالی در زمره 10 درصد کتابخانه های برتر کشور | کتابخانه مرکزی و مرکز اسناد دانشگاه سمنان,library,,,,https://lib.semnan.ac.ir/%D8%A7%D8%B7%D9%84%D8%A7%D8%B9%DB%8C%D9%87-%D9%87%D8%A7/%D8%A8%D8%B1%DA%AF-%D8%A7%D9%81%D8%AA%D8%AE%D8%A7%D8%B1-%D8%AF%DB%8C%DA%AF%D8%B1%DB%8C-%D8%A8%D8%B1%D8%A7%DB%8C-%D8%AF%D8%A7%D9%86%D8%B4%DA%AF%D8%A7%D9%87-%D8%B3%D9%85%D9%86%D8%A7%D9%86:-%D9%82%D8%B1%D8%A7%D8%B1%DA%AF%D8%B1%D9%81%D8%AA%D9%86-%DA%A9%D8%AA%D8%A7%D8%A8%D8%AE%D8%A7%D9%86%D9%87-%D9%85%D8%B1%DA%A9%D8%B2%DB%8C-%D9%88-%D9%85%D8%B1%DA%A9%D8%B2-%D8%A7%D8%B3%D9%86%D8%A7%D8%AF-%D8%AF%D8%A7%D9%86%D8%B4%DA%AF%D8%A7%D9%87--%D8%A8%D8%B1%D8%A7%DB%8C-%DA%86%D9%86%D8%AF%D9%85%DB%8C%D9%86-%D8%B3%D8%A7%D9%84-%D9%85%D8%AA%D9%88%D8%A7%D9%84%DB%8C-%D8%AF%D8%B1-%D8%B2%D9%85%D8%B1%D9%87-10-%D8%AF%D8%B1%D8%B5%D8%AF-%DA%A9%D8%AA%D8%A7%D8%A8%D8%AE%D8%A7%D9%86%D9%87-%D9%87%D8%A7%DB%8C-%D8%A8%D8%B1%D8%AA%D8%B1-%DA%A9%D8%B4%D9%88%D8%B1,verified,2026-08-11
semnan-discovery-unit-library-dc12c81c9192,semnan,کتابخانه مرکزی و مرکز اسناد دانشگاه سمنان | کتابخانه مرکزی و مرکز اسناد دانشگاه سمنان,library,,,,https://lib.semnan.ac.ir/,verified,2026-08-11
semnan-discovery-unit-laboratory-3b8703d841ea,semnan,راه‌اندازی کانال رسمی آزمایشگاه مرکزی دانشگاه سمنان در پیام‌رسان ایتا | معاونت پژوهش و فناوری دانشگاه سمنان,laboratory,,,,https://research.semnan.ac.ir/%D8%A7%D8%B7%D9%84%D8%A7%D8%B9%DB%8C%D9%87-%D9%87%D8%A7/%D8%B1%D8%A7%D9%87%E2%80%8C%D8%A7%D9%86%D8%AF%D8%A7%D8%B2%DB%8C-%DA%A9%D8%A7%D9%86%D8%A7%D9%84-%D8%B1%D8%B3%D9%85%DB%8C-%D8%A2%D8%B2%D9%85%D8%A7%DB%8C%D8%B4%DA%AF%D8%A7%D9%87-%D9%85%D8%B1%DA%A9%D8%B2%DB%8C-%D8%AF%D8%A7%D9%86%D8%B4%DA%AF%D8%A7%D9%87-%D8%B3%D9%85%D9%86%D8%A7%D9%86-%D8%AF%D8%B1-%D9%BE%DB%8C%D8%A7%D9%85%E2%80%8C%D8%B1%D8%B3%D8%A7%D9%86-%D8%A7%DB%8C%D8%AA%D8%A7,verified,2026-08-11
semnan-discovery-unit-library-bad8ea822716,semnan,راهنمای جستجوی منابع دیجیتال کتابخانه | کتابخانه مرکزی و مرکز اسناد دانشگاه سمنان,library,,,,https://lib.semnan.ac.ir/%D8%B1%D8%A7%D9%87%D9%86%D9%85%D8%A7%DB%8C-%D8%AC%D8%B3%D8%AA%D8%AC%D9%88%DB%8C-%D9%85%D9%86%D8%A7%D8%A8%D8%B9-%D8%AF%DB%8C%D8%AC%DB%8C%D8%AA%D8%A7%D9%84-%DA%A9%D8%AA%D8%A7%D8%A8%D8%AE%D8%A7%D9%86%D9%87-,verified,2026-08-11
semnan-discovery-unit-laboratory-573b6257cc6d,semnan,آزمایشگاه مرکزی دانشگاه سمنان,laboratory,,,,https://centrallab.semnan.ac.ir/,verified,2026-08-11
semnan-discovery-unit-technology-0d8e6c54e92d,semnan,معرفی مرکز کارآفرینی | معاونت پژوهش و فناوری دانشگاه سمنان,technology,,,,https://research.semnan.ac.ir/%D9%85%D8%B9%D8%B1%D9%81%DB%8C-%D9%85%D8%B1%DA%A9%D8%B2-%DA%A9%D8%A7%D8%B1%D8%A2%D9%81%D8%B1%DB%8C%D9%86%DB%8C,verified,2026-08-11
semnan-discovery-unit-library-1474d6379c52,semnan,اداره نشریات | اداره چاپ و انتشارات دانشگاه سمنان,library,,,,https://publication.semnan.ac.ir/,verified,2026-08-11
semnan-discovery-unit-library-bc0ac25a5e8c,semnan,راهنمای تسویه حساب پایان نامه برای دانشجویانی که دفاع و ارسال پایان نامه آنها خارج از سامانه گلستان می باشد. | کتابخانه مرکزی و مرکز اسناد دانشگاه سمنان,library,,,,https://lib.semnan.ac.ir/%D8%B1%D8%A7%D9%87%D9%86%D9%85%D8%A7%DB%8C-%D8%AA%D8%B3%D9%88%DB%8C%D9%87-%D8%AD%D8%B3%D8%A7%D8%A8-%D9%BE%D8%A7%DB%8C%D8%A7%D9%86-%D9%86%D8%A7%D9%85%D9%87-%D8%A8%D8%B1%D8%A7%DB%8C-%D8%AF%D8%A7%D9%86%D8%B4%D8%AC%D9%88%DB%8C%D8%A7%D9%86%DB%8C-%DA%A9%D9%87-%D8%AF%D9%81%D8%A7%D8%B9-%D9%88-%D8%A7%D8%B1%D8%B3%D8%A7%D9%84-%D9%BE%D8%A7%DB%8C%D8%A7%D9%86-%D9%86%D8%A7%D9%85%D9%87-%D8%A2%D9%86%D9%87%D8%A7-%D8%AE%D8%A7%D8%B1%D8%AC-%D8%A7%D8%B2-%D8%B3%D8%A7%D9%85%D8%A7%D9%86%D9%87-%DA%AF%D9%84%D8%B3%D8%AA%D8%A7%D9%86-%D9%85%DB%8C-%D8%A8%D8%A7%D8%B4%D8%AF%C2%B7,verified,2026-08-11
semnan-discovery-unit-library-3ae91aa330f0,semnan,دستورالعمل امانت و تمدید کتاب | کتابخانه مرکزی و مرکز اسناد دانشگاه سمنان,library,,,,https://lib.semnan.ac.ir/%D8%AF%D8%B3%D8%AA%D9%88%D8%B1%D8%A7%D9%84%D8%B9%D9%85%D9%84-%D8%A7%D9%85%D8%A7%D9%86%D8%AA-%D9%88-%D8%AA%D9%85%D8%AF%DB%8C%D8%AF-%DA%A9%D8%AA%D8%A7%D8%A8,verified,2026-08-11
semnan-discovery-unit-library-72156dd3d244,semnan,آیین نامه ها | کتابخانه مرکزی و مرکز اسناد دانشگاه سمنان,library,,,,https://lib.semnan.ac.ir/Aeennameha,verified,2026-08-11
semnan-discovery-unit-library-8d53d5ac188c,semnan,راهنمای همانندجو | کتابخانه مرکزی و مرکز اسناد دانشگاه سمنان,library,,,,https://lib.semnan.ac.ir/%D8%B1%D8%A7%D9%87%D9%86%D9%85%D8%A7%DB%8C-%D9%87%D9%85%D8%A7%D9%86%D9%86%D8%AF%D8%AC%D9%88,verified,2026-08-11
semnan-discovery-unit-library-802c995d6c51,semnan,دستورالعمل امانت کتاب ها | کتابخانه مرکزی و مرکز اسناد دانشگاه سمنان,library,,,,https://lib.semnan.ac.ir/%D8%AF%D8%B3%D8%AA%D9%88%D8%B1%D8%A7%D9%84%D8%B9%D9%85%D9%84-%D8%A7%D9%85%D8%A7%D9%86%D8%AA-%DA%A9%D8%AA%D8%A7%D8%A8-%D9%87%D8%A7,verified,2026-08-11
semnan-discovery-unit-technology-332072f9aa73,semnan,مدیر مرکز کارآفرینی | معاونت پژوهش و فناوری دانشگاه سمنان,technology,,,,https://research.semnan.ac.ir/%D9%85%D8%AF%DB%8C%D8%B1-%D9%85%D8%B1%DA%A9%D8%B2-%DA%A9%D8%A7%D8%B1%D8%A2%D9%81%D8%B1%DB%8C%D9%86%DB%8C,verified,2026-08-11
semnan-discovery-unit-technology-827251aa48af,semnan,تماس با کارآفرینی | معاونت پژوهش و فناوری دانشگاه سمنان,technology,,,,https://research.semnan.ac.ir/%D8%AA%D9%85%D8%A7%D8%B3-%D8%A8%D8%A7-%DA%A9%D8%A7%D8%B1%D8%A2%D9%81%D8%B1%DB%8C%D9%86%DB%8C,verified,2026-08-11
semnan-discovery-unit-library-d91b3b30a4cf,semnan,نشریات علمی | معاونت پژوهش و فناوری دانشگاه سمنان,library,,,,https://research.semnan.ac.ir/%D9%86%D8%B4%D8%B1%DB%8C%D8%A7%D8%AA-%D8%B9%D9%84%D9%85%DB%8C,verified,2026-08-11
semnan-discovery-unit-research-555f11b64c07,semnan,مدیریت امور پژوهشی | معاونت پژوهش و فناوری دانشگاه سمنان,research,,,,https://research.semnan.ac.ir/%D9%85%D8%AF%DB%8C%D8%B1%DB%8C%D8%AA-%D8%A7%D9%85%D9%88%D8%B1-%D9%BE%DA%98%D9%88%D9%87%D8%B4%DB%8C,verified,2026-08-11
sistan-baluchestan-discovery-unit-technology-969ff32c4682,sistan-baluchestan,دانشگاه سیستان و بلوچستان > معاونت ها > معاونت پژوهشی و فناوری > مجتمع فناوری و نوآوری > فرم ها,technology,,,,https://www.usb.ac.ir/%D9%85%D8%B9%D8%A7%D9%88%D9%86%D8%AA-%D9%87%D8%A7/%D9%85%D8%B9%D8%A7%D9%88%D9%86%D8%AA-%D9%BE%DA%98%D9%88%D9%87%D8%B4%DB%8C-%D9%88-%D9%81%D9%86%D8%A7%D9%88%D8%B1%DB%8C/%D9%85%D8%AC%D8%AA%D9%85%D8%B9-%D9%81%D9%86%D8%A7%D9%88%D8%B1%DB%8C-%D9%88-%D9%86%D9%88%D8%A2%D9%88%D8%B1%DB%8C/%D9%81%D8%B1%D9%85-%D9%87%D8%A7,verified,2026-08-11
yazd-discovery-unit-library-8c516add9cb1,yazd,دانشگاه یزد - اداره نشریات علمی و انتشارات,library,,,,https://yazd.ac.ir/offices/research/deputy/publications/introduction,verified,2026-08-11
yazd-discovery-unit-library-2ec8ba831e77,yazd,دانشگاه یزد - کتابخانه مرکزی و نشر دانشگاه,library,,,,https://yazd.ac.ir/offices/research/deputy/library/introduction,verified,2026-08-11
yazd-discovery-unit-industry-0b214265dd69,yazd,اداره هدایت شغلی و فرصت مطالعاتی در جامعه و صنعت,industry,,,,https://yazd.ac.ir/offices/research/deputy/entrepreneurship,verified,2026-08-11
kurdistan-discovery-unit-industry-262769934656,kurdistan,ابلاغ دستورالعمل جامع امتیازدهی پژوهشی با محوریت مسئولیت اجتماعی و ارتباط با صنعت - معاونت پژوهشی و نوآوری,industry,,,,https://uok.ac.ir/fa/web/research-and-innovation/w/%D8%AF%D8%A7%D9%86%D8%B4%DA%AF%D8%A7%D9%87-%DA%A9%D8%B1%D8%AF%D8%B3%D8%AA%D8%A7%D9%86-%D9%BE%DB%8C%D8%B4%DA%AF%D8%A7%D9%85-%D8%B4%D8%AF-%D8%A7%D8%A8%D9%84%D8%A7%D8%BA-%D8%AF%D8%B3%D8%AA%D9%88%D8%B1%D8%A7%D9%84%D8%B9%D9%85%D9%84-%D8%AC%D8%A7%D9%85%D8%B9-?redirect=%2Fweb%2Fresearch-and-innovation,verified,2026-08-11
kurdistan-discovery-unit-laboratory-8f399bf6faf2,kurdistan,فرم‌ها و آیین‌نامه‌ها - معاونت پژوهشی و نوآوری,laboratory,,,,https://uok.ac.ir/web/research-and-innovation/research-forms-regulations/-/document_library/nqsj/view/436499?_com_liferay_document_library_web_portlet_DLPortlet_INSTANCE_nqsj_redirect=https%3A%2F%2Fuok.ac.ir%2Fweb%2Fresearch-and-innovation%2Fresearch-forms-regulations%3Fp_p_id%3Dcom_liferay_document_library_web_portlet_DLPortlet_INSTANCE_nqsj%26p_p_lifecycle%3D0%26p_p_state%3Dnormal%26p_p_mode%3Dview,verified,2026-08-11
kurdistan-discovery-unit-technology-29cdde9d887d,kurdistan,فرم‌ها و آیین‌نامه‌ها - معاونت پژوهشی و نوآوری,technology,,,,https://uok.ac.ir/fa/web/research-and-innovation/research-forms-regulations/-/document_library/nqsj/view/436464?_com_liferay_document_library_web_portlet_DLPortlet_INSTANCE_nqsj_redirect=https%3A%2F%2Fuok.ac.ir%2Ffa%2Fweb%2Fresearch-and-innovation%2Fresearch-forms-regulations%3Fp_p_id%3Dcom_liferay_document_library_web_portlet_DLPortlet_INSTANCE_nqsj%26p_p_lifecycle%3D0%26p_p_state%3Dnormal%26p_p_mode%3Dview,verified,2026-08-11
kurdistan-discovery-unit-technology-25324516970e,kurdistan,صفحه اصلی - معاونت پژوهشی و نوآوری,technology,,,,https://uok.ac.ir/web/research-and-innovation,verified,2026-08-11
kurdistan-discovery-unit-technology-484415106073,kurdistan,فرم‌ها و آیین‌نامه‌ها - معاونت پژوهشی و نوآوری,technology,,,,https://uok.ac.ir/web/research-and-innovation/research-forms-regulations,verified,2026-08-11
kurdistan-discovery-unit-technology-8e7fd4a314b8,kurdistan,دومین همایش ملی جامعه شناسی مرز: سیاست های توسعه و حیات اجتماعی مرزنشینان - معاونت پژوهشی و نوآوری,technology,,,,https://uok.ac.ir/fa/web/research-and-innovation/w/%D8%AF%D9%88%D9%85%DB%8C%D9%86-%D9%87%D9%85%D8%A7%DB%8C%D8%B4-%D9%85%D9%84%DB%8C-%D8%AC%D8%A7%D9%85%D8%B9%D9%87-%D8%B4%D9%86%D8%A7%D8%B3%DB%8C-%D9%85%D8%B1%D8%B2-%D8%B3%DB%8C%D8%A7%D8%B3%D8%AA-%D9%87%D8%A7%DB%8C-%D8%AA%D9%88%D8%B3%D8%B9%D9%87-%D9%88-?redirect=%2Fweb%2Fresearch-and-innovation,verified,2026-08-11
kurdistan-discovery-unit-technology-2358cf7672ac,kurdistan,فرم‌ها و آیین‌نامه‌ها - معاونت پژوهشی و نوآوری,technology,,,,https://uok.ac.ir/web/research-and-innovation/research-forms-regulations/-/document_library/nqsj/view/486327?_com_liferay_document_library_web_portlet_DLPortlet_INSTANCE_nqsj_redirect=https%3A%2F%2Fuok.ac.ir%2Fweb%2Fresearch-and-innovation%2Fresearch-forms-regulations%3Fp_p_id%3Dcom_liferay_document_library_web_portlet_DLPortlet_INSTANCE_nqsj%26p_p_lifecycle%3D0%26p_p_state%3Dnormal%26p_p_mode%3Dview,verified,2026-08-11
kurdistan-discovery-unit-technology-6ff8b6562804,kurdistan,فرم‌ها و آیین‌نامه‌ها - معاونت پژوهشی و نوآوری,technology,,,,https://uok.ac.ir/web/research-and-innovation/research-forms-regulations/-/document_library/nqsj/view/11746224?_com_liferay_document_library_web_portlet_DLPortlet_INSTANCE_nqsj_redirect=https%3A%2F%2Fuok.ac.ir%2Fweb%2Fresearch-and-innovation%2Fresearch-forms-regulations%3Fp_p_id%3Dcom_liferay_document_library_web_portlet_DLPortlet_INSTANCE_nqsj%26p_p_lifecycle%3D0%26p_p_state%3Dnormal%26p_p_mode%3Dview,verified,2026-08-11
kurdistan-discovery-unit-technology-f88ea46ac0ad,kurdistan,فرم‌ها و آیین‌نامه‌ها - معاونت پژوهشی و نوآوری,technology,,,,https://uok.ac.ir/web/research-and-innovation/research-forms-regulations/-/document_library/nqsj/view/436484?_com_liferay_document_library_web_portlet_DLPortlet_INSTANCE_nqsj_redirect=https%3A%2F%2Fuok.ac.ir%2Fweb%2Fresearch-and-innovation%2Fresearch-forms-regulations%3Fp_p_id%3Dcom_liferay_document_library_web_portlet_DLPortlet_INSTANCE_nqsj%26p_p_lifecycle%3D0%26p_p_state%3Dnormal%26p_p_mode%3Dview,verified,2026-08-11
kurdistan-discovery-unit-technology-57b568d920e1,kurdistan,فرم‌ها و آیین‌نامه‌ها - معاونت پژوهشی و نوآوری,technology,,,,https://uok.ac.ir/web/research-and-innovation/research-forms-regulations/-/document_library/nqsj/view/436493?_com_liferay_document_library_web_portlet_DLPortlet_INSTANCE_nqsj_redirect=https%3A%2F%2Fuok.ac.ir%2Fweb%2Fresearch-and-innovation%2Fresearch-forms-regulations%3Fp_p_id%3Dcom_liferay_document_library_web_portlet_DLPortlet_INSTANCE_nqsj%26p_p_lifecycle%3D0%26p_p_state%3Dnormal%26p_p_mode%3Dview,verified,2026-08-11
kurdistan-discovery-unit-technology-d59a31aa86b5,kurdistan,فرم‌ها و آیین‌نامه‌ها - معاونت پژوهشی و نوآوری,technology,,,,https://uok.ac.ir/web/research-and-innovation/research-forms-regulations/-/document_library/nqsj/view/436478?_com_liferay_document_library_web_portlet_DLPortlet_INSTANCE_nqsj_redirect=https%3A%2F%2Fuok.ac.ir%2Fweb%2Fresearch-and-innovation%2Fresearch-forms-regulations%3Fp_p_id%3Dcom_liferay_document_library_web_portlet_DLPortlet_INSTANCE_nqsj%26p_p_lifecycle%3D0%26p_p_state%3Dnormal%26p_p_mode%3Dview,verified,2026-08-11
kurdistan-discovery-unit-technology-43e96e0523dc,kurdistan,فرم‌ها و آیین‌نامه‌ها - معاونت پژوهشی و نوآوری,technology,,,,https://uok.ac.ir/web/research-and-innovation/research-forms-regulations/-/document_library/nqsj/view/436474?_com_liferay_document_library_web_portlet_DLPortlet_INSTANCE_nqsj_redirect=https%3A%2F%2Fuok.ac.ir%2Fweb%2Fresearch-and-innovation%2Fresearch-forms-regulations%3Fp_p_id%3Dcom_liferay_document_library_web_portlet_DLPortlet_INSTANCE_nqsj%26p_p_lifecycle%3D0%26p_p_state%3Dnormal%26p_p_mode%3Dview,verified,2026-08-11
kurdistan-discovery-unit-technology-e9d54999c7b3,kurdistan,فرم‌ها و آیین‌نامه‌ها - معاونت پژوهشی و نوآوری,technology,,,,https://uok.ac.ir/web/research-and-innovation/research-forms-regulations/-/document_library/nqsj/view/436470?_com_liferay_document_library_web_portlet_DLPortlet_INSTANCE_nqsj_redirect=https%3A%2F%2Fuok.ac.ir%2Fweb%2Fresearch-and-innovation%2Fresearch-forms-regulations%3Fp_p_id%3Dcom_liferay_document_library_web_portlet_DLPortlet_INSTANCE_nqsj%26p_p_lifecycle%3D0%26p_p_state%3Dnormal%26p_p_mode%3Dview,verified,2026-08-11
kurdistan-discovery-unit-technology-5a34f9f34bd1,kurdistan,فرم‌ها و آیین‌نامه‌ها - معاونت پژوهشی و نوآوری,technology,,,,https://uok.ac.ir/fa/web/research-and-innovation/research-forms-regulations,verified,2026-08-11
kurdistan-discovery-unit-technology-26f2c1cbae79,kurdistan,فرم‌ها و آیین‌نامه‌ها - معاونت پژوهشی و نوآوری,technology,,,,https://uok.ac.ir/fa/web/research-and-innovation/research-forms-regulations/-/document_library/nqsj/view/436461?_com_liferay_document_library_web_portlet_DLPortlet_INSTANCE_nqsj_redirect=https%3A%2F%2Fuok.ac.ir%2Ffa%2Fweb%2Fresearch-and-innovation%2Fresearch-forms-regulations%2F-%2Fdocument_library%2Fnqsj%2Fview%2F436464%3F_com_liferay_document_library_web_portlet_DLPortlet_INSTANCE_nqsj_redirect%3Dhttps%253A%252F%252Fuok.ac.ir%252Ffa%252Fweb%252Fresearch-and-innovation%252Fresearch-forms-regulations%253Fp_p_id%253Dcom_liferay_document_library_web_portlet_DLPortlet_INSTANCE_nqsj%2526p_p_lifecycle%253D0%2526p_p_state%253Dnormal%2526p_p_mode%253Dview,verified,2026-08-11
kurdistan-discovery-unit-technology-dc2373c18b3b,kurdistan,فرم‌ها و آیین‌نامه‌ها - معاونت پژوهشی و نوآوری,technology,,,,https://uok.ac.ir/web/research-and-innovation/research-forms-regulations/-/document_library/nqsj/view/436461?_com_liferay_document_library_web_portlet_DLPortlet_INSTANCE_nqsj_redirect=https%3A%2F%2Fuok.ac.ir%2Fweb%2Fresearch-and-innovation%2Fresearch-forms-regulations%2F-%2Fdocument_library%2Fnqsj%2Fview%2F486327%3F_com_liferay_document_library_web_portlet_DLPortlet_INSTANCE_nqsj_redirect%3Dhttps%253A%252F%252Fuok.ac.ir%252Fweb%252Fresearch-and-innovation%252Fresearch-forms-regulations%253Fp_p_id%253Dcom_liferay_document_library_web_portlet_DLPortlet_INSTANCE_nqsj%2526p_p_lifecycle%253D0%2526p_p_state%253Dnormal%2526p_p_mode%253Dview,verified,2026-08-11
kurdistan-discovery-unit-technology-deb43a597a57,kurdistan,فرم‌ها و آیین‌نامه‌ها - معاونت پژوهشی و نوآوری,technology,,,,https://uok.ac.ir/web/research-and-innovation/research-forms-regulations/-/document_library/nqsj/view/436461?_com_liferay_document_library_web_portlet_DLPortlet_INSTANCE_nqsj_redirect=https%3A%2F%2Fuok.ac.ir%2Fweb%2Fresearch-and-innovation%2Fresearch-forms-regulations%2F-%2Fdocument_library%2Fnqsj%2Fview%2F11746224%3F_com_liferay_document_library_web_portlet_DLPortlet_INSTANCE_nqsj_redirect%3Dhttps%253A%252F%252Fuok.ac.ir%252Fweb%252Fresearch-and-innovation%252Fresearch-forms-regulations%253Fp_p_id%253Dcom_liferay_document_library_web_portlet_DLPortlet_INSTANCE_nqsj%2526p_p_lifecycle%253D0%2526p_p_state%253Dnormal%2526p_p_mode%253Dview,verified,2026-08-11
kurdistan-discovery-unit-technology-95081295d12a,kurdistan,فرم‌ها و آیین‌نامه‌ها - معاونت پژوهشی و نوآوری,technology,,,,https://uok.ac.ir/web/research-and-innovation/research-forms-regulations/-/document_library/nqsj/view/436461?_com_liferay_document_library_web_portlet_DLPortlet_INSTANCE_nqsj_redirect=https%3A%2F%2Fuok.ac.ir%2Fweb%2Fresearch-and-innovation%2Fresearch-forms-regulations%2F-%2Fdocument_library%2Fnqsj%2Fview%2F436484%3F_com_liferay_document_library_web_portlet_DLPortlet_INSTANCE_nqsj_redirect%3Dhttps%253A%252F%252Fuok.ac.ir%252Fweb%252Fresearch-and-innovation%252Fresearch-forms-regulations%253Fp_p_id%253Dcom_liferay_document_library_web_portlet_DLPortlet_INSTANCE_nqsj%2526p_p_lifecycle%253D0%2526p_p_state%253Dnormal%2526p_p_mode%253Dview,verified,2026-08-11
kurdistan-discovery-unit-technology-907b356723eb,kurdistan,فرم‌ها و آیین‌نامه‌ها - معاونت پژوهشی و نوآوری,technology,,,,https://uok.ac.ir/web/research-and-innovation/research-forms-regulations/-/document_library/nqsj/view/436461?_com_liferay_document_library_web_portlet_DLPortlet_INSTANCE_nqsj_redirect=https%3A%2F%2Fuok.ac.ir%2Fweb%2Fresearch-and-innovation%2Fresearch-forms-regulations%2F-%2Fdocument_library%2Fnqsj%2Fview%2F436493%3F_com_liferay_document_library_web_portlet_DLPortlet_INSTANCE_nqsj_redirect%3Dhttps%253A%252F%252Fuok.ac.ir%252Fweb%252Fresearch-and-innovation%252Fresearch-forms-regulations%253Fp_p_id%253Dcom_liferay_document_library_web_portlet_DLPortlet_INSTANCE_nqsj%2526p_p_lifecycle%253D0%2526p_p_state%253Dnormal%2526p_p_mode%253Dview,verified,2026-08-11
kurdistan-discovery-unit-technology-78eb8a038413,kurdistan,فرم‌ها و آیین‌نامه‌ها - معاونت پژوهشی و نوآوری,technology,,,,https://uok.ac.ir/web/research-and-innovation/research-forms-regulations/-/document_library/nqsj/view/436461?_com_liferay_document_library_web_portlet_DLPortlet_INSTANCE_nqsj_redirect=https%3A%2F%2Fuok.ac.ir%2Fweb%2Fresearch-and-innovation%2Fresearch-forms-regulations%2F-%2Fdocument_library%2Fnqsj%2Fview%2F436478%3F_com_liferay_document_library_web_portlet_DLPortlet_INSTANCE_nqsj_redirect%3Dhttps%253A%252F%252Fuok.ac.ir%252Fweb%252Fresearch-and-innovation%252Fresearch-forms-regulations%253Fp_p_id%253Dcom_liferay_document_library_web_portlet_DLPortlet_INSTANCE_nqsj%2526p_p_lifecycle%253D0%2526p_p_state%253Dnormal%2526p_p_mode%253Dview,verified,2026-08-11
kurdistan-discovery-unit-technology-4ce917d4a651,kurdistan,فرم‌ها و آیین‌نامه‌ها - معاونت پژوهشی و نوآوری,technology,,,,https://uok.ac.ir/web/research-and-innovation/research-forms-regulations/-/document_library/nqsj/view/436461?_com_liferay_document_library_web_portlet_DLPortlet_INSTANCE_nqsj_redirect=https%3A%2F%2Fuok.ac.ir%2Fweb%2Fresearch-and-innovation%2Fresearch-forms-regulations%2F-%2Fdocument_library%2Fnqsj%2Fview%2F436474%3F_com_liferay_document_library_web_portlet_DLPortlet_INSTANCE_nqsj_redirect%3Dhttps%253A%252F%252Fuok.ac.ir%252Fweb%252Fresearch-and-innovation%252Fresearch-forms-regulations%253Fp_p_id%253Dcom_liferay_document_library_web_portlet_DLPortlet_INSTANCE_nqsj%2526p_p_lifecycle%253D0%2526p_p_state%253Dnormal%2526p_p_mode%253Dview,verified,2026-08-11
kurdistan-discovery-unit-technology-749e8f9ecece,kurdistan,فرم‌ها و آیین‌نامه‌ها - معاونت پژوهشی و نوآوری,technology,,,,https://uok.ac.ir/web/research-and-innovation/research-forms-regulations/-/document_library/nqsj/view/436461?_com_liferay_document_library_web_portlet_DLPortlet_INSTANCE_nqsj_redirect=https%3A%2F%2Fuok.ac.ir%2Fweb%2Fresearch-and-innovation%2Fresearch-forms-regulations%2F-%2Fdocument_library%2Fnqsj%2Fview%2F436470%3F_com_liferay_document_library_web_portlet_DLPortlet_INSTANCE_nqsj_redirect%3Dhttps%253A%252F%252Fuok.ac.ir%252Fweb%252Fresearch-and-innovation%252Fresearch-forms-regulations%253Fp_p_id%253Dcom_liferay_document_library_web_portlet_DLPortlet_INSTANCE_nqsj%2526p_p_lifecycle%253D0%2526p_p_state%253Dnormal%2526p_p_mode%253Dview,verified,2026-08-11
kurdistan-discovery-unit-technology-a1d0b8df7ceb,kurdistan,فرم‌ها و آیین‌نامه‌ها - معاونت پژوهشی و نوآوری,technology,,,,https://uok.ac.ir/fa/web/research-and-innovation/research-forms-regulations/-/document_library/nqsj/view/486327?_com_liferay_document_library_web_portlet_DLPortlet_INSTANCE_nqsj_redirect=https%3A%2F%2Fuok.ac.ir%2Ffa%2Fweb%2Fresearch-and-innovation%2Fresearch-forms-regulations%3Fp_p_id%3Dcom_liferay_document_library_web_portlet_DLPortlet_INSTANCE_nqsj%26p_p_lifecycle%3D0%26p_p_state%3Dnormal%26p_p_mode%3Dview,verified,2026-08-11
kurdistan-discovery-unit-technology-4227a0f42a01,kurdistan,فرم‌ها و آیین‌نامه‌ها - معاونت پژوهشی و نوآوری,technology,,,,https://uok.ac.ir/fa/web/research-and-innovation/research-forms-regulations/-/document_library/nqsj/view/11746224?_com_liferay_document_library_web_portlet_DLPortlet_INSTANCE_nqsj_redirect=https%3A%2F%2Fuok.ac.ir%2Ffa%2Fweb%2Fresearch-and-innovation%2Fresearch-forms-regulations%3Fp_p_id%3Dcom_liferay_document_library_web_portlet_DLPortlet_INSTANCE_nqsj%26p_p_lifecycle%3D0%26p_p_state%3Dnormal%26p_p_mode%3Dview,verified,2026-08-11
kurdistan-discovery-unit-technology-75ab4d8b1476,kurdistan,فرم‌ها و آیین‌نامه‌ها - معاونت پژوهشی و نوآوری,technology,,,,https://uok.ac.ir/fa/web/research-and-innovation/research-forms-regulations/-/document_library/nqsj/view/436484?_com_liferay_document_library_web_portlet_DLPortlet_INSTANCE_nqsj_redirect=https%3A%2F%2Fuok.ac.ir%2Ffa%2Fweb%2Fresearch-and-innovation%2Fresearch-forms-regulations%3Fp_p_id%3Dcom_liferay_document_library_web_portlet_DLPortlet_INSTANCE_nqsj%26p_p_lifecycle%3D0%26p_p_state%3Dnormal%26p_p_mode%3Dview,verified,2026-08-11
kurdistan-discovery-unit-technology-1ca3a102a15b,kurdistan,فرم‌ها و آیین‌نامه‌ها - معاونت پژوهشی و نوآوری,technology,,,,https://uok.ac.ir/fa/web/research-and-innovation/research-forms-regulations/-/document_library/nqsj/view/436493?_com_liferay_document_library_web_portlet_DLPortlet_INSTANCE_nqsj_redirect=https%3A%2F%2Fuok.ac.ir%2Ffa%2Fweb%2Fresearch-and-innovation%2Fresearch-forms-regulations%3Fp_p_id%3Dcom_liferay_document_library_web_portlet_DLPortlet_INSTANCE_nqsj%26p_p_lifecycle%3D0%26p_p_state%3Dnormal%26p_p_mode%3Dview,verified,2026-08-11
kurdistan-discovery-unit-technology-357744f89f4d,kurdistan,فرم‌ها و آیین‌نامه‌ها - معاونت پژوهشی و نوآوری,technology,,,,https://uok.ac.ir/fa/web/research-and-innovation/research-forms-regulations/-/document_library/nqsj/view/436478?_com_liferay_document_library_web_portlet_DLPortlet_INSTANCE_nqsj_redirect=https%3A%2F%2Fuok.ac.ir%2Ffa%2Fweb%2Fresearch-and-innovation%2Fresearch-forms-regulations%3Fp_p_id%3Dcom_liferay_document_library_web_portlet_DLPortlet_INSTANCE_nqsj%26p_p_lifecycle%3D0%26p_p_state%3Dnormal%26p_p_mode%3Dview,verified,2026-08-11
kurdistan-discovery-unit-technology-e6caf094c756,kurdistan,فرم‌ها و آیین‌نامه‌ها - معاونت پژوهشی و نوآوری,technology,,,,https://uok.ac.ir/fa/web/research-and-innovation/research-forms-regulations/-/document_library/nqsj/view/436474?_com_liferay_document_library_web_portlet_DLPortlet_INSTANCE_nqsj_redirect=https%3A%2F%2Fuok.ac.ir%2Ffa%2Fweb%2Fresearch-and-innovation%2Fresearch-forms-regulations%3Fp_p_id%3Dcom_liferay_document_library_web_portlet_DLPortlet_INSTANCE_nqsj%26p_p_lifecycle%3D0%26p_p_state%3Dnormal%26p_p_mode%3Dview,verified,2026-08-11
kurdistan-discovery-unit-technology-02477c9c92c1,kurdistan,فرم‌ها و آیین‌نامه‌ها - معاونت پژوهشی و نوآوری,technology,,,,https://uok.ac.ir/fa/web/research-and-innovation/research-forms-regulations/-/document_library/nqsj/view/436470?_com_liferay_document_library_web_portlet_DLPortlet_INSTANCE_nqsj_redirect=https%3A%2F%2Fuok.ac.ir%2Ffa%2Fweb%2Fresearch-and-innovation%2Fresearch-forms-regulations%3Fp_p_id%3Dcom_liferay_document_library_web_portlet_DLPortlet_INSTANCE_nqsj%26p_p_lifecycle%3D0%26p_p_state%3Dnormal%26p_p_mode%3Dview,verified,2026-08-11
kurdistan-discovery-unit-technology-166bd67fe91d,kurdistan,فرم‌ها و آیین‌نامه‌ها - معاونت پژوهشی و نوآوری,technology,,,,https://uok.ac.ir/web/research-and-innovation/research-forms-regulations/-/document_library/nqsj/view/436490?_com_liferay_document_library_web_portlet_DLPortlet_INSTANCE_nqsj_redirect=https%3A%2F%2Fuok.ac.ir%2Fweb%2Fresearch-and-innovation%2Fresearch-forms-regulations%3Fp_p_id%3Dcom_liferay_document_library_web_portlet_DLPortlet_INSTANCE_nqsj%26p_p_lifecycle%3D0%26p_p_state%3Dnormal%26p_p_mode%3Dview,verified,2026-08-11
kurdistan-discovery-unit-technology-9697a437f2d4,kurdistan,فرم‌ها و آیین‌نامه‌ها - معاونت پژوهشی و نوآوری,technology,,,,https://uok.ac.ir/web/research-and-innovation/research-forms-regulations/-/document_library/nqsj/view/436461?_com_liferay_document_library_web_portlet_DLPortlet_INSTANCE_nqsj_redirect=https%3A%2F%2Fuok.ac.ir%2Fweb%2Fresearch-and-innovation%2Fresearch-forms-regulations%2F-%2Fdocument_library%2Fnqsj%2Fview%2F436490%3F_com_liferay_document_library_web_portlet_DLPortlet_INSTANCE_nqsj_redirect%3Dhttps%253A%252F%252Fuok.ac.ir%252Fweb%252Fresearch-and-innovation%252Fresearch-forms-regulations%253Fp_p_id%253Dcom_liferay_document_library_web_portlet_DLPortlet_INSTANCE_nqsj%2526p_p_lifecycle%253D0%2526p_p_state%253Dnormal%2526p_p_mode%253Dview,verified,2026-08-11
kurdistan-discovery-unit-technology-ac82446bb713,kurdistan,فرم‌ها و آیین‌نامه‌ها - معاونت پژوهشی و نوآوری,technology,,,,https://uok.ac.ir/web/research-and-innovation/research-forms-regulations/-/document_library/nqsj/view/440192?_com_liferay_document_library_web_portlet_DLPortlet_INSTANCE_nqsj_redirect=https%3A%2F%2Fuok.ac.ir%2Fweb%2Fresearch-and-innovation%2Fresearch-forms-regulations%3Fp_p_id%3Dcom_liferay_document_library_web_portlet_DLPortlet_INSTANCE_nqsj%26p_p_lifecycle%3D0%26p_p_state%3Dnormal%26p_p_mode%3Dview,verified,2026-08-11
kurdistan-discovery-unit-technology-541cad0fe1da,kurdistan,فرم‌ها و آیین‌نامه‌ها - معاونت پژوهشی و نوآوری,technology,,,,https://uok.ac.ir/web/research-and-innovation/research-forms-regulations/-/document_library/nqsj/view/436502?_com_liferay_document_library_web_portlet_DLPortlet_INSTANCE_nqsj_redirect=https%3A%2F%2Fuok.ac.ir%2Fweb%2Fresearch-and-innovation%2Fresearch-forms-regulations%3Fp_p_id%3Dcom_liferay_document_library_web_portlet_DLPortlet_INSTANCE_nqsj%26p_p_lifecycle%3D0%26p_p_state%3Dnormal%26p_p_mode%3Dview,verified,2026-08-11
kurdistan-discovery-unit-technology-c5b15c869ae8,kurdistan,فرم‌ها و آیین‌نامه‌ها - معاونت پژوهشی و نوآوری,technology,,,,https://uok.ac.ir/web/research-and-innovation/research-forms-regulations/-/document_library/nqsj/view/436461?_com_liferay_document_library_web_portlet_DLPortlet_INSTANCE_nqsj_redirect=https%3A%2F%2Fuok.ac.ir%2Fweb%2Fresearch-and-innovation%2Fresearch-forms-regulations%2F-%2Fdocument_library%2Fnqsj%2Fview%2F440192%3F_com_liferay_document_library_web_portlet_DLPortlet_INSTANCE_nqsj_redirect%3Dhttps%253A%252F%252Fuok.ac.ir%252Fweb%252Fresearch-and-innovation%252Fresearch-forms-regulations%253Fp_p_id%253Dcom_liferay_document_library_web_portlet_DLPortlet_INSTANCE_nqsj%2526p_p_lifecycle%253D0%2526p_p_state%253Dnormal%2526p_p_mode%253Dview,verified,2026-08-11
kurdistan-discovery-unit-technology-5a0c3fb4309c,kurdistan,فرم‌ها و آیین‌نامه‌ها - معاونت پژوهشی و نوآوری,technology,,,,https://uok.ac.ir/web/research-and-innovation/research-forms-regulations/-/document_library/nqsj/view/436461?_com_liferay_document_library_web_portlet_DLPortlet_INSTANCE_nqsj_redirect=https%3A%2F%2Fuok.ac.ir%2Fweb%2Fresearch-and-innovation%2Fresearch-forms-regulations%2F-%2Fdocument_library%2Fnqsj%2Fview%2F436502%3F_com_liferay_document_library_web_portlet_DLPortlet_INSTANCE_nqsj_redirect%3Dhttps%253A%252F%252Fuok.ac.ir%252Fweb%252Fresearch-and-innovation%252Fresearch-forms-regulations%253Fp_p_id%253Dcom_liferay_document_library_web_portlet_DLPortlet_INSTANCE_nqsj%2526p_p_lifecycle%253D0%2526p_p_state%253Dnormal%2526p_p_mode%253Dview,verified,2026-08-11
kurdistan-discovery-unit-technology-8f399bf6faf2,kurdistan,فرم‌ها و آیین‌نامه‌ها - معاونت پژوهشی و نوآوری,technology,,,,https://uok.ac.ir/web/research-and-innovation/research-forms-regulations/-/document_library/nqsj/view/436499?_com_liferay_document_library_web_portlet_DLPortlet_INSTANCE_nqsj_redirect=https%3A%2F%2Fuok.ac.ir%2Fweb%2Fresearch-and-innovation%2Fresearch-forms-regulations%3Fp_p_id%3Dcom_liferay_document_library_web_portlet_DLPortlet_INSTANCE_nqsj%26p_p_lifecycle%3D0%26p_p_state%3Dnormal%26p_p_mode%3Dview,verified,2026-08-11
kurdistan-discovery-unit-technology-158a6daefaf2,kurdistan,فرم‌ها و آیین‌نامه‌ها - معاونت پژوهشی و نوآوری,technology,,,,https://uok.ac.ir/web/research-and-innovation/research-forms-regulations/-/document_library/nqsj/view/436461?_com_liferay_document_library_web_portlet_DLPortlet_INSTANCE_nqsj_redirect=https%3A%2F%2Fuok.ac.ir%2Fweb%2Fresearch-and-innovation%2Fresearch-forms-regulations%2F-%2Fdocument_library%2Fnqsj%2Fview%2F436499%3F_com_liferay_document_library_web_portlet_DLPortlet_INSTANCE_nqsj_redirect%3Dhttps%253A%252F%252Fuok.ac.ir%252Fweb%252Fresearch-and-innovation%252Fresearch-forms-regulations%253Fp_p_id%253Dcom_liferay_document_library_web_portlet_DLPortlet_INSTANCE_nqsj%2526p_p_lifecycle%253D0%2526p_p_state%253Dnormal%2526p_p_mode%253Dview,verified,2026-08-11
kurdistan-discovery-unit-technology-37e574d650ff,kurdistan,فرم‌ها و آیین‌نامه‌ها - معاونت پژوهشی و نوآوری,technology,,,,https://uok.ac.ir/web/research-and-innovation/research-forms-regulations/-/document_library/nqsj/view/436481?_com_liferay_document_library_web_portlet_DLPortlet_INSTANCE_nqsj_redirect=https%3A%2F%2Fuok.ac.ir%2Fweb%2Fresearch-and-innovation%2Fresearch-forms-regulations%3Fp_p_id%3Dcom_liferay_document_library_web_portlet_DLPortlet_INSTANCE_nqsj%26p_p_lifecycle%3D0%26p_p_state%3Dnormal%26p_p_mode%3Dview,verified,2026-08-11
kashan-discovery-unit-laboratory-31453acb0c53,kashan,آزمایشگاه ها,laboratory,,,,https://research.kashanu.ac.ir/fa/tag/929/%D8%A2%D8%B2%D9%85%D8%A7%DB%8C%D8%B4%DA%AF%D8%A7%D9%87+%D9%87%D8%A7,verified,2026-08-11
kashan-discovery-unit-technology-ed93daa52d3d,kashan,شیوه‌نامه حقوق مالکیت فکری دانشگاه کاشان - مدیریت امور پژوهشی,technology,,,,https://research-affairs.kashanu.ac.ir/fa/regulation/949/%D8%B4%DB%8C%D9%88%D9%87-%D9%86%D8%A7%D9%85%D9%87-%D8%AD%D9%82%D9%88%D9%82-%D9%85%D8%A7%D9%84%DA%A9%DB%8C%D8%AA-%D9%81%DA%A9%D8%B1%DB%8C-%D8%AF%D8%A7%D9%86%D8%B4%DA%AF%D8%A7%D9%87-%DA%A9%D8%A7%D8%B4%D8%A7%D9%86,verified,2026-08-11
kashan-discovery-unit-industry-2e6bf747a755,kashan,شیوه نامه فرصت مطالعاتی اعضای هیئت علمی دانشگاه ها و موسسات پژوهشی در جامعه و صنعت - مدیریت امور پژوهشی,industry,,,,https://research-affairs.kashanu.ac.ir/fa/regulation/810/%D8%B4%DB%8C%D9%88%D9%87-%D9%86%D8%A7%D9%85%D9%87-%D9%81%D8%B1%D8%B5%D8%AA-%D9%85%D8%B7%D8%A7%D9%84%D8%B9%D8%A7%D8%AA%DB%8C-%D8%A7%D8%B9%D8%B6%D8%A7%DB%8C-%D9%87%DB%8C%D8%A6%D8%AA-%D8%B9%D9%84%D9%85%DB%8C-%D8%AF%D8%A7%D9%86%D8%B4%DA%AF%D8%A7%D9%87-%D9%87%D8%A7-%D9%88-%D9%85%D9%88%D8%B3%D8%B3%D8%A7%D8%AA-%D9%BE%DA%98%D9%88%D9%87%D8%B4%DB%8C-%D8%AF%D8%B1-%D8%AC%D8%A7%D9%85%D8%B9%D9%87-%D9%88-%D8%B5%D9%86%D8%B9%D8%AA,verified,2026-08-11
kashan-discovery-unit-research-56015ce11785,kashan,معاونت پژوهشی و ارتباطات علمی - معاونت پژوهشی و ارتباطات علمی,research,,,,https://research.kashanu.ac.ir/fa/page/3715/%D9%85%D8%B9%D8%A7%D9%88%D9%86%D8%AA-%D9%BE%DA%98%D9%88%D9%87%D8%B4%DB%8C-%D9%88-%D8%A7%D8%B1%D8%AA%D8%A8%D8%A7%D8%B7%D8%A7%D8%AA-%D8%B9%D9%84%D9%85%DB%8C,verified,2026-08-11
shahrekord-discovery-unit-laboratory-8555b762260a,shahrekord,ارتقاء آزمایشگاه مرکزی دانشگاه شهرکرد به عنوان عضو فعال در شبکه آزمایشگاهی فناوری‌های راهبردی ایران,laboratory,,,,https://www.sku.ac.ir/Vice-President/research/News/5637/%D8%A7%D8%B1%D8%AA%D9%82%D8%A7%D8%A1-%D8%A2%D8%B2%D9%85%D8%A7%DB%8C%D8%B4%DA%AF%D8%A7%D9%87-%D9%85%D8%B1%DA%A9%D8%B2%DB%8C-%D8%AF%D8%A7%D9%86%D8%B4%DA%AF%D8%A7%D9%87-%D8%B4%D9%87%D8%B1%DA%A9%D8%B1%D8%AF-%D8%A8%D9%87-%D8%B9%D9%86%D9%88%D8%A7%D9%86-%D8%B9%D8%B6%D9%88-%D9%81%D8%B9%D8%A7%D9%84-%D8%AF%D8%B1-%D8%B4%D8%A8%DA%A9%D9%87-%D8%A2%D8%B2%D9%85%D8%A7%DB%8C%D8%B4%DA%AF%D8%A7%D9%87%DB%8C-%D9%81%D9%86%D8%A7%D9%88%D8%B1%DB%8C%E2%80%8C%D9%87%D8%A7%DB%8C-%D8%B1%D8%A7%D9%87%D8%A8%D8%B1%D8%AF%DB%8C-%D8%A7%DB%8C%D8%B1%D8%A7%D9%86,verified,2026-08-11
shahrekord-discovery-unit-technology-12ade087aff3,shahrekord,مرکز نوآوری شماره 2 دانشگاه شهرکرد با هماهنگی شركت پشتيباني و توسعه فناوري و نوآوري فولاد مباركه راه‌اندازی می‌گردد,technology,,,,https://www.sku.ac.ir/Vice-President/research/News/5687/%D9%85%D8%B1%DA%A9%D8%B2-%D9%86%D9%88%D8%A2%D9%88%D8%B1%DB%8C-%D8%B4%D9%85%D8%A7%D8%B1%D9%87-2-%D8%AF%D8%A7%D9%86%D8%B4%DA%AF%D8%A7%D9%87-%D8%B4%D9%87%D8%B1%DA%A9%D8%B1%D8%AF-%D8%A8%D8%A7-%D9%87%D9%85%D8%A7%D9%87%D9%86%DA%AF%DB%8C-%D8%B4%D8%B1%D9%83%D8%AA-%D9%BE%D8%B4%D8%AA%D9%8A%D8%A8%D8%A7%D9%86%D9%8A-%D9%88-%D8%AA%D9%88%D8%B3%D8%B9%D9%87-%D9%81%D9%86%D8%A7%D9%88%D8%B1%D9%8A-%D9%88-%D9%86%D9%88%D8%A2%D9%88%D8%B1%D9%8A-%D9%81%D9%88%D9%84%D8%A7%D8%AF-%D9%85%D8%A8%D8%A7%D8%B1%D9%83%D9%87-%D8%B1%D8%A7%D9%87%E2%80%8C%D8%A7%D9%86%D8%AF%D8%A7%D8%B2%DB%8C-%D9%85%DB%8C%E2%80%8C%DA%AF%D8%B1%D8%AF%D8%AF,verified,2026-08-11
shahrekord-discovery-unit-technology-faa6c937b4fb,shahrekord,امضای تفاهم‌نامه حمایت و توسعه زیست‌بوم فناوری میان دانشگاه شهرکرد و شرکت پشتیبانی و توسعه فناوری و نوآوری فولاد مبارکه,technology,,,,https://www.sku.ac.ir/Vice-President/research/News/5649/%D8%A7%D9%85%D8%B6%D8%A7%DB%8C-%D8%AA%D9%81%D8%A7%D9%87%D9%85%E2%80%8C%D9%86%D8%A7%D9%85%D9%87-%D8%AD%D9%85%D8%A7%DB%8C%D8%AA-%D9%88-%D8%AA%D9%88%D8%B3%D8%B9%D9%87-%D8%B2%DB%8C%D8%B3%D8%AA%E2%80%8C%D8%A8%D9%88%D9%85-%D9%81%D9%86%D8%A7%D9%88%D8%B1%DB%8C-%D9%85%DB%8C%D8%A7%D9%86-%D8%AF%D8%A7%D9%86%D8%B4%DA%AF%D8%A7%D9%87-%D8%B4%D9%87%D8%B1%DA%A9%D8%B1%D8%AF-%D9%88-%D8%B4%D8%B1%DA%A9%D8%AA-%D9%BE%D8%B4%D8%AA%DB%8C%D8%A8%D8%A7%D9%86%DB%8C-%D9%88-%D8%AA%D9%88%D8%B3%D8%B9%D9%87-%D9%81%D9%86%D8%A7%D9%88%D8%B1%DB%8C-%D9%88-%D9%86%D9%88%D8%A2%D9%88%D8%B1%DB%8C-%D9%81%D9%88%D9%84%D8%A7%D8%AF-%D9%85%D8%A8%D8%A7%D8%B1%DA%A9%D9%87,verified,2026-08-11
shahrekord-discovery-unit-technology-aa0e74b1f7f8,shahrekord,"رایزنی برای راه‌اندازی مرکز حمایتی فناوری و نوآوری ""پردیس فناوری و نوآوری"" در دانشگاه",technology,,,,https://www.sku.ac.ir/Vice-President/research/News/5646/%D8%B1%D8%A7%DB%8C%D8%B2%D9%86%DB%8C-%D8%A8%D8%B1%D8%A7%DB%8C-%D8%B1%D8%A7%D9%87%E2%80%8C%D8%A7%D9%86%D8%AF%D8%A7%D8%B2%DB%8C-%D9%85%D8%B1%DA%A9%D8%B2-%D8%AD%D9%85%D8%A7%DB%8C%D8%AA%DB%8C-%D9%81%D9%86%D8%A7%D9%88%D8%B1%DB%8C-%D9%88-%D9%86%D9%88%D8%A2%D9%88%D8%B1%DB%8C-,verified,2026-08-11
shahrekord-discovery-unit-research-49ea301b22e1,shahrekord,تجلیل از کارکنان معاونت پژوهش و فناوری دانشگاه شهرکرد,research,,,,https://www.sku.ac.ir/Vice-President/research/News/5836/%D8%AA%D8%AC%D9%84%DB%8C%D9%84-%D8%A7%D8%B2-%DA%A9%D8%A7%D8%B1%DA%A9%D9%86%D8%A7%D9%86-%D9%85%D8%B9%D8%A7%D9%88%D9%86%D8%AA-%D9%BE%DA%98%D9%88%D9%87%D8%B4-%D9%88-%D9%81%D9%86%D8%A7%D9%88%D8%B1%DB%8C-%D8%AF%D8%A7%D9%86%D8%B4%DA%AF%D8%A7%D9%87-%D8%B4%D9%87%D8%B1%DA%A9%D8%B1%D8%AF,verified,2026-08-11
shahrekord-discovery-unit-library-460b94fa8d04,shahrekord,کتابخانه مجازی,library,,,,https://sku.ac.ir/Virtual-Library,verified,2026-08-11
shahrekord-discovery-unit-technology-e26540ff343d,shahrekord,دومین دوره فراخوان جذب ایده جهت استقرار در مرکز نوآوری دانشگاه شهرکرد,technology,,,,https://sku.ac.ir/Announcement/7184/%D8%AF%D9%88%D9%85%DB%8C%D9%86-%D8%AF%D9%88%D8%B1%D9%87-%D9%81%D8%B1%D8%A7%D8%AE%D9%88%D8%A7%D9%86-%D8%AC%D8%B0%D8%A8-%D8%A7%DB%8C%D8%AF%D9%87-%D8%AC%D9%87%D8%AA-%D8%A7%D8%B3%D8%AA%D9%82%D8%B1%D8%A7%D8%B1-%D8%AF%D8%B1-%D9%85%D8%B1%DA%A9%D8%B2-%D9%86%D9%88%D8%A2%D9%88%D8%B1%DB%8C-%D8%AF%D8%A7%D9%86%D8%B4%DA%AF%D8%A7%D9%87-%D8%B4%D9%87%D8%B1%DA%A9%D8%B1%D8%AF,verified,2026-08-11
shahrekord-discovery-unit-technology-4ba3921e8375,shahrekord,دومین دوره فراخوان جذب ایده جهت استقرار در مرکز نوآوری دانشگاه شهرکرد,technology,,,,https://sku.ac.ir/Announcement/7184/%d8%af%d9%88%d9%85%db%8c%d9%86-%d8%af%d9%88%d8%b1%d9%87-%d9%81%d8%b1%d8%a7%d8%ae%d9%88%d8%a7%d9%86-%d8%ac%d8%b0%d8%a8-%d8%a7%db%8c%d8%af%d9%87-%d8%ac%d9%87%d8%aa-%d8%a7%d8%b3%d8%aa%d9%82%d8%b1%d8%a7%d8%b1-%d8%af%d8%b1-%d9%85%d8%b1%da%a9%d8%b2-%d9%86%d9%88%d8%a2%d9%88%d8%b1%db%8c-%d8%af%d8%a7%d9%86%d8%b4%da%af%d8%a7%d9%87-%d8%b4%d9%87%d8%b1%da%a9%d8%b1%d8%af,verified,2026-08-11
shahrekord-discovery-unit-technology-58d66b5bf51f,shahrekord,برگزاری کارگاه آموزشی « آشنایی با نحوه تدوین طرح کسب و کار » توسط مرکز کارآفرینی دانشگاه,technology,,,,https://sku.ac.ir/Announcement/7199/%D8%A8%D8%B1%DA%AF%D8%B2%D8%A7%D8%B1%DB%8C-%DA%A9%D8%A7%D8%B1%DA%AF%D8%A7%D9%87-%D8%A2%D9%85%D9%88%D8%B2%D8%B4%DB%8C-%C2%AB-%D8%A2%D8%B4%D9%86%D8%A7%DB%8C%DB%8C-%D8%A8%D8%A7-%D9%86%D8%AD%D9%88%D9%87-%D8%AA%D8%AF%D9%88%DB%8C%D9%86-%D8%B7%D8%B1%D8%AD-%DA%A9%D8%B3%D8%A8-%D9%88-%DA%A9%D8%A7%D8%B1-%C2%BB--%D8%AA%D9%88%D8%B3%D8%B7-%D9%85%D8%B1%DA%A9%D8%B2-%DA%A9%D8%A7%D8%B1%D8%A2%D9%81%D8%B1%DB%8C%D9%86%DB%8C-%D8%AF%D8%A7%D9%86%D8%B4%DA%AF%D8%A7%D9%87,verified,2026-08-11
shahrekord-discovery-unit-research-b2a76bdcd1d4,shahrekord,University Departments,research,,,,https://sku.ac.ir/en/University_DepartmentsForm.aspx,verified,2026-08-11
shahrekord-discovery-unit-technology-62a955273c36,shahrekord,هفتمین جشنواره ملی دانایی خلیج فارس: نوآوری های برتر نفت، گاز و پتروشیمی(شهید تندگویان),technology,,,,https://sku.ac.ir/Office/roshd/Announcement/7/%D9%87%D9%81%D8%AA%D9%85%DB%8C%D9%86-%D8%AC%D8%B4%D9%86%D9%88%D8%A7%D8%B1%D9%87-%D9%85%D9%84%DB%8C-%D8%AF%D8%A7%D9%86%D8%A7%DB%8C%DB%8C-%D8%AE%D9%84%DB%8C%D8%AC-%D9%81%D8%A7%D8%B1%D8%B3--%D9%86%D9%88%D8%A2%D9%88%D8%B1%DB%8C-%D9%87%D8%A7%DB%8C-%D8%A8%D8%B1%D8%AA%D8%B1-%D9%86%D9%81%D8%AA%D8%8C-%DA%AF%D8%A7%D8%B2-%D9%88-%D9%BE%D8%AA%D8%B1%D9%88%D8%B4%DB%8C%D9%85%DB%8C(%D8%B4%D9%87%DB%8C%D8%AF-%D8%AA%D9%86%D8%AF%DA%AF%D9%88%DB%8C%D8%A7%D9%86),verified,2026-08-11
shahrekord-discovery-unit-technology-53bb61ca2846,shahrekord,نهمین دوره جشنواره کارآفرینی و توسعه کسب‌وکار شریف VCCUP,technology,,,,https://sku.ac.ir/Office/roshd/Announcement/6/%D9%86%D9%87%D9%85%DB%8C%D9%86-%D8%AF%D9%88%D8%B1%D9%87-%D8%AC%D8%B4%D9%86%D9%88%D8%A7%D8%B1%D9%87-%DA%A9%D8%A7%D8%B1%D8%A2%D9%81%D8%B1%DB%8C%D9%86%DB%8C-%D9%88-%D8%AA%D9%88%D8%B3%D8%B9%D9%87-%DA%A9%D8%B3%D8%A8%E2%80%8C%D9%88%DA%A9%D8%A7%D8%B1-%D8%B4%D8%B1%DB%8C%D9%81-VCCUP,verified,2026-08-11
shahrekord-discovery-unit-technology-0b53f401baaf,shahrekord,برگزاری کارگاه آموزشی « آشنایی با نحوه تدوین طرح کسب و کار » توسط مرکز کارآفرینی دانشگاه,technology,,,,https://sku.ac.ir/Announcement/7199/%d8%a8%d8%b1%da%af%d8%b2%d8%a7%d8%b1%db%8c-%da%a9%d8%a7%d8%b1%da%af%d8%a7%d9%87-%d8%a2%d9%85%d9%88%d8%b2%d8%b4%db%8c-%c2%ab-%d8%a2%d8%b4%d9%86%d8%a7%db%8c%db%8c-%d8%a8%d8%a7-%d9%86%d8%ad%d9%88%d9%87-%d8%aa%d8%af%d9%88%db%8c%d9%86-%d8%b7%d8%b1%d8%ad-%da%a9%d8%b3%d8%a8-%d9%88-%da%a9%d8%a7%d8%b1-%c2%bb--%d8%aa%d9%88%d8%b3%d8%b7-%d9%85%d8%b1%da%a9%d8%b2-%da%a9%d8%a7%d8%b1%d8%a2%d9%81%d8%b1%db%8c%d9%86%db%8c-%d8%af%d8%a7%d9%86%d8%b4%da%af%d8%a7%d9%87-,verified,2026-08-11
bu-ali-sina-discovery-unit-library-3247bb8dd578,bu-ali-sina,صفحه اصلی - کتابخانه مرکزی و مرکز اسناد,library,,,,https://library.basu.ac.ir/,verified,2026-08-11
bu-ali-sina-discovery-unit-library-ec43d500b69f,bu-ali-sina,Home - پورتال دانشگاه بوعلی سینا همدان,library,,,,https://oldlibrary.basu.ac.ir/,verified,2026-08-11
bu-ali-sina-discovery-unit-library-4b8b307a7c8c,bu-ali-sina,آیین نامه های مجلات - معاونت پژوهش و فناوری,library,,,,https://res.basu.ac.ir/journals-regulations/-/document_library/ocki/view/3692733?_com_liferay_document_library_web_portlet_DLPortlet_INSTANCE_ocki_redirect=https%3A%2F%2Fres.basu.ac.ir%2Fjournals-regulations%3Fp_p_id%3Dcom_liferay_document_library_web_portlet_DLPortlet_INSTANCE_ocki%26p_p_lifecycle%3D0%26p_p_state%3Dnormal%26p_p_mode%3Dview,verified,2026-08-11
bu-ali-sina-discovery-unit-library-c1d61c138333,bu-ali-sina,آیین نامه های مجلات - معاونت پژوهش و فناوری,library,,,,https://res.basu.ac.ir/journals-regulations/-/document_library/ocki/view/3692761?_com_liferay_document_library_web_portlet_DLPortlet_INSTANCE_ocki_redirect=https%3A%2F%2Fres.basu.ac.ir%2Fjournals-regulations%3Fp_p_id%3Dcom_liferay_document_library_web_portlet_DLPortlet_INSTANCE_ocki%26p_p_lifecycle%3D0%26p_p_state%3Dnormal%26p_p_mode%3Dview,verified,2026-08-11
qom-discovery-unit-library-d9460d8f8a82,qom,معاونت پژوهشی دانشگاه قم - کتابخانه مرکزی و مرکز اسناد,library,,,,https://research.qom.ac.ir/%DA%A9%D8%AA%D8%A7%D8%A8%D8%AE%D8%A7%D9%86%D9%87-%D9%85%D8%B1%DA%A9%D8%B2%DB%8C-%D9%88-%D9%85%D8%B1%DA%A9%D8%B2-%D8%A7%D8%B3%D9%86%D8%A7%D8%AF,verified,2026-08-11
qom-discovery-unit-industry-b5e236b9a8c6,qom,معاونت پژوهشی دانشگاه قم - گروه کارآفرینی و ارتباط با جامعه و صنعت,industry,,,,https://research.qom.ac.ir/%DA%AF%D8%B1%D9%88%D9%87-%DA%A9%D8%A7%D8%B1%D8%A2%D9%81%D8%B1%DB%8C%D9%86%DB%8C-%D9%88-%D8%A7%D8%B1%D8%AA%D8%A8%D8%A7%D8%B7-%D8%A8%D8%A7-%D8%AC%D8%A7%D9%85%D8%B9%D9%87-%D9%88-%D8%B5%D9%86%D8%B9%D8%AA,verified,2026-08-11
qom-discovery-unit-industry-1cf7db328e1a,qom,معاونت پژوهشی دانشگاه قم - گروه کارآفرینی و ارتباط با جامعه و صنعت,industry,,,,https://research.qom.ac.ir/%da%af%d8%b1%d9%88%d9%87-%da%a9%d8%a7%d8%b1%d8%a2%d9%81%d8%b1%db%8c%d9%86%db%8c-%d9%88-%d8%a7%d8%b1%d8%aa%d8%a8%d8%a7%d8%b7-%d8%a8%d8%a7-%d8%ac%d8%a7%d9%85%d8%b9%d9%87-%d9%88-%d8%b5%d9%86%d8%b9%d8%aa,verified,2026-08-11
qom-discovery-unit-library-915379306d7d,qom,معاونت پژوهشی دانشگاه قم - کتابخانه مرکزی(آیت الله قاضی),library,,,,https://research.qom.ac.ir/%DA%A9%D8%AA%D8%A7%D8%A8%D8%AE%D8%A7%D9%86%D9%87-%D9%85%D8%B1%DA%A9%D8%B2%DB%8C(%D8%A2%DB%8C%D8%AA-%D8%A7%D9%84%D9%84%D9%87-%D9%82%D8%A7%D8%B6%DB%8C),verified,2026-08-11
qom-discovery-unit-technology-97659fba8234,qom,معاونت پژوهشی دانشگاه قم - کارآفرینی و مهارت افزایی,technology,,,,https://research.qom.ac.ir/%DA%A9%D8%A7%D8%B1%D8%A2%D9%81%D8%B1%DB%8C%D9%86%DB%8C-%D9%88-%D9%85%D9%87%D8%A7%D8%B1%D8%AA-%D8%A7%D9%81%D8%B2%D8%A7%DB%8C%DB%8C,verified,2026-08-11
qom-discovery-unit-research-7bcc95540996,qom,معاونت پژوهشی دانشگاه قم - مدیریت پژوهشی,research,,,,https://research.qom.ac.ir/%D9%85%D8%AF%DB%8C%D8%B1%DB%8C%D8%AA-%D9%BE%DA%98%D9%88%D9%87%D8%B4%DB%8C,verified,2026-08-11
imam-khomeini-international-discovery-unit-it-b021b62d09ac,imam-khomeini-international,انتصاب «سرپرست مدیریت فناوری اطلاعات و ارتباطات» دانشگاه - پرتال خبری دانشگاه بین المللی امام خمینی(ره),it,,organizationally-attributed,,https://ict.ikiu.ac.ir/fa/web/news_portal/w/%D8%A7%D9%86%D8%AA%D8%B5%D8%A7%D8%A8-%C2%AB%D8%B3%D8%B1%D9%BE%D8%B1%D8%B3%D8%AA-%D9%85%D8%AF%DB%8C%D8%B1%DB%8C%D8%AA-%D9%81%D9%86%D8%A7%D9%88%D8%B1%DB%8C-%D8%A7%D8%B7%D9%84%D8%A7%D8%B9%D8%A7%D8%AA-%D9%88-%D8%A7%D8%B1%D8%AA%D8%A8%D8%A7%D8%B7%D8%A7%D8%AA-1?redirect=%2F,verified,2026-08-11
imam-khomeini-international-discovery-unit-industry-5aba7c177b41,imam-khomeini-international,انتصاب «مدیر امور پژوهشی، کارآفرینی و ارتباط با صنعت» دانشگاه - پرتال خبری دانشگاه بین المللی امام خمینی(ره),industry,,,,https://research.ikiu.ac.ir/fa/web/news_portal/w/%D8%A7%D9%86%D8%AA%D8%B5%D8%A7%D8%A8-%C2%AB%D9%85%D8%AF%DB%8C%D8%B1-%D8%A7%D9%85%D9%88%D8%B1-%D9%BE%DA%98%D9%88%D9%87%D8%B4%DB%8C%D8%8C-%DA%A9%D8%A7%D8%B1%D8%A2%D9%81%D8%B1%DB%8C%D9%86%DB%8C-%D9%88-%D8%A7%D8%B1%D8%AA%D8%A8%D8%A7%D8%B7-%D8%A8%D8%A7-%D8%B5?redirect=%2Ffa%2Fweb%2Fnews_portal%2F%25D9%2585%25D8%25B9%25D8%25A7%25D9%2588%25D9%2586%25D8%25AA-%25D9%25BE%25DA%2598%25D9%2588%25D9%2587%25D8%25B4%25DB%258C-%25D9%2588-%25D9%2581%25D9%2586%25D8%25A7%25D9%2588%25D8%25B1%25DB%258C1,verified,2026-08-11
imam-khomeini-international-discovery-unit-industry-7af8e5442aac,imam-khomeini-international,انتصاب «مدیر امور پژوهشی، کارآفرینی و ارتباط با صنعت» دانشگاه - پرتال خبری دانشگاه بین المللی امام خمینی(ره),industry,,,,https://ikiu.ac.ir/fa/web/news_portal/w/%D8%A7%D9%86%D8%AA%D8%B5%D8%A7%D8%A8-%C2%AB%D9%85%D8%AF%DB%8C%D8%B1-%D8%A7%D9%85%D9%88%D8%B1-%D9%BE%DA%98%D9%88%D9%87%D8%B4%DB%8C%D8%8C-%DA%A9%D8%A7%D8%B1%D8%A2%D9%81%D8%B1%DB%8C%D9%86%DB%8C-%D9%88-%D8%A7%D8%B1%D8%AA%D8%A8%D8%A7%D8%B7-%D8%A8%D8%A7-%D8%B5?redirect=%2Ffa%2Fweb%2Fnews_portal%2F%25D9%2585%25D8%25B9%25D8%25A7%25D9%2588%25D9%2586%25D8%25AA-%25D9%25BE%25DA%2598%25D9%2588%25D9%2587%25D8%25B4%25DB%258C-%25D9%2588-%25D9%2581%25D9%2586%25D8%25A7%25D9%2588%25D8%25B1%25DB%258C1,verified,2026-08-11
imam-khomeini-international-discovery-unit-it-12aa1b043477,imam-khomeini-international,انتصاب «سرپرست مدیریت فناوری اطلاعات و ارتباطات» دانشگاه - پرتال خبری دانشگاه بین المللی امام خمینی(ره),it,,organizationally-attributed,,https://research.ikiu.ac.ir/fa/web/news_portal/w/%D8%A7%D9%86%D8%AA%D8%B5%D8%A7%D8%A8-%C2%AB%D8%B3%D8%B1%D9%BE%D8%B1%D8%B3%D8%AA-%D9%85%D8%AF%DB%8C%D8%B1%DB%8C%D8%AA-%D9%81%D9%86%D8%A7%D9%88%D8%B1%DB%8C-%D8%A7%D8%B7%D9%84%D8%A7%D8%B9%D8%A7%D8%AA-%D9%88-%D8%A7%D8%B1%D8%AA%D8%A8%D8%A7%D8%B7%D8%A7%D8%AA-1?redirect=%2Ffa%2Fweb%2Fnews_portal%2F%25D9%2585%25D8%25B9%25D8%25A7%25D9%2588%25D9%2586%25D8%25AA-%25D9%25BE%25DA%2598%25D9%2588%25D9%2587%25D8%25B4%25DB%258C-%25D9%2588-%25D9%2581%25D9%2586%25D8%25A7%25D9%2588%25D8%25B1%25DB%258C1,verified,2026-08-11
imam-khomeini-international-discovery-unit-it-4a2c95c64259,imam-khomeini-international,انتصاب «سرپرست مدیریت فناوری اطلاعات و ارتباطات» دانشگاه - پرتال خبری دانشگاه بین المللی امام خمینی(ره),it,,organizationally-attributed,,https://research.ikiu.ac.ir/fa/web/news_portal/w/%D8%A7%D9%86%D8%AA%D8%B5%D8%A7%D8%A8-%C2%AB%D8%B3%D8%B1%D9%BE%D8%B1%D8%B3%D8%AA-%D9%85%D8%AF%DB%8C%D8%B1%DB%8C%D8%AA-%D9%81%D9%86%D8%A7%D9%88%D8%B1%DB%8C-%D8%A7%D8%B7%D9%84%D8%A7%D8%B9%D8%A7%D8%AA-%D9%88-%D8%A7%D8%B1%D8%AA%D8%A8%D8%A7%D8%B7%D8%A7%D8%AA?redirect=%2Ffa%2Fweb%2Fnews_portal%2F%25D9%2585%25D8%25B9%25D8%25A7%25D9%2588%25D9%2586%25D8%25AA-%25D9%25BE%25DA%2598%25D9%2588%25D9%2587%25D8%25B4%25DB%258C-%25D9%2588-%25D9%2581%25D9%2586%25D8%25A7%25D9%2588%25D8%25B1%25DB%258C1,verified,2026-08-11
imam-khomeini-international-discovery-unit-it-40e90f5984f3,imam-khomeini-international,صفحه نخست - مدیریت فناوری اطلاعات و ارتباطات,it,,organizationally-attributed,,https://ict.ikiu.ac.ir/,verified,2026-08-11
imam-khomeini-international-discovery-unit-it-655e92b95b53,imam-khomeini-international,آیین‌نامه مدیریت فناوری اطلاعات - مدیریت فناوری اطلاعات و ارتباطات,it,,organizationally-attributed,,https://ict.ikiu.ac.ir/%D8%A2%DB%8C%DB%8C%D9%86-%D9%86%D8%A7%D9%85%D9%87-%D9%85%D8%B1%DA%A9%D8%B2-%D9%81%D9%86%D8%A7%D9%88%D8%B1%DB%8C-%D8%A7%D8%B7%D9%84%D8%A7%D8%B9%D8%A7%D8%AA,verified,2026-08-11
imam-khomeini-international-discovery-unit-it-bfc68c0a5141,imam-khomeini-international,در دسترس بودن وبگاه دانشگاه از خارج از کشور و اتوماسیون اداری در روزها و ساعات اداری از داخل کشور - پرتال خبری دانشگاه بین المللی امام خمینی(ره),it,,organizationally-attributed,,https://ict.ikiu.ac.ir/fa/web/news_portal/w/%D8%AF%D8%B1-%D8%AF%D8%B3%D8%AA%D8%B1%D8%B3-%D8%A8%D9%88%D8%AF%D9%86-%D8%A7%D8%AA%D9%88%D9%85%D8%A7%D8%B3%DB%8C%D9%88%D9%86-%D8%A7%D8%AF%D8%A7%D8%B1%DB%8C-%D8%AF%D8%A7%D9%86%D8%B4%DA%AF%D8%A7%D9%87-%D8%AF%D8%B1-%D8%B1%D9%88%D8%B2%D9%87%D8%A7-%D9%88-%D8%B3?redirect=%2F,verified,2026-08-11
imam-khomeini-international-discovery-unit-library-080d39c74b79,imam-khomeini-international,شورای انتشارات - معاونت پژوهشی و فناوری,library,,,,https://research.ikiu.ac.ir/%D8%B4%D9%88%D8%B1%D8%A7-%DB%8C-%D8%A7%D9%86%D8%AA%D8%B4%D8%A7%D8%B1%D8%A7%D8%AA,verified,2026-08-11
imam-khomeini-international-discovery-unit-technology-6af3cfd5e2ce,imam-khomeini-international,نشست معرفی گرنت تحقیق و توسعه صندوق نوآوری و شکوفایی در دانشگاه برگزار شد - پرتال خبری دانشگاه بین المللی امام خمینی(ره),technology,,,,https://research.ikiu.ac.ir/fa/web/news_portal/w/%D9%86%D8%B4%D8%B3%D8%AA-%D9%85%D8%B9%D8%B1%D9%81%DB%8C-%DA%AF%D8%B1%D9%86%D8%AA-%D8%AA%D8%AD%D9%82%DB%8C%D9%82-%D9%88-%D8%AA%D9%88%D8%B3%D8%B9%D9%87-%D8%B5%D9%86%D8%AF%D9%88%D9%82-%D9%86%D9%88%D8%A2%D9%88%D8%B1%DB%8C-%D9%88-%D8%B4%DA%A9%D9%88%D9%81%D8%A7?redirect=%2Ffa%2Fweb%2Fnews_portal%2F%25D9%2585%25D8%25B9%25D8%25A7%25D9%2588%25D9%2586%25D8%25AA-%25D9%25BE%25DA%2598%25D9%2588%25D9%2587%25D8%25B4%25DB%258C-%25D9%2588-%25D9%2581%25D9%2586%25D8%25A7%25D9%2588%25D8%25B1%25DB%258C1,verified,2026-08-11
imam-khomeini-international-discovery-unit-technology-c1634f5fa745,imam-khomeini-international,نشست معرفی گرنت تحقیق و توسعه صندوق نوآوری و شکوفایی در دانشگاه برگزار شد - پرتال خبری دانشگاه بین المللی امام خمینی(ره),technology,,,,https://ikiu.ac.ir/fa/web/news_portal/w/%D9%86%D8%B4%D8%B3%D8%AA-%D9%85%D8%B9%D8%B1%D9%81%DB%8C-%DA%AF%D8%B1%D9%86%D8%AA-%D8%AA%D8%AD%D9%82%DB%8C%D9%82-%D9%88-%D8%AA%D9%88%D8%B3%D8%B9%D9%87-%D8%B5%D9%86%D8%AF%D9%88%D9%82-%D9%86%D9%88%D8%A2%D9%88%D8%B1%DB%8C-%D9%88-%D8%B4%DA%A9%D9%88%D9%81%D8%A7?redirect=%2Ffa%2Fweb%2Fnews_portal%2F%25D9%2585%25D8%25B9%25D8%25A7%25D9%2588%25D9%2586%25D8%25AA-%25D9%25BE%25DA%2598%25D9%2588%25D9%2587%25D8%25B4%25DB%258C-%25D9%2588-%25D9%2581%25D9%2586%25D8%25A7%25D9%2588%25D8%25B1%25DB%258C1,verified,2026-08-11
imam-khomeini-international-discovery-unit-it-f746e1f1c9ab,imam-khomeini-international,مستندات و راهنما - مدیریت فناوری اطلاعات و ارتباطات,it,,organizationally-attributed,,https://ict.ikiu.ac.ir/%D9%85%D8%B3%D8%AA%D9%86%D8%AF%D8%A7%D8%AA-%D9%88-%D8%B1%D8%A7%D9%87%D9%86%D9%85%D8%A7,verified,2026-08-11
imam-khomeini-international-discovery-unit-it-9ec21a3903ab,imam-khomeini-international,دستورالعمل‌ها و مستندات - مدیریت فناوری اطلاعات و ارتباطات,it,,organizationally-attributed,,https://ict.ikiu.ac.ir/76,verified,2026-08-11
imam-khomeini-international-discovery-unit-it-0791e48d417f,imam-khomeini-international,اداره سخت افزار و پایگاه‌های رایانه - مدیریت فناوری اطلاعات و ارتباطات,it,,organizationally-attributed,,https://ict.ikiu.ac.ir/%D8%B1%D8%A7%D9%87%D9%86%D9%85%D8%A7_%D9%88_%D9%85%D8%B3%D8%AA%D9%86%D8%AF%D8%A7%D8%AA,verified,2026-08-11
imam-khomeini-international-discovery-unit-it-e6489d985d1e,imam-khomeini-international,سامانه بانک جامع نرم افزاری - مدیریت فناوری اطلاعات و ارتباطات,it,,organizationally-attributed,,https://ict.ikiu.ac.ir/%D8%B3%D8%A7%D9%85%D8%A7%D9%86%D9%87-%D8%A8%D8%A7%D9%86%DA%A9-%D8%AC%D8%A7%D9%85%D8%B9-%D9%86%D8%B1%D9%85-%D8%A7%D9%81%D8%B2%D8%A7%D8%B1%DB%8C,verified,2026-08-11
imam-khomeini-international-discovery-unit-it-40a0aec457e9,imam-khomeini-international,در دسترس بودن وبگاه دانشگاه از خارج از کشور و اتوماسیون اداری در روزها و ساعات اداری از داخل کشور - پرتال خبری دانشگاه بین المللی امام خمینی(ره),it,,organizationally-attributed,,https://research.ikiu.ac.ir/fa/web/news_portal/w/%D8%AF%D8%B1-%D8%AF%D8%B3%D8%AA%D8%B1%D8%B3-%D8%A8%D9%88%D8%AF%D9%86-%D8%A7%D8%AA%D9%88%D9%85%D8%A7%D8%B3%DB%8C%D9%88%D9%86-%D8%A7%D8%AF%D8%A7%D8%B1%DB%8C-%D8%AF%D8%A7%D9%86%D8%B4%DA%AF%D8%A7%D9%87-%D8%AF%D8%B1-%D8%B1%D9%88%D8%B2%D9%87%D8%A7-%D9%88-%D8%B3?redirect=%2F,verified,2026-08-11
imam-khomeini-international-discovery-unit-library-0d638c7259ca,imam-khomeini-international,شورای نشریات علمی - معاونت پژوهشی و فناوری,library,,,,https://research.ikiu.ac.ir/%D8%B4%D9%88%D8%B1%D8%A7%DB%8C-%D9%86%D8%B4%D8%B1%DB%8C%D8%A7%D8%AA-%D8%B9%D9%84%D9%85%DB%8C,verified,2026-08-11
imam-khomeini-international-discovery-unit-it-9bb3b9e4a9eb,imam-khomeini-international,در دسترس بودن وبگاه دانشگاه از خارج از کشور و اتوماسیون اداری در روزها و ساعات اداری از داخل کشور - پرتال خبری دانشگاه بین المللی امام خمینی(ره),it,,organizationally-attributed,,https://research.ikiu.ac.ir/fa/web/news_portal/w/%D8%AF%D8%B1-%D8%AF%D8%B3%D8%AA%D8%B1%D8%B3-%D8%A8%D9%88%D8%AF%D9%86-%D8%A7%D8%AA%D9%88%D9%85%D8%A7%D8%B3%DB%8C%D9%88%D9%86-%D8%A7%D8%AF%D8%A7%D8%B1%DB%8C-%D8%AF%D8%A7%D9%86%D8%B4%DA%AF%D8%A7%D9%87-%D8%AF%D8%B1-%D8%B1%D9%88%D8%B2%D9%87%D8%A7-%D9%88-%D8%B3?redirect=%2Ffa%2Fweb%2Fnews_portal%2F%25D9%2585%25D8%25B9%25D8%25A7%25D9%2588%25D9%2586%25D8%25AA-%25D9%25BE%25DA%2598%25D9%2588%25D9%2587%25D8%25B4%25DB%258C-%25D9%2588-%25D9%2581%25D9%2586%25D8%25A7%25D9%2588%25D8%25B1%25DB%258C1,verified,2026-08-11
imam-khomeini-international-discovery-unit-research-c2f2c8ba9169,imam-khomeini-international,چارت سازمانی معاونت پژوهشی و فناوری - معاونت پژوهشی و فناوری,research,,,,https://research.ikiu.ac.ir/%DA%86%D8%A7%D8%B1%D8%AA-%D8%B3%D8%A7%D8%B2%D9%85%D8%A7%D9%86%DB%8C-%D9%85%D8%B9%D8%A7%D9%88%D9%86%D8%AA-%D9%BE%DA%98%D9%88%D9%87%D8%B4%DB%8C-%D9%88-%D9%81%D9%86%D8%A7%D9%88%D8%B1%DB%8C,verified,2026-08-11
zanjan-discovery-unit-library-8939b6031079,zanjan,کتابخانه مرکزی و مرکز اسناد دانشگاه زنجان,library,,,,http://library.znu.ac.ir/SimorghPortal/,verified,2026-08-11
zanjan-discovery-unit-library-78133fb4cd9c,zanjan,کتابخانه مرکزی و مرکز اسناد دانشگاه زنجان,library,,,,http://library.znu.ac.ir/simorghportal/tabid/34/Default.aspx,verified,2026-08-11
zanjan-discovery-unit-industry-1aad9f023f44,zanjan,مدیریت امور فناوری و ارتباط با جامعه - دانشگاه زنجان | University of zanjan,industry,,,,https://tacs.znu.ac.ir/rules/forsat-edu-teachers,verified,2026-08-11
zanjan-discovery-unit-technology-13b1dc170368,zanjan,معاونت پژوهش و فناوری - دانشگاه زنجان | University of zanjan,technology,,,,https://research.znu.ac.ir/services/malekiat-fekri-rsr,verified,2026-08-11
ilam-discovery-unit-technology-1639185f8938,ilam,.:: معاونت پژوهش و فناوری ::.,technology,,,,https://www.ilam.ac.ir/dep/research/news/ihwffhhkf-%D8%A7%D9%86%D8%AA%D8%B5%D8%A7%D8%A8-%D9%85%D8%AF%D9%8A%D8%B1%D9%8A%D8%AA-%D9%85%D8%B1%DA%A9%D8%B2-%D8%B1%D8%B4%D8%AF-%D9%88-%DA%A9%D8%A7%D8%B1%D8%A2%D9%81%D8%B1%D9%8A%D9%86%D9%8A-,verified,2026-08-11
ilam-discovery-unit-laboratory-56ebf6ea9717,ilam,.:: معاونت پژوهش و فناوری ::.,laboratory,,,,https://www.ilam.ac.ir/dep/research/news/ihwffyqfk-%D8%A2%D8%B2%D9%85%D8%A7%D9%8A%D8%B4%DA%AF%D8%A7%D9%87-%D9%85%D8%B1%DA%A9%D8%B2%D9%8A-%D8%AF%D8%A7%D9%86%D8%B4%DA%AF%D8%A7%D9%87-%D8%A7%D9%8A%D9%84%D8%A7%D9%85-%D8%A7%D8%B3%D8%AA%D8%A7%D9%86%D8%AF%D8%A7%D8%B1%D8%AF--ISOIEC-17025--%D8%B1%D8%A7-%D8%A7%D8%AE%D8%B0-%DA%A9%D8%B1%D8%AF,verified,2026-08-11
ilam-discovery-unit-laboratory-a114ae3cd467,ilam,.:: معاونت پژوهش و فناوری ::.,laboratory,,,,https://www.ilam.ac.ir/dep/research/news/ihwffwqss-%D8%A2%D8%B2%D9%85%D8%A7%D9%8A%D8%B4%DA%AF%D8%A7%D9%87-%D9%85%D8%B1%DA%A9%D8%B2%D9%8A-%D8%AF%D8%A7%D9%86%D8%B4%DA%AF%D8%A7%D9%87-%D8%A8%D9%87-%D8%AF%D8%B3%D8%AA%DA%AF%D8%A7%D9%87-%DA%A9%D8%B1%D9%88%D9%85%D8%A7%D8%AA%D9%88%DA%AF%D8%B1%D8%A7%D9%81%D9%8A-%D9%8A%D9%88%D9%86%D9%8A-%D9%85%D8%AC%D9%87%D8%B2-%DA%AF%D8%B1%D8%AF%D9%8A%D8%AF,verified,2026-08-11
ilam-discovery-unit-research-23f245e60ca5,ilam,.:: معاونت پژوهش و فناوری ::.,research,,,,https://www.ilam.ac.ir/dep/research/news/ihwffhfff--%D8%A7%D9%86%D8%AA%D8%B5%D8%A7%D8%A8-%D8%B3%D8%B1%D9%BE%D8%B1%D8%B3%D8%AA--%D9%85%D8%AF%D9%8A%D8%B1%D9%8A%D8%AA-%D9%BE%DA%98%D9%88%D9%87%D8%B4%D9%8A-%D9%88-%D9%81%D9%86%D8%A7%D9%88%D8%B1%D9%8A-%D8%AF%D8%A7%D9%86%D8%B4%DA%AF%D8%A7%D9%87--,verified,2026-08-11
hakim-sabzevari-discovery-unit-library-d382fc0ef083,hakim-sabzevari,پشتیبانان کتابخانه مرکزی، موزه و مرکز اسناد – پایگاه اطلاع رسانی کتابخانه مرکزی، موزه و مرکز اسناد,library,,,,https://www.hsu.ac.ir/lib/%d9%be%d8%b4%d8%aa%db%8c%d8%a8%d8%a7%d9%86%d8%a7%d9%86-%da%a9%d8%aa%d8%a7%d8%a8%d8%ae%d8%a7%d9%86%d9%87-%d9%85%d8%b1%da%a9%d8%b2%db%8c%d8%8c-%d9%85%d9%88%d8%b2%d9%87-%d9%88-%d9%85%d8%b1%da%a9%d8%b2/,verified,2026-08-11
hakim-sabzevari-discovery-unit-library-1722e55fe852,hakim-sabzevari,پایگاه اطلاع رسانی کتابخانه مرکزی، موزه و مرکز اسناد – کتابخانه مرکزی، موزه و مرکز اسناد دانشگاه حکیم سبزواری,library,,,,https://www.hsu.ac.ir/lib/,verified,2026-08-11
hakim-sabzevari-discovery-unit-laboratory-31b645988dbb,hakim-sabzevari,رئیس آزمایشگاه مرکزی – معاونت پژوهشی و فن آوری,laboratory,,,,https://www.hsu.ac.ir/research/%d8%b1%d8%a6%db%8c%d8%b3-%d8%a2%d8%b2%d9%85%d8%a7%db%8c%d8%b4%da%af%d8%a7%d9%87-%d9%85%d8%b1%da%a9%d8%b2%db%8c/,verified,2026-08-11
hakim-sabzevari-discovery-unit-library-929c2124fd7a,hakim-sabzevari,بازدید معاون استاندار و فرماندار ویژه سبزوار و جمعی از مدیران شهری از مجموعه موزه و مرکز اسناد دانشگاه حکیم سبزواری – پایگاه اطلاع رسانی کتابخانه مرکزی، موزه و مرکز اسناد,library,,,,https://www.hsu.ac.ir/lib/2025/12/08/%d8%a8%d8%a7%d8%b2%d8%af%db%8c%d8%af-%d9%85%d8%b9%d8%a7%d9%88%d9%86-%d8%a7%d8%b3%d8%aa%d8%a7%d9%86%d8%af%d8%a7%d8%b1-%d9%88-%d9%81%d8%b1%d9%85%d8%a7%d9%86%d8%af%d8%a7%d8%b1-%d9%88%db%8c%da%98%d9%87/,verified,2026-08-11
hakim-sabzevari-discovery-unit-library-0e084a0aa3f6,hakim-sabzevari,پشتیبانان موزه و مرکز اسناد – پایگاه اطلاع رسانی کتابخانه مرکزی، موزه و مرکز اسناد,library,,,,https://www.hsu.ac.ir/lib/%d9%be%d8%b4%d8%aa%db%8c%d8%a8%d8%a7%d9%86%d8%a7%d9%86-%d9%85%d9%88%d8%b2%d9%87-%d9%88-%d9%85%d8%b1%da%a9%d8%b2-%d8%a7%d8%b3%d9%86%d8%a7%d8%af/,verified,2026-08-11
hakim-sabzevari-discovery-unit-library-1711e41fb1fb,hakim-sabzevari,موزه و مرکز اسناد – پایگاه اطلاع رسانی کتابخانه مرکزی، موزه و مرکز اسناد,library,,,,https://www.hsu.ac.ir/lib/%d9%85%d9%88%d8%b2%d9%87-%d9%88-%d9%85%d8%b1%da%a9%d8%b2-%d8%a7%d8%b3%d9%86%d8%a7%d8%af/,verified,2026-08-11
hakim-sabzevari-discovery-unit-library-55bacf0ab687,hakim-sabzevari,رئیس کتابخانه – معاونت پژوهشی و فن آوری,library,,,,https://www.hsu.ac.ir/research/%d8%b1%d8%a6%db%8c%d8%b3-%da%a9%d8%aa%d8%a7%d8%a8%d8%ae%d8%a7%d9%86%d9%87/,verified,2026-08-11
hakim-sabzevari-discovery-unit-library-c0e2e863de19,hakim-sabzevari,نمونه پایان نامه – پایگاه اطلاع رسانی کتابخانه مرکزی، موزه و مرکز اسناد,library,,,,https://www.hsu.ac.ir/lib/%d9%86%d9%85%d9%88%d9%86%d9%87-%d9%be%d8%a7%db%8c%d8%a7%d9%86-%d9%86%d8%a7%d9%85%d9%87/,verified,2026-08-11
hakim-sabzevari-discovery-unit-library-aaaf31d04a13,hakim-sabzevari,راهنمای تمدید کتاب – پایگاه اطلاع رسانی کتابخانه مرکزی، موزه و مرکز اسناد,library,,,,https://www.hsu.ac.ir/lib/%d8%b1%d8%a7%d9%87%d9%86%d9%85%d8%a7%db%8c-%d8%aa%d9%85%d8%af%db%8c%d8%af-%da%a9%d8%aa%d8%a7%d8%a8/,verified,2026-08-11
hakim-sabzevari-discovery-unit-library-c915707704e7,hakim-sabzevari,دسترسی رایگان به کتاب‌های متنی و صوتی پلتفرم لیبرا – پایگاه اطلاع رسانی کتابخانه مرکزی، موزه و مرکز اسناد,library,,,,https://www.hsu.ac.ir/lib/2024/02/04/%d8%af%d8%b3%d8%aa%d8%b1%d8%b3%db%8c-%d8%b1%d8%a7%db%8c%da%af%d8%a7%d9%86-%d8%a8%d9%87-%da%a9%d8%aa%d8%a7%d8%a8%d9%87%d8%a7%db%8c-%d9%85%d8%aa%d9%86%db%8c-%d9%88-%d8%b5%d9%88%d8%aa%db%8c/,verified,2026-08-11
hakim-sabzevari-discovery-unit-library-9b57b25e2611,hakim-sabzevari,فهرست وب سایت های جعلی نشریات علمی – معاونت پژوهشی و فن آوری,library,,,,https://www.hsu.ac.ir/research/%d9%81%d9%87%d8%b1%d8%b3%d8%aa-%d9%86%d8%b4%d8%b1%db%8c%d8%a7%d8%aa/%d9%81%d9%87%d8%b1%d8%b3%d8%aa-%d9%88%d8%a8-%d8%b3%d8%a7%db%8c%d8%aa-%d9%87%d8%a7%db%8c-%d8%ac%d8%b9%d9%84%db%8c-%d9%86%d8%b4%d8%b1%db%8c%d8%a7%d8%aa-%d8%b9%d9%84%d9%85%db%8c/,verified,2026-08-11
hakim-sabzevari-discovery-unit-industry-d6b008e001a0,hakim-sabzevari,مدیر گروه ارتباط با جامعه و صنعت – معاونت پژوهشی و فن آوری,industry,,,,https://www.hsu.ac.ir/research/%d9%85%d8%af%db%8c%d8%b1-%da%af%d8%b1%d9%88%d9%87-%d8%a7%d8%b1%d8%aa%d8%a8%d8%a7%d8%b7-%d8%a8%d8%a7-%d8%ac%d8%a7%d9%85%d8%b9%d9%87-%d9%88-%d8%b5%d9%86%d8%b9%d8%aa/,verified,2026-08-11
hakim-sabzevari-discovery-unit-library-ea25606ab5be,hakim-sabzevari,رایزنی مدیر فرهنگی و اجتماعی دانشگاه با معاون مرکز اسناد انقلاب اسلامی پیرامون برگزاری نمایشگاه و همایش ملّی – دانشگاه حکیم سبزواری,library,,,,http://www.hsu.ac.ir/%d8%b1%d8%a7%db%8c%d8%b2%d9%86%db%8c-%d9%85%d8%af%db%8c%d8%b1-%d9%81%d8%b1%d9%87%d9%86%da%af%db%8c-%d9%88-%d8%a7%d8%ac%d8%aa%d9%85%d8%a7%d8%b9%db%8c-%d8%af%d8%a7%d9%86%d8%b4%da%af%d8%a7%d9%87/,verified,2026-08-11
arak-discovery-unit-library-258f27021d6f,arak,کتابخانه مرکزی و مرکز اسناد و اطلاع‌رسانی - کتابخانه مرکزی و مرکز اسناد,library,,,,https://research.araku.ac.ir/web/library/home/-/asset_publisher/fapm/content/%25DA%25A9%25D8%25AA%25D8%25A7%25D8%25A8%25D8%25AE%25D8%25A7%25D9%2586%25D9%2587-%25D9%2585%25D8%25B1%25DA%25A9%25D8%25B2%25DB%258C-%25D9%2588-%25D9%2585%25D8%25B1%25DA%25A9%25D8%25B2-%25D8%25A7%25D8%25B3%25D9%2586%25D8%25A7%25D8%25AF?_com_liferay_asset_publisher_web_portlet_AssetPublisherPortlet_INSTANCE_fapm_assetEntryId=5335175&_com_liferay_asset_publisher_web_portlet_AssetPublisherPortlet_INSTANCE_fapm_redirect=https%3A%2F%2Fresearch.araku.ac.ir%2Fweb%2Flibrary%2Fhome%3Fp_p_id%3Dcom_liferay_asset_publisher_web_portlet_AssetPublisherPortlet_INSTANCE_fapm%26p_p_lifecycle%3D0%26p_p_state%3Dnormal%26p_p_mode%3Dview%26_com_liferay_asset_publisher_web_portlet_AssetPublisherPortlet_INSTANCE_fapm_cur%3D0%26p_r_p_resetCur%3Dfalse%26_com_liferay_asset_publisher_web_portlet_AssetPublisherPortlet_INSTANCE_fapm_assetEntryId%3D5335175,verified,2026-08-11
arak-discovery-unit-library-9619acc683c1,arak,صفحه اصلی - کتابخانه مرکزی و مرکز اسناد,library,,,,https://research.araku.ac.ir/web/library,verified,2026-08-11
arak-discovery-unit-library-733af62b68bc,arak,آیین تکریم و معارفه مدیران سابق و جدید کتابخانه مرکزی و مرکز اسناد دانشگاه اراک برگزار شد. - معاونت پژوهشی و فناوری,library,,,,https://research.araku.ac.ir/fa/w/%D8%A2%DB%8C%DB%8C%D9%86-%D8%AA%DA%A9%D8%B1%DB%8C%D9%85-%D9%88-%D9%85%D8%B9%D8%A7%D8%B1%D9%81%D9%87-%D9%85%D8%AF%DB%8C%D8%B1%D8%A7%D9%86-%D8%B3%D8%A7%D8%A8%D9%82-%D9%88-%D8%AC%D8%AF%DB%8C%D8%AF-%DA%A9%D8%AA%D8%A7%D8%A8%D8%AE%D8%A7%D9%86%D9%87-%D9%85%D8%B1?redirect=%2F,verified,2026-08-11
arak-discovery-unit-library-0359b6f52993,arak,آیین تکریم و معارفه مدیران سابق و جدید کتابخانه مرکزی و مرکز اسناد دانشگاه اراک برگزار شد. - معاونت پژوهشی و فناوری,library,,,,https://araku.ac.ir/fa/web/research/w/%D8%A2%DB%8C%DB%8C%D9%86-%D8%AA%DA%A9%D8%B1%DB%8C%D9%85-%D9%88-%D9%85%D8%B9%D8%A7%D8%B1%D9%81%D9%87-%D9%85%D8%AF%DB%8C%D8%B1%D8%A7%D9%86-%D8%B3%D8%A7%D8%A8%D9%82-%D9%88-%D8%AC%D8%AF%DB%8C%D8%AF-%DA%A9%D8%AA%D8%A7%D8%A8%D8%AE%D8%A7%D9%86%D9%87-%D9%85%D8%B1?redirect=%2Fweb%2Fresearch,verified,2026-08-11
arak-discovery-unit-it-5eb06a599f31,arak,۲۲ تیرماه، روز فناوری اطلاعات و ارتباطات گرامی باد - مدیریت فناوری اطلاعات و امنیت مجازی,it,,organizationally-attributed,,https://research.araku.ac.ir/fa/web/ict/w/%DB%B2%DB%B2-%D8%AA%DB%8C%D8%B1%D9%85%D8%A7%D9%87%D8%8C-%D8%B1%D9%88%D8%B2-%D9%81%D9%86%D8%A7%D9%88%D8%B1%DB%8C-%D8%A7%D8%B7%D9%84%D8%A7%D8%B9%D8%A7%D8%AA-%D9%88-%D8%A7%D8%B1%D8%AA%D8%A8%D8%A7%D8%B7%D8%A7%D8%AA-%DA%AF%D8%B1%D8%A7%D9%85%DB%8C-%D8%A8-1?redirect=%2Fweb%2Fict,verified,2026-08-11
arak-discovery-unit-technology-187160da10ca,arak,برگزاری نشست مشترک دانشگاه اراک و شرکت دانش‌بنیان و مادر تخصصی ماشین‌سازی اراک - معاونت پژوهشی و فناوری,technology,,,,https://research.araku.ac.ir/fa/w/%D8%A8%D8%B1%DA%AF%D8%B2%D8%A7%D8%B1%DB%8C-%D9%86%D8%B4%D8%B3%D8%AA-%D9%85%D8%B4%D8%AA%D8%B1%DA%A9-%D8%AF%D8%A7%D9%86%D8%B4%DA%AF%D8%A7%D9%87-%D8%A7%D8%B1%D8%A7%DA%A9-%D9%88-%D8%B4%D8%B1%DA%A9%D8%AA-%D8%AF%D8%A7%D9%86%D8%B4%E2%80%8C%D8%A8%D9%86%DB%8C?redirect=%2F,verified,2026-08-11
arak-discovery-unit-technology-4773716b849f,arak,برگزاری نشست مشترک دانشگاه اراک و شرکت دانش‌بنیان و مادر تخصصی ماشین‌سازی اراک - معاونت پژوهشی و فناوری,technology,,,,https://araku.ac.ir/fa/web/research/w/%D8%A8%D8%B1%DA%AF%D8%B2%D8%A7%D8%B1%DB%8C-%D9%86%D8%B4%D8%B3%D8%AA-%D9%85%D8%B4%D8%AA%D8%B1%DA%A9-%D8%AF%D8%A7%D9%86%D8%B4%DA%AF%D8%A7%D9%87-%D8%A7%D8%B1%D8%A7%DA%A9-%D9%88-%D8%B4%D8%B1%DA%A9%D8%AA-%D8%AF%D8%A7%D9%86%D8%B4%E2%80%8C%D8%A8%D9%86%DB%8C?redirect=%2Fweb%2Fresearch,verified,2026-08-11
arak-discovery-unit-technology-1091789d2749,arak,برگزاری نشست مشترک دانشگاه اراک و شرکت دانش‌بنیان و مادر تخصصی ماشین‌سازی اراک - پرتال خبری دانشگاه اراک,technology,,,,https://araku.ac.ir/fa/web/news/w/%D8%A8%D8%B1%DA%AF%D8%B2%D8%A7%D8%B1%DB%8C-%D9%86%D8%B4%D8%B3%D8%AA-%D9%85%D8%B4%D8%AA%D8%B1%DA%A9-%D8%AF%D8%A7%D9%86%D8%B4%DA%AF%D8%A7%D9%87-%D8%A7%D8%B1%D8%A7%DA%A9-%D9%88-%D8%B4%D8%B1%DA%A9%D8%AA-%D8%AF%D8%A7%D9%86%D8%B4%E2%80%8C%D8%A8%D9%86%DB%8C?redirect=%2F,verified,2026-08-11
arak-discovery-unit-it-9d1f9d56760b,arak,صفحه اصلی - مدیریت فناوری اطلاعات و امنیت مجازی,it,,organizationally-attributed,,https://research.araku.ac.ir/web/ict,verified,2026-08-11
arak-discovery-unit-research-6fee98a687ec,arak,صفحه اصلی - مدیریت امور پژوهشی,research,,,,https://research.araku.ac.ir/web/rsh,verified,2026-08-11
arak-discovery-unit-it-931bb8e74792,arak,راهنمای استفاده از ایمیل آکادمیک دانشگاه - مدیریت فناوری اطلاعات و امنیت مجازی,it,,organizationally-attributed,,https://research.araku.ac.ir/fa/web/ict/w/%D8%B1%D8%A7%D9%87%D9%86%D9%85%D8%A7%DB%8C-%D8%A7%D8%B3%D8%AA%D9%81%D8%A7%D8%AF%D9%87-%D8%A7%D8%B2-%D8%A7%DB%8C%D9%85%DB%8C%D9%84-%D8%A2%DA%A9%D8%A7%D8%AF%D9%85%DB%8C%DA%A9-%D8%AF%D8%A7%D9%86%D8%B4%DA%AF%D8%A7%D9%87?redirect=%2Fweb%2Fict,verified,2026-08-11
arak-discovery-unit-research-187160da10ca,arak,برگزاری نشست مشترک دانشگاه اراک و شرکت دانش‌بنیان و مادر تخصصی ماشین‌سازی اراک - معاونت پژوهشی و فناوری,research,,,,https://research.araku.ac.ir/fa/w/%D8%A8%D8%B1%DA%AF%D8%B2%D8%A7%D8%B1%DB%8C-%D9%86%D8%B4%D8%B3%D8%AA-%D9%85%D8%B4%D8%AA%D8%B1%DA%A9-%D8%AF%D8%A7%D9%86%D8%B4%DA%AF%D8%A7%D9%87-%D8%A7%D8%B1%D8%A7%DA%A9-%D9%88-%D8%B4%D8%B1%DA%A9%D8%AA-%D8%AF%D8%A7%D9%86%D8%B4%E2%80%8C%D8%A8%D9%86%DB%8C?redirect=%2F,verified,2026-08-11
arak-discovery-unit-research-4773716b849f,arak,برگزاری نشست مشترک دانشگاه اراک و شرکت دانش‌بنیان و مادر تخصصی ماشین‌سازی اراک - معاونت پژوهشی و فناوری,research,,,,https://araku.ac.ir/fa/web/research/w/%D8%A8%D8%B1%DA%AF%D8%B2%D8%A7%D8%B1%DB%8C-%D9%86%D8%B4%D8%B3%D8%AA-%D9%85%D8%B4%D8%AA%D8%B1%DA%A9-%D8%AF%D8%A7%D9%86%D8%B4%DA%AF%D8%A7%D9%87-%D8%A7%D8%B1%D8%A7%DA%A9-%D9%88-%D8%B4%D8%B1%DA%A9%D8%AA-%D8%AF%D8%A7%D9%86%D8%B4%E2%80%8C%D8%A8%D9%86%DB%8C?redirect=%2Fweb%2Fresearch,verified,2026-08-11
azarbaijan-shahid-madani-discovery-unit-laboratory-9e0bf980a517,azarbaijan-shahid-madani,رئیس دانشگاه شهید مدنی آذربایجان از پروژه آزمایشگاه مرکزی و واحدهای پشتیبان دانشگاه بازدید کرد - دانشگاه شهید مدنی آذربایجان,laboratory,,,,https://www.azaruniv.ac.ir/News/4642/%d8%b1%d8%a6%db%8c%d8%b3-%d8%af%d8%a7%d9%86%d8%b4%da%af%d8%a7%d9%87-%d8%b4%d9%87%db%8c%d8%af-%d9%85%d8%af%d9%86%db%8c-%d8%a2%d8%b0%d8%b1%d8%a8%d8%a7%db%8c%d8%ac%d8%a7%d9%86-%d8%a7%d8%b2-%d9%be%d8%b1%d9%88%da%98%d9%87-%d8%a2%d8%b2%d9%85%d8%a7%db%8c%d8%b4%da%af%d8%a7%d9%87-%d9%85%d8%b1%da%a9%d8%b2%db%8c-%d9%88-%d9%88%d8%a7%d8%ad%d8%af%d9%87%d8%a7%db%8c-%d9%be%d8%b4%d8%aa%db%8c%d8%a8%d8%a7%d9%86-%d8%af%d8%a7%d9%86%d8%b4%da%af%d8%a7%d9%87-%d8%a8%d8%a7%d8%b2%d8%af%db%8c%d8%af-%da%a9%d8%b1%d8%af.html,verified,2026-08-11
azarbaijan-shahid-madani-discovery-unit-technology-be14ab70e75b,azarbaijan-shahid-madani,بازدید اعضای دفتر سیاست‌گذاری، برنامه‌ریزی و توسعه فناوری و نوآوری وزارت علوم از مرکز نوآوری و رشد دانشگاه - دانشگاه شهید مدنی آذربایجان,technology,,,,https://www.azaruniv.ac.ir/News/4309/%D8%A8%D8%A7%D8%B2%D8%AF%DB%8C%D8%AF-%D8%A7%D8%B9%D8%B6%D8%A7%DB%8C-%D8%AF%D9%81%D8%AA%D8%B1-%D8%B3%DB%8C%D8%A7%D8%B3%D8%AA%E2%80%8C%DA%AF%D8%B0%D8%A7%D8%B1%DB%8C%D8%8C-%D8%A8%D8%B1%D9%86%D8%A7%D9%85%D9%87%E2%80%8C%D8%B1%DB%8C%D8%B2%DB%8C-%D9%88-%D8%AA%D9%88%D8%B3%D8%B9%D9%87-%D9%81%D9%86%D8%A7%D9%88%D8%B1%DB%8C-%D9%88-%D9%86%D9%88%D8%A2%D9%88%D8%B1%DB%8C-%D9%88%D8%B2%D8%A7%D8%B1%D8%AA-%D8%B9%D9%84%D9%88%D9%85-%D8%A7%D8%B2-%D9%85%D8%B1%DA%A9%D8%B2-%D9%86%D9%88%D8%A2%D9%88%D8%B1%DB%8C-%D9%88-%D8%B1%D8%B4%D8%AF-%D8%AF%D8%A7%D9%86%D8%B4%DA%AF%D8%A7%D9%87.html,verified,2026-08-11
azarbaijan-shahid-madani-discovery-unit-laboratory-d71efdac886c,azarbaijan-shahid-madani,نحوه فعالیت آزمایشگاه مرکزی دانشگاه - دانشگاه شهید مدنی آذربایجان,laboratory,,,,https://www.azaruniv.ac.ir/News/4562/%D9%86%D8%AD%D9%88%D9%87-%D9%81%D8%B9%D8%A7%D9%84%DB%8C%D8%AA-%D8%A2%D8%B2%D9%85%D8%A7%DB%8C%D8%B4%DA%AF%D8%A7%D9%87-%D9%85%D8%B1%DA%A9%D8%B2%DB%8C-%D8%AF%D8%A7%D9%86%D8%B4%DA%AF%D8%A7%D9%87-.html,verified,2026-08-11
azarbaijan-shahid-madani-discovery-unit-laboratory-281fdd7e0d53,azarbaijan-shahid-madani,رئیس دانشگاه شهید مدنی آذربایجان از پروژه آزمایشگاه مرکزی و واحدهای پشتیبان دانشگاه بازدید کرد - دانشگاه شهید مدنی آذربایجان,laboratory,,,,https://www.azaruniv.ac.ir/News/4642/%D8%B1%D8%A6%DB%8C%D8%B3-%D8%AF%D8%A7%D9%86%D8%B4%DA%AF%D8%A7%D9%87-%D8%B4%D9%87%DB%8C%D8%AF-%D9%85%D8%AF%D9%86%DB%8C-%D8%A2%D8%B0%D8%B1%D8%A8%D8%A7%DB%8C%D8%AC%D8%A7%D9%86-%D8%A7%D8%B2-%D9%BE%D8%B1%D9%88%DA%98%D9%87-%D8%A2%D8%B2%D9%85%D8%A7%DB%8C%D8%B4%DA%AF%D8%A7%D9%87-%D9%85%D8%B1%DA%A9%D8%B2%DB%8C-%D9%88-%D9%88%D8%A7%D8%AD%D8%AF%D9%87%D8%A7%DB%8C-%D9%BE%D8%B4%D8%AA%DB%8C%D8%A8%D8%A7%D9%86-%D8%AF%D8%A7%D9%86%D8%B4%DA%AF%D8%A7%D9%87-%D8%A8%D8%A7%D8%B2%D8%AF%DB%8C%D8%AF-%DA%A9%D8%B1%D8%AF.html,verified,2026-08-11
azarbaijan-shahid-madani-discovery-unit-library-053c139b092a,azarbaijan-shahid-madani,چاپ مقالات پژوهشگران علوم تربیتی و روانشناسی دانشگاه شهید مدنی آذربایجان در نشریه های Cities و Technology in Society در انتشارات Elsevier با ضریب تأثیر بالای 10 - دانشگاه شهید مدنی آذربایجان,library,,,,https://www.azaruniv.ac.ir/News/4474/%DA%86%D8%A7%D9%BE-%D9%85%D9%82%D8%A7%D9%84%D8%A7%D8%AA-%D9%BE%DA%98%D9%88%D9%87%D8%B4%DA%AF%D8%B1%D8%A7%D9%86-%D8%B9%D9%84%D9%88%D9%85-%D8%AA%D8%B1%D8%A8%DB%8C%D8%AA%DB%8C-%D9%88-%D8%B1%D9%88%D8%A7%D9%86%D8%B4%D9%86%D8%A7%D8%B3%DB%8C-%D8%AF%D8%A7%D9%86%D8%B4%DA%AF%D8%A7%D9%87-%D8%B4%D9%87%DB%8C%D8%AF-%D9%85%D8%AF%D9%86%DB%8C-%D8%A2%D8%B0%D8%B1%D8%A8%D8%A7%DB%8C%D8%AC%D8%A7%D9%86-%D8%AF%D8%B1-%D9%86%D8%B4%D8%B1%DB%8C%D9%87-%D9%87%D8%A7%DB%8C-Cities-%D9%88-Technology-in-Society-%D8%AF%D8%B1-%D8%A7%D9%86%D8%AA%D8%B4%D8%A7%D8%B1%D8%A7%D8%AA-Elsevier--%D8%A8%D8%A7-%D8%B6%D8%B1%DB%8C%D8%A8-%D8%AA%D8%A3%D8%AB%DB%8C%D8%B1-%D8%A8%D8%A7%D9%84%D8%A7%DB%8C-10-.html,verified,2026-08-11
azarbaijan-shahid-madani-discovery-unit-library-9b37c3e9630e,azarbaijan-shahid-madani,فراخوان مزایده واگذاری حق بهره‌برداری بوفه‌ها، انتشارات، فروشگاه لوازم‌التحریر، پیرایشگری و آژانس دانشگاه - دانشگاه شهید مدنی آذربایجان,library,,,,https://www.azaruniv.ac.ir/News/4618/%D9%81%D8%B1%D8%A7%D8%AE%D9%88%D8%A7%D9%86-%D9%85%D8%B2%D8%A7%DB%8C%D8%AF%D9%87-%D9%88%D8%A7%DA%AF%D8%B0%D8%A7%D8%B1%DB%8C-%D8%AD%D9%82-%D8%A8%D9%87%D8%B1%D9%87%E2%80%8C%D8%A8%D8%B1%D8%AF%D8%A7%D8%B1%DB%8C-%D8%A8%D9%88%D9%81%D9%87%E2%80%8C%D9%87%D8%A7%D8%8C-%D8%A7%D9%86%D8%AA%D8%B4%D8%A7%D8%B1%D8%A7%D8%AA%D8%8C-%D9%81%D8%B1%D9%88%D8%B4%DA%AF%D8%A7%D9%87-%D9%84%D9%88%D8%A7%D8%B2%D9%85%E2%80%8C%D8%A7%D9%84%D8%AA%D8%AD%D8%B1%DB%8C%D8%B1%D8%8C-%D9%BE%DB%8C%D8%B1%D8%A7%DB%8C%D8%B4%DA%AF%D8%B1%DB%8C-%D9%88-%D8%A2%DA%98%D8%A7%D9%86%D8%B3-%D8%AF%D8%A7%D9%86%D8%B4%DA%AF%D8%A7%D9%87.html,verified,2026-08-11
azarbaijan-shahid-madani-discovery-unit-research-b3c02d133256,azarbaijan-shahid-madani,مدیریت امور پژوهش - مديريت امور پژوهشي دانشگاه شهيد مدني آذربايجان,research,,,,https://resadm.azaruniv.ac.ir/,verified,2026-08-11
azarbaijan-shahid-madani-discovery-unit-library-928425453447,azarbaijan-shahid-madani,آرشیو انتشارات - معاونت پژوهش و فناوری دانشگاه شهید مدنی آذربایجان,library,,,,https://research.azaruniv.ac.ir/MPage/269/11/10/%D8%A7%D9%86%D8%AA%D8%B4%D8%A7%D8%B1%D8%A7%D8%AA.html,verified,2026-08-11
azarbaijan-shahid-madani-discovery-unit-library-ec0a39f1164f,azarbaijan-shahid-madani,نشریات علمی - پژوهشی دارای مجوز از وزارتین و ISC - مديريت امور پژوهشي دانشگاه شهيد مدني آذربايجان,library,,,,https://resadm.azaruniv.ac.ir/Page/23/%D9%86%D8%B4%D8%B1%DB%8C%D8%A7%D8%AA-%D8%B9%D9%84%D9%85%DB%8C---%D9%BE%DA%98%D9%88%D9%87%D8%B4%DB%8C-%D8%AF%D8%A7%D8%B1%D8%A7%DB%8C-%D9%85%D8%AC%D9%88%D8%B2-%D8%A7%D8%B2-%D9%88%D8%B2%D8%A7%D8%B1%D8%AA%DB%8C%D9%86-%D9%88-ISC.html,verified,2026-08-11
azarbaijan-shahid-madani-discovery-unit-industry-56cdb9eb9228,azarbaijan-shahid-madani,سومین همایش ملی «گیاهان دارویی، کارآفرینی و تجاری‌سازی»؛ تلاقی علم، صنعت و سیاست‌گذاری برای حضور پررنگ ایران در بازار جهانی - دانشگاه شهید مدنی آذربایجان,industry,,,,https://www.azaruniv.ac.ir/News/4318/%D8%B3%D9%88%D9%85%DB%8C%D9%86-%D9%87%D9%85%D8%A7%DB%8C%D8%B4-%D9%85%D9%84%DB%8C-%C2%AB%DA%AF%DB%8C%D8%A7%D9%87%D8%A7%D9%86-%D8%AF%D8%A7%D8%B1%D9%88%DB%8C%DB%8C%D8%8C-%DA%A9%D8%A7%D8%B1%D8%A2%D9%81%D8%B1%DB%8C%D9%86%DB%8C-%D9%88-%D8%AA%D8%AC%D8%A7%D8%B1%DB%8C%E2%80%8C%D8%B3%D8%A7%D8%B2%DB%8C%C2%BB%D8%9B-%D8%AA%D9%84%D8%A7%D9%82%DB%8C-%D8%B9%D9%84%D9%85%D8%8C-%D8%B5%D9%86%D8%B9%D8%AA-%D9%88-%D8%B3%DB%8C%D8%A7%D8%B3%D8%AA%E2%80%8C%DA%AF%D8%B0%D8%A7%D8%B1%DB%8C-%D8%A8%D8%B1%D8%A7%DB%8C-%D8%AD%D8%B6%D9%88%D8%B1-%D9%BE%D8%B1%D8%B1%D9%86%DA%AF-%D8%A7%DB%8C%D8%B1%D8%A7%D9%86-%D8%AF%D8%B1-%D8%A8%D8%A7%D8%B2%D8%A7%D8%B1-%D8%AC%D9%87%D8%A7%D9%86%DB%8C.html,verified,2026-08-11
azarbaijan-shahid-madani-discovery-unit-technology-fe121d8450eb,azarbaijan-shahid-madani,پذیرش ۲۸۶ مقاله در سومین همایش ملی گیاهان دارویی، کارآفرینی و تجاری‌سازی - دانشگاه شهید مدنی آذربایجان,technology,,,,https://www.azaruniv.ac.ir/News/4321/%D9%BE%D8%B0%DB%8C%D8%B1%D8%B4-%DB%B2%DB%B8%DB%B6-%D9%85%D9%82%D8%A7%D9%84%D9%87-%D8%AF%D8%B1-%D8%B3%D9%88%D9%85%DB%8C%D9%86-%D9%87%D9%85%D8%A7%DB%8C%D8%B4-%D9%85%D9%84%DB%8C-%DA%AF%DB%8C%D8%A7%D9%87%D8%A7%D9%86-%D8%AF%D8%A7%D8%B1%D9%88%DB%8C%DB%8C%D8%8C-%DA%A9%D8%A7%D8%B1%D8%A2%D9%81%D8%B1%DB%8C%D9%86%DB%8C-%D9%88-%D8%AA%D8%AC%D8%A7%D8%B1%DB%8C%E2%80%8C%D8%B3%D8%A7%D8%B2%DB%8C.html,verified,2026-08-11
birjand-discovery-unit-library-44a8e163ed28,birjand,آیین‌نامه‌ها و مصوبات- آیین نامه های مجلات و انتشارات,library,,,,https://birjand.ac.ir/research/fa/regulation/category/151/%D8%A2%DB%8C%DB%8C%D9%86-%D9%86%D8%A7%D9%85%D9%87-%D9%87%D8%A7%DB%8C-%D9%85%D8%AC%D9%84%D8%A7%D8%AA-%D9%88-%D8%A7%D9%86%D8%AA%D8%B4%D8%A7%D8%B1%D8%A7%D8%AA,verified,2026-08-11
birjand-discovery-unit-library-1706aac789e3,birjand,شیوه نامه تدوین و نگارش کتاب انتشارات دانشگاه - معاونت پژوهش، فناوری و نوآوری,library,,,,https://birjand.ac.ir/research/fa/regulation/324/%D8%B4%DB%8C%D9%88%D9%87-%D9%86%D8%A7%D9%85%D9%87-%D8%AA%D8%AF%D9%88%DB%8C%D9%86-%D9%88-%D9%86%DA%AF%D8%A7%D8%B1%D8%B4-%DA%A9%D8%AA%D8%A7%D8%A8-%D8%A7%D9%86%D8%AA%D8%B4%D8%A7%D8%B1%D8%A7%D8%AA-%D8%AF%D8%A7%D9%86%D8%B4%DA%AF%D8%A7%D9%87,verified,2026-08-11
birjand-discovery-unit-library-d72e42b8d0f1,birjand,آیین نامه انتشارات دانشگاه بیرجند - معاونت پژوهش، فناوری و نوآوری,library,,,,https://birjand.ac.ir/research/fa/regulation/320/%D8%A2%DB%8C%DB%8C%D9%86-%D9%86%D8%A7%D9%85%D9%87-%D8%A7%D9%86%D8%AA%D8%B4%D8%A7%D8%B1%D8%A7%D8%AA-%D8%AF%D8%A7%D9%86%D8%B4%DA%AF%D8%A7%D9%87-%D8%A8%DB%8C%D8%B1%D8%AC%D9%86%D8%AF,verified,2026-08-11
birjand-discovery-unit-research-fe5cd2cf04c0,birjand,چارت سازمانی معاونت پژوهش و فناوری,research,,,,https://birjand.ac.ir/research/fa/organizationChart/1/%DA%86%D8%A7%D8%B1%D8%AA-%D8%B3%D8%A7%D8%B2%D9%85%D8%A7%D9%86%DB%8C-%D9%85%D8%B9%D8%A7%D9%88%D9%86%D8%AA-%D9%BE%DA%98%D9%88%D9%87%D8%B4-%D9%88-%D9%81%D9%86%D8%A7%D9%88%D8%B1%DB%8C,verified,2026-08-11
birjand-discovery-unit-library-4266cc1eb2ab,birjand,آیین نامه نشریات علمی وزارت علوم - معاونت پژوهش، فناوری و نوآوری,library,,,,https://birjand.ac.ir/research/fa/regulation/345/%D8%A2%DB%8C%DB%8C%D9%86-%D9%86%D8%A7%D9%85%D9%87-%D9%86%D8%B4%D8%B1%DB%8C%D8%A7%D8%AA-%D8%B9%D9%84%D9%85%DB%8C-%D9%88%D8%B2%D8%A7%D8%B1%D8%AA-%D8%B9%D9%84%D9%88%D9%85,verified,2026-08-11
birjand-discovery-unit-library-529f00a2f89a,birjand,آیین نامه اجرایی نشریات علمی دانشگاه بیرجند - معاونت پژوهش، فناوری و نوآوری,library,,,,https://birjand.ac.ir/research/fa/regulation/331/%D8%A2%DB%8C%DB%8C%D9%86-%D9%86%D8%A7%D9%85%D9%87-%D8%A7%D8%AC%D8%B1%D8%A7%DB%8C%DB%8C-%D9%86%D8%B4%D8%B1%DB%8C%D8%A7%D8%AA-%D8%B9%D9%84%D9%85%DB%8C-%D8%AF%D8%A7%D9%86%D8%B4%DA%AF%D8%A7%D9%87-%D8%A8%DB%8C%D8%B1%D8%AC%D9%86%D8%AF,verified,2026-08-11
birjand-discovery-unit-library-1551b86f7085,birjand,شیوه نامه تشویقی نشریات علمی داخلی نمایه شده در نمایه های بین المللی معتبر - معاونت پژوهش، فناوری و نوآوری,library,,,,https://birjand.ac.ir/research/fa/regulation/487/%D8%B4%DB%8C%D9%88%D9%87-%D9%86%D8%A7%D9%85%D9%87-%D8%AA%D8%B4%D9%88%DB%8C%D9%82%DB%8C-%D9%86%D8%B4%D8%B1%DB%8C%D8%A7%D8%AA-%D8%B9%D9%84%D9%85%DB%8C-%D8%AF%D8%A7%D8%AE%D9%84%DB%8C-%D9%86%D9%85%D8%A7%DB%8C%D9%87-%D8%B4%D8%AF%D9%87-%D8%AF%D8%B1-%D9%86%D9%85%D8%A7%DB%8C%D9%87-%D9%87%D8%A7%DB%8C-%D8%A8%DB%8C%D9%86-%D8%A7%D9%84%D9%85%D9%84%D9%84%DB%8C-%D9%85%D8%B9%D8%AA%D8%A8%D8%B1,verified,2026-08-11
birjand-discovery-unit-library-d74e8343713a,birjand,شیوه نامه ارزیابی و رتبه بندی نشریات علمی - معاونت پژوهش، فناوری و نوآوری,library,,,,https://birjand.ac.ir/research/fa/regulation/486/%D8%B4%DB%8C%D9%88%D9%87-%D9%86%D8%A7%D9%85%D9%87-%D8%A7%D8%B1%D8%B2%DB%8C%D8%A7%D8%A8%DB%8C-%D9%88-%D8%B1%D8%AA%D8%A8%D9%87-%D8%A8%D9%86%D8%AF%DB%8C-%D9%86%D8%B4%D8%B1%DB%8C%D8%A7%D8%AA-%D8%B9%D9%84%D9%85%DB%8C,verified,2026-08-11
birjand-discovery-unit-library-7329da939f75,birjand,آیین نامه تعیین هزینه پردازش مقاله در نشریات علمی دسترسی باز - معاونت پژوهش، فناوری و نوآوری,library,,,,https://birjand.ac.ir/research/fa/regulation/485/%D8%A2%DB%8C%DB%8C%D9%86-%D9%86%D8%A7%D9%85%D9%87-%D8%AA%D8%B9%DB%8C%DB%8C%D9%86-%D9%87%D8%B2%DB%8C%D9%86%D9%87-%D9%BE%D8%B1%D8%AF%D8%A7%D8%B2%D8%B4-%D9%85%D9%82%D8%A7%D9%84%D9%87-%D8%AF%D8%B1-%D9%86%D8%B4%D8%B1%DB%8C%D8%A7%D8%AA-%D8%B9%D9%84%D9%85%DB%8C-%D8%AF%D8%B3%D8%AA%D8%B1%D8%B3%DB%8C-%D8%A8%D8%A7%D8%B2,verified,2026-08-11
birjand-discovery-unit-technology-ca07e5af139d,birjand,معاونت پژوهش، فناوری و نوآوری,technology,,,,https://birjand.ac.ir/research/fa,verified,2026-08-11
birjand-discovery-unit-technology-c66710d677ad,birjand,فرم‌های کمیته اخلاق زیست پزشکی - معاونت پژوهش، فناوری و نوآوری,technology,,,,https://birjand.ac.ir/research/fa/page/5122/%D9%81%D8%B1%D9%85-%D9%87%D8%A7%DB%8C-%DA%A9%D9%85%DB%8C%D8%AA%D9%87-%D8%A7%D8%AE%D9%84%D8%A7%D9%82-%D8%B2%DB%8C%D8%B3%D8%AA-%D9%BE%D8%B2%D8%B4%DA%A9%DB%8C,verified,2026-08-11
birjand-discovery-unit-technology-0944c3dd568c,birjand,آیین نامه ها - معاونت پژوهش، فناوری و نوآوری,technology,,,,https://birjand.ac.ir/research/fa/page/2735/%D8%A2%DB%8C%DB%8C%D9%86-%D9%86%D8%A7%D9%85%D9%87-%D9%87%D8%A7,verified,2026-08-11
birjand-discovery-unit-technology-26388fe539b9,birjand,آیین نامه طرح‌های پژوهشی کاربردی و فناورانه دانشگاه بیرجند - معاونت پژوهش، فناوری و نوآوری,technology,,,,https://birjand.ac.ir/research/fa/regulation/442/%D8%A2%DB%8C%DB%8C%D9%86-%D9%86%D8%A7%D9%85%D9%87-%D8%B7%D8%B1%D8%AD-%D9%87%D8%A7%DB%8C-%D9%BE%DA%98%D9%88%D9%87%D8%B4%DB%8C-%DA%A9%D8%A7%D8%B1%D8%A8%D8%B1%D8%AF%DB%8C-%D9%88-%D9%81%D9%86%D8%A7%D9%88%D8%B1%D8%A7%D9%86%D9%87-%D8%AF%D8%A7%D9%86%D8%B4%DA%AF%D8%A7%D9%87-%D8%A8%DB%8C%D8%B1%D8%AC%D9%86%D8%AF,verified,2026-08-11
birjand-discovery-unit-technology-d8fdff60db13,birjand,شیوه نامه و مراحل اعتبار سنجی و نمایه سازی همایش های ملی و بین المللی توسط موسسه ISC - معاونت پژوهش، فناوری و نوآوری,technology,,,,https://birjand.ac.ir/research/fa/regulation/549/%D8%B4%DB%8C%D9%88%D9%87-%D9%86%D8%A7%D9%85%D9%87-%D9%88-%D9%85%D8%B1%D8%A7%D8%AD%D9%84-%D8%A7%D8%B9%D8%AA%D8%A8%D8%A7%D8%B1-%D8%B3%D9%86%D8%AC%DB%8C-%D9%88-%D9%86%D9%85%D8%A7%DB%8C%D9%87-%D8%B3%D8%A7%D8%B2%DB%8C-%D9%87%D9%85%D8%A7%DB%8C%D8%B4-%D9%87%D8%A7%DB%8C-%D9%85%D9%84%DB%8C-%D9%88-%D8%A8%DB%8C%D9%86-%D8%A7%D9%84%D9%85%D9%84%D9%84%DB%8C-%D8%AA%D9%88%D8%B3%D8%B7-%D9%85%D9%88%D8%B3%D8%B3%D9%87-isc,verified,2026-08-11
birjand-discovery-unit-technology-8320b0cb96e2,birjand,آیین‌نامه تشویق دستاوردهای پژوهشی و فناوری - معاونت پژوهش، فناوری و نوآوری,technology,,,,https://birjand.ac.ir/research/fa/regulation/481/%D8%A2%DB%8C%DB%8C%D9%86-%D9%86%D8%A7%D9%85%D9%87-%D8%AA%D8%B4%D9%88%DB%8C%D9%82-%D8%AF%D8%B3%D8%AA%D8%A7%D9%88%D8%B1%D8%AF%D9%87%D8%A7%DB%8C-%D9%BE%DA%98%D9%88%D9%87%D8%B4%DB%8C-%D9%88-%D9%81%D9%86%D8%A7%D9%88%D8%B1%DB%8C,verified,2026-08-11
birjand-discovery-unit-technology-757b8fb932c0,birjand,آیین نامه تخصیص پژوهانه اعضای هیات علمی - معاونت پژوهش، فناوری و نوآوری,technology,,,,https://birjand.ac.ir/research/fa/regulation/328/%D8%A2%DB%8C%DB%8C%D9%86-%D9%86%D8%A7%D9%85%D9%87-%D8%AA%D8%AE%D8%B5%DB%8C%D8%B5-%D9%BE%DA%98%D9%88%D9%87%D8%A7%D9%86%D9%87-%D8%A7%D8%B9%D8%B6%D8%A7%DB%8C-%D9%87%DB%8C%D8%A7%D8%AA-%D8%B9%D9%84%D9%85%DB%8C,verified,2026-08-11
birjand-discovery-unit-technology-5ed2f1caae18,birjand,آیین نامه تاسیس گروه های پژوهشی - معاونت پژوهش، فناوری و نوآوری,technology,,,,https://birjand.ac.ir/research/fa/regulation/350/%D8%A2%DB%8C%DB%8C%D9%86-%D9%86%D8%A7%D9%85%D9%87-%D8%AA%D8%A7%D8%B3%DB%8C%D8%B3-%DA%AF%D8%B1%D9%88%D9%87-%D9%87%D8%A7%DB%8C-%D9%BE%DA%98%D9%88%D9%87%D8%B4%DB%8C,verified,2026-08-11
birjand-discovery-unit-technology-06977741b0cd,birjand,آیین نامه نحوه تشکیل و شرح وظایف کمیسیون انجمنهای علمی ایران - معاونت پژوهش، فناوری و نوآوری,technology,,,,https://birjand.ac.ir/research/fa/regulation/342/%D8%A2%DB%8C%DB%8C%D9%86-%D9%86%D8%A7%D9%85%D9%87-%D9%86%D8%AD%D9%88%D9%87-%D8%AA%D8%B4%DA%A9%DB%8C%D9%84-%D9%88-%D8%B4%D8%B1%D8%AD-%D9%88%D8%B8%D8%A7%DB%8C%D9%81-%DA%A9%D9%85%DB%8C%D8%B3%DB%8C%D9%88%D9%86-%D8%A7%D9%86%D8%AC%D9%85%D9%86%D9%87%D8%A7%DB%8C-%D8%B9%D9%84%D9%85%DB%8C-%D8%A7%DB%8C%D8%B1%D8%A7%D9%86,verified,2026-08-11
birjand-discovery-unit-technology-03346ff686b2,birjand,آیین نامه نحوه برگزاری و ساماندهی همایش های علمی دانشگاه بیرجند - معاونت پژوهش، فناوری و نوآوری,technology,,,,https://birjand.ac.ir/research/fa/regulation/330/%D8%A2%DB%8C%DB%8C%D9%86-%D9%86%D8%A7%D9%85%D9%87-%D9%86%D8%AD%D9%88%D9%87-%D8%A8%D8%B1%DA%AF%D8%B2%D8%A7%D8%B1%DB%8C-%D9%88-%D8%B3%D8%A7%D9%85%D8%A7%D9%86%D8%AF%D9%87%DB%8C-%D9%87%D9%85%D8%A7%DB%8C%D8%B4-%D9%87%D8%A7%DB%8C-%D8%B9%D9%84%D9%85%DB%8C-%D8%AF%D8%A7%D9%86%D8%B4%DA%AF%D8%A7%D9%87-%D8%A8%DB%8C%D8%B1%D8%AC%D9%86%D8%AF,verified,2026-08-11
birjand-discovery-unit-technology-aa21c4fe2984,birjand,آیین نامه طرح های پژوهشی خودارزیاب دانشگاه - معاونت پژوهش، فناوری و نوآوری,technology,,,,https://birjand.ac.ir/research/fa/regulation/329/%D8%A2%DB%8C%DB%8C%D9%86-%D9%86%D8%A7%D9%85%D9%87-%D8%B7%D8%B1%D8%AD-%D9%87%D8%A7%DB%8C-%D9%BE%DA%98%D9%88%D9%87%D8%B4%DB%8C-%D8%AE%D9%88%D8%AF%D8%A7%D8%B1%D8%B2%DB%8C%D8%A7%D8%A8-%D8%AF%D8%A7%D9%86%D8%B4%DA%AF%D8%A7%D9%87,verified,2026-08-11
birjand-discovery-unit-technology-ca453e2728c1,birjand,آیین نامه فرصت مطالعاتی خارج از کشور - معاونت پژوهش، فناوری و نوآوری,technology,,,,https://birjand.ac.ir/research/fa/regulation/577/%D8%A2%DB%8C%DB%8C%D9%86-%D9%86%D8%A7%D9%85%D9%87-%D9%81%D8%B1%D8%B5%D8%AA-%D9%85%D8%B7%D8%A7%D9%84%D8%B9%D8%A7%D8%AA%DB%8C-%D8%AE%D8%A7%D8%B1%D8%AC-%D8%A7%D8%B2-%DA%A9%D8%B4%D9%88%D8%B1,verified,2026-08-11
birjand-discovery-unit-technology-f68924581f1f,birjand,آیین نامه نمایه سازی استنادی نشریات معتبر علمی در ISC - معاونت پژوهش، فناوری و نوآوری,technology,,,,https://birjand.ac.ir/research/fa/regulation/346/%D8%A2%DB%8C%DB%8C%D9%86-%D9%86%D8%A7%D9%85%D9%87-%D9%86%D9%85%D8%A7%DB%8C%D9%87-%D8%B3%D8%A7%D8%B2%DB%8C-%D8%A7%D8%B3%D8%AA%D9%86%D8%A7%D8%AF%DB%8C-%D9%86%D8%B4%D8%B1%DB%8C%D8%A7%D8%AA-%D9%85%D8%B9%D8%AA%D8%A8%D8%B1-%D8%B9%D9%84%D9%85%DB%8C-%D8%AF%D8%B1-isc,verified,2026-08-11
birjand-discovery-unit-technology-4266cc1eb2ab,birjand,آیین نامه نشریات علمی وزارت علوم - معاونت پژوهش، فناوری و نوآوری,technology,,,,https://birjand.ac.ir/research/fa/regulation/345/%D8%A2%DB%8C%DB%8C%D9%86-%D9%86%D8%A7%D9%85%D9%87-%D9%86%D8%B4%D8%B1%DB%8C%D8%A7%D8%AA-%D8%B9%D9%84%D9%85%DB%8C-%D9%88%D8%B2%D8%A7%D8%B1%D8%AA-%D8%B9%D9%84%D9%88%D9%85,verified,2026-08-11
birjand-discovery-unit-technology-529f00a2f89a,birjand,آیین نامه اجرایی نشریات علمی دانشگاه بیرجند - معاونت پژوهش، فناوری و نوآوری,technology,,,,https://birjand.ac.ir/research/fa/regulation/331/%D8%A2%DB%8C%DB%8C%D9%86-%D9%86%D8%A7%D9%85%D9%87-%D8%A7%D8%AC%D8%B1%D8%A7%DB%8C%DB%8C-%D9%86%D8%B4%D8%B1%DB%8C%D8%A7%D8%AA-%D8%B9%D9%84%D9%85%DB%8C-%D8%AF%D8%A7%D9%86%D8%B4%DA%AF%D8%A7%D9%87-%D8%A8%DB%8C%D8%B1%D8%AC%D9%86%D8%AF,verified,2026-08-11
birjand-discovery-unit-technology-bf088ed0c338,birjand,آیین نامه پرداخت هزینه چاپ مقالات در مجلات معتبر علمی - پژوهشی داخل و خارج از کشور - معاونت پژوهش، فناوری و نوآوری,technology,,,,https://birjand.ac.ir/research/fa/regulation/325/%D8%A2%DB%8C%DB%8C%D9%86-%D9%86%D8%A7%D9%85%D9%87-%D9%BE%D8%B1%D8%AF%D8%A7%D8%AE%D8%AA-%D9%87%D8%B2%DB%8C%D9%86%D9%87-%DA%86%D8%A7%D9%BE-%D9%85%D9%82%D8%A7%D9%84%D8%A7%D8%AA-%D8%AF%D8%B1-%D9%85%D8%AC%D9%84%D8%A7%D8%AA-%D9%85%D8%B9%D8%AA%D8%A8%D8%B1-%D8%B9%D9%84%D9%85%DB%8C-%D9%BE%DA%98%D9%88%D9%87%D8%B4%DB%8C-%D8%AF%D8%A7%D8%AE%D9%84-%D9%88-%D8%AE%D8%A7%D8%B1%D8%AC-%D8%A7%D8%B2-%DA%A9%D8%B4%D9%88%D8%B1,verified,2026-08-11
birjand-discovery-unit-technology-1706aac789e3,birjand,شیوه نامه تدوین و نگارش کتاب انتشارات دانشگاه - معاونت پژوهش، فناوری و نوآوری,technology,,,,https://birjand.ac.ir/research/fa/regulation/324/%D8%B4%DB%8C%D9%88%D9%87-%D9%86%D8%A7%D9%85%D9%87-%D8%AA%D8%AF%D9%88%DB%8C%D9%86-%D9%88-%D9%86%DA%AF%D8%A7%D8%B1%D8%B4-%DA%A9%D8%AA%D8%A7%D8%A8-%D8%A7%D9%86%D8%AA%D8%B4%D8%A7%D8%B1%D8%A7%D8%AA-%D8%AF%D8%A7%D9%86%D8%B4%DA%AF%D8%A7%D9%87,verified,2026-08-11
birjand-discovery-unit-technology-06e2b6ac4460,birjand,آیین نامه امتیاز دهی کتاب - معاونت پژوهش، فناوری و نوآوری,technology,,,,https://birjand.ac.ir/research/fa/regulation/321/%D8%A2%DB%8C%DB%8C%D9%86-%D9%86%D8%A7%D9%85%D9%87-%D8%A7%D9%85%D8%AA%DB%8C%D8%A7%D8%B2-%D8%AF%D9%87%DB%8C-%DA%A9%D8%AA%D8%A7%D8%A8,verified,2026-08-11
birjand-discovery-unit-technology-d72e42b8d0f1,birjand,آیین نامه انتشارات دانشگاه بیرجند - معاونت پژوهش، فناوری و نوآوری,technology,,,,https://birjand.ac.ir/research/fa/regulation/320/%D8%A2%DB%8C%DB%8C%D9%86-%D9%86%D8%A7%D9%85%D9%87-%D8%A7%D9%86%D8%AA%D8%B4%D8%A7%D8%B1%D8%A7%D8%AA-%D8%AF%D8%A7%D9%86%D8%B4%DA%AF%D8%A7%D9%87-%D8%A8%DB%8C%D8%B1%D8%AC%D9%86%D8%AF,verified,2026-08-11
birjand-discovery-unit-technology-1551b86f7085,birjand,شیوه نامه تشویقی نشریات علمی داخلی نمایه شده در نمایه های بین المللی معتبر - معاونت پژوهش، فناوری و نوآوری,technology,,,,https://birjand.ac.ir/research/fa/regulation/487/%D8%B4%DB%8C%D9%88%D9%87-%D9%86%D8%A7%D9%85%D9%87-%D8%AA%D8%B4%D9%88%DB%8C%D9%82%DB%8C-%D9%86%D8%B4%D8%B1%DB%8C%D8%A7%D8%AA-%D8%B9%D9%84%D9%85%DB%8C-%D8%AF%D8%A7%D8%AE%D9%84%DB%8C-%D9%86%D9%85%D8%A7%DB%8C%D9%87-%D8%B4%D8%AF%D9%87-%D8%AF%D8%B1-%D9%86%D9%85%D8%A7%DB%8C%D9%87-%D9%87%D8%A7%DB%8C-%D8%A8%DB%8C%D9%86-%D8%A7%D9%84%D9%85%D9%84%D9%84%DB%8C-%D9%85%D8%B9%D8%AA%D8%A8%D8%B1,verified,2026-08-11
birjand-discovery-unit-technology-d74e8343713a,birjand,شیوه نامه ارزیابی و رتبه بندی نشریات علمی - معاونت پژوهش، فناوری و نوآوری,technology,,,,https://birjand.ac.ir/research/fa/regulation/486/%D8%B4%DB%8C%D9%88%D9%87-%D9%86%D8%A7%D9%85%D9%87-%D8%A7%D8%B1%D8%B2%DB%8C%D8%A7%D8%A8%DB%8C-%D9%88-%D8%B1%D8%AA%D8%A8%D9%87-%D8%A8%D9%86%D8%AF%DB%8C-%D9%86%D8%B4%D8%B1%DB%8C%D8%A7%D8%AA-%D8%B9%D9%84%D9%85%DB%8C,verified,2026-08-11
birjand-discovery-unit-technology-7329da939f75,birjand,آیین نامه تعیین هزینه پردازش مقاله در نشریات علمی دسترسی باز - معاونت پژوهش، فناوری و نوآوری,technology,,,,https://birjand.ac.ir/research/fa/regulation/485/%D8%A2%DB%8C%DB%8C%D9%86-%D9%86%D8%A7%D9%85%D9%87-%D8%AA%D8%B9%DB%8C%DB%8C%D9%86-%D9%87%D8%B2%DB%8C%D9%86%D9%87-%D9%BE%D8%B1%D8%AF%D8%A7%D8%B2%D8%B4-%D9%85%D9%82%D8%A7%D9%84%D9%87-%D8%AF%D8%B1-%D9%86%D8%B4%D8%B1%DB%8C%D8%A7%D8%AA-%D8%B9%D9%84%D9%85%DB%8C-%D8%AF%D8%B3%D8%AA%D8%B1%D8%B3%DB%8C-%D8%A8%D8%A7%D8%B2,verified,2026-08-11
birjand-discovery-unit-technology-42e8f7e14d15,birjand,فرم شماره ۲- تسویه حساب اعتبار نقدی (پژوهانه) - معاونت پژوهش، فناوری و نوآوری,technology,,,,https://birjand.ac.ir/research/fa/regulation/386/%D9%81%D8%B1%D9%85-%D8%B4%D9%85%D8%A7%D8%B1%D9%87-%DB%B2-%D8%AA%D8%B3%D9%88%DB%8C%D9%87-%D8%AD%D8%B3%D8%A7%D8%A8-%D8%A7%D8%B9%D8%AA%D8%A8%D8%A7%D8%B1-%D9%86%D9%82%D8%AF%DB%8C-%D9%BE%DA%98%D9%88%D9%87%D8%A7%D9%86%D9%87-,verified,2026-08-11
birjand-discovery-unit-technology-dcb7cc52f9f2,birjand,فرم درخواست ماموریت پژوهشی - معاونت پژوهش، فناوری و نوآوری,technology,,,,https://birjand.ac.ir/research/fa/regulation/181/%D9%81%D8%B1%D9%85-%D8%AF%D8%B1%D8%AE%D9%88%D8%A7%D8%B3%D8%AA-%D9%85%D8%A7%D9%85%D9%88%D8%B1%DB%8C%D8%AA-%D9%BE%DA%98%D9%88%D9%87%D8%B4%DB%8C,verified,2026-08-11
birjand-discovery-unit-technology-c05666746780,birjand,فرم پرسشنامه طرح خودارزیاب - معاونت پژوهش، فناوری و نوآوری,technology,,,,https://birjand.ac.ir/research/fa/regulation/176/%D9%81%D8%B1%D9%85-%D9%BE%D8%B1%D8%B3%D8%B4%D9%86%D8%A7%D9%85%D9%87-%D8%B7%D8%B1%D8%AD-%D8%AE%D9%88%D8%AF%D8%A7%D8%B1%D8%B2%DB%8C%D8%A7%D8%A8,verified,2026-08-11
birjand-discovery-unit-technology-29cb405bc23d,birjand,فرم اطلاعات پیشنهادی قبل از برگزاری همایش (کارگاه، سمینار) - معاونت پژوهش، فناوری و نوآوری,technology,,,,https://birjand.ac.ir/research/fa/regulation/434/%D9%81%D8%B1%D9%85-%D8%A7%D8%B7%D9%84%D8%A7%D8%B9%D8%A7%D8%AA-%D9%BE%DB%8C%D8%B4%D9%86%D9%87%D8%A7%D8%AF%DB%8C-%D9%82%D8%A8%D9%84-%D8%A7%D8%B2-%D8%A8%D8%B1%DA%AF%D8%B2%D8%A7%D8%B1%DB%8C-%D9%87%D9%85%D8%A7%DB%8C%D8%B4-%DA%A9%D8%A7%D8%B1%DA%AF%D8%A7%D9%87-%D8%B3%D9%85%DB%8C%D9%86%D8%A7%D8%B1-,verified,2026-08-11
birjand-discovery-unit-technology-769df7c8caa2,birjand,فرم درخواست راه اندازی دبیرخانه اینترنتی و سایت همایش - معاونت پژوهش، فناوری و نوآوری,technology,,,,https://birjand.ac.ir/research/fa/regulation/433/%D9%81%D8%B1%D9%85-%D8%AF%D8%B1%D8%AE%D9%88%D8%A7%D8%B3%D8%AA-%D8%B1%D8%A7%D9%87-%D8%A7%D9%86%D8%AF%D8%A7%D8%B2%DB%8C-%D8%AF%D8%A8%DB%8C%D8%B1%D8%AE%D8%A7%D9%86%D9%87-%D8%A7%DB%8C%D9%86%D8%AA%D8%B1%D9%86%D8%AA%DB%8C-%D9%88-%D8%B3%D8%A7%DB%8C%D8%AA-%D9%87%D9%85%D8%A7%DB%8C%D8%B4,verified,2026-08-11
birjand-discovery-unit-technology-c44f7576f865,birjand,فرم محرمانه ارزشیابی گزارش نهایی طرحهای پژوهشی - معاونت پژوهش، فناوری و نوآوری,technology,,,,https://birjand.ac.ir/research/fa/regulation/409/%D9%81%D8%B1%D9%85-%D9%85%D8%AD%D8%B1%D9%85%D8%A7%D9%86%D9%87-%D8%A7%D8%B1%D8%B2%D8%B4%DB%8C%D8%A7%D8%A8%DB%8C-%DA%AF%D8%B2%D8%A7%D8%B1%D8%B4-%D9%86%D9%87%D8%A7%DB%8C%DB%8C-%D8%B7%D8%B1%D8%AD%D9%87%D8%A7%DB%8C-%D9%BE%DA%98%D9%88%D9%87%D8%B4%DB%8C,verified,2026-08-11
birjand-discovery-unit-technology-e3f89c2b65fe,birjand,فرم محرمانه ارزشیابی پرسشنامه طرحهای پژوهشی - معاونت پژوهش، فناوری و نوآوری,technology,,,,https://birjand.ac.ir/research/fa/regulation/408/%D9%81%D8%B1%D9%85-%D9%85%D8%AD%D8%B1%D9%85%D8%A7%D9%86%D9%87-%D8%A7%D8%B1%D8%B2%D8%B4%DB%8C%D8%A7%D8%A8%DB%8C-%D9%BE%D8%B1%D8%B3%D8%B4%D9%86%D8%A7%D9%85%D9%87-%D8%B7%D8%B1%D8%AD%D9%87%D8%A7%DB%8C-%D9%BE%DA%98%D9%88%D9%87%D8%B4%DB%8C,verified,2026-08-11
birjand-discovery-unit-technology-df83fa8ee557,birjand,راهنمای تدوین و نگارش گزارش نهایی طرحهای پژوهشی - معاونت پژوهش، فناوری و نوآوری,technology,,,,https://birjand.ac.ir/research/fa/regulation/341/%D8%B1%D8%A7%D9%87%D9%86%D9%85%D8%A7%DB%8C-%D8%AA%D8%AF%D9%88%DB%8C%D9%86-%D9%88-%D9%86%DA%AF%D8%A7%D8%B1%D8%B4-%DA%AF%D8%B2%D8%A7%D8%B1%D8%B4-%D9%86%D9%87%D8%A7%DB%8C%DB%8C-%D8%B7%D8%B1%D8%AD%D9%87%D8%A7%DB%8C-%D9%BE%DA%98%D9%88%D9%87%D8%B4%DB%8C,verified,2026-08-11
birjand-discovery-unit-technology-499e61144c1c,birjand,دستورالعمل نحوه بررسی تخلفات پژوهشی - معاونت پژوهش، فناوری و نوآوری,technology,,,,https://birjand.ac.ir/research/fa/regulation/339/%D8%AF%D8%B3%D8%AA%D9%88%D8%B1%D8%A7%D9%84%D8%B9%D9%85%D9%84-%D9%86%D8%AD%D9%88%D9%87-%D8%A8%D8%B1%D8%B1%D8%B3%DB%8C-%D8%AA%D8%AE%D9%84%D9%81%D8%A7%D8%AA-%D9%BE%DA%98%D9%88%D9%87%D8%B4%DB%8C,verified,2026-08-11
birjand-discovery-unit-technology-1e589c1e71a4,birjand,دستورالعمل مرجع نویسی پروپوزال و گزارش نهایی طرح پژوهشی سبک APA - معاونت پژوهش، فناوری و نوآوری,technology,,,,https://birjand.ac.ir/research/fa/regulation/337/%D8%AF%D8%B3%D8%AA%D9%88%D8%B1%D8%A7%D9%84%D8%B9%D9%85%D9%84-%D9%85%D8%B1%D8%AC%D8%B9-%D9%86%D9%88%DB%8C%D8%B3%DB%8C-%D9%BE%D8%B1%D9%88%D9%BE%D9%88%D8%B2%D8%A7%D9%84-%D9%88-%DA%AF%D8%B2%D8%A7%D8%B1%D8%B4-%D9%86%D9%87%D8%A7%DB%8C%DB%8C-%D8%B7%D8%B1%D8%AD-%D9%BE%DA%98%D9%88%D9%87%D8%B4%DB%8C-%D8%B3%D8%A8%DA%A9-apa,verified,2026-08-11
vali-asr-rafsanjan-discovery-unit-laboratory-a35c3a2f5602,vali-asr-rafsanjan,Central Research Laboratory Unit,laboratory,,,,https://vru.ac.ir/en/central_laboratory,verified,2026-08-11
vali-asr-rafsanjan-discovery-unit-library-e414e7588ae8,vali-asr-rafsanjan,کتابخانه,library,,,,https://library.vru.ac.ir/Dl/SPortal/FAQ/137_1.aspx,verified,2026-08-11
vali-asr-rafsanjan-discovery-unit-library-ee2bd95b434e,vali-asr-rafsanjan,کتابخانه مرکزی,library,,,,https://library.vru.ac.ir/DL/SPortal/,verified,2026-08-11
vali-asr-rafsanjan-discovery-unit-library-14f5483a4824,vali-asr-rafsanjan,دانشگاه ولی عصر رفسنجان,library,,,,https://vru.ac.ir/assistant/research/unit/central_library_and_publishing_center,verified,2026-08-11
vali-asr-rafsanjan-discovery-unit-library-c1298d0a0eff,vali-asr-rafsanjan,کتابخانه دانشگاه وليعصر(عج) رفسنجان ، کتابخانه 2.0 ثنا,library,,,,https://library.vru.ac.ir/Dl/Search/default.aspx?Login=1,verified,2026-08-11
vali-asr-rafsanjan-discovery-unit-library-0fc3266251ce,vali-asr-rafsanjan,تماس با كتابخانه,library,,,,https://library.vru.ac.ir/Dl/Sportal/,verified,2026-08-11
vali-asr-rafsanjan-discovery-unit-industry-ab5059ff408e,vali-asr-rafsanjan,دانشگاه ولی عصر رفسنجان,industry,,,,https://vru.ac.ir/assistant/research/relation_with_industry,verified,2026-08-11
vali-asr-rafsanjan-discovery-unit-library-c2a831738506,vali-asr-rafsanjan,کتابخانه,library,,,,https://library.vru.ac.ir/Dl/SPortal/FAQ/137_6.aspx,verified,2026-08-11
vali-asr-rafsanjan-discovery-unit-library-d3fd8da64033,vali-asr-rafsanjan,صفحه نخست - انتشارات دانشگاه ولی عصر,library,,,,https://press.vru.ac.ir/,verified,2026-08-11
vali-asr-rafsanjan-discovery-unit-library-1c87c59cb416,vali-asr-rafsanjan,جستجو مدارک,library,,,,https://library.vru.ac.ir/DL/userSearch/default.aspx?Login=1,verified,2026-08-11
lorestan-discovery-unit-laboratory-9f039ef1fd5d,lorestan,جلسه بررسی وضعیت آزمایشگاه های دانشگاه و موضوع شاعا | اطلاعیه های معاونت پژوهش و فناوری,laboratory,,,,https://research.lu.ac.ir/%D8%A7%D8%B7%D9%84%D8%A7%D8%B9%DB%8C%D9%87-%D9%87%D8%A7%DB%8C-%D9%85%D8%B9%D8%A7%D9%88%D9%86%D8%AA-%D9%BE%DA%98%D9%88%D9%87%D8%B4-%D9%88-%D9%81%D9%86%D8%A7%D9%88%D8%B1%DB%8C/2015/01/06/%D8%AC%D9%84%D8%B3%D9%87-%D8%A8%D8%B1%D8%B1%D8%B3%DB%8C-%D9%88%D8%B6%D8%B9%DB%8C%D8%AA-%D8%A2%D8%B2%D9%85%D8%A7%DB%8C%D8%B4%DA%AF%D8%A7%D9%87-%D9%87%D8%A7%DB%8C-%D8%AF%D8%A7%D9%86%D8%B4%DA%AF%D8%A7%D9%87-%D9%88-%D9%85%D9%88%D8%B6%D9%88%D8%B9-%D8%B4%D8%A7%D8%B9%D8%A7/,verified,2026-08-11
lorestan-discovery-unit-library-46f147e1eb8c,lorestan,دانشگاه لرستان راهنمای سامانه های کتابخانه مرکزی,library,,,,https://research.lu.ac.ir/%D9%88%D8%A7%D8%AD%D8%AF%D9%87%D8%A7/%DA%A9%D8%AA%D8%A7%D8%A8%D8%AE%D8%A7%D9%86%D9%87/%D8%B1%D8%A7%D9%87%D9%86%D9%85%D8%A7%DB%8C-%D8%B3%D8%A7%D9%85%D8%A7%D9%86%D9%87-%D9%87%D8%A7%DB%8C-%DA%A9%D8%AA%D8%A7%D8%A8%D8%AE%D8%A7%D9%86%D9%87-%D9%85%D8%B1%DA%A9%D8%B2%DB%8C/,verified,2026-08-11
lorestan-discovery-unit-laboratory-a7d1241b0056,lorestan,راهنمای درخواست استفاده از خدمات آزمایشگاه مرکزی دانشگاه لرستان | اطلاعیه های معاونت پژوهش و فناوری,laboratory,,,,https://research.lu.ac.ir/%D8%A7%D8%B7%D9%84%D8%A7%D8%B9%DB%8C%D9%87-%D9%87%D8%A7%DB%8C-%D9%85%D8%B9%D8%A7%D9%88%D9%86%D8%AA-%D9%BE%DA%98%D9%88%D9%87%D8%B4-%D9%88-%D9%81%D9%86%D8%A7%D9%88%D8%B1%DB%8C/%D8%B1%D8%A7%D9%87%D9%86%D9%85%D8%A7%DB%8C-%D8%AF%D8%B1%D8%AE%D9%88%D8%A7%D8%B3%D8%AA-%D8%A7%D8%B3%D8%AA%D9%81%D8%A7%D8%AF%D9%87-%D8%A7%D8%B2-%D8%AE%D8%AF%D9%85%D8%A7%D8%AA-%D8%A2%D8%B2%D9%85%D8%A7%DB%8C%D8%B4%DA%AF%D8%A7%D9%87-%D9%85%D8%B1%DA%A9%D8%B2%DB%8C-%D8%AF%D8%A7%D9%86%D8%B4%DA%AF%D8%A7%D9%87-%D9%84%D8%B1%D8%B3%D8%AA%D8%A7%D9%86/,verified,2026-08-11
lorestan-discovery-unit-laboratory-3fa40ec3e358,lorestan,Guidelines for Requesting Use of Lorestan University Central Laboratory Services | Research and Technology Deputy Announcements,laboratory,,,,https://research.lu.ac.ir/en/research-and-technology/research-and-technology-deputy-announcements/guidelines-for-requesting-use-of-lorestan-university-central-laboratory-services/,verified,2026-08-11
lorestan-discovery-unit-laboratory-5692fdbf7854,lorestan,راهنمای درخواست استفاده از خدمات آزمایشگاه مرکزی دانشگاه لرستان | اطلاعیه های معاونت پژوهش و فناوری,laboratory,,,,https://research.lu.ac.ir/%D8%A7%D8%B7%D9%84%D8%A7%D8%B9%DB%8C%D9%87-%D9%87%D8%A7%DB%8C-%D9%85%D8%B9%D8%A7%D9%88%D9%86%D8%AA-%D9%BE%DA%98%D9%88%D9%87%D8%B4-%D9%88-%D9%81%D9%86%D8%A7%D9%88%D8%B1%DB%8C/2022/01/03/%D8%B1%D8%A7%D9%87%D9%86%D9%85%D8%A7%DB%8C-%D8%AF%D8%B1%D8%AE%D9%88%D8%A7%D8%B3%D8%AA-%D8%A7%D8%B3%D8%AA%D9%81%D8%A7%D8%AF%D9%87-%D8%A7%D8%B2-%D8%AE%D8%AF%D9%85%D8%A7%D8%AA-%D8%A2%D8%B2%D9%85%D8%A7%DB%8C%D8%B4%DA%AF%D8%A7%D9%87-%D9%85%D8%B1%DA%A9%D8%B2%DB%8C-%D8%AF%D8%A7%D9%86%D8%B4%DA%AF%D8%A7%D9%87-%D9%84%D8%B1%D8%B3%D8%AA%D8%A7%D9%86/,verified,2026-08-11
lorestan-discovery-unit-library-94be6d3f5f19,lorestan,دانشگاه لرستان آئین نامه و فرم های مجلات علمی,library,,,,https://research.lu.ac.ir/%D9%88%D8%A7%D8%AD%D8%AF%D9%87%D8%A7/%D8%A7%D9%86%D8%AA%D8%B4%D8%A7%D8%B1%D8%A7%D8%AA-%D9%85%D8%B1%DA%A9%D8%B2%DB%8C/%D8%A2%D8%A6%DB%8C%D9%86-%D9%86%D8%A7%D9%85%D9%87-%D9%88-%D9%81%D8%B1%D9%85-%D9%87%D8%A7%DB%8C-%D9%85%D8%AC%D9%84%D8%A7%D8%AA-%D8%B9%D9%84%D9%85%DB%8C/,verified,2026-08-11
lorestan-discovery-unit-library-9e338d68159f,lorestan,Lorestan University Regulations and Forms of Scientific Journals,library,,,,https://research.lu.ac.ir/en/research-and-technology/units/central-publications/regulations-and-forms-of-scientific-journals-1/,verified,2026-08-11
lorestan-discovery-unit-laboratory-c1f356dd696c,lorestan,راهنمای درخواست از سامانه گلستان برای استفاده از آزمایشگاه محاسبات سنگین | اطلاعیه های معاونت پژوهش و فناوری,laboratory,,,,https://research.lu.ac.ir/%D8%A7%D8%B7%D9%84%D8%A7%D8%B9%DB%8C%D9%87-%D9%87%D8%A7%DB%8C-%D9%85%D8%B9%D8%A7%D9%88%D9%86%D8%AA-%D9%BE%DA%98%D9%88%D9%87%D8%B4-%D9%88-%D9%81%D9%86%D8%A7%D9%88%D8%B1%DB%8C/%D8%B1%D8%A7%D9%87%D9%86%D9%85%D8%A7%DB%8C-%D8%AF%D8%B1%D8%AE%D9%88%D8%A7%D8%B3%D8%AA-%D8%A7%D8%B2-%D8%B3%D8%A7%D9%85%D8%A7%D9%86%D9%87-%DA%AF%D9%84%D8%B3%D8%AA%D8%A7%D9%86-%D8%A8%D8%B1%D8%A7%DB%8C-%D8%A7%D8%B3%D8%AA%D9%81%D8%A7%D8%AF%D9%87-%D8%A7%D8%B2-%D8%A2%D8%B2%D9%85%D8%A7%DB%8C%D8%B4%DA%AF%D8%A7%D9%87-%D9%85%D8%AD%D8%A7%D8%B3%D8%A8%D8%A7%D8%AA-%D8%B3%D9%86%DA%AF%DB%8C%D9%86/,verified,2026-08-11
lorestan-discovery-unit-laboratory-e3419ded10c1,lorestan,راهنمای درخواست از سامانه گلستان برای استفاده از آزمایشگاه محاسبات سنگین | اطلاعیه های معاونت پژوهش و فناوری,laboratory,,,,https://research.lu.ac.ir/%D8%A7%D8%B7%D9%84%D8%A7%D8%B9%DB%8C%D9%87-%D9%87%D8%A7%DB%8C-%D9%85%D8%B9%D8%A7%D9%88%D9%86%D8%AA-%D9%BE%DA%98%D9%88%D9%87%D8%B4-%D9%88-%D9%81%D9%86%D8%A7%D9%88%D8%B1%DB%8C/2022/06/14/%D8%B1%D8%A7%D9%87%D9%86%D9%85%D8%A7%DB%8C-%D8%AF%D8%B1%D8%AE%D9%88%D8%A7%D8%B3%D8%AA-%D8%A7%D8%B2-%D8%B3%D8%A7%D9%85%D8%A7%D9%86%D9%87-%DA%AF%D9%84%D8%B3%D8%AA%D8%A7%D9%86-%D8%A8%D8%B1%D8%A7%DB%8C-%D8%A7%D8%B3%D8%AA%D9%81%D8%A7%D8%AF%D9%87-%D8%A7%D8%B2-%D8%A2%D8%B2%D9%85%D8%A7%DB%8C%D8%B4%DA%AF%D8%A7%D9%87-%D9%85%D8%AD%D8%A7%D8%B3%D8%A8%D8%A7%D8%AA-%D8%B3%D9%86%DA%AF%DB%8C%D9%86/,verified,2026-08-11
lorestan-discovery-unit-library-0c4bffedcd43,lorestan,دانشگاه لرستان آئین نامه و فرم های مجلات علمی,library,,,,https://research.lu.ac.ir/%D8%B3%D8%A7%D8%AE%D8%AA%D8%A7%D8%B1-%D8%B3%D8%A7%D8%B2%D9%85%D8%A7%D9%86%DB%8C/%D9%81%D8%B1%D9%85-%D9%87%D8%A7-%D9%88-%D8%A2%D8%A6%DB%8C%D9%86-%D9%86%D8%A7%D9%85%D9%87-%D9%87%D8%A7/%D8%A2%D8%A6%DB%8C%D9%86-%D9%86%D8%A7%D9%85%D9%87-%D9%88-%D9%81%D8%B1%D9%85-%D9%87%D8%A7%DB%8C-%D9%85%D8%AC%D9%84%D8%A7%D8%AA-%D8%B9%D9%84%D9%85%DB%8C/,verified,2026-08-11
lorestan-discovery-unit-research-9c94c3988fb4,lorestan,دانشگاه لرستان معرفی معاونت پژوهش و فناوری,research,,,,https://research.lu.ac.ir/%D9%85%D8%B9%D8%A7%D9%88%D9%86%D8%AA/%D9%85%D8%B9%D8%B1%D9%81%DB%8C-%D9%85%D8%B9%D8%A7%D9%88%D9%86%D8%AA-%D9%BE%DA%98%D9%88%D9%87%D8%B4-%D9%88-%D9%81%D9%86%D8%A7%D9%88%D8%B1%DB%8C/,verified,2026-08-11
lorestan-discovery-unit-library-b0588dcde262,lorestan,Lorestan University Regulations and Forms of Scientific Journals,library,,,,https://research.lu.ac.ir/en/research-and-technology/organizational-structure/forms-and-regulations/regulations-and-forms-of-scientific-journals/,verified,2026-08-11
damghan-discovery-unit-library-67e51210f2c8,damghan,فرم‌ها و آیین‌نامه‌های کتابخانه مرکزی - معاونت پژوهشی,library,,,,https://research.du.ac.ir/fa/page/484/%D9%81%D8%B1%D9%85-%D9%87%D8%A7-%D9%88-%D8%A2%DB%8C%DB%8C%D9%86-%D9%86%D8%A7%D9%85%D9%87-%D9%87%D8%A7%DB%8C-%DA%A9%D8%AA%D8%A7%D8%A8%D8%AE%D8%A7%D9%86%D9%87-%D9%85%D8%B1%DA%A9%D8%B2%DB%8C,verified,2026-08-11
damghan-discovery-unit-library-fbd9b609bae0,damghan,کتابخانه مرکزی - معاونت پژوهشی,library,,,,https://research.du.ac.ir/fa/page/486/%DA%A9%D8%AA%D8%A7%D8%A8%D8%AE%D8%A7%D9%86%D9%87-%D9%85%D8%B1%DA%A9%D8%B2%DB%8C,verified,2026-08-11
damghan-discovery-unit-library-da6219e5daba,damghan,معرفی مدیر و کارشناسان کتابخانه مرکزی - معاونت پژوهشی,library,,,,https://research.du.ac.ir/fa/page/485/%D9%85%D8%B9%D8%B1%D9%81%DB%8C-%D9%85%D8%AF%DB%8C%D8%B1-%D9%88-%DA%A9%D8%A7%D8%B1%D8%B4%D9%86%D8%A7%D8%B3%D8%A7%D9%86-%DA%A9%D8%AA%D8%A7%D8%A8%D8%AE%D8%A7%D9%86%D9%87-%D9%85%D8%B1%DA%A9%D8%B2%DB%8C,verified,2026-08-11
damghan-discovery-unit-industry-2ea9017a3d95,damghan,دفتر ارتباط با جامعه و صنعت,industry,,,,https://industry.du.ac.ir/fa,verified,2026-08-11
damghan-discovery-unit-library-94d4c54bc780,damghan,موسسه انتشارات دانشگاه دامغان - معاونت پژوهشی,library,,,,https://research.du.ac.ir/fa/page/480/%D9%85%D9%88%D8%B3%D8%B3%D9%87-%D8%A7%D9%86%D8%AA%D8%B4%D8%A7%D8%B1%D8%A7%D8%AA-%D8%AF%D8%A7%D9%86%D8%B4%DA%AF%D8%A7%D9%87-%D8%AF%D8%A7%D9%85%D8%BA%D8%A7%D9%86,verified,2026-08-11
damghan-discovery-unit-library-71bfe3b159bd,damghan,آیین نامه انتشارات دانشگاه دامغان - معاونت پژوهشی,library,,,,https://research.du.ac.ir/fa/page/481/%D8%A2%DB%8C%DB%8C%D9%86-%D9%86%D8%A7%D9%85%D9%87-%D8%A7%D9%86%D8%AA%D8%B4%D8%A7%D8%B1%D8%A7%D8%AA-%D8%AF%D8%A7%D9%86%D8%B4%DA%AF%D8%A7%D9%87-%D8%AF%D8%A7%D9%85%D8%BA%D8%A7%D9%86,verified,2026-08-11
damghan-discovery-unit-library-04e792639dce,damghan,سامانه مدیریت نشریات علمی دانشگاه دامغان,library,,,,https://journals.du.ac.ir/,verified,2026-08-11
damghan-discovery-unit-industry-23b81d0f3725,damghan,فرم‌ها,industry,,,,https://industry.du.ac.ir/fa/content/91/%D9%81%D8%B1%D9%85-%D9%87%D8%A7,verified,2026-08-11
damghan-discovery-unit-research-97e7f2535a66,damghan,مدیریت پژوهشی - معاونت پژوهشی,research,,,,https://research.du.ac.ir/fa/page/260/%D9%85%D8%AF%DB%8C%D8%B1%DB%8C%D8%AA-%D9%BE%DA%98%D9%88%D9%87%D8%B4%DB%8C,verified,2026-08-11
bonab-discovery-unit-laboratory-58e9ed5bcecb,bonab,کمیته تجهیز آزمایشگاه‌ها - معاونت پژوهش و فناوری دانشگاه بناب,laboratory,,,,https://research.ubonab.ac.ir/Labs-equipping-committee.html,verified,2026-08-11
bonab-discovery-unit-library-31ebde70e38c,bonab,مرکز اطلاع رسانی و کتابخانه مرکزی - معاونت پژوهش و فناوری دانشگاه بناب,library,,,,https://research.ubonab.ac.ir/Library.html,verified,2026-08-11
bonab-discovery-unit-library-aeb2cc419aa8,bonab,ثبت‌نام در کارگاه‌های آموزشی کتابخانه مرکزی دانشگاه بناب - دانشگاه بناب,library,,,,https://www.ubonab.ac.ir/Page/140/%D8%AB%D8%A8%D8%AA%E2%80%8C%D9%86%D8%A7%D9%85-%D8%AF%D8%B1-%DA%A9%D8%A7%D8%B1%DA%AF%D8%A7%D9%87%E2%80%8C%D9%87%D8%A7%DB%8C-%D8%A2%D9%85%D9%88%D8%B2%D8%B4%DB%8C-%DA%A9%D8%AA%D8%A7%D8%A8%D8%AE%D8%A7%D9%86%D9%87-%D9%85%D8%B1%DA%A9%D8%B2%DB%8C-%D8%AF%D8%A7%D9%86%D8%B4%DA%AF%D8%A7%D9%87-%D8%A8%D9%86%D8%A7%D8%A8.html,verified,2026-08-11
bonab-discovery-unit-research-174acfa49a8f,bonab,مدیریت پژوهشی - معاونت پژوهش و فناوری دانشگاه بناب,research,,,,https://research.ubonab.ac.ir/research-affairs.html,verified,2026-08-11
golestan-discovery-unit-technology-401eb80a254c,golestan,معرفی مرکز رشد مشترک واحد های فناور دانشگاه گلستان و پارک علم و فناوری گلستان,technology,,,,https://gu.ac.ir/incubator/ContextPage?id=5076,verified,2026-08-11
golestan-discovery-unit-technology-32aae414ab4a,golestan,اعضای شورای مرکز رشد,technology,,,,https://gu.ac.ir/incubator/ContextPage?id=5078,verified,2026-08-11
golestan-discovery-unit-technology-4407714111d5,golestan,فرم های مرکز رشد,technology,,,,https://gu.ac.ir/incubator/ContextPage?id=6071,verified,2026-08-11
golestan-discovery-unit-technology-386e0b13f3c1,golestan,آیین نامه های مرکز رشد,technology,,,,https://gu.ac.ir/incubator/ContextPage?id=6070,verified,2026-08-11
golestan-discovery-unit-research-236b4594c045,golestan,معرفی معاون,research,,,,https://gu.ac.ir/research/ContextPage?id=9701,verified,2026-08-11
ardakan-discovery-unit-industry-7aa36a0e3752,ardakan,بازدید از مجتمع معدنی چادرملو با همکاری دفتر ارتباط با صنعت و جامعه - گروه کارآفرینی و ارتباط با صنعت,industry,,,,https://entrepreneurship.ardakan.ac.ir/fa/w/%D8%A8%D8%A7%D8%B2%D8%AF%DB%8C%D8%AF-%D8%A7%D8%B2-%D9%85%D8%AC%D8%AA%D9%85%D8%B9-%D9%85%D8%B9%D8%AF%D9%86%DB%8C-%DA%86%D8%A7%D8%AF%D8%B1%D9%85%D9%84%D9%88-%D8%A8%D8%A7-%D9%87%D9%85%DA%A9%D8%A7%D8%B1%DB%8C-%D8%AF%D9%81%D8%AA%D8%B1-%D8%A7%D8%B1%D8%AA%D8%A8?redirect=%2F,verified,2026-08-11
ardakan-discovery-unit-industry-18cc1e6d4436,ardakan,خانه - گروه کارآفرینی و ارتباط با صنعت,industry,,,,https://entrepreneurship.ardakan.ac.ir/,verified,2026-08-11
ardakan-discovery-unit-industry-1e72e32a7055,ardakan,خانه - گروه کارآفرینی و ارتباط با صنعت,industry,,,,https://entrepreneurship.ardakan.ac.ir/fa/%D8%B5%D9%81%D8%AD%D9%87-%D8%A7%D8%B5%D9%84%DB%8C,verified,2026-08-11
ardakan-discovery-unit-industry-c1edfe80efe8,ardakan,طرح ملی ترویج کارآفرینی - گروه کارآفرینی و ارتباط با صنعت,industry,,,,https://entrepreneurship.ardakan.ac.ir/fa/w/%D8%B7%D8%B1%D8%AD-%D9%85%D9%84%DB%8C-%D8%AA%D8%B1%D9%88%DB%8C%D8%AC-%DA%A9%D8%A7%D8%B1%D8%A2%D9%81%D8%B1%DB%8C%D9%86%DB%8C?redirect=%2F,verified,2026-08-11
ardakan-discovery-unit-industry-18a162a5da72,ardakan,قدردانی معاون پژوهش و فناوری وزارت علوم از دانشگاه‌ها و مراکز علمی در فعالیت‌های ارتباط با جامعه و صنعت - گروه کارآفرینی و ارتباط با صنعت,industry,,,,https://entrepreneurship.ardakan.ac.ir/fa/w/-0-1?redirect=%2F,verified,2026-08-11
ardakan-discovery-unit-industry-fc8904682d5d,ardakan,قدردانی معاون پژوهش و فناوری وزارت علوم از دانشگاه‌ها و مراکز علمی در فعالیت‌های ارتباط با جامعه و صنعت - گروه کارآفرینی و ارتباط با صنعت,industry,,,,https://entrepreneurship.ardakan.ac.ir/w/-0-1?redirect=%2F,verified,2026-08-11
ardakan-discovery-unit-industry-cb6c179162dd,ardakan,فرم‌های کارآموزی - گروه کارآفرینی و ارتباط با صنعت,industry,,,,https://entrepreneurship.ardakan.ac.ir/%D9%81%D8%B1%D9%85%E2%80%8C%D9%87%D8%A7%DB%8C-%DA%A9%D8%A7%D8%B1%D8%A2%D9%85%D9%88%D8%B2%DB%8C,verified,2026-08-11
ardakan-discovery-unit-industry-ae4822d19d01,ardakan,بخشنامه‌ها و فرم‌ها - گروه کارآفرینی و ارتباط با صنعت,industry,,,,https://entrepreneurship.ardakan.ac.ir/%D8%A8%D8%AE%D8%B4%D9%86%D8%A7%D9%85%D9%87-%D9%87%D8%A7-%D9%88-%D9%81%D8%B1%D9%85-%D9%87%D8%A7,verified,2026-08-11
ardakan-discovery-unit-industry-bfdf2d32d8e9,ardakan,فرم‌های کارآموزی - گروه کارآفرینی و ارتباط با صنعت,industry,,,,https://entrepreneurship.ardakan.ac.ir/fa/%D9%81%D8%B1%D9%85%E2%80%8C%D9%87%D8%A7%DB%8C-%DA%A9%D8%A7%D8%B1%D8%A2%D9%85%D9%88%D8%B2%DB%8C,verified,2026-08-11
ardakan-discovery-unit-industry-b879ed542113,ardakan,بخشنامه‌ها و فرم‌ها - گروه کارآفرینی و ارتباط با صنعت,industry,,,,https://entrepreneurship.ardakan.ac.ir/fa/%D8%A8%D8%AE%D8%B4%D9%86%D8%A7%D9%85%D9%87-%D9%87%D8%A7-%D9%88-%D9%81%D8%B1%D9%85-%D9%87%D8%A7,verified,2026-08-11
ardakan-discovery-unit-industry-f5611ebd78ec,ardakan,معرفی - گروه کارآفرینی و ارتباط با صنعت,industry,,,,https://entrepreneurship.ardakan.ac.ir/fa/%D9%85%D8%B9%D8%B1%D9%81%DB%8C,verified,2026-08-11
ardakan-discovery-unit-industry-715fe7753e58,ardakan,اهداف - گروه کارآفرینی و ارتباط با صنعت,industry,,,,https://entrepreneurship.ardakan.ac.ir/fa/%D8%A7%D9%87%D8%AF%D8%A7%D9%81,verified,2026-08-11
ardakan-discovery-unit-industry-5a56ebcda86d,ardakan,کارکنان - گروه کارآفرینی و ارتباط با صنعت,industry,,,,https://entrepreneurship.ardakan.ac.ir/fa/%DA%A9%D8%A7%D8%B1%DA%A9%D9%86%D8%A7%D9%86,verified,2026-08-11
ardakan-discovery-unit-library-8547d2014fed,ardakan,كتابخانه دانشگاه اردكان,library,,,,https://lib.ardakan.ac.ir/DL/SPortal/,verified,2026-08-11
ardakan-discovery-unit-research-f300c389b23d,ardakan,چارت سازمانی - دانشگاه اردکان,research,,,,https://ardakan.ac.ir/%DA%86%D8%A7%D8%B1%D8%AA-%D8%B3%D8%A7%D8%B2%D9%85%D8%A7%D9%86%DB%8C,verified,2026-08-11
ayatollah-borujerdi-discovery-unit-library-e191712fa6a3,ayatollah-borujerdi,کتابخانه مرکزی و مرکز اسناد - دانشگاه آیت الله بروجردی,library,,,,https://abru.ac.ir/%da%a9%d8%aa%d8%a7%d8%a8%d8%ae%d8%a7%d9%86%d9%87-%d9%85%d8%b1%da%a9%d8%b2%db%8c-%d9%88-%d9%85%d8%b1%da%a9%d8%b2-%d8%a7%d8%b3%d9%86%d8%a7%d8%af/,verified,2026-08-11
ayatollah-borujerdi-discovery-unit-laboratory-3b686e2d7b09,ayatollah-borujerdi,آزمایشگاه مرکزی - دانشگاه آیت الله بروجردی,laboratory,,,,https://abru.ac.ir/laboratory/,verified,2026-08-11
ayatollah-borujerdi-discovery-unit-industry-676cb4244326,ayatollah-borujerdi,ارتباط با صنعت - دانشگاه آیت الله بروجردی,industry,,,,https://abru.ac.ir/industry/,verified,2026-08-11
ayatollah-borujerdi-discovery-unit-library-2c39b1aba7d9,ayatollah-borujerdi,انتشارات دانشگاه - دانشگاه آیت الله بروجردی,library,,,,https://abru.ac.ir/publication/,verified,2026-08-11
ayatollah-borujerdi-discovery-unit-technology-303201eb0b13,ayatollah-borujerdi,مرکز نوآوری و شکوفایی - دانشگاه آیت الله بروجردی,technology,,,,https://abru.ac.ir/%d9%85%d8%b1%da%a9%d8%b2-%d9%86%d9%88%d8%a2%d9%88%d8%b1%db%8c-%d9%88-%d8%b4%da%a9%d9%88%d9%81%d8%a7%db%8c%db%8c/,verified,2026-08-11
ayatollah-borujerdi-discovery-unit-technology-ad66d615b739,ayatollah-borujerdi,از ایده تا محصول؛ آغاز مسیر کارآفرینی در مرکز رشد شهرستان بروجرد - دانشگاه آیت الله بروجردی,technology,,,,https://abru.ac.ir/event/%d8%a7%d8%b2-%d8%a7%db%8c%d8%af%d9%87-%d8%aa%d8%a7-%d9%85%d8%ad%d8%b5%d9%88%d9%84%d8%9b-%d8%a2%d8%ba%d8%a7%d8%b2-%d9%85%d8%b3%db%8c%d8%b1-%da%a9%d8%a7%d8%b1%d8%a2%d9%81%d8%b1%db%8c%d9%86%db%8c-%d8%af/,verified,2026-08-11
ayatollah-borujerdi-discovery-unit-laboratory-f6c313df5d8a,ayatollah-borujerdi,آزمایشگاه فیزیک 1 - دانشگاه آیت الله بروجردی,laboratory,,,,https://abru.ac.ir/book/%d8%a2%d8%b2%d9%85%d8%a7%db%8c%d8%b4%da%af%d8%a7%d9%87-%d9%81%db%8c%d8%b2%db%8c%da%a9-1/,verified,2026-08-11
bojnord-discovery-unit-library-57eeda0fdfd0,bojnord,گزارش عملکرد یکساله کتابخانه مرکزی و مرکز اسناد دانشگاه بجنورد - کتابخانه مرکزی و مرکز اسناد,library,,,,https://lib.ub.ac.ir/home/-/asset_publisher/ryto/content/%25DA%25AF%25D8%25B2%25D8%25A7%25D8%25B1%25D8%25B4-%25D8%25B9%25D9%2585%25D9%2584%25DA%25A9%25D8%25B1%25D8%25AF-%25DB%258C%25DA%25A9%25D8%25B3%25D8%25A7%25D9%2584%25D9%2587-%25DA%25A9%25D8%25AA%25D8%25A7%25D8%25A8%25D8%25AE%25D8%25A7%25D9%2586%25D9%2587-%25D9%2585%25D8%25B1%25DA%25A9%25D8%25B2%25DB%258C-%25D9%2588-%25D9%2585%25D8%25B1%25DA%25A9%25D8%25B2-%25D8%25A7%25D8%25B3%25D9%2586%25D8%25A7%25D8%25AF-%25D8%25AF?_com_liferay_asset_publisher_web_portlet_AssetPublisherPortlet_INSTANCE_ryto_assetEntryId=8559525&_com_liferay_asset_publisher_web_portlet_AssetPublisherPortlet_INSTANCE_ryto_redirect=https%3A%2F%2Flib.ub.ac.ir%2Fhome%3Fp_p_id%3Dcom_liferay_asset_publisher_web_portlet_AssetPublisherPortlet_INSTANCE_ryto%26p_p_lifecycle%3D0%26p_p_state%3Dnormal%26p_p_mode%3Dview%26_com_liferay_asset_publisher_web_portlet_AssetPublisherPortlet_INSTANCE_ryto_cur%3D0%26p_r_p_resetCur%3Dfalse%26_com_liferay_asset_publisher_web_portlet_AssetPublisherPortlet_INSTANCE_ryto_assetEntryId%3D8559525,verified,2026-08-11
bojnord-discovery-unit-library-8bd5755af0e6,bojnord,صفحه اصلی - کتابخانه مرکزی و مرکز اسناد,library,,,,https://lib.ub.ac.ir/,verified,2026-08-11
bojnord-discovery-unit-library-2d5517122a63,bojnord,بازدید سرپرست دانشگاه و تیم همراه از کتابخانه مرکزی به مناسبت روز کتابدار - کتابخانه مرکزی و مرکز اسناد,library,,,,https://lib.ub.ac.ir/home/-/asset_publisher/ryto/content/%25D8%25A8%25D8%25A7%25D8%25B2%25D8%25AF%25DB%258C%25D8%25AF-%25D8%25B3%25D8%25B1%25D9%25BE%25D8%25B1%25D8%25B3%25D8%25AA-%25D8%25AF%25D8%25A7%25D9%2586%25D8%25B4%25DA%25AF%25D8%25A7%25D9%2587-%25D9%2588-%25D8%25AA%25DB%258C%25D9%2585-%25D9%2587%25D9%2585%25D8%25B1%25D8%25A7%25D9%2587-%25D8%25A7%25D8%25B2-%25DA%25A9%25D8%25AA%25D8%25A7%25D8%25A8%25D8%25AE%25D8%25A7%25D9%2586%25D9%2587-%25D9%2585%25D8%25B1%25DA%25A9?_com_liferay_asset_publisher_web_portlet_AssetPublisherPortlet_INSTANCE_ryto_assetEntryId=4821003&_com_liferay_asset_publisher_web_portlet_AssetPublisherPortlet_INSTANCE_ryto_redirect=https%3A%2F%2Flib.ub.ac.ir%2Fhome%3Fp_p_id%3Dcom_liferay_asset_publisher_web_portlet_AssetPublisherPortlet_INSTANCE_ryto%26p_p_lifecycle%3D0%26p_p_state%3Dnormal%26p_p_mode%3Dview%26_com_liferay_asset_publisher_web_portlet_AssetPublisherPortlet_INSTANCE_ryto_cur%3D0%26p_r_p_resetCur%3Dfalse%26_com_liferay_asset_publisher_web_portlet_AssetPublisherPortlet_INSTANCE_ryto_assetEntryId%3D4821003,verified,2026-08-11
bojnord-discovery-unit-library-3c1ab7d21495,bojnord,تقدیر از تلاش و خدمات شایسته رئیس کتابخانه در راستای تقویت فهرستگان منابع کتابخانه های دانشگاهی - کتابخانه مرکزی و مرکز اسناد,library,,,,https://lib.ub.ac.ir/home/-/asset_publisher/ryto/content/%25D8%25AA%25D9%2582%25D8%25AF%25DB%258C%25D8%25B1-%25D8%25A7%25D8%25B2-%25D8%25AA%25D9%2584%25D8%25A7%25D8%25B4-%25D9%2588-%25D8%25AE%25D8%25AF%25D9%2585%25D8%25A7%25D8%25AA-%25D8%25B4%25D8%25A7%25DB%258C%25D8%25B3%25D8%25AA%25D9%2587-%25D8%25B1%25D8%25A6%25DB%258C%25D8%25B3-%25DA%25A9%25D8%25AA%25D8%25A7%25D8%25A8%25D8%25AE%25D8%25A7%25D9%2586%25D9%2587-%25D8%25AF%25D8%25B1-%25D8%25B1%25D8%25A7%25D8%25B3%25D8%25AA?_com_liferay_asset_publisher_web_portlet_AssetPublisherPortlet_INSTANCE_ryto_assetEntryId=4399214&_com_liferay_asset_publisher_web_portlet_AssetPublisherPortlet_INSTANCE_ryto_redirect=https%3A%2F%2Flib.ub.ac.ir%2Fhome%3Fp_p_id%3Dcom_liferay_asset_publisher_web_portlet_AssetPublisherPortlet_INSTANCE_ryto%26p_p_lifecycle%3D0%26p_p_state%3Dnormal%26p_p_mode%3Dview%26_com_liferay_asset_publisher_web_portlet_AssetPublisherPortlet_INSTANCE_ryto_cur%3D0%26p_r_p_resetCur%3Dfalse%26_com_liferay_asset_publisher_web_portlet_AssetPublisherPortlet_INSTANCE_ryto_assetEntryId%3D4399214,verified,2026-08-11
bojnord-discovery-unit-library-bca000840bee,bojnord,برگزاری مراسم تودیع و معارفه رئیس کتاب‌خانۀ مرکزی و مرکز اسناد دانشگاه بجنورد - کتابخانه مرکزی و مرکز اسناد,library,,,,https://lib.ub.ac.ir/home/-/asset_publisher/ryto/content/%25D8%25A8%25D8%25B1%25DA%25AF%25D8%25B2%25D8%25A7%25D8%25B1%25DB%258C-%25D9%2585%25D8%25B1%25D8%25A7%25D8%25B3%25D9%2585-%25D8%25AA%25D9%2588%25D8%25AF%25DB%258C%25D8%25B9-%25D9%2588-%25D9%2585%25D8%25B9%25D8%25A7%25D8%25B1%25D9%2581%25D9%2587-%25D8%25B1%25D8%25A6%25DB%258C%25D8%25B3-%25DA%25A9%25D8%25AA%25D8%25A7%25D8%25A8%25E2%2580%258C%25D8%25AE%25D8%25A7%25D9%2586%25DB%2580-%25D9%2585%25D8%25B1%25DA%25A9?_com_liferay_asset_publisher_web_portlet_AssetPublisherPortlet_INSTANCE_ryto_assetEntryId=9573239&_com_liferay_asset_publisher_web_portlet_AssetPublisherPortlet_INSTANCE_ryto_redirect=https%3A%2F%2Flib.ub.ac.ir%2Fhome%3Fp_p_id%3Dcom_liferay_asset_publisher_web_portlet_AssetPublisherPortlet_INSTANCE_ryto%26p_p_lifecycle%3D0%26p_p_state%3Dnormal%26p_p_mode%3Dview%26_com_liferay_asset_publisher_web_portlet_AssetPublisherPortlet_INSTANCE_ryto_cur%3D0%26p_r_p_resetCur%3Dfalse%26_com_liferay_asset_publisher_web_portlet_AssetPublisherPortlet_INSTANCE_ryto_assetEntryId%3D9573239,verified,2026-08-11
bojnord-discovery-unit-library-04cfcbdc6a41,bojnord,دستورالعمل وجین منابع کتابخانه - کتابخانه مرکزی و مرکز اسناد,library,,,,https://lib.ub.ac.ir/home/-/asset_publisher/ryto/content/%25D8%25AF%25D8%25B3%25D8%25AA%25D9%2588%25D8%25B1%25D8%25A7%25D9%2584%25D8%25B9%25D9%2585%25D9%2584-%25D9%2588%25D8%25AC%25DB%258C%25D9%2586-%25D9%2585%25D9%2586%25D8%25A7%25D8%25A8%25D8%25B9-%25DA%25A9%25D8%25AA%25D8%25A7%25D8%25A8%25D8%25AE%25D8%25A7%25D9%2586%25D9%2587?_com_liferay_asset_publisher_web_portlet_AssetPublisherPortlet_INSTANCE_ryto_assetEntryId=8153742&_com_liferay_asset_publisher_web_portlet_AssetPublisherPortlet_INSTANCE_ryto_redirect=https%3A%2F%2Flib.ub.ac.ir%2Fhome%3Fp_p_id%3Dcom_liferay_asset_publisher_web_portlet_AssetPublisherPortlet_INSTANCE_ryto%26p_p_lifecycle%3D0%26p_p_state%3Dnormal%26p_p_mode%3Dview%26_com_liferay_asset_publisher_web_portlet_AssetPublisherPortlet_INSTANCE_ryto_cur%3D0%26p_r_p_resetCur%3Dfalse%26_com_liferay_asset_publisher_web_portlet_AssetPublisherPortlet_INSTANCE_ryto_assetEntryId%3D8153742,verified,2026-08-11
bojnord-discovery-unit-library-7f6cffe6a779,bojnord,پایان نامه و رساله تحصیلات تکمیلی - کتابخانه مرکزی و مرکز اسناد,library,,,,https://lib.ub.ac.ir/fa/w/%D9%BE%D8%A7%DB%8C%D8%A7%D9%86-%D9%86%D8%A7%D9%85%D9%87-%D9%88-%D8%B1%D8%B3%D8%A7%D9%84%D9%87-%D8%AA%D8%AD%D8%B5%DB%8C%D9%84%D8%A7%D8%AA-%D8%AA%DA%A9%D9%85%DB%8C%D9%84%DB%8C?redirect=%2Fhome%2F-%2Fasset_publisher%2Fryto%2Fcontent%2F%2525DA%2525AF%2525D8%2525B2%2525D8%2525A7%2525D8%2525B1%2525D8%2525B4-%2525D8%2525B9%2525D9%252585%2525D9%252584%2525DA%2525A9%2525D8%2525B1%2525D8%2525AF-%2525DB%25258C%2525DA%2525A9%2525D8%2525B3%2525D8%2525A7%2525D9%252584%2525D9%252587-%2525DA%2525A9%2525D8%2525AA%2525D8%2525A7%2525D8%2525A8%2525D8%2525AE%2525D8%2525A7%2525D9%252586%2525D9%252587-%2525D9%252585%2525D8%2525B1%2525DA%2525A9%2525D8%2525B2%2525DB%25258C-%2525D9%252588-%2525D9%252585%2525D8%2525B1%2525DA%2525A9%2525D8%2525B2-%2525D8%2525A7%2525D8%2525B3%2525D9%252586%2525D8%2525A7%2525D8%2525AF-%2525D8%2525AF%3F_com_liferay_asset_publisher_web_portlet_AssetPublisherPortlet_INSTANCE_ryto_assetEntryId%3D8559525%26_com_liferay_asset_publisher_web_portlet_AssetPublisherPortlet_INSTANCE_ryto_redirect%3Dhttps%253A%252F%252Flib.ub.ac.ir%252Fhome%253Fp_p_id%253Dcom_liferay_asset_publisher_web_portlet_AssetPublisherPortlet_INSTANCE_ryto%2526p_p_lifecycle%253D0%2526p_p_state%253Dnormal%2526p_p_mode%253Dview%2526_com_liferay_asset_publisher_web_portlet_AssetPublisherPortlet_INSTANCE_ryto_cur%253D0%2526p_r_p_resetCur%253Dfalse%2526_com_liferay_asset_publisher_web_portlet_AssetPublisherPortlet_INSTANCE_ryto_assetEntryId%253D8559525,verified,2026-08-11
bojnord-discovery-unit-library-2f2b0b7ffdc5,bojnord,پایان نامه و رساله تحصیلات تکمیلی - کتابخانه مرکزی و مرکز اسناد,library,,,,https://lib.ub.ac.ir/fa/w/%D9%BE%D8%A7%DB%8C%D8%A7%D9%86-%D9%86%D8%A7%D9%85%D9%87-%D9%88-%D8%B1%D8%B3%D8%A7%D9%84%D9%87-%D8%AA%D8%AD%D8%B5%DB%8C%D9%84%D8%A7%D8%AA-%D8%AA%DA%A9%D9%85%DB%8C%D9%84%DB%8C?redirect=%2Fhome%2F-%2Fasset_publisher%2Fryto%2Fcontent%2F%2525D8%2525A8%2525D8%2525B1%2525DA%2525AF%2525D8%2525B2%2525D8%2525A7%2525D8%2525B1%2525DB%25258C-%2525D9%252585%2525D8%2525B1%2525D8%2525A7%2525D8%2525B3%2525D9%252585-%2525D8%2525AA%2525D9%252588%2525D8%2525AF%2525DB%25258C%2525D8%2525B9-%2525D9%252588-%2525D9%252585%2525D8%2525B9%2525D8%2525A7%2525D8%2525B1%2525D9%252581%2525D9%252587-%2525D8%2525B1%2525D8%2525A6%2525DB%25258C%2525D8%2525B3-%2525DA%2525A9%2525D8%2525AA%2525D8%2525A7%2525D8%2525A8%2525E2%252580%25258C%2525D8%2525AE%2525D8%2525A7%2525D9%252586%2525DB%252580-%2525D9%252585%2525D8%2525B1%2525DA%2525A9%3F_com_liferay_asset_publisher_web_portlet_AssetPublisherPortlet_INSTANCE_ryto_assetEntryId%3D9573239%26_com_liferay_asset_publisher_web_portlet_AssetPublisherPortlet_INSTANCE_ryto_redirect%3Dhttps%253A%252F%252Flib.ub.ac.ir%252Fhome%253Fp_p_id%253Dcom_liferay_asset_publisher_web_portlet_AssetPublisherPortlet_INSTANCE_ryto%2526p_p_lifecycle%253D0%2526p_p_state%253Dnormal%2526p_p_mode%253Dview%2526_com_liferay_asset_publisher_web_portlet_AssetPublisherPortlet_INSTANCE_ryto_cur%253D0%2526p_r_p_resetCur%253Dfalse%2526_com_liferay_asset_publisher_web_portlet_AssetPublisherPortlet_INSTANCE_ryto_assetEntryId%253D9573239,verified,2026-08-11
bojnord-discovery-unit-library-d07e8592fa46,bojnord,پایان نامه و رساله تحصیلات تکمیلی - کتابخانه مرکزی و مرکز اسناد,library,,,,https://lib.ub.ac.ir/fa/w/%D9%BE%D8%A7%DB%8C%D8%A7%D9%86-%D9%86%D8%A7%D9%85%D9%87-%D9%88-%D8%B1%D8%B3%D8%A7%D9%84%D9%87-%D8%AA%D8%AD%D8%B5%DB%8C%D9%84%D8%A7%D8%AA-%D8%AA%DA%A9%D9%85%DB%8C%D9%84%DB%8C?redirect=%2Fhome%2F-%2Fasset_publisher%2Fryto%2Fcontent%2F%2525D8%2525AF%2525D8%2525B3%2525D8%2525AA%2525D9%252588%2525D8%2525B1%2525D8%2525A7%2525D9%252584%2525D8%2525B9%2525D9%252585%2525D9%252584-%2525D9%252588%2525D8%2525AC%2525DB%25258C%2525D9%252586-%2525D9%252585%2525D9%252586%2525D8%2525A7%2525D8%2525A8%2525D8%2525B9-%2525DA%2525A9%2525D8%2525AA%2525D8%2525A7%2525D8%2525A8%2525D8%2525AE%2525D8%2525A7%2525D9%252586%2525D9%252587%3F_com_liferay_asset_publisher_web_portlet_AssetPublisherPortlet_INSTANCE_ryto_assetEntryId%3D8153742%26_com_liferay_asset_publisher_web_portlet_AssetPublisherPortlet_INSTANCE_ryto_redirect%3Dhttps%253A%252F%252Flib.ub.ac.ir%252Fhome%253Fp_p_id%253Dcom_liferay_asset_publisher_web_portlet_AssetPublisherPortlet_INSTANCE_ryto%2526p_p_lifecycle%253D0%2526p_p_state%253Dnormal%2526p_p_mode%253Dview%2526_com_liferay_asset_publisher_web_portlet_AssetPublisherPortlet_INSTANCE_ryto_cur%253D0%2526p_r_p_resetCur%253Dfalse%2526_com_liferay_asset_publisher_web_portlet_AssetPublisherPortlet_INSTANCE_ryto_assetEntryId%253D8153742,verified,2026-08-11
bojnord-discovery-unit-library-272785917860,bojnord,ملاحظه اسناد در امانت و رزرو، تمدید امانت اسناد - کتابخانه مرکزی و مرکز اسناد,library,,,,https://lib.ub.ac.ir/fa/w/%D9%85%D9%84%D8%A7%D8%AD%D8%B8%D9%87-%D8%A7%D8%B3%D9%86%D8%A7%D8%AF-%D8%AF%D8%B1-%D8%A7%D9%85%D8%A7%D9%86%D8%AA-%D9%88-%D8%B1%D8%B2%D8%B1%D9%88%D8%8C-%D8%AA%D9%85%D8%AF%DB%8C%D8%AF-%D8%A7%D9%85%D8%A7%D9%86%D8%AA-%D8%A7%D8%B3%D9%86%D8%A7%D8%AF?redirect=%2Fhome%2F-%2Fasset_publisher%2Fryto%2Fcontent%2F%2525DA%2525AF%2525D8%2525B2%2525D8%2525A7%2525D8%2525B1%2525D8%2525B4-%2525D8%2525B9%2525D9%252585%2525D9%252584%2525DA%2525A9%2525D8%2525B1%2525D8%2525AF-%2525DB%25258C%2525DA%2525A9%2525D8%2525B3%2525D8%2525A7%2525D9%252584%2525D9%252587-%2525DA%2525A9%2525D8%2525AA%2525D8%2525A7%2525D8%2525A8%2525D8%2525AE%2525D8%2525A7%2525D9%252586%2525D9%252587-%2525D9%252585%2525D8%2525B1%2525DA%2525A9%2525D8%2525B2%2525DB%25258C-%2525D9%252588-%2525D9%252585%2525D8%2525B1%2525DA%2525A9%2525D8%2525B2-%2525D8%2525A7%2525D8%2525B3%2525D9%252586%2525D8%2525A7%2525D8%2525AF-%2525D8%2525AF%3F_com_liferay_asset_publisher_web_portlet_AssetPublisherPortlet_INSTANCE_ryto_assetEntryId%3D8559525%26_com_liferay_asset_publisher_web_portlet_AssetPublisherPortlet_INSTANCE_ryto_redirect%3Dhttps%253A%252F%252Flib.ub.ac.ir%252Fhome%253Fp_p_id%253Dcom_liferay_asset_publisher_web_portlet_AssetPublisherPortlet_INSTANCE_ryto%2526p_p_lifecycle%253D0%2526p_p_state%253Dnormal%2526p_p_mode%253Dview%2526_com_liferay_asset_publisher_web_portlet_AssetPublisherPortlet_INSTANCE_ryto_cur%253D0%2526p_r_p_resetCur%253Dfalse%2526_com_liferay_asset_publisher_web_portlet_AssetPublisherPortlet_INSTANCE_ryto_assetEntryId%253D8559525,verified,2026-08-11
bojnord-discovery-unit-library-c36577c39f45,bojnord,ملاحظه اسناد در امانت و رزرو، تمدید امانت اسناد - کتابخانه مرکزی و مرکز اسناد,library,,,,https://lib.ub.ac.ir/fa/w/%D9%85%D9%84%D8%A7%D8%AD%D8%B8%D9%87-%D8%A7%D8%B3%D9%86%D8%A7%D8%AF-%D8%AF%D8%B1-%D8%A7%D9%85%D8%A7%D9%86%D8%AA-%D9%88-%D8%B1%D8%B2%D8%B1%D9%88%D8%8C-%D8%AA%D9%85%D8%AF%DB%8C%D8%AF-%D8%A7%D9%85%D8%A7%D9%86%D8%AA-%D8%A7%D8%B3%D9%86%D8%A7%D8%AF?redirect=%2Fhome%2F-%2Fasset_publisher%2Fryto%2Fcontent%2F%2525D8%2525A8%2525D8%2525B1%2525DA%2525AF%2525D8%2525B2%2525D8%2525A7%2525D8%2525B1%2525DB%25258C-%2525D9%252585%2525D8%2525B1%2525D8%2525A7%2525D8%2525B3%2525D9%252585-%2525D8%2525AA%2525D9%252588%2525D8%2525AF%2525DB%25258C%2525D8%2525B9-%2525D9%252588-%2525D9%252585%2525D8%2525B9%2525D8%2525A7%2525D8%2525B1%2525D9%252581%2525D9%252587-%2525D8%2525B1%2525D8%2525A6%2525DB%25258C%2525D8%2525B3-%2525DA%2525A9%2525D8%2525AA%2525D8%2525A7%2525D8%2525A8%2525E2%252580%25258C%2525D8%2525AE%2525D8%2525A7%2525D9%252586%2525DB%252580-%2525D9%252585%2525D8%2525B1%2525DA%2525A9%3F_com_liferay_asset_publisher_web_portlet_AssetPublisherPortlet_INSTANCE_ryto_assetEntryId%3D9573239%26_com_liferay_asset_publisher_web_portlet_AssetPublisherPortlet_INSTANCE_ryto_redirect%3Dhttps%253A%252F%252Flib.ub.ac.ir%252Fhome%253Fp_p_id%253Dcom_liferay_asset_publisher_web_portlet_AssetPublisherPortlet_INSTANCE_ryto%2526p_p_lifecycle%253D0%2526p_p_state%253Dnormal%2526p_p_mode%253Dview%2526_com_liferay_asset_publisher_web_portlet_AssetPublisherPortlet_INSTANCE_ryto_cur%253D0%2526p_r_p_resetCur%253Dfalse%2526_com_liferay_asset_publisher_web_portlet_AssetPublisherPortlet_INSTANCE_ryto_assetEntryId%253D9573239,verified,2026-08-11
bojnord-discovery-unit-library-5fb2dc3775f6,bojnord,ملاحظه اسناد در امانت و رزرو، تمدید امانت اسناد - کتابخانه مرکزی و مرکز اسناد,library,,,,https://lib.ub.ac.ir/fa/w/%D9%85%D9%84%D8%A7%D8%AD%D8%B8%D9%87-%D8%A7%D8%B3%D9%86%D8%A7%D8%AF-%D8%AF%D8%B1-%D8%A7%D9%85%D8%A7%D9%86%D8%AA-%D9%88-%D8%B1%D8%B2%D8%B1%D9%88%D8%8C-%D8%AA%D9%85%D8%AF%DB%8C%D8%AF-%D8%A7%D9%85%D8%A7%D9%86%D8%AA-%D8%A7%D8%B3%D9%86%D8%A7%D8%AF?redirect=%2Fhome%2F-%2Fasset_publisher%2Fryto%2Fcontent%2F%2525D8%2525AF%2525D8%2525B3%2525D8%2525AA%2525D9%252588%2525D8%2525B1%2525D8%2525A7%2525D9%252584%2525D8%2525B9%2525D9%252585%2525D9%252584-%2525D9%252588%2525D8%2525AC%2525DB%25258C%2525D9%252586-%2525D9%252585%2525D9%252586%2525D8%2525A7%2525D8%2525A8%2525D8%2525B9-%2525DA%2525A9%2525D8%2525AA%2525D8%2525A7%2525D8%2525A8%2525D8%2525AE%2525D8%2525A7%2525D9%252586%2525D9%252587%3F_com_liferay_asset_publisher_web_portlet_AssetPublisherPortlet_INSTANCE_ryto_assetEntryId%3D8153742%26_com_liferay_asset_publisher_web_portlet_AssetPublisherPortlet_INSTANCE_ryto_redirect%3Dhttps%253A%252F%252Flib.ub.ac.ir%252Fhome%253Fp_p_id%253Dcom_liferay_asset_publisher_web_portlet_AssetPublisherPortlet_INSTANCE_ryto%2526p_p_lifecycle%253D0%2526p_p_state%253Dnormal%2526p_p_mode%253Dview%2526_com_liferay_asset_publisher_web_portlet_AssetPublisherPortlet_INSTANCE_ryto_cur%253D0%2526p_r_p_resetCur%253Dfalse%2526_com_liferay_asset_publisher_web_portlet_AssetPublisherPortlet_INSTANCE_ryto_assetEntryId%253D8153742,verified,2026-08-11
bojnord-discovery-unit-library-06b6203baeaf,bojnord,پایان نامه و رساله تحصیلات تکمیلی - کتابخانه مرکزی و مرکز اسناد,library,,,,https://lib.ub.ac.ir/fa/w/%D9%BE%D8%A7%DB%8C%D8%A7%D9%86-%D9%86%D8%A7%D9%85%D9%87-%D9%88-%D8%B1%D8%B3%D8%A7%D9%84%D9%87-%D8%AA%D8%AD%D8%B5%DB%8C%D9%84%D8%A7%D8%AA-%D8%AA%DA%A9%D9%85%DB%8C%D9%84%DB%8C?redirect=%2Fhome%2F-%2Fasset_publisher%2Fryto%2Fcontent%2F%2525D8%2525A8%2525D8%2525A7%2525D8%2525B2%2525D8%2525AF%2525DB%25258C%2525D8%2525AF-%2525D8%2525B3%2525D8%2525B1%2525D9%2525BE%2525D8%2525B1%2525D8%2525B3%2525D8%2525AA-%2525D8%2525AF%2525D8%2525A7%2525D9%252586%2525D8%2525B4%2525DA%2525AF%2525D8%2525A7%2525D9%252587-%2525D9%252588-%2525D8%2525AA%2525DB%25258C%2525D9%252585-%2525D9%252587%2525D9%252585%2525D8%2525B1%2525D8%2525A7%2525D9%252587-%2525D8%2525A7%2525D8%2525B2-%2525DA%2525A9%2525D8%2525AA%2525D8%2525A7%2525D8%2525A8%2525D8%2525AE%2525D8%2525A7%2525D9%252586%2525D9%252587-%2525D9%252585%2525D8%2525B1%2525DA%2525A9%3F_com_liferay_asset_publisher_web_portlet_AssetPublisherPortlet_INSTANCE_ryto_assetEntryId%3D4821003%26_com_liferay_asset_publisher_web_portlet_AssetPublisherPortlet_INSTANCE_ryto_redirect%3Dhttps%253A%252F%252Flib.ub.ac.ir%252Fhome%253Fp_p_id%253Dcom_liferay_asset_publisher_web_portlet_AssetPublisherPortlet_INSTANCE_ryto%2526p_p_lifecycle%253D0%2526p_p_state%253Dnormal%2526p_p_mode%253Dview%2526_com_liferay_asset_publisher_web_portlet_AssetPublisherPortlet_INSTANCE_ryto_cur%253D0%2526p_r_p_resetCur%253Dfalse%2526_com_liferay_asset_publisher_web_portlet_AssetPublisherPortlet_INSTANCE_ryto_assetEntryId%253D4821003,verified,2026-08-11
bojnord-discovery-unit-library-ae3bdec7cde6,bojnord,پایان نامه و رساله تحصیلات تکمیلی - کتابخانه مرکزی و مرکز اسناد,library,,,,https://lib.ub.ac.ir/fa/w/%D9%BE%D8%A7%DB%8C%D8%A7%D9%86-%D9%86%D8%A7%D9%85%D9%87-%D9%88-%D8%B1%D8%B3%D8%A7%D9%84%D9%87-%D8%AA%D8%AD%D8%B5%DB%8C%D9%84%D8%A7%D8%AA-%D8%AA%DA%A9%D9%85%DB%8C%D9%84%DB%8C?redirect=%2Fhome%2F-%2Fasset_publisher%2Fryto%2Fcontent%2F%2525D8%2525AA%2525D9%252582%2525D8%2525AF%2525DB%25258C%2525D8%2525B1-%2525D8%2525A7%2525D8%2525B2-%2525D8%2525AA%2525D9%252584%2525D8%2525A7%2525D8%2525B4-%2525D9%252588-%2525D8%2525AE%2525D8%2525AF%2525D9%252585%2525D8%2525A7%2525D8%2525AA-%2525D8%2525B4%2525D8%2525A7%2525DB%25258C%2525D8%2525B3%2525D8%2525AA%2525D9%252587-%2525D8%2525B1%2525D8%2525A6%2525DB%25258C%2525D8%2525B3-%2525DA%2525A9%2525D8%2525AA%2525D8%2525A7%2525D8%2525A8%2525D8%2525AE%2525D8%2525A7%2525D9%252586%2525D9%252587-%2525D8%2525AF%2525D8%2525B1-%2525D8%2525B1%2525D8%2525A7%2525D8%2525B3%2525D8%2525AA%3F_com_liferay_asset_publisher_web_portlet_AssetPublisherPortlet_INSTANCE_ryto_assetEntryId%3D4399214%26_com_liferay_asset_publisher_web_portlet_AssetPublisherPortlet_INSTANCE_ryto_redirect%3Dhttps%253A%252F%252Flib.ub.ac.ir%252Fhome%253Fp_p_id%253Dcom_liferay_asset_publisher_web_portlet_AssetPublisherPortlet_INSTANCE_ryto%2526p_p_lifecycle%253D0%2526p_p_state%253Dnormal%2526p_p_mode%253Dview%2526_com_liferay_asset_publisher_web_portlet_AssetPublisherPortlet_INSTANCE_ryto_cur%253D0%2526p_r_p_resetCur%253Dfalse%2526_com_liferay_asset_publisher_web_portlet_AssetPublisherPortlet_INSTANCE_ryto_assetEntryId%253D4399214,verified,2026-08-11
bojnord-discovery-unit-library-824e48d70df9,bojnord,برگزاری مراسم تودیع و معارفه رئیس کتاب‌خانۀ مرکزی و مرکز اسناد دانشگاه بجنورد - معاونت پژوهشی,library,,,,https://vr.ub.ac.ir/%D8%B5%D9%81%D8%AD%D9%87-%D8%A7%D8%B5%D9%84%DB%8C/-/asset_publisher/yjdv/content/%25D8%25A8%25D8%25B1%25DA%25AF%25D8%25B2%25D8%25A7%25D8%25B1%25DB%258C-%25D9%2585%25D8%25B1%25D8%25A7%25D8%25B3%25D9%2585-%25D8%25AA%25D9%2588%25D8%25AF%25DB%258C%25D8%25B9-%25D9%2588-%25D9%2585%25D8%25B9%25D8%25A7%25D8%25B1%25D9%2581%25D9%2587-%25D8%25B1%25D8%25A6%25DB%258C%25D8%25B3-%25DA%25A9%25D8%25AA%25D8%25A7%25D8%25A8%25E2%2580%258C%25D8%25AE%25D8%25A7%25D9%2586%25DB%2580-%25D9%2585%25D8%25B1%25DA%25A9/45126?_com_liferay_asset_publisher_web_portlet_AssetPublisherPortlet_INSTANCE_yjdv_assetEntryId=9573239&_com_liferay_asset_publisher_web_portlet_AssetPublisherPortlet_INSTANCE_yjdv_redirect=https%3A%2F%2Fvr.ub.ac.ir%2F%25D8%25B5%25D9%2581%25D8%25AD%25D9%2587-%25D8%25A7%25D8%25B5%25D9%2584%25DB%258C%3Fp_p_id%3Dcom_liferay_asset_publisher_web_portlet_AssetPublisherPortlet_INSTANCE_yjdv%26p_p_lifecycle%3D0%26p_p_state%3Dnormal%26p_p_mode%3Dview%26_com_liferay_asset_publisher_web_portlet_AssetPublisherPortlet_INSTANCE_yjdv_cur%3D0%26p_r_p_resetCur%3Dfalse%26_com_liferay_asset_publisher_web_portlet_AssetPublisherPortlet_INSTANCE_yjdv_assetEntryId%3D9573239,verified,2026-08-11
bojnord-discovery-unit-library-046e25224f78,bojnord,آیین نامه و دستورالعمل ها - کتابخانه مرکزی و مرکز اسناد,library,,,,https://lib.ub.ac.ir/%D8%A7%DB%8C%DB%8C%D9%86-%D9%86%D8%A7%D9%85%D9%87-%D9%88-%D8%AF%D8%B3%D8%AA%D9%88%D8%B1%D8%A7%D9%84%D8%B9%D9%85%D9%84-%D9%87%D8%A7,verified,2026-08-11
bojnord-discovery-unit-library-c882e636f5ce,bojnord,فرم ها - کتابخانه مرکزی و مرکز اسناد,library,,,,https://lib.ub.ac.ir/%D9%81%D8%B1%D9%85-%D9%87%D8%A7,verified,2026-08-11
bojnord-discovery-unit-library-93f8a86d7907,bojnord,فرم ها - کتابخانه مرکزی و مرکز اسناد,library,,,,https://lib.ub.ac.ir/%D9%81%D8%B1%D9%85-%D9%87%D8%A71,verified,2026-08-11
bojnord-discovery-unit-library-27c9a591be24,bojnord,آیین نامه چاپ و نشر - کتابخانه مرکزی و مرکز اسناد,library,,,,https://lib.ub.ac.ir/%D8%A7%DB%8C%DB%8C%D9%86-%D9%86%D8%A7%D9%85%D9%87-%DA%86%D8%A7%D9%BE-%D9%88-%D9%86%D8%B4%D8%B1,verified,2026-08-11
bojnord-discovery-unit-library-95171cb616c7,bojnord,پایان نامه و رساله تحصیلات تکمیلی - کتابخانه مرکزی و مرکز اسناد,library,,,,https://lib.ub.ac.ir/fa/w/%D9%BE%D8%A7%DB%8C%D8%A7%D9%86-%D9%86%D8%A7%D9%85%D9%87-%D9%88-%D8%B1%D8%B3%D8%A7%D9%84%D9%87-%D8%AA%D8%AD%D8%B5%DB%8C%D9%84%D8%A7%D8%AA-%D8%AA%DA%A9%D9%85%DB%8C%D9%84%DB%8C?redirect=%2F,verified,2026-08-11
bojnord-discovery-unit-library-651ac111c6a3,bojnord,آیین نامه و دستورالعمل ها - کتابخانه مرکزی و مرکز اسناد,library,,,,https://lib.ub.ac.ir/fa/%D8%A7%DB%8C%DB%8C%D9%86-%D9%86%D8%A7%D9%85%D9%87-%D9%88-%D8%AF%D8%B3%D8%AA%D9%88%D8%B1%D8%A7%D9%84%D8%B9%D9%85%D9%84-%D9%87%D8%A7,verified,2026-08-11
bojnord-discovery-unit-library-5b9a7b15d66b,bojnord,فرم ها - کتابخانه مرکزی و مرکز اسناد,library,,,,https://lib.ub.ac.ir/fa/%D9%81%D8%B1%D9%85-%D9%87%D8%A7,verified,2026-08-11
bojnord-discovery-unit-library-a67ec31629d5,bojnord,فرم ها - کتابخانه مرکزی و مرکز اسناد,library,,,,https://lib.ub.ac.ir/fa/%D9%81%D8%B1%D9%85-%D9%87%D8%A71,verified,2026-08-11
bojnord-discovery-unit-library-5766bea046e4,bojnord,آیین نامه چاپ و نشر - کتابخانه مرکزی و مرکز اسناد,library,,,,https://lib.ub.ac.ir/fa/%D8%A7%DB%8C%DB%8C%D9%86-%D9%86%D8%A7%D9%85%D9%87-%DA%86%D8%A7%D9%BE-%D9%88-%D9%86%D8%B4%D8%B1,verified,2026-08-11
bojnord-discovery-unit-library-1c477b5b7523,bojnord,ملاحظه اسناد در امانت و رزرو، تمدید امانت اسناد - کتابخانه مرکزی و مرکز اسناد,library,,,,https://lib.ub.ac.ir/fa/w/%D9%85%D9%84%D8%A7%D8%AD%D8%B8%D9%87-%D8%A7%D8%B3%D9%86%D8%A7%D8%AF-%D8%AF%D8%B1-%D8%A7%D9%85%D8%A7%D9%86%D8%AA-%D9%88-%D8%B1%D8%B2%D8%B1%D9%88%D8%8C-%D8%AA%D9%85%D8%AF%DB%8C%D8%AF-%D8%A7%D9%85%D8%A7%D9%86%D8%AA-%D8%A7%D8%B3%D9%86%D8%A7%D8%AF?redirect=%2F,verified,2026-08-11
khorramshahr-marine-discovery-unit-library-920c8124b9c6,khorramshahr-marine,کتابخانه مرکزی,library,,,,https://library.kmsu.ac.ir/fa,verified,2026-08-11
khorramshahr-marine-discovery-unit-library-5522dd06e73d,khorramshahr-marine,همایش ها و کنفرانس ها - کتابخانه مرکزی,library,,,,https://library.kmsu.ac.ir/fa/event,verified,2026-08-11
meybod-discovery-unit-library-4790d38a652c,meybod,کتابخانه مرکزی و مرکز اطلاع رسانی,library,,,,https://meybod.ac.ir/academic-research/library,verified,2026-08-11
meybod-discovery-unit-library-428e708e2151,meybod,کتابخانه مرکزی و مرکز اطلاع رسانی,library,,,,https://meybod.ac.ir/academic-research/library/lang/Fa.aspx,verified,2026-08-11
meybod-discovery-unit-industry-a5e214cbad67,meybod,گروه کارآفرینی و ارتباط با صنعت,industry,,,,https://meybod.ac.ir/academic-research/entrepreneurship,verified,2026-08-11
meybod-discovery-unit-industry-9ad3ab0ef6ff,meybod,گروه کارآفرینی و ارتباط با صنعت,industry,,,,https://meybod.ac.ir/academic-research/entrepreneurship/lang/Fa.aspx,verified,2026-08-11
meybod-discovery-unit-laboratory-18d336e0083e,meybod,آزمایشگاه,laboratory,,,,https://meybod.ac.ir/academic-research/research/lab,verified,2026-08-11
meybod-discovery-unit-library-f3a20d6e55ab,meybod,پرتال کتابخانه,library,,,,https://meybod.ac.ir/academic-research/library/portal,verified,2026-08-11
meybod-discovery-unit-technology-2fa01196fc54,meybod,مرکز رشد دانشگاه میبد,technology,,,,https://meybod.ac.ir/academic-research/growth-center/lang/Fa.aspx,verified,2026-08-11
meybod-discovery-unit-research-ed090df43eb3,meybod,مدیریت امور پژوهشی و فناوری,research,,,,https://meybod.ac.ir/academic-research/research-technology/lang/Fa.aspx,verified,2026-08-11
meybod-discovery-unit-technology-ea0ce7a89103,meybod,فرمها و شیوه نامه ها,technology,,,,https://meybod.ac.ir/academic-research/growth-center/forms.aspx,verified,2026-08-11
bozorgmehr-qaenat-discovery-unit-laboratory-de61a1898109,bozorgmehr-qaenat,شبکه آزمایشگاه ها و کارگاه ها,laboratory,,,,https://www.buqaen.ac.ir/%D8%B4%D8%A8%DA%A9%D9%87-%D8%A2%D8%B2%D9%85%D8%A7%DB%8C%D8%B4%DA%AF%D8%A7%D9%87-%D9%87%D8%A7-%D9%88-%DA%A9%D8%A7%D8%B1%DA%AF%D8%A7%D9%87-%D9%87%D8%A7,verified,2026-08-11
bozorgmehr-qaenat-discovery-unit-technology-9f3778e07a0a,bozorgmehr-qaenat,مرکز کارآفرینی و نوآوری,technology,,,,https://www.buqaen.ac.ir/%D9%85%D8%B1%DA%A9%D8%B2-%DA%A9%D8%A7%D8%B1%D8%A2%D9%81%D8%B1%DB%8C%D9%86%DB%8C-%D9%88-%D9%86%D9%88%D8%A2%D9%88%D8%B1%DB%8C,verified,2026-08-11
bozorgmehr-qaenat-discovery-unit-technology-e248caf86ce3,bozorgmehr-qaenat,فرم های مرکز کارآفرینی و نوآوری,technology,,,,https://www.buqaen.ac.ir/%D8%A7%D8%AE%D8%A8%D8%A7%D8%B1/%D9%81%D8%B1%D9%85-%D9%87%D8%A7%DB%8C-%D9%85%D8%B1%DA%A9%D8%B2-%DA%A9%D8%A7%D8%B1%D8%A2%D9%81%D8%B1%DB%8C%D9%86%DB%8C-%D9%88-%D9%86%D9%88%D8%A2%D9%88%D8%B1%DB%8C,verified,2026-08-11
chabahar-maritime-discovery-unit-laboratory-d047635d0754,chabahar-maritime,آزمایشگاه های پژوهشی,laboratory,,,,https://www.cmu.ac.ir/fa/%D9%85%D8%B9%D8%A7%D9%88%D9%86%D8%AA-%D9%87%D8%A7/%D8%AD%D9%88%D8%B2%D9%87-%D9%85%D8%B9%D8%A7%D9%88%D9%86%D8%AA-%D9%BE%DA%98%D9%88%D9%87%D8%B4%DB%8C-%D9%88-%D9%81%D9%86%D8%A7%D9%88%D8%B1%DB%8C/%D8%A2%D8%B2%D9%85%D8%A7%DB%8C%D8%B4%DA%AF%D8%A7%D9%87-%D9%87%D8%A7%DB%8C-%D9%BE%DA%98%D9%88%D9%87%D8%B4%DB%8C,verified,2026-08-11
chabahar-maritime-discovery-unit-library-fa86d14245a2,chabahar-maritime,مدیر کتابخانه و مرکز اسناد,library,,,,https://www.cmu.ac.ir/fa/%D9%85%D8%B9%D8%A7%D9%88%D9%86%D8%AA-%D9%87%D8%A7/%D8%AD%D9%88%D8%B2%D9%87-%D9%85%D8%B9%D8%A7%D9%88%D9%86%D8%AA-%D9%BE%DA%98%D9%88%D9%87%D8%B4%DB%8C-%D9%88-%D9%81%D9%86%D8%A7%D9%88%D8%B1%DB%8C/%D9%85%D8%AF%DB%8C%D8%B1-%DA%A9%D8%AA%D8%A7%D8%A8%D8%AE%D8%A7%D9%86%D9%87-%D9%88-%D9%85%D8%B1%DA%A9%D8%B2-%D8%A7%D8%B3%D9%86%D8%A7%D8%AF,verified,2026-08-11
chabahar-maritime-discovery-unit-technology-2a34d0a616ad,chabahar-maritime,گروه کارآفرینی و ارتباط با جامعه,technology,,,,https://www.cmu.ac.ir/fa/%D9%85%D8%B9%D8%A7%D9%88%D9%86%D8%AA-%D9%87%D8%A7/%D8%AD%D9%88%D8%B2%D9%87-%D9%85%D8%B9%D8%A7%D9%88%D9%86%D8%AA-%D9%BE%DA%98%D9%88%D9%87%D8%B4%DB%8C-%D9%88-%D9%81%D9%86%D8%A7%D9%88%D8%B1%DB%8C/%D9%85%D8%B1%DA%A9%D8%B2-%DA%A9%D8%A7%D8%B1%D8%A2%D9%81%D8%B1%DB%8C%D9%86%DB%8C-%D9%88-%D8%A7%D8%B1%D8%AA%D8%A8%D8%A7%D8%B7-%D8%A8%D8%A7-%D8%AC%D8%A7%D9%85%D8%B9%D9%87,verified,2026-08-11
chabahar-maritime-discovery-unit-laboratory-28c5b6f4597a,chabahar-maritime,مجتمع کارگاهی و آزمایشگاهی دانشکده مهندسی دریا,laboratory,,,,https://www.cmu.ac.ir/fa/%D8%AF%D8%A7%D9%86%D8%B4%DA%A9%D8%AF%D9%87-%D9%87%D8%A7/%D8%AF%D8%A7%D9%86%D8%B4%DA%A9%D8%AF%D9%87-%D9%85%D9%87%D9%86%D8%AF%D8%B3%DB%8C-%D8%AF%D8%B1%DB%8C%D8%A7/-%D9%85%D8%AC%D8%AA%D9%85%D8%B9-%DA%A9%D8%A7%D8%B1%DA%AF%D8%A7%D9%87%DB%8C-%D9%88-%D8%A2%D8%B2%D9%85%D8%A7%DB%8C%D8%B4%DA%AF%D8%A7%D9%87%DB%8C-%D8%AF%D8%A7%D9%86%D8%B4%DA%A9%D8%AF%D9%87,verified,2026-08-11
chabahar-maritime-discovery-unit-laboratory-d00ce68ad955,chabahar-maritime,مجتمع آزمايشگاهي دانشکده علوم دریایی,laboratory,,,,https://www.cmu.ac.ir/fa/%D8%AF%D8%A7%D9%86%D8%B4%DA%A9%D8%AF%D9%87-%D9%87%D8%A7/%D8%AF%D8%A7%D9%86%D8%B4%DA%A9%D8%AF%D9%87-%D8%B9%D9%84%D9%88%D9%85-%D8%AF%D8%B1%DB%8C%D8%A7%DB%8C%DB%8C/%D9%85%D8%AC%D8%AA%D9%85%D8%B9-%D8%A2%D8%B2%D9%85%D8%A7%D9%8A%D8%B4%DA%AF%D8%A7%D9%87%D9%8A-%D8%AF%D8%A7%D9%86%D8%B4%DA%A9%D8%AF%D9%87-%D8%B9%D9%84%D9%88%D9%85-%D8%AF%D8%B1%DB%8C%D8%A7%DB%8C%DB%8C,verified,2026-08-11
chabahar-maritime-discovery-unit-laboratory-ac0bbff34f8f,chabahar-maritime,آزمایشگاه سیالات,laboratory,,,,https://www.cmu.ac.ir/fa/%D8%AF%D8%A7%D9%86%D8%B4%DA%A9%D8%AF%D9%87-%D9%87%D8%A7/%D8%AF%D8%A7%D9%86%D8%B4%DA%A9%D8%AF%D9%87-%D9%85%D9%87%D9%86%D8%AF%D8%B3%DB%8C-%D8%AF%D8%B1%DB%8C%D8%A7/-%D9%85%D8%AC%D8%AA%D9%85%D8%B9-%DA%A9%D8%A7%D8%B1%DA%AF%D8%A7%D9%87%DB%8C-%D9%88-%D8%A2%D8%B2%D9%85%D8%A7%DB%8C%D8%B4%DA%AF%D8%A7%D9%87%DB%8C-%D8%AF%D8%A7%D9%86%D8%B4%DA%A9%D8%AF%D9%87/%D8%A2%D8%B2%D9%85%D8%A7%DB%8C%D8%B4%DA%AF%D8%A7%D9%87-%D8%B3%DB%8C%D8%A7%D9%84%D8%A7%D8%AA,verified,2026-08-11
chabahar-maritime-discovery-unit-laboratory-9f3063230dd2,chabahar-maritime,آزمایشگاه انتقال حرارت,laboratory,,,,https://www.cmu.ac.ir/fa/%D8%AF%D8%A7%D9%86%D8%B4%DA%A9%D8%AF%D9%87-%D9%87%D8%A7/%D8%AF%D8%A7%D9%86%D8%B4%DA%A9%D8%AF%D9%87-%D9%85%D9%87%D9%86%D8%AF%D8%B3%DB%8C-%D8%AF%D8%B1%DB%8C%D8%A7/-%D9%85%D8%AC%D8%AA%D9%85%D8%B9-%DA%A9%D8%A7%D8%B1%DA%AF%D8%A7%D9%87%DB%8C-%D9%88-%D8%A2%D8%B2%D9%85%D8%A7%DB%8C%D8%B4%DA%AF%D8%A7%D9%87%DB%8C-%D8%AF%D8%A7%D9%86%D8%B4%DA%A9%D8%AF%D9%87/%D8%A2%D8%B2%D9%85%D8%A7%DB%8C%D8%B4%DA%AF%D8%A7%D9%87-%D8%A7%D9%86%D8%AA%D9%82%D8%A7%D9%84-%D8%AD%D8%B1%D8%A7%D8%B1%D8%AA,verified,2026-08-11
chabahar-maritime-discovery-unit-laboratory-bb215d81d057,chabahar-maritime,آزمایشگاه ارتعاشات و دینامیک ماشین,laboratory,,,,https://www.cmu.ac.ir/fa/%D8%AF%D8%A7%D9%86%D8%B4%DA%A9%D8%AF%D9%87-%D9%87%D8%A7/%D8%AF%D8%A7%D9%86%D8%B4%DA%A9%D8%AF%D9%87-%D9%85%D9%87%D9%86%D8%AF%D8%B3%DB%8C-%D8%AF%D8%B1%DB%8C%D8%A7/-%D9%85%D8%AC%D8%AA%D9%85%D8%B9-%DA%A9%D8%A7%D8%B1%DA%AF%D8%A7%D9%87%DB%8C-%D9%88-%D8%A2%D8%B2%D9%85%D8%A7%DB%8C%D8%B4%DA%AF%D8%A7%D9%87%DB%8C-%D8%AF%D8%A7%D9%86%D8%B4%DA%A9%D8%AF%D9%87/%D8%A2%D8%B2%D9%85%D8%A7%DB%8C%D8%B4%DA%AF%D8%A7%D9%87-%D8%A7%D8%B1%D8%AA%D8%B9%D8%A7%D8%B4%D8%A7%D8%AA-%D9%88-%D8%AF%DB%8C%D9%86%D8%A7%D9%85%DB%8C%DA%A9-%D9%85%D8%A7%D8%B4%DB%8C%D9%86,verified,2026-08-11
chabahar-maritime-discovery-unit-laboratory-380b3fb121a3,chabahar-maritime,آزمایشگاه مقاومت مصالح,laboratory,,,,https://www.cmu.ac.ir/fa/%D8%AF%D8%A7%D9%86%D8%B4%DA%A9%D8%AF%D9%87-%D9%87%D8%A7/%D8%AF%D8%A7%D9%86%D8%B4%DA%A9%D8%AF%D9%87-%D9%85%D9%87%D9%86%D8%AF%D8%B3%DB%8C-%D8%AF%D8%B1%DB%8C%D8%A7/-%D9%85%D8%AC%D8%AA%D9%85%D8%B9-%DA%A9%D8%A7%D8%B1%DA%AF%D8%A7%D9%87%DB%8C-%D9%88-%D8%A2%D8%B2%D9%85%D8%A7%DB%8C%D8%B4%DA%AF%D8%A7%D9%87%DB%8C-%D8%AF%D8%A7%D9%86%D8%B4%DA%A9%D8%AF%D9%87/%D8%A2%D8%B2%D9%85%D8%A7%DB%8C%D8%B4%DA%AF%D8%A7%D9%87-%D9%85%D9%82%D8%A7%D9%88%D9%85%D8%AA-%D9%85%D8%B5%D8%A7%D9%84%D8%AD,verified,2026-08-11
chabahar-maritime-discovery-unit-laboratory-e98dd2d032fe,chabahar-maritime,آزمایشگاه مکانیک خاک,laboratory,,,,https://www.cmu.ac.ir/fa/%D8%AF%D8%A7%D9%86%D8%B4%DA%A9%D8%AF%D9%87-%D9%87%D8%A7/%D8%AF%D8%A7%D9%86%D8%B4%DA%A9%D8%AF%D9%87-%D9%85%D9%87%D9%86%D8%AF%D8%B3%DB%8C-%D8%AF%D8%B1%DB%8C%D8%A7/-%D9%85%D8%AC%D8%AA%D9%85%D8%B9-%DA%A9%D8%A7%D8%B1%DA%AF%D8%A7%D9%87%DB%8C-%D9%88-%D8%A2%D8%B2%D9%85%D8%A7%DB%8C%D8%B4%DA%AF%D8%A7%D9%87%DB%8C-%D8%AF%D8%A7%D9%86%D8%B4%DA%A9%D8%AF%D9%87/%D8%A2%D8%B2%D9%85%D8%A7%DB%8C%D8%B4%DA%AF%D8%A7%D9%87-%D9%85%DA%A9%D8%A7%D9%86%DB%8C%DA%A9-%D8%AE%D8%A7%DA%A9,verified,2026-08-11
chabahar-maritime-discovery-unit-laboratory-0f5a771e7b24,chabahar-maritime,آزمایشگاه تکنولوژی بتن,laboratory,,,,https://www.cmu.ac.ir/fa/%D8%AF%D8%A7%D9%86%D8%B4%DA%A9%D8%AF%D9%87-%D9%87%D8%A7/%D8%AF%D8%A7%D9%86%D8%B4%DA%A9%D8%AF%D9%87-%D9%85%D9%87%D9%86%D8%AF%D8%B3%DB%8C-%D8%AF%D8%B1%DB%8C%D8%A7/-%D9%85%D8%AC%D8%AA%D9%85%D8%B9-%DA%A9%D8%A7%D8%B1%DA%AF%D8%A7%D9%87%DB%8C-%D9%88-%D8%A2%D8%B2%D9%85%D8%A7%DB%8C%D8%B4%DA%AF%D8%A7%D9%87%DB%8C-%D8%AF%D8%A7%D9%86%D8%B4%DA%A9%D8%AF%D9%87/%D8%A2%D8%B2%D9%85%D8%A7%DB%8C%D8%B4%DA%AF%D8%A7%D9%87-%D8%AA%DA%A9%D9%86%D9%88%D9%84%D9%88%DA%98%DB%8C-%D8%A8%D8%AA%D9%86,verified,2026-08-11
chabahar-maritime-discovery-unit-laboratory-680e3ae5ddf2,chabahar-maritime,آزمایشگاه مصالح ساختمانی,laboratory,,,,https://www.cmu.ac.ir/fa/%D8%AF%D8%A7%D9%86%D8%B4%DA%A9%D8%AF%D9%87-%D9%87%D8%A7/%D8%AF%D8%A7%D9%86%D8%B4%DA%A9%D8%AF%D9%87-%D9%85%D9%87%D9%86%D8%AF%D8%B3%DB%8C-%D8%AF%D8%B1%DB%8C%D8%A7/-%D9%85%D8%AC%D8%AA%D9%85%D8%B9-%DA%A9%D8%A7%D8%B1%DA%AF%D8%A7%D9%87%DB%8C-%D9%88-%D8%A2%D8%B2%D9%85%D8%A7%DB%8C%D8%B4%DA%AF%D8%A7%D9%87%DB%8C-%D8%AF%D8%A7%D9%86%D8%B4%DA%A9%D8%AF%D9%87/%D8%A2%D8%B2%D9%85%D8%A7%DB%8C%D8%B4%DA%AF%D8%A7%D9%87-%D9%85%D8%B5%D8%A7%D9%84%D8%AD-%D8%B3%D8%A7%D8%AE%D8%AA%D9%85%D8%A7%D9%86%DB%8C,verified,2026-08-11
chabahar-maritime-discovery-unit-laboratory-e0631d437abc,chabahar-maritime,آزمایشگاه ماشین های الکتریکی,laboratory,,,,https://www.cmu.ac.ir/fa/%D8%AF%D8%A7%D9%86%D8%B4%DA%A9%D8%AF%D9%87-%D9%87%D8%A7/%D8%AF%D8%A7%D9%86%D8%B4%DA%A9%D8%AF%D9%87-%D9%85%D9%87%D9%86%D8%AF%D8%B3%DB%8C-%D8%AF%D8%B1%DB%8C%D8%A7/-%D9%85%D8%AC%D8%AA%D9%85%D8%B9-%DA%A9%D8%A7%D8%B1%DA%AF%D8%A7%D9%87%DB%8C-%D9%88-%D8%A2%D8%B2%D9%85%D8%A7%DB%8C%D8%B4%DA%AF%D8%A7%D9%87%DB%8C-%D8%AF%D8%A7%D9%86%D8%B4%DA%A9%D8%AF%D9%87/%D8%A2%D8%B2%D9%85%D8%A7%DB%8C%D8%B4%DA%AF%D8%A7%D9%87-%D9%85%D8%A7%D8%B4%DB%8C%D9%86-%D9%87%D8%A7%DB%8C-%D8%A7%D9%84%DA%A9%D8%AA%D8%B1%DB%8C%DA%A9%DB%8C,verified,2026-08-11
chabahar-maritime-discovery-unit-laboratory-3400c6c17546,chabahar-maritime,آزمایشگاه الکترونیک (1و2 و 3),laboratory,,,,https://www.cmu.ac.ir/fa/%D8%AF%D8%A7%D9%86%D8%B4%DA%A9%D8%AF%D9%87-%D9%87%D8%A7/%D8%AF%D8%A7%D9%86%D8%B4%DA%A9%D8%AF%D9%87-%D9%85%D9%87%D9%86%D8%AF%D8%B3%DB%8C-%D8%AF%D8%B1%DB%8C%D8%A7/-%D9%85%D8%AC%D8%AA%D9%85%D8%B9-%DA%A9%D8%A7%D8%B1%DA%AF%D8%A7%D9%87%DB%8C-%D9%88-%D8%A2%D8%B2%D9%85%D8%A7%DB%8C%D8%B4%DA%AF%D8%A7%D9%87%DB%8C-%D8%AF%D8%A7%D9%86%D8%B4%DA%A9%D8%AF%D9%87/%D8%A2%D8%B2%D9%85%D8%A7%DB%8C%D8%B4%DA%AF%D8%A7%D9%87-%D8%A7%D9%84%DA%A9%D8%AA%D8%B1%D9%88%D9%86%DB%8C%DA%A9-1%D9%882-%D9%88-3,verified,2026-08-11
chabahar-maritime-discovery-unit-laboratory-53de8cd83158,chabahar-maritime,آزمایشگاه آنتن و مایکروویو,laboratory,,,,https://www.cmu.ac.ir/fa/%D8%AF%D8%A7%D9%86%D8%B4%DA%A9%D8%AF%D9%87-%D9%87%D8%A7/%D8%AF%D8%A7%D9%86%D8%B4%DA%A9%D8%AF%D9%87-%D9%85%D9%87%D9%86%D8%AF%D8%B3%DB%8C-%D8%AF%D8%B1%DB%8C%D8%A7/-%D9%85%D8%AC%D8%AA%D9%85%D8%B9-%DA%A9%D8%A7%D8%B1%DA%AF%D8%A7%D9%87%DB%8C-%D9%88-%D8%A2%D8%B2%D9%85%D8%A7%DB%8C%D8%B4%DA%AF%D8%A7%D9%87%DB%8C-%D8%AF%D8%A7%D9%86%D8%B4%DA%A9%D8%AF%D9%87/%D8%A2%D8%B2%D9%85%D8%A7%DB%8C%D8%B4%DA%AF%D8%A7%D9%87-%D8%A2%D9%86%D8%AA%D9%86-%D9%88-%D9%85%D8%A7%DB%8C%DA%A9%D8%B1%D9%88%D9%88%DB%8C%D9%88,verified,2026-08-11
chabahar-maritime-discovery-unit-laboratory-7fec9634c31d,chabahar-maritime,آزمایشگاه مدارهای مخابراتی,laboratory,,,,https://www.cmu.ac.ir/fa/%D8%AF%D8%A7%D9%86%D8%B4%DA%A9%D8%AF%D9%87-%D9%87%D8%A7/%D8%AF%D8%A7%D9%86%D8%B4%DA%A9%D8%AF%D9%87-%D9%85%D9%87%D9%86%D8%AF%D8%B3%DB%8C-%D8%AF%D8%B1%DB%8C%D8%A7/-%D9%85%D8%AC%D8%AA%D9%85%D8%B9-%DA%A9%D8%A7%D8%B1%DA%AF%D8%A7%D9%87%DB%8C-%D9%88-%D8%A2%D8%B2%D9%85%D8%A7%DB%8C%D8%B4%DA%AF%D8%A7%D9%87%DB%8C-%D8%AF%D8%A7%D9%86%D8%B4%DA%A9%D8%AF%D9%87/%D8%A2%D8%B2%D9%85%D8%A7%DB%8C%D8%B4%DA%AF%D8%A7%D9%87-%D9%85%D8%AF%D8%A7%D8%B1%D9%87%D8%A7%DB%8C-%D9%85%D8%AE%D8%A7%D8%A8%D8%B1%D8%A7%D8%AA%DB%8C,verified,2026-08-11
chabahar-maritime-discovery-unit-laboratory-769e9131b120,chabahar-maritime,آزمایشگاه کنترل خطی,laboratory,,,,https://www.cmu.ac.ir/fa/%D8%AF%D8%A7%D9%86%D8%B4%DA%A9%D8%AF%D9%87-%D9%87%D8%A7/%D8%AF%D8%A7%D9%86%D8%B4%DA%A9%D8%AF%D9%87-%D9%85%D9%87%D9%86%D8%AF%D8%B3%DB%8C-%D8%AF%D8%B1%DB%8C%D8%A7/-%D9%85%D8%AC%D8%AA%D9%85%D8%B9-%DA%A9%D8%A7%D8%B1%DA%AF%D8%A7%D9%87%DB%8C-%D9%88-%D8%A2%D8%B2%D9%85%D8%A7%DB%8C%D8%B4%DA%AF%D8%A7%D9%87%DB%8C-%D8%AF%D8%A7%D9%86%D8%B4%DA%A9%D8%AF%D9%87/%D8%A2%D8%B2%D9%85%D8%A7%DB%8C%D8%B4%DA%AF%D8%A7%D9%87-%DA%A9%D9%86%D8%AA%D8%B1%D9%84-%D8%AE%D8%B7%DB%8C,verified,2026-08-11
chabahar-maritime-discovery-unit-laboratory-eca38d35fb7e,chabahar-maritime,آزمایشگاه اندازه گیری مدار,laboratory,,,,https://www.cmu.ac.ir/fa/%D8%AF%D8%A7%D9%86%D8%B4%DA%A9%D8%AF%D9%87-%D9%87%D8%A7/%D8%AF%D8%A7%D9%86%D8%B4%DA%A9%D8%AF%D9%87-%D9%85%D9%87%D9%86%D8%AF%D8%B3%DB%8C-%D8%AF%D8%B1%DB%8C%D8%A7/-%D9%85%D8%AC%D8%AA%D9%85%D8%B9-%DA%A9%D8%A7%D8%B1%DA%AF%D8%A7%D9%87%DB%8C-%D9%88-%D8%A2%D8%B2%D9%85%D8%A7%DB%8C%D8%B4%DA%AF%D8%A7%D9%87%DB%8C-%D8%AF%D8%A7%D9%86%D8%B4%DA%A9%D8%AF%D9%87/%D8%A2%D8%B2%D9%85%D8%A7%DB%8C%D8%B4%DA%AF%D8%A7%D9%87-%D8%A7%D9%86%D8%AF%D8%A7%D8%B2%D9%87-%DA%AF%DB%8C%D8%B1%DB%8C-%D9%85%D8%AF%D8%A7%D8%B1,verified,2026-08-11
chabahar-maritime-discovery-unit-laboratory-9b5efc72bae1,chabahar-maritime,آزمایشگاه مبانی مهندسی برق,laboratory,,,,https://www.cmu.ac.ir/fa/%D8%AF%D8%A7%D9%86%D8%B4%DA%A9%D8%AF%D9%87-%D9%87%D8%A7/%D8%AF%D8%A7%D9%86%D8%B4%DA%A9%D8%AF%D9%87-%D9%85%D9%87%D9%86%D8%AF%D8%B3%DB%8C-%D8%AF%D8%B1%DB%8C%D8%A7/-%D9%85%D8%AC%D8%AA%D9%85%D8%B9-%DA%A9%D8%A7%D8%B1%DA%AF%D8%A7%D9%87%DB%8C-%D9%88-%D8%A2%D8%B2%D9%85%D8%A7%DB%8C%D8%B4%DA%AF%D8%A7%D9%87%DB%8C-%D8%AF%D8%A7%D9%86%D8%B4%DA%A9%D8%AF%D9%87/%D8%A2%D8%B2%D9%85%D8%A7%DB%8C%D8%B4%DA%AF%D8%A7%D9%87-%D9%85%D8%A8%D8%A7%D9%86%DB%8C-%D9%85%D9%87%D9%86%D8%AF%D8%B3%DB%8C-%D8%A8%D8%B1%D9%82,verified,2026-08-11
chabahar-maritime-discovery-unit-laboratory-e862ebbad2c8,chabahar-maritime,آزمایشگاه دیجیتال,laboratory,,,,https://www.cmu.ac.ir/fa/%D8%AF%D8%A7%D9%86%D8%B4%DA%A9%D8%AF%D9%87-%D9%87%D8%A7/%D8%AF%D8%A7%D9%86%D8%B4%DA%A9%D8%AF%D9%87-%D9%85%D9%87%D9%86%D8%AF%D8%B3%DB%8C-%D8%AF%D8%B1%DB%8C%D8%A7/-%D9%85%D8%AC%D8%AA%D9%85%D8%B9-%DA%A9%D8%A7%D8%B1%DA%AF%D8%A7%D9%87%DB%8C-%D9%88-%D8%A2%D8%B2%D9%85%D8%A7%DB%8C%D8%B4%DA%AF%D8%A7%D9%87%DB%8C-%D8%AF%D8%A7%D9%86%D8%B4%DA%A9%D8%AF%D9%87/%D8%A2%D8%B2%D9%85%D8%A7%DB%8C%D8%B4%DA%AF%D8%A7%D9%87-%D8%AF%DB%8C%D8%AC%DB%8C%D8%AA%D8%A7%D9%84,verified,2026-08-11
chabahar-maritime-discovery-unit-laboratory-7829974493dd,chabahar-maritime,آزمایشگاه فیزیک 1,laboratory,,,,https://www.cmu.ac.ir/fa/%D8%AF%D8%A7%D9%86%D8%B4%DA%A9%D8%AF%D9%87-%D9%87%D8%A7/%D8%AF%D8%A7%D9%86%D8%B4%DA%A9%D8%AF%D9%87-%D9%85%D9%87%D9%86%D8%AF%D8%B3%DB%8C-%D8%AF%D8%B1%DB%8C%D8%A7/-%D9%85%D8%AC%D8%AA%D9%85%D8%B9-%DA%A9%D8%A7%D8%B1%DA%AF%D8%A7%D9%87%DB%8C-%D9%88-%D8%A2%D8%B2%D9%85%D8%A7%DB%8C%D8%B4%DA%AF%D8%A7%D9%87%DB%8C-%D8%AF%D8%A7%D9%86%D8%B4%DA%A9%D8%AF%D9%87/%D8%A2%D8%B2%D9%85%D8%A7%DB%8C%D8%B4%DA%AF%D8%A7%D9%87-%D9%81%DB%8C%D8%B2%DB%8C%DA%A9-1,verified,2026-08-11
chabahar-maritime-discovery-unit-laboratory-73cfe29ae5b1,chabahar-maritime,آزمایشگاه فیزیک 2,laboratory,,,,https://www.cmu.ac.ir/fa/%D8%AF%D8%A7%D9%86%D8%B4%DA%A9%D8%AF%D9%87-%D9%87%D8%A7/%D8%AF%D8%A7%D9%86%D8%B4%DA%A9%D8%AF%D9%87-%D9%85%D9%87%D9%86%D8%AF%D8%B3%DB%8C-%D8%AF%D8%B1%DB%8C%D8%A7/-%D9%85%D8%AC%D8%AA%D9%85%D8%B9-%DA%A9%D8%A7%D8%B1%DA%AF%D8%A7%D9%87%DB%8C-%D9%88-%D8%A2%D8%B2%D9%85%D8%A7%DB%8C%D8%B4%DA%AF%D8%A7%D9%87%DB%8C-%D8%AF%D8%A7%D9%86%D8%B4%DA%A9%D8%AF%D9%87/%D8%A2%D8%B2%D9%85%D8%A7%DB%8C%D8%B4%DA%AF%D8%A7%D9%87-%D9%81%DB%8C%D8%B2%DB%8C%DA%A9-2,verified,2026-08-11
chabahar-maritime-discovery-unit-laboratory-5aad52ffaa94,chabahar-maritime,آزمایشگاه مهندسی دریا,laboratory,,,,https://www.cmu.ac.ir/fa/%D8%AF%D8%A7%D9%86%D8%B4%DA%A9%D8%AF%D9%87-%D9%87%D8%A7/%D8%AF%D8%A7%D9%86%D8%B4%DA%A9%D8%AF%D9%87-%D9%85%D9%87%D9%86%D8%AF%D8%B3%DB%8C-%D8%AF%D8%B1%DB%8C%D8%A7/-%D9%85%D8%AC%D8%AA%D9%85%D8%B9-%DA%A9%D8%A7%D8%B1%DA%AF%D8%A7%D9%87%DB%8C-%D9%88-%D8%A2%D8%B2%D9%85%D8%A7%DB%8C%D8%B4%DA%AF%D8%A7%D9%87%DB%8C-%D8%AF%D8%A7%D9%86%D8%B4%DA%A9%D8%AF%D9%87/%D8%A2%D8%B2%D9%85%D8%A7%DB%8C%D8%B4%DA%AF%D8%A7%D9%87-%D9%85%D9%87%D9%86%D8%AF%D8%B3%DB%8C-%D8%AF%D8%B1%DB%8C%D8%A7,verified,2026-08-11
chabahar-maritime-discovery-unit-library-841708e8ef6b,chabahar-maritime,نشریات علمی,library,,,,https://www.cmu.ac.ir/fa/%D8%B3%D8%A7%D9%85%D8%A7%D9%86%D9%87-%D9%87%D8%A7/%D9%86%D8%B4%D8%B1%DB%8C%D8%A7%D8%AA-%D8%B9%D9%84%D9%85%DB%8C,verified,2026-08-11
chabahar-maritime-discovery-unit-research-d9660a4a50bf,chabahar-maritime,چارت سازمانی,research,,,,https://www.cmu.ac.ir/fa/%D8%AF%D8%B1%D8%A8%D8%A7%D8%B1%D9%87-%D8%AF%D8%A7%D9%86%D8%B4%DA%AF%D8%A7%D9%87/%DA%86%D8%A7%D8%B1%D8%AA-%D8%B3%D8%A7%D8%B2%D9%85%D8%A7%D9%86%DB%8C,verified,2026-08-11
velayat-discovery-unit-library-c334b13101e4,velayat,شیوه نامه چاپ و نشر انتشارات دانشگاه ولایت - ۱۳۹۸ - مدیریت امور پژوهشی,library,,,,https://research.velayat.ac.ir/fa/regulation/58/%D8%B4%DB%8C%D9%88%D9%87-%D9%86%D8%A7%D9%85%D9%87-%DA%86%D8%A7%D9%BE-%D9%88-%D9%86%D8%B4%D8%B1-%D8%A7%D9%86%D8%AA%D8%B4%D8%A7%D8%B1%D8%A7%D8%AA-%D8%AF%D8%A7%D9%86%D8%B4%DA%AF%D8%A7%D9%87-%D9%88%D9%84%D8%A7%DB%8C%D8%AA-%DB%B1%DB%B3%DB%B9%DB%B8,verified,2026-08-11
velayat-discovery-unit-research-13f1cfff3b09,velayat,مدیریت امور پژوهشی,research,,,,https://research.velayat.ac.ir/fa,verified,2026-08-11
malayer-discovery-unit-library-e04f727a3e0a,malayer,کتابخانه مرکزی، مرکز اطلاع رسانی و انتشارات علمی - پورتال دانشگاه ملایر,library,,,,https://malayeru.ac.ir/portal/home/?22392/%DA%A9%D8%AA%D8%A7%D8%A8%D8%AE%D8%A7%D9%86%D9%87-%D9%85%D8%B1%DA%A9%D8%B2%DB%8C%D8%8C-%D9%85%D8%B1%DA%A9%D8%B2-%D8%A7%D8%B7%D9%84%D8%A7%D8%B9-%D8%B1%D8%B3%D8%A7%D9%86%DB%8C-%D9%88-%D8%A7%D9%86%D8%AA%D8%B4%D8%A7%D8%B1%D8%A7%D8%AA-%D8%B9%D9%84%D9%85%DB%8C,verified,2026-08-11
malayer-discovery-unit-industry-a36fa8404bac,malayer,گروه کارآفرینی و دفتر ارتباط با صنعت - پورتال دانشگاه ملایر,industry,,,,https://malayeru.ac.ir/portal/home/?19146/%DA%AF%D8%B1%D9%88%D9%87-%DA%A9%D8%A7%D8%B1%D8%A2%D9%81%D8%B1%DB%8C%D9%86%DB%8C-%D9%88-%D8%AF%D9%81%D8%AA%D8%B1-%D8%A7%D8%B1%D8%AA%D8%A8%D8%A7%D8%B7-%D8%A8%D8%A7-%D8%B5%D9%86%D8%B9%D8%AA,verified,2026-08-11
malayer-discovery-unit-library-8a049b739aaa,malayer,فرم ها - کتابخانه مرکزی، مرکز اطلاع رسانی و انتشارات علمی,library,,,,https://malayeru.ac.ir/portal/home/?file/22392/242186/%D9%81%D8%B1%D9%85-%D9%87%D8%A7/,verified,2026-08-11
malayer-discovery-unit-library-0753cdd8eceb,malayer,آئین نامه ها و دستورالعمل ها - کتابخانه مرکزی، مرکز اطلاع رسانی و انتشارات علمی,library,,,,https://malayeru.ac.ir/portal/home/?regulation/22392/242406/242407,verified,2026-08-11
malayer-discovery-unit-library-f1a4db1b8958,malayer,آئین نامه ها و دستورالعمل ها - کتابخانه مرکزی، مرکز اطلاع رسانی و انتشارات علمی,library,,,,https://malayeru.ac.ir/portal/home/?regulation/22392/242406/%D8%A2%D8%A6%DB%8C%D9%86-%D9%86%D8%A7%D9%85%D9%87-%D9%87%D8%A7-%D9%88-%D8%AF%D8%B3%D8%AA%D9%88%D8%B1%D8%A7%D9%84%D8%B9%D9%85%D9%84-%D9%87%D8%A7/1,verified,2026-08-11
malayer-discovery-unit-library-b37c9c2f6932,malayer,فرم عضويت کتابخانه براي همکاران قرارداد شرکتي.docx,library,,,,https://malayeru.ac.ir/portal/file/?242711/comment/%D9%81%D8%B1%D9%85-%D8%B9%D8%B6%D9%88%D9%8A%D8%AA-%DA%A9%D8%AA%D8%A7%D8%A8%D8%AE%D8%A7%D9%86%D9%87-%D8%A8%D8%B1%D8%A7%D9%8A-%D9%87%D9%85%DA%A9%D8%A7%D8%B1%D8%A7%D9%86-%D9%82%D8%B1%D8%A7%D8%B1%D8%AF%D8%A7%D8%AF-%D8%B4%D8%B1%DA%A9%D8%AA%D9%8A.docx,verified,2026-08-11
malayer-discovery-unit-library-c69b40ce5bcd,malayer,فرم عضويت کتابخانه براي اساتيد حق التدريس.pdf,library,,,,https://malayeru.ac.ir/portal/file/?242414/comment/%D9%81%D8%B1%D9%85-%D8%B9%D8%B6%D9%88%D9%8A%D8%AA-%DA%A9%D8%AA%D8%A7%D8%A8%D8%AE%D8%A7%D9%86%D9%87-%D8%A8%D8%B1%D8%A7%D9%8A-%D8%A7%D8%B3%D8%A7%D8%AA%D9%8A%D8%AF-%D8%AD%D9%82-%D8%A7%D9%84%D8%AA%D8%AF%D8%B1%D9%8A%D8%B3.pdf,verified,2026-08-11
malayer-discovery-unit-research-35388307ddf5,malayer,مدیریت امور پژوهشی - پورتال دانشگاه ملایر,research,,,,https://malayeru.ac.ir/portal/home/?658/%D9%85%D8%AF%DB%8C%D8%B1%DB%8C%D8%AA-%D8%A7%D9%85%D9%88%D8%B1-%D9%BE%DA%98%D9%88%D9%87%D8%B4%DB%8C,verified,2026-08-11
malayer-discovery-unit-research-44adbdf6a51d,malayer,دکتر ابراهیم غلامی حاتم - ارتباط با مدیریت امور پژوهشی و فناوری - مدیریت امور پژوهشی,research,,,,https://malayeru.ac.ir/portal/home/?person/658/101510/34264/,verified,2026-08-11
gonbad-kavous-discovery-unit-research-03a50d1784a7,gonbad-kavous,"مدیریت امور پژوهشی, دانشگاه گنبد کاووس",research,,,,https://gonbad.ac.ir/fa/home/page/120,verified,2026-08-11
gonbad-kavous-discovery-unit-research-be8740934da5,gonbad-kavous,"معرفی معاونت, دانشگاه گنبد کاووس",research,,,,https://gonbad.ac.ir/fa/home/page/589,verified,2026-08-11
gonbad-kavous-discovery-unit-research-c9dbedbf1963,gonbad-kavous,"ساختار سازمانی, دانشگاه گنبد کاووس",research,,,,https://gonbad.ac.ir/fa/home/page/592,verified,2026-08-11
gonbad-kavous-discovery-unit-library-a05151e142d8,gonbad-kavous,آخرین مهلت بازگشت کتاب‌های کتابخانه دانشگاه، دانشگاه گنبد کاووس,library,,,,https://gonbad.ac.ir/fa/home/details?newsId=41507,verified,2026-08-11
torbat-heydarieh-discovery-unit-it-0788eef20c50,torbat-heydarieh,اداره توسعه و مدیریت فناوری اطلاعات، امنیت و هوشمند سازی - دانشگاه تربت حیدریه,it,,,,https://torbath.ac.ir/fa/page/62/%D8%A7%D8%AF%D8%A7%D8%B1%D9%87-%D8%AA%D9%88%D8%B3%D8%B9%D9%87-%D9%88-%D9%85%D8%AF%DB%8C%D8%B1%DB%8C%D8%AA-%D9%81%D9%86%D8%A7%D9%88%D8%B1%DB%8C-%D8%A7%D8%B7%D9%84%D8%A7%D8%B9%D8%A7%D8%AA-%D8%A7%D9%85%D9%86%DB%8C%D8%AA-%D9%88-%D9%87%D9%88%D8%B4%D9%85%D9%86%D8%AF-%D8%B3%D8%A7%D8%B2%DB%8C,verified,2026-08-11
jahrom-discovery-unit-industry-202c28711c4f,jahrom,کارآفرینی و ارتباط با صنعت,industry,,,,https://jahromu.ac.ir/fa/tag/550/%DA%A9%D8%A7%D8%B1%D8%A2%D9%81%D8%B1%DB%8C%D9%86%DB%8C+%D9%88+%D8%A7%D8%B1%D8%AA%D8%A8%D8%A7%D8%B7+%D8%A8%D8%A7+%D8%B5%D9%86%D8%B9%D8%AA,verified,2026-08-11
jahrom-discovery-unit-it-2f288390b3f4,jahrom,گروه توسعه و فناوری اطلاعات و امنیت فضای مجازی,it,,,,https://jahromu.ac.ir/itcenter/fa,verified,2026-08-11
jiroft-discovery-unit-industry-4536151f364f,jiroft,گروه کارآفرینی و ارتباط با صنعت - معاونت پژوهش و فناوری,industry,,,,https://ujiroft.ac.ir/research/fa/page/262/%DA%AF%D8%B1%D9%88%D9%87-%DA%A9%D8%A7%D8%B1%D8%A2%D9%81%D8%B1%DB%8C%D9%86%DB%8C-%D9%88-%D8%A7%D8%B1%D8%AA%D8%A8%D8%A7%D8%B7-%D8%A8%D8%A7-%D8%B5%D9%86%D8%B9%D8%AA,verified,2026-08-11
jiroft-discovery-unit-library-20c4f9d279b5,jiroft,کتابخانه مرکزی و مرکز اطلاع‌رسانی - معاونت پژوهش و فناوری,library,,,,https://ujiroft.ac.ir/research/fa/page/255/%DA%A9%D8%AA%D8%A7%D8%A8%D8%AE%D8%A7%D9%86%D9%87-%D9%85%D8%B1%DA%A9%D8%B2%DB%8C-%D9%88-%D9%85%D8%B1%DA%A9%D8%B2-%D8%A7%D8%B7%D9%84%D8%A7%D8%B9-%D8%B1%D8%B3%D8%A7%D9%86%DB%8C,verified,2026-08-11
jiroft-discovery-unit-laboratory-c17048594633,jiroft,آزمایشگاه مرکزی - معاونت پژوهش و فناوری,laboratory,,,,https://ujiroft.ac.ir/research/fa/page/256/%D8%A2%D8%B2%D9%85%D8%A7%DB%8C%D8%B4%DA%AF%D8%A7%D9%87-%D9%85%D8%B1%DA%A9%D8%B2%DB%8C,verified,2026-08-11
jiroft-discovery-unit-technology-1da26fcd167c,jiroft,مرکز تخصصی نوآوری خرما,technology,,,,https://ujiroft.ac.ir/research/fa/content/11/%D9%85%D8%B1%DA%A9%D8%B2-%D8%AA%D8%AE%D8%B5%D8%B5%DB%8C-%D9%86%D9%88%D8%A2%D9%88%D8%B1%DB%8C-%D8%AE%D8%B1%D9%85%D8%A7,verified,2026-08-11
jiroft-discovery-unit-technology-da0ddbb7d65c,jiroft,کارآفرینی - معاونت پژوهش و فناوری,technology,,,,https://ujiroft.ac.ir/research/fa/page/267/%DA%A9%D8%A7%D8%B1%D8%A2%D9%81%D8%B1%DB%8C%D9%86%DB%8C,verified,2026-08-11
jiroft-discovery-unit-technology-146ef175926e,jiroft,مرکز رشد - معاونت پژوهش و فناوری,technology,,,,https://ujiroft.ac.ir/research/fa/page/272/%D9%85%D8%B1%DA%A9%D8%B2-%D8%B1%D8%B4%D8%AF,verified,2026-08-11
jiroft-discovery-unit-technology-a2e30ce60ae2,jiroft,معرفی مرکز رشد - معاونت پژوهش و فناوری,technology,,,,https://ujiroft.ac.ir/research/fa/page/273/%D9%85%D8%B9%D8%B1%D9%81%DB%8C-%D9%85%D8%B1%DA%A9%D8%B2-%D8%B1%D8%B4%D8%AF,verified,2026-08-11
salman-farsi-kazerun-discovery-unit-laboratory-d95111b0646f,salman-farsi-kazerun,آزمایشگاه های تخصصی - دانشگاه سلمان فارسی کازرون,laboratory,,,,https://kazerunsfu.ac.ir/fa/page/57/%D8%A2%D8%B2%D9%85%D8%A7%DB%8C%D8%B4%DA%AF%D8%A7%D9%87-%D9%87%D8%A7%DB%8C-%D8%AA%D8%AE%D8%B5%D8%B5%DB%8C,verified,2026-08-11
salman-farsi-kazerun-discovery-unit-library-e6c240bdccbb,salman-farsi-kazerun,کتابخانه مرکزی و مرکز اطلاع رسانی - دانشگاه سلمان فارسی کازرون,library,,,,https://kazerunsfu.ac.ir/fa/page/56/%DA%A9%D8%AA%D8%A7%D8%A8%D8%AE%D8%A7%D9%86%D9%87-%D9%85%D8%B1%DA%A9%D8%B2%DB%8C-%D9%88-%D9%85%D8%B1%DA%A9%D8%B2-%D8%A7%D8%B7%D9%84%D8%A7%D8%B9-%D8%B1%D8%B3%D8%A7%D9%86%DB%8C,verified,2026-08-11
salman-farsi-kazerun-discovery-unit-library-6c5a0904c79f,salman-farsi-kazerun,رئیس کتابخانه مرکزی - دانشگاه سلمان فارسی کازرون,library,,,,https://kazerunsfu.ac.ir/fa/page/42/%D8%B1%D8%A6%DB%8C%D8%B3-%DA%A9%D8%AA%D8%A7%D8%A8%D8%AE%D8%A7%D9%86%D9%87-%D9%85%D8%B1%DA%A9%D8%B2%DB%8C,verified,2026-08-11
salman-farsi-kazerun-discovery-unit-library-13f9e18cec14,salman-farsi-kazerun,کتابخانه تخصصی کازرون‌شناسی - دانشگاه سلمان فارسی کازرون,library,,,,https://kazerunsfu.ac.ir/fa/page/92/%DA%A9%D8%AA%D8%A7%D8%A8%D8%AE%D8%A7%D9%86%D9%87-%D8%AA%D8%AE%D8%B5%D8%B5%DB%8C-%DA%A9%D8%A7%D8%B2%D8%B1%D9%88%D9%86-%D8%B4%D9%86%D8%A7%D8%B3%DB%8C,verified,2026-08-11
salman-farsi-kazerun-discovery-unit-library-e62829fe9278,salman-farsi-kazerun,کتابخانه تخصصی پایداری - دانشگاه سلمان فارسی کازرون,library,,,,https://kazerunsfu.ac.ir/fa/page/93/%DA%A9%D8%AA%D8%A7%D8%A8%D8%AE%D8%A7%D9%86%D9%87-%D8%AA%D8%AE%D8%B5%D8%B5%DB%8C-%D9%BE%D8%A7%DB%8C%D8%AF%D8%A7%D8%B1%DB%8C,verified,2026-08-11
salman-farsi-kazerun-discovery-unit-library-da9f11fbef6d,salman-farsi-kazerun,کارمندان حوزه کتابخانه - دانشگاه سلمان فارسی کازرون,library,,,,https://kazerunsfu.ac.ir/fa/page/47/%DA%A9%D8%A7%D8%B1%D9%85%D9%86%D8%AF%D8%A7%D9%86-%D8%AD%D9%88%D8%B2%D9%87-%DA%A9%D8%AA%D8%A7%D8%A8%D8%AE%D8%A7%D9%86%D9%87,verified,2026-08-11
salman-farsi-kazerun-discovery-unit-laboratory-1e5ac135bf5e,salman-farsi-kazerun,کارمندان حوزه آزمایشگاه - دانشگاه سلمان فارسی کازرون,laboratory,,,,https://kazerunsfu.ac.ir/fa/page/41/%DA%A9%D8%A7%D8%B1%D9%85%D9%86%D8%AF%D8%A7%D9%86-%D8%AD%D9%88%D8%B2%D9%87-%D8%A2%D8%B2%D9%85%D8%A7%DB%8C%D8%B4%DA%AF%D8%A7%D9%87,verified,2026-08-11
salman-farsi-kazerun-discovery-unit-technology-01ab17c69854,salman-farsi-kazerun,مرکز نوآوری انرژی - دانشگاه سلمان فارسی کازرون,technology,,,,https://kazerunsfu.ac.ir/fa/page/86/%D9%85%D8%B1%DA%A9%D8%B2-%D9%86%D9%88%D8%A2%D9%88%D8%B1%DB%8C-%D8%A7%D9%86%D8%B1%DA%98%DB%8C,verified,2026-08-11
salman-farsi-kazerun-discovery-unit-research-83789a298cc8,salman-farsi-kazerun,Faculties & Departments - en,research,,,,https://kazerunsfu.ac.ir/en/page/170/faculties-departments,verified,2026-08-11
salman-farsi-kazerun-discovery-unit-research-7303b4eb51f3,salman-farsi-kazerun,مدیریت امور پژوهشی و فناوری - دانشگاه سلمان فارسی کازرون,research,,,,https://kazerunsfu.ac.ir/fa/page/59/%D9%85%D8%AF%DB%8C%D8%B1%DB%8C%D8%AA-%D8%A7%D9%85%D9%88%D8%B1-%D9%BE%DA%98%D9%88%D9%87%D8%B4%DB%8C-%D9%88-%D9%81%D9%86%D8%A7%D9%88%D8%B1%DB%8C,verified,2026-08-11
salman-farsi-kazerun-discovery-unit-it-90410b42b440,salman-farsi-kazerun,گروه توسعه و فناوری اطلاعات و امنیت فضای مجازی - دانشگاه سلمان فارسی کازرون,it,,organizationally-attributed,,https://kazerunsfu.ac.ir/fa/page/9/%DA%AF%D8%B1%D9%88%D9%87-%D8%AA%D9%88%D8%B3%D8%B9%D9%87-%D9%88-%D9%81%D9%86%D8%A7%D9%88%D8%B1%DB%8C-%D8%A7%D8%B7%D9%84%D8%A7%D8%B9%D8%A7%D8%AA-%D9%88-%D8%A7%D9%85%D9%86%DB%8C%D8%AA-%D9%81%D8%B6%D8%A7%DB%8C-%D9%85%D8%AC%D8%A7%D8%B2%DB%8C,verified,2026-08-11
bam-higher-ed-discovery-unit-laboratory-fb892a93fd5d,bam-higher-ed,آزمایشگاه مرکزی - معاونت پژوهشی مجتمع آموزشی عالی بم,laboratory,,,,https://research.bam.ac.ir/organigram/%d8%a2%d8%b2%d9%85%d8%a7%db%8c%d8%b4%da%af%d8%a7%d9%87-%d9%85%d8%b1%da%a9%d8%b2%db%8c/,verified,2026-08-11
bam-higher-ed-discovery-unit-library-07bd1aaa28fd,bam-higher-ed,مرکز اطلاع رسانی، کتابخانه و نشر - معاونت پژوهشی مجتمع آموزشی عالی بم,library,,,,https://research.bam.ac.ir/organigram/%d9%85%d8%b1%da%a9%d8%b2-%d8%a7%d8%b7%d9%84%d8%a7%d8%b9-%d8%b1%d8%b3%d8%a7%d9%86%db%8c%d8%8c-%da%a9%d8%aa%d8%a7%d8%a8%d8%ae%d8%a7%d9%86%d9%87-%d9%88-%d9%86%d8%b4%d8%b1/,verified,2026-08-11
bam-higher-ed-discovery-unit-technology-ef49db57715d,bam-higher-ed,مدیریت کارآفرینی و ارتباط با جامعه - معاونت پژوهشی مجتمع آموزشی عالی بم,technology,,,,https://research.bam.ac.ir/organigram/%d9%85%d8%af%db%8c%d8%b1%db%8c%d8%aa-%da%a9%d8%a7%d8%b1%d8%a2%d9%81%d8%b1%db%8c%d9%86%db%8c-%d9%88-%d8%a7%d8%b1%d8%aa%d8%a8%d8%a7%d8%b7-%d8%a8%d8%a7-%d8%ac%d8%a7%d9%85%d8%b9%d9%87/,verified,2026-08-11
bam-higher-ed-discovery-unit-technology-620f9d201d70,bam-higher-ed,مدیریت فناوری و توسعه نوآوری - معاونت پژوهشی مجتمع آموزشی عالی بم,technology,,,,https://research.bam.ac.ir/organigram/%d9%85%d8%af%db%8c%d8%b1%db%8c%d8%aa-%d9%81%d9%86%d8%a7%d9%88%d8%b1%db%8c-%d9%88-%d8%aa%d9%88%d8%b3%d8%b9%d9%87-%d9%86%d9%88%d8%a2%d9%88%d8%b1%db%8c/,verified,2026-08-11
bam-higher-ed-discovery-unit-technology-a1e29409e3ac,bam-higher-ed,اولین جشنواره ایده­ های خلاقانه و استارت آپ ­دی، توسط معاونت پژوهشی و مرکز رشد مجتمع آموزش عالی بم برگزار شد - مجتمع آموزشی عالی بم,technology,,,,https://www.bam.ac.ir/%d8%a7%d9%88%d9%84%db%8c%d9%86-%d8%ac%d8%b4%d9%86%d9%88%d8%a7%d8%b1%d9%87-%d8%a7%db%8c%d8%af%d9%87%d9%87%d8%a7%db%8c-%d8%ae%d9%84%d8%a7%d9%82%d8%a7%d9%86%d9%87-%d9%88-%d8%a7%d8%b3%d8%aa%d8%a7/,verified,2026-08-11
bam-higher-ed-discovery-unit-research-8fafa81c58c5,bam-higher-ed,معرفی معاونت - معاونت پژوهشی مجتمع آموزشی عالی بم,research,,,,https://research.bam.ac.ir/deputy-introduction/,verified,2026-08-11
neyshabur-discovery-unit-laboratory-558050447728,neyshabur,ایمنی عمومی کلیه آزمایشگاه ها - آزمایشگاه مرکزی دانشگاه نیشابور,laboratory,,,,https://centlab.neyshabur.ac.ir/fa/page/601/%D8%A7%DB%8C%D9%85%D9%86%DB%8C-%D8%B9%D9%85%D9%88%D9%85%DB%8C-%DA%A9%D9%84%DB%8C%D9%87-%D8%A2%D8%B2%D9%85%D8%A7%DB%8C%D8%B4%DA%AF%D8%A7%D9%87-%D9%87%D8%A7,verified,2026-08-11
neyshabur-discovery-unit-laboratory-20a1fc7e19e7,neyshabur,ایمنی عمومی آزمایشگاه های تحقیقاتی - آزمایشگاه مرکزی دانشگاه نیشابور,laboratory,,,,https://centlab.neyshabur.ac.ir/fa/page/597/%D8%A7%DB%8C%D9%85%D9%86%DB%8C-%D8%B9%D9%85%D9%88%D9%85%DB%8C-%D8%A2%D8%B2%D9%85%D8%A7%DB%8C%D8%B4%DA%AF%D8%A7%D9%87-%D9%87%D8%A7%DB%8C-%D8%AA%D8%AD%D9%82%DB%8C%D9%82%D8%A7%D8%AA%DB%8C,verified,2026-08-11
neyshabur-discovery-unit-laboratory-246e3350eb49,neyshabur,ایمنی تجهیزات آزمایشگاه های برق - آزمایشگاه مرکزی دانشگاه نیشابور,laboratory,,,,https://centlab.neyshabur.ac.ir/fa/page/599/%D8%A7%DB%8C%D9%85%D9%86%DB%8C-%D8%AA%D8%AC%D9%87%DB%8C%D8%B2%D8%A7%D8%AA-%D8%A2%D8%B2%D9%85%D8%A7%DB%8C%D8%B4%DA%AF%D8%A7%D9%87-%D9%87%D8%A7%DB%8C-%D8%A8%D8%B1%D9%82,verified,2026-08-11
neyshabur-discovery-unit-laboratory-66281c7c7087,neyshabur,آزمایشگاه های عمومی آزمایشگاه های آموزشی مهندسی برق - آزمایشگاه مرکزی دانشگاه نیشابور,laboratory,,,,https://centlab.neyshabur.ac.ir/fa/page/580/%D8%A2%D8%B2%D9%85%D8%A7%DB%8C%D8%B4%DA%AF%D8%A7%D9%87-%D9%87%D8%A7%DB%8C-%D8%B9%D9%85%D9%88%D9%85%DB%8C-%D8%A2%D8%B2%D9%85%D8%A7%DB%8C%D8%B4%DA%AF%D8%A7%D9%87-%D9%87%D8%A7%DB%8C-%D8%A2%D9%85%D9%88%D8%B2%D8%B4%DB%8C-%D9%85%D9%87%D9%86%D8%AF%D8%B3%DB%8C-%D8%A8%D8%B1%D9%82,verified,2026-08-11
neyshabur-discovery-unit-laboratory-3e04113502f9,neyshabur,آزمایشگاه آنالوگ و دیجیتال آزمایشگاه های آموزشی گروه مهندسی برق - آزمایشگاه مرکزی دانشگاه نیشابور,laboratory,,,,https://centlab.neyshabur.ac.ir/fa/page/581/%D8%A2%D8%B2%D9%85%D8%A7%DB%8C%D8%B4%DA%AF%D8%A7%D9%87-%D8%A2%D9%86%D8%A7%D9%84%D9%88%DA%AF-%D9%88-%D8%AF%DB%8C%D8%AC%DB%8C%D8%AA%D8%A7%D9%84-%D8%A2%D8%B2%D9%85%D8%A7%DB%8C%D8%B4%DA%AF%D8%A7%D9%87-%D9%87%D8%A7%DB%8C-%D8%A2%D9%85%D9%88%D8%B2%D8%B4%DB%8C-%DA%AF%D8%B1%D9%88%D9%87-%D9%85%D9%87%D9%86%D8%AF%D8%B3%DB%8C-%D8%A8%D8%B1%D9%82,verified,2026-08-11
neyshabur-discovery-unit-library-b2d21bbda802,neyshabur,کتابخانه مرکزی,library,,,,https://library.neyshabur.ac.ir/fa/tag/2156/%DA%A9%D8%AA%D8%A7%D8%A8%D8%AE%D8%A7%D9%86%D9%87+%D9%85%D8%B1%DA%A9%D8%B2%DB%8C,verified,2026-08-11
neyshabur-discovery-unit-library-32c7aba350aa,neyshabur,قوانین و مقررات کتابخانه مرکزی,library,,,,https://library.neyshabur.ac.ir/fa/tag/2165/%D9%82%D9%88%D8%A7%D9%86%DB%8C%D9%86+%D9%88+%D9%85%D9%82%D8%B1%D8%B1%D8%A7%D8%AA+%DA%A9%D8%AA%D8%A7%D8%A8%D8%AE%D8%A7%D9%86%D9%87+%D9%85%D8%B1%DA%A9%D8%B2%DB%8C,verified,2026-08-11
neyshabur-discovery-unit-library-1d0ac0ce6e96,neyshabur,کتابخانه مرکزی دانشگاه نیشابور,library,,,,https://library.neyshabur.ac.ir/fa,verified,2026-08-11
neyshabur-discovery-unit-library-f0f2d0a55481,neyshabur,قوانین و مقررات کتابخانه مرکزی - کتابخانه مرکزی دانشگاه نیشابور,library,,,,https://library.neyshabur.ac.ir/fa/page/709/%D9%82%D9%88%D8%A7%D9%86%DB%8C%D9%86-%D9%88-%D9%85%D9%82%D8%B1%D8%B1%D8%A7%D8%AA-%DA%A9%D8%AA%D8%A7%D8%A8%D8%AE%D8%A7%D9%86%D9%87-%D9%85%D8%B1%DA%A9%D8%B2%DB%8C,verified,2026-08-11
neyshabur-discovery-unit-library-68f7bbed3aad,neyshabur,معرفی کتابخانه مرکزی و مرکز اطلاع رسانی - کتابخانه مرکزی دانشگاه نیشابور,library,,,,https://library.neyshabur.ac.ir/fa/page/706/%D9%85%D8%B9%D8%B1%D9%81%DB%8C-%DA%A9%D8%AA%D8%A7%D8%A8%D8%AE%D8%A7%D9%86%D9%87-%D9%85%D8%B1%DA%A9%D8%B2%DB%8C-%D9%88-%D9%85%D8%B1%DA%A9%D8%B2-%D8%A7%D8%B7%D9%84%D8%A7%D8%B9-%D8%B1%D8%B3%D8%A7%D9%86%DB%8C,verified,2026-08-11
neyshabur-discovery-unit-laboratory-0b98f1ac1777,neyshabur,درباره آزمایشگاه مرکزی - آزمایشگاه مرکزی دانشگاه نیشابور,laboratory,,,,https://centlab.neyshabur.ac.ir/fa/page/578/%D8%AF%D8%B1%D8%A8%D8%A7%D8%B1%D9%87-%D8%A2%D8%B2%D9%85%D8%A7%DB%8C%D8%B4%DA%AF%D8%A7%D9%87-%D9%85%D8%B1%DA%A9%D8%B2%DB%8C,verified,2026-08-11
neyshabur-discovery-unit-laboratory-720cfa956039,neyshabur,کاتالوگ تجهیزات آزمایشگاه مرکزی - آزمایشگاه مرکزی دانشگاه نیشابور,laboratory,,,,https://centlab.neyshabur.ac.ir/fa/page/607/%DA%A9%D8%A7%D8%AA%D8%A7%D9%84%D9%88%DA%AF-%D8%AA%D8%AC%D9%87%DB%8C%D8%B2%D8%A7%D8%AA-%D8%A2%D8%B2%D9%85%D8%A7%DB%8C%D8%B4%DA%AF%D8%A7%D9%87-%D9%85%D8%B1%DA%A9%D8%B2%DB%8C,verified,2026-08-11
neyshabur-discovery-unit-library-425c5aafcdd8,neyshabur,بخش‌های کتابخانه - کتابخانه مرکزی دانشگاه نیشابور,library,,,,https://library.neyshabur.ac.ir/fa/page/707/%D8%A8%D8%AE%D8%B4-%D9%87%D8%A7%DB%8C-%DA%A9%D8%AA%D8%A7%D8%A8%D8%AE%D8%A7%D9%86%D9%87,verified,2026-08-11
neyshabur-discovery-unit-library-107601dda41a,neyshabur,راهنمای تسویه‌حساب کتابخانه - کتابخانه مرکزی دانشگاه نیشابور,library,,,,https://library.neyshabur.ac.ir/fa/page/714/%D8%B1%D8%A7%D9%87%D9%86%D9%85%D8%A7%DB%8C-%D8%AA%D8%B3%D9%88%DB%8C%D9%87-%D8%AD%D8%B3%D8%A7%D8%A8-%DA%A9%D8%AA%D8%A7%D8%A8%D8%AE%D8%A7%D9%86%D9%87,verified,2026-08-11
neyshabur-discovery-unit-library-2850b7a0887c,neyshabur,کارکنان کتابخانه - کتابخانه مرکزی دانشگاه نیشابور,library,,,,https://library.neyshabur.ac.ir/fa/page/708/%DA%A9%D8%A7%D8%B1%DA%A9%D9%86%D8%A7%D9%86-%DA%A9%D8%AA%D8%A7%D8%A8%D8%AE%D8%A7%D9%86%D9%87,verified,2026-08-11
neyshabur-discovery-unit-library-7217cc03f230,neyshabur,گزارش عملکرد کتابخانه - کتابخانه مرکزی دانشگاه نیشابور,library,,,,https://library.neyshabur.ac.ir/fa/page/710/%DA%AF%D8%B2%D8%A7%D8%B1%D8%B4-%D8%B9%D9%85%D9%84%DA%A9%D8%B1%D8%AF-%DA%A9%D8%AA%D8%A7%D8%A8%D8%AE%D8%A7%D9%86%D9%87,verified,2026-08-11
neyshabur-discovery-unit-library-9475b47c650d,neyshabur,نورلایب (کتابخانه دیجیتال نور) - کتابخانه مرکزی دانشگاه نیشابور,library,,,,https://library.neyshabur.ac.ir/fa/page/720/%D9%86%D9%88%D8%B1%D9%84%D8%A7%DB%8C%D8%A8-%DA%A9%D8%AA%D8%A7%D8%A8%D8%AE%D8%A7%D9%86%D9%87-%D8%AF%DB%8C%D8%AC%DB%8C%D8%AA%D8%A7%D9%84-%D9%86%D9%88%D8%B1-,verified,2026-08-11
neyshabur-discovery-unit-library-bd866648fd9e,neyshabur,کتابخانه دیجیتال آستان قدس رضوی - کتابخانه مرکزی دانشگاه نیشابور,library,,,,https://library.neyshabur.ac.ir/fa/page/723/%DA%A9%D8%AA%D8%A7%D8%A8%D8%AE%D8%A7%D9%86%D9%87-%D8%AF%DB%8C%D8%AC%DB%8C%D8%AA%D8%A7%D9%84-%D8%A2%D8%B3%D8%AA%D8%A7%D9%86-%D9%82%D8%AF%D8%B3-%D8%B1%D8%B6%D9%88%DB%8C,verified,2026-08-11
neyshabur-discovery-unit-industry-076bc70f27a0,neyshabur,گروه کارآفرینی، ارتباط با جامعه و صنعت دانشگاه نیشابور,industry,,,,https://irm.neyshabur.ac.ir/fa,verified,2026-08-11
neyshabur-discovery-unit-laboratory-914c53ef90a0,neyshabur,آزمایشگاه مرکزی دانشگاه نیشابور,laboratory,,,,https://centlab.neyshabur.ac.ir/fa,verified,2026-08-11
neyshabur-discovery-unit-library-4fbcc8cad0b9,neyshabur,راهنمای تسویه حساب کتابخانه,library,,,,https://library.neyshabur.ac.ir/fa/tag/2170/%D8%B1%D8%A7%D9%87%D9%86%D9%85%D8%A7%DB%8C+%D8%AA%D8%B3%D9%88%DB%8C%D9%87+%D8%AD%D8%B3%D8%A7%D8%A8+%DA%A9%D8%AA%D8%A7%D8%A8%D8%AE%D8%A7%D9%86%D9%87,verified,2026-08-11
neyshabur-discovery-unit-library-d34aac1056ca,neyshabur,بخش‌های کتابخانه,library,,,,https://library.neyshabur.ac.ir/fa/tag/2163/%D8%A8%D8%AE%D8%B4%E2%80%8C%D9%87%D8%A7%DB%8C+%DA%A9%D8%AA%D8%A7%D8%A8%D8%AE%D8%A7%D9%86%D9%87,verified,2026-08-11
neyshabur-discovery-unit-library-79ba1394c584,neyshabur,کارکنان کتابخانه,library,,,,https://library.neyshabur.ac.ir/fa/tag/2164/%DA%A9%D8%A7%D8%B1%DA%A9%D9%86%D8%A7%D9%86+%DA%A9%D8%AA%D8%A7%D8%A8%D8%AE%D8%A7%D9%86%D9%87,verified,2026-08-11
neyshabur-discovery-unit-library-b6d9bdd238f5,neyshabur,گزارش عملکرد کتابخانه,library,,,,https://library.neyshabur.ac.ir/fa/tag/2166/%DA%AF%D8%B2%D8%A7%D8%B1%D8%B4+%D8%B9%D9%85%D9%84%DA%A9%D8%B1%D8%AF+%DA%A9%D8%AA%D8%A7%D8%A8%D8%AE%D8%A7%D9%86%D9%87,verified,2026-08-11
neyshabur-discovery-unit-library-f800392c6f8c,neyshabur,نورلایب (کتابخانه دیجیتال نور),library,,,,https://library.neyshabur.ac.ir/fa/tag/2176/%D9%86%D9%88%D8%B1%D9%84%D8%A7%DB%8C%D8%A8+%28%DA%A9%D8%AA%D8%A7%D8%A8%D8%AE%D8%A7%D9%86%D9%87+%D8%AF%DB%8C%D8%AC%DB%8C%D8%AA%D8%A7%D9%84+%D9%86%D9%88%D8%B1%29,verified,2026-08-11
neyshabur-discovery-unit-library-33fef35969fe,neyshabur,سامانه ملی ثبت پایان نامه - کتابخانه مرکزی دانشگاه نیشابور,library,,,,https://library.neyshabur.ac.ir/fa/page/728/%D8%B3%D8%A7%D9%85%D8%A7%D9%86%D9%87-%D9%85%D9%84%DB%8C-%D8%AB%D8%A8%D8%AA-%D9%BE%D8%A7%DB%8C%D8%A7%D9%86-%D9%86%D8%A7%D9%85%D9%87,verified,2026-08-11
neyshabur-discovery-unit-library-b0153074b29d,neyshabur,راهنمای استفاده از منابع و پایگاه های علمی و اطلاعاتی - کتابخانه مرکزی دانشگاه نیشابور,library,,,,https://library.neyshabur.ac.ir/fa/page/736/%D8%B1%D8%A7%D9%87%D9%86%D9%85%D8%A7%DB%8C-%D8%A7%D8%B3%D8%AA%D9%81%D8%A7%D8%AF%D9%87-%D8%A7%D8%B2-%D9%85%D9%86%D8%A7%D8%A8%D8%B9-%D9%88-%D9%BE%D8%A7%DB%8C%DA%AF%D8%A7%D9%87-%D9%87%D8%A7%DB%8C-%D8%B9%D9%84%D9%85%DB%8C-%D9%88-%D8%A7%D8%B7%D9%84%D8%A7%D8%B9%D8%A7%D8%AA%DB%8C,verified,2026-08-11
neyshabur-discovery-unit-library-3cf06a95f0e4,neyshabur,راهنمای جستجو، امانت و تمدید - کتابخانه مرکزی دانشگاه نیشابور,library,,,,https://library.neyshabur.ac.ir/fa/page/738/%D8%B1%D8%A7%D9%87%D9%86%D9%85%D8%A7%DB%8C-%D8%AC%D8%B3%D8%AA%D8%AC%D9%88-%D8%A7%D9%85%D8%A7%D9%86%D8%AA-%D9%88-%D8%AA%D9%85%D8%AF%DB%8C%D8%AF,verified,2026-08-11
neyshabur-discovery-unit-library-37fdfdc261fb,neyshabur,راهنمای مهارت‌افزایی - کتابخانه مرکزی دانشگاه نیشابور,library,,,,https://library.neyshabur.ac.ir/fa/page/739/%D8%B1%D8%A7%D9%87%D9%86%D9%85%D8%A7%DB%8C-%D9%85%D9%87%D8%A7%D8%B1%D8%AA-%D8%A7%D9%81%D8%B2%D8%A7%DB%8C%DB%8C,verified,2026-08-11
neyshabur-discovery-unit-industry-78693654c947,neyshabur,فرم‌ها و آئین‌نامه‌ها - گروه کارآفرینی، ارتباط با جامعه و صنعت دانشگاه نیشابور,industry,,,,https://irm.neyshabur.ac.ir/fa/page/682/%D9%81%D8%B1%D9%85-%D9%87%D8%A7-%D9%88-%D8%A2%D8%A6%DB%8C%D9%86-%D9%86%D8%A7%D9%85%D9%87-%D9%87%D8%A7,verified,2026-08-11
neyshabur-discovery-unit-laboratory-1b6a41fc64d5,neyshabur,فرم‌های پژوهشی - آزمایشگاه مرکزی دانشگاه نیشابور,laboratory,,,,https://centlab.neyshabur.ac.ir/fa/page/596/%D9%81%D8%B1%D9%85-%D9%87%D8%A7%DB%8C-%D9%BE%DA%98%D9%88%D9%87%D8%B4%DB%8C,verified,2026-08-11
neyshabur-discovery-unit-laboratory-2bc62a7b1012,neyshabur,آیین‌نامه‌ - آزمایشگاه مرکزی دانشگاه نیشابور,laboratory,,,,https://centlab.neyshabur.ac.ir/fa/page/595/%D8%A2%DB%8C%DB%8C%D9%86-%D9%86%D8%A7%D9%85%D9%87-,verified,2026-08-11
eghlid-higher-ed-discovery-unit-laboratory-cbdb6c01c331,eghlid-higher-ed,آزمایشگاه فیزیک - مرکز آموزش عالی اقلید,laboratory,,,,https://www.eghlid.ac.ir/%d9%85%d9%86%d8%b7%d9%82%d9%87-%d8%b4%da%a9%d8%a7%d8%b1-%d9%85%d9%85%d9%86%d9%88%d8%b9-%d8%a8%d8%b5%db%8c%d8%b1%d8%a7%d9%86/,verified,2026-08-11
eghlid-higher-ed-discovery-unit-laboratory-a7882cb6a640,eghlid-higher-ed,آزمایشگاه برق - مرکز آموزش عالی اقلید,laboratory,,,,https://www.eghlid.ac.ir/%d8%af%db%8c%d8%af%d9%86%db%8c%e2%80%8c%d9%87%d8%a7%db%8c-%d8%a7%d9%82%d9%84%db%8c%d8%af/,verified,2026-08-11
iust-discovery-unit-library-c68226be564a,iust,کتابخانه و مرکز اسناد علمی و اطلاع رسانی دانشگاه علم و صنعت ایران – کتابخانه و مرکز اسناد علمی و اطلاع رسانی دانشگاه علم وصنعت ایران (کتابخانه دانشگاه علم و صنعت ایران),library,,,,http://library.iust.ac.ir/,verified,2026-08-11
iust-discovery-unit-library-3525c3731a1c,iust,کتابخانه و مرکز اسناد علمی و اطلاع رسانی دانشگاه علم و صنعت ایران – کتابخانه و مرکز اسناد علمی و اطلاع رسانی دانشگاه علم وصنعت ایران (کتابخانه دانشگاه علم و صنعت ایران),library,,,,https://library.iust.ac.ir/,verified,2026-08-11
iust-discovery-unit-laboratory-69f1341bdebe,iust,آزمایشگاه های تحقیقاتی - دانشگاه علم و صنعت ایران -,laboratory,,,,https://cepsao.iust.ac.ir/page/3842/%D8%A2%D8%B2%D9%85%D8%A7%DB%8C%D8%B4%DA%AF%D8%A7%D9%87-%D9%87%D8%A7%DB%8C-%D8%AA%D8%AD%D9%82%DB%8C%D9%82%D8%A7%D8%AA%DB%8C,verified,2026-08-11
iust-discovery-unit-it-e7421f6bc1d9,iust,به پرتال مرکز فناوری اطلاعات و ارتباطات خوش آمدید | پرتال مرکز فناوری اطلاعات و ارتباطات,it,,,,https://its.iust.ac.ir/,verified,2026-08-11
iust-discovery-unit-library-edeb35dad332,iust,تغییر ساعت کاری کتابخانه و مرکز اسناد امام رضا (ع) – کتابخانه و مرکز اسناد علمی و اطلاع رسانی دانشگاه علم و صنعت ایران,library,,,,http://library.iust.ac.ir/%D8%AA%D8%BA%DB%8C%DB%8C%D8%B1-%D8%B3%D8%A7%D8%B9%D8%AA-%DA%A9%D8%A7%D8%B1%DB%8C-%DA%A9%D8%AA%D8%A7%D8%A8%D8%AE%D8%A7%D9%86%D9%87-%D9%88-%D9%85%D8%B1%DA%A9%D8%B2-%D8%A7%D8%B3%D9%86%D8%A7%D8%AF-%D8%A7/,verified,2026-08-11
iust-discovery-unit-library-f814d9982780,iust,تغییر ساعت کاری کتابخانه و مرکز اسناد امام رضا (ع) – کتابخانه و مرکز اسناد علمی و اطلاع رسانی دانشگاه علم و صنعت ایران,library,,,,https://library.iust.ac.ir/%D8%AA%D8%BA%DB%8C%DB%8C%D8%B1-%D8%B3%D8%A7%D8%B9%D8%AA-%DA%A9%D8%A7%D8%B1%DB%8C-%DA%A9%D8%AA%D8%A7%D8%A8%D8%AE%D8%A7%D9%86%D9%87-%D9%88-%D9%85%D8%B1%DA%A9%D8%B2-%D8%A7%D8%B3%D9%86%D8%A7%D8%AF-%D8%A7/,verified,2026-08-11
iust-discovery-unit-library-f0770d58192b,iust,فرم‌ها – کتابخانه و مرکز اسناد علمی و اطلاع رسانی دانشگاه علم و صنعت ایران,library,,,,http://library.iust.ac.ir/form/,verified,2026-08-11
iust-discovery-unit-library-81d240538d1e,iust,آیین نامه‌های داخلی – کتابخانه و مرکز اسناد علمی و اطلاع رسانی دانشگاه علم و صنعت ایران,library,,,,http://library.iust.ac.ir/regulation/,verified,2026-08-11
iust-discovery-unit-library-b8ceb8179338,iust,فرایند تسویه حساب و بارگذاری پایان‌نامه کارشناسی – کتابخانه و مرکز اسناد علمی و اطلاع رسانی دانشگاه علم و صنعت ایران,library,,,,http://library.iust.ac.ir/bs/,verified,2026-08-11
iust-discovery-unit-library-9c480d87ce2b,iust,فرایند تسویه حساب و بارگذاری پایان‌نامه کارشناسی ارشد و دکتری – کتابخانه و مرکز اسناد علمی و اطلاع رسانی دانشگاه علم و صنعت ایران,library,,,,http://library.iust.ac.ir/phd/,verified,2026-08-11
iust-discovery-unit-library-36165436fa2e,iust,فرم‌ها – کتابخانه و مرکز اسناد علمی و اطلاع رسانی دانشگاه علم و صنعت ایران,library,,,,https://library.iust.ac.ir/form/,verified,2026-08-11
iust-discovery-unit-library-dbb7ccde63e2,iust,آیین نامه‌های داخلی – کتابخانه و مرکز اسناد علمی و اطلاع رسانی دانشگاه علم و صنعت ایران,library,,,,https://library.iust.ac.ir/regulation/,verified,2026-08-11
iust-discovery-unit-library-3f8fbedf06b7,iust,فرایند تسویه حساب و بارگذاری پایان‌نامه کارشناسی – کتابخانه و مرکز اسناد علمی و اطلاع رسانی دانشگاه علم و صنعت ایران,library,,,,https://library.iust.ac.ir/bs/,verified,2026-08-11
iust-discovery-unit-library-290d1fab393b,iust,فرایند تسویه حساب و بارگذاری پایان‌نامه کارشناسی ارشد و دکتری – کتابخانه و مرکز اسناد علمی و اطلاع رسانی دانشگاه علم و صنعت ایران,library,,,,https://library.iust.ac.ir/phd/,verified,2026-08-11
iust-discovery-unit-library-df09a0efea3c,iust,دستورالعمل پذیرش کتب اهدایی به کتابخانه و مرکز اسناد دانشگاه علم و صنعت ایران – کتابخانه و مرکز اسناد علمی و اطلاع رسانی دانشگاه علم و صنعت ایران,library,,,,http://library.iust.ac.ir/portfolio/%D8%AF%D8%B3%D8%AA%D9%88%D8%B1%D8%A7%D9%84%D8%B9%D9%85%D9%84-%D9%BE%D8%B0%DB%8C%D8%B1%D8%B4-%DA%A9%D8%AA%D8%A8-%D8%A7%D9%87%D8%AF%D8%A7%DB%8C%DB%8C-%D8%A8%D9%87-%DA%A9%D8%AA%D8%A7%D8%A8%D8%AE%D8%A7/,verified,2026-08-11
iust-discovery-unit-library-69ed5243b8bf,iust,دستورالعمل استفاده از پایان نامه های دانشگاه علم و صنعت ایران – کتابخانه و مرکز اسناد علمی و اطلاع رسانی دانشگاه علم و صنعت ایران,library,,,,http://library.iust.ac.ir/portfolio/%D8%AF%D8%B3%D8%AA%D9%88%D8%B1%D8%A7%D9%84%D8%B9%D9%85%D9%84-%D8%A7%D8%B3%D8%AA%D9%81%D8%A7%D8%AF%D9%87-%D8%A7%D8%B2-%D9%BE%D8%A7%DB%8C%D8%A7%D9%86-%D9%86%D8%A7%D9%85%D9%87-%D9%87%D8%A7%DB%8C-%D8%AF/,verified,2026-08-11
iust-discovery-unit-library-66dda709b5c0,iust,علم‌سنجی – کتابخانه و مرکز اسناد علمی و اطلاع رسانی دانشگاه علم و صنعت ایران,library,,,,http://library.iust.ac.ir/scientometrics/,verified,2026-08-11
iust-discovery-unit-it-071ee0279dc7,iust,سامانه پشتیبانی | پرتال مرکز فناوری اطلاعات و ارتباطات,it,,,,https://its.iust.ac.ir/service/helpdesk,verified,2026-08-11
iust-discovery-unit-library-d6fc25531ffb,iust,مرکز انتشارات دانشگاه علم و صنعت ایران,library,,,,http://publication.iust.ac.ir/,verified,2026-08-11
iust-discovery-unit-research-7b6f3422d0ed,iust,چارت سازمانی – معاونت پژوهشی و تعاملات صنعتی,research,,,,https://research.iust.ac.ir/organizational-units/,verified,2026-08-11
iust-discovery-unit-research-2c2830e30b94,iust,معرفی معاونت و همکاران حوزه معاونت – معاونت پژوهشی و تعاملات صنعتی,research,,,,https://research.iust.ac.ir/people/dean/,verified,2026-08-11
iust-discovery-unit-library-f2e9ca2a34da,iust,تیم‌سازی راهنمایی برای مدیران – مرکز انتشارات دانشگاه علم و صنعت ایران,library,,,,http://publication.iust.ac.ir/product/%D8%AA%DB%8C%D9%85%D8%B3%D8%A7%D8%B2%DB%8C-%D8%B1%D8%A7%D9%87%D9%86%D9%85%D8%A7%DB%8C%DB%8C-%D8%A8%D8%B1%D8%A7%DB%8C-%D9%85%D8%AF%DB%8C%D8%B1%D8%A7%D9%86/,verified,2026-08-11
iust-discovery-unit-library-86d34b3b2c86,iust,تیم‌سازی راهنمایی برای مدیران – مرکز انتشارات دانشگاه علم و صنعت ایران,library,,,,http://publication.iust.ac.ir/product/%D8%AA%DB%8C%D9%85%D8%B3%D8%A7%D8%B2%DB%8C-%D8%B1%D8%A7%D9%87%D9%86%D9%85%D8%A7%DB%8C%DB%8C-%D8%A8%D8%B1%D8%A7%DB%8C-%D9%85%D8%AF%DB%8C%D8%B1%D8%A7%D9%86/?add-to-cart=2046,verified,2026-08-11
iust-discovery-unit-library-31aa85a1914c,iust,تیم‌سازی راهنمایی برای مدیران – مرکز انتشارات دانشگاه علم و صنعت ایران,library,,,,http://publication.iust.ac.ir/product/%D8%AA%DB%8C%D9%85%D8%B3%D8%A7%D8%B2%DB%8C-%D8%B1%D8%A7%D9%87%D9%86%D9%85%D8%A7%DB%8C%DB%8C-%D8%A8%D8%B1%D8%A7%DB%8C-%D9%85%D8%AF%DB%8C%D8%B1%D8%A7%D9%86/?add-to-cart=1252,verified,2026-08-11
iust-discovery-unit-library-1bcf545f1e78,iust,تیم‌سازی راهنمایی برای مدیران – مرکز انتشارات دانشگاه علم و صنعت ایران,library,,,,http://publication.iust.ac.ir/product/%D8%AA%DB%8C%D9%85%D8%B3%D8%A7%D8%B2%DB%8C-%D8%B1%D8%A7%D9%87%D9%86%D9%85%D8%A7%DB%8C%DB%8C-%D8%A8%D8%B1%D8%A7%DB%8C-%D9%85%D8%AF%DB%8C%D8%B1%D8%A7%D9%86/?add-to-cart=1970,verified,2026-08-11
sharif-discovery-unit-industry-16e939fb119b,sharif,مدیریت ارتباط با صنعت - معاونت پژوهش و فناوری,industry,,,,https://research.sharif.ir/management-of-relations-with-the-industry,verified,2026-08-11
sharif-discovery-unit-research-2cb628f9e70c,sharif,مدیریت امور پژوهشی - معاونت پژوهش و فناوری,research,,,,https://research.sharif.ir/management-of-research-affairs,verified,2026-08-11
sharif-discovery-unit-research-fadb96ab352f,sharif,مدیریت امور پژوهشی - معاونت پژوهش و فناوری,research,,,,https://www.sharif.ir/web/research/management-of-research-affairs,verified,2026-08-11
kntu-discovery-unit-library-37c2b58d7315,kntu,صفحه اصلی - كتابخانه مركزي,library,,,,http://library.kntu.ac.ir/,verified,2026-08-11
kntu-discovery-unit-library-cdd85b2800c1,kntu,راهنمای دانلود کتاب از کتابخانه دیجیتال نور - كتابخانه مركزي,library,,,,https://library.kntu.ac.ir/%D8%B1%D8%A7%D9%87%D9%86%D9%85%D8%A7%DB%8C-%D8%AF%D8%A7%D9%86%D9%84%D9%88%D8%AF-%DA%A9%D8%AA%D8%A7%D8%A8-%D8%A7%D8%B2-%DA%A9%D8%AA%D8%A7%D8%A8%D8%AE%D8%A7%D9%86%D9%87-%D8%AF%DB%8C%D8%AC%DB%8C%D8%AA%D8%A7%D9%84-%D9%86%D9%88%D8%B1,verified,2026-08-11
kntu-discovery-unit-library-bf864b45fe8e,kntu,راهنمای ثبت نام در کتابخانه دیجیتال نور - كتابخانه مركزي,library,,,,https://library.kntu.ac.ir/%D8%B1%D8%A7%D9%87%D9%86%D9%85%D8%A7%DB%8C-%D8%AB%D8%A8%D8%AA-%D9%86%D8%A7%D9%85-%D8%AF%D8%B1-%DA%A9%D8%AA%D8%A7%D8%A8%D8%AE%D8%A7%D9%86%D9%87-%D8%AF%DB%8C%D8%AC%DB%8C%D8%AA%D8%A7%D9%84-%D9%86%D9%88%D8%B1,verified,2026-08-11
kntu-discovery-unit-library-f7df6c179e3b,kntu,لینک کتابخانه های دانشکده ها - كتابخانه مركزي,library,,,,https://library.kntu.ac.ir/%D9%84%DB%8C%D9%86%DA%A9-%DA%A9%D8%AA%D8%A7%D8%A8%D8%AE%D8%A7%D9%86%D9%87-%D9%87%D8%A7%DB%8C-%D8%AF%D8%A7%D9%86%D8%B4%DA%A9%D8%AF%D9%87-%D9%87%D8%A7,verified,2026-08-11
kntu-discovery-unit-library-978e6501b52b,kntu,راهنمای پایان نامه ها - كتابخانه مركزي,library,,,,https://library.kntu.ac.ir/%D8%B1%D8%A7%D9%87%D9%86%D9%85%D8%A7%DB%8C-%D9%BE%D8%A7%DB%8C%D8%A7%D9%86-%D9%86%D8%A7%D9%85%D9%87-%D9%87%D8%A7,verified,2026-08-11
kntu-discovery-unit-library-f57a238ddca8,kntu,آیین نامه ها - كتابخانه مركزي,library,,,,https://library.kntu.ac.ir/%D8%A2%DB%8C%DB%8C%D9%86-%D9%86%D8%A7%D9%85%D9%87-%D9%87%D8%A7,verified,2026-08-11
kntu-discovery-unit-library-9b761f331048,kntu,راهنمای پایگاههای لاتین - كتابخانه مركزي,library,,,,https://library.kntu.ac.ir/%D8%B1%D8%A7%D9%87%D9%86%D9%85%D8%A7%DB%8C-%D9%BE%D8%A7%DB%8C%DA%AF%D8%A7%D9%87%D9%87%D8%A7%DB%8C-%D9%84%D8%A7%D8%AA%DB%8C%D9%86,verified,2026-08-11
kntu-discovery-unit-library-d514a44b375e,kntu,راهنمای سامانه گلستان ( مستخرج از تز/ نویسنده رابط) - كتابخانه مركزي,library,,,,https://library.kntu.ac.ir/%D8%B1%D8%A7%D9%87%D9%86%D9%85%D8%A7%DB%8C-%D8%B3%D8%A7%D9%85%D8%A7%D9%86%D9%87-%DA%AF%D9%84%D8%B3%D8%AA%D8%A7%D9%86-%D9%85%D8%B3%D8%AA%D8%AE%D8%B1%D8%AC-%D8%A7%D8%B2-%D8%AA%D8%B2/-%D9%86%D9%88%DB%8C%D8%B3%D9%86%D8%AF%D9%87-%D8%B1%D8%A7%D8%A8%D8%B7-,verified,2026-08-11
kntu-discovery-unit-library-00e9cf51e6f4,kntu,راهنمای سامانه گلستان ( مستخرج از تز/ نویسنده رابط) - كتابخانه مركزي,library,,,,https://library.kntu.ac.ir/web/library/w/%D8%B1%D8%A7%D9%87%D9%86%D9%85%D8%A7%DB%8C-%D8%B3%D8%A7%D9%85%D8%A7%D9%86%D9%87-%DA%AF%D9%84%D8%B3%D8%AA%D8%A7%D9%86-%D9%85%D8%B3%D8%AA%D8%AE%D8%B1%D8%AC-%D8%A7%D8%B2-%D8%AA%D8%B2/-%D9%86%D9%88%DB%8C%D8%B3%D9%86%D8%AF%D9%87-%D8%B1%D8%A7%D8%A8%D8%B7-,verified,2026-08-11
kntu-discovery-unit-industry-e86a25830735,kntu,ساير آيين نامه ها و فرمهاي امور پژوهشي و ارتباط با صنعت - ارتباط با صنعت,industry,,,,https://research.kntu.ac.ir/web/rairo/98,verified,2026-08-11
kntu-discovery-unit-industry-e320a5bdd806,kntu,آيين نامه ها و فرمهاي داخلي ارتباط با صنعت - ارتباط با صنعت,industry,,,,https://research.kntu.ac.ir/web/rairo/%D8%A2%D9%8A%D9%8A%D9%86-%D9%86%D8%A7%D9%85%D9%87-%D9%87%D8%A7-%D9%88-%D9%81%D8%B1%D9%85%D9%87%D8%A7%D9%8A-%D8%AF%D8%A7%D8%AE%D9%84%D9%8A-%D8%A7%D8%B1%D8%AA%D8%A8%D8%A7%D8%B7-%D8%A8%D8%A7-%D8%B5%D9%86%D8%B9%D8%AA,verified,2026-08-11
isfahan-technology-discovery-unit-laboratory-536792ff6a40,isfahan-technology,آزمایشگاه های تخصصی | معاونت پژوهش و فناوری,laboratory,,,,https://research.iut.ac.ir/fa/Specialized-laboratories,verified,2026-08-11
isfahan-technology-discovery-unit-library-b4a90ba9d00f,isfahan-technology,کتابخانه مرکزی و انتشارات | دانشگاه صنعتی اصفهان,library,,,,https://lib-pub.iut.ac.ir/fa,verified,2026-08-11
isfahan-technology-discovery-unit-library-30950bd087af,isfahan-technology,راهنمای سامانه کتابخانه | کتابخانه مرکزی و انتشارات,library,,,,https://lib-pub.iut.ac.ir/fa/library-help,verified,2026-08-11
isfahan-technology-discovery-unit-industry-5282edc62e1f,isfahan-technology,مدیریت فناوری و ارتباط با صنعت | معاونت پژوهش و فناوری,industry,,,,https://research.iut.ac.ir/fa/tico,verified,2026-08-11
isfahan-technology-discovery-unit-technology-0aee3bcefea8,isfahan-technology,کمیته مالکیت فکری | مرکز رشد نوین,technology,,,,https://roshd.iut.ac.ir/copyright/1519,verified,2026-08-11
isfahan-technology-discovery-unit-library-7f6895d2c46b,isfahan-technology,آیین نامه و دستورالعمل | کتابخانه مرکزی و انتشارات,library,,,,https://lib-pub.iut.ac.ir/fa/Regulation,verified,2026-08-11
isfahan-technology-discovery-unit-library-fce09a5c3eb8,isfahan-technology,ثبت پایان نامه | کتابخانه مرکزی و انتشارات,library,,,,https://lib-pub.iut.ac.ir/fa/Thesis-registration,verified,2026-08-11
isfahan-technology-discovery-unit-library-e55675613ebf,isfahan-technology,شيوه نامه محرمانه كردن پايان نامه | کتابخانه مرکزی و انتشارات,library,,,,https://lib-pub.iut.ac.ir/fa/Thesis-confidentiality,verified,2026-08-11
isfahan-technology-discovery-unit-library-89f6759d4b2f,isfahan-technology,اسناد و پایان نامه | کتابخانه مرکزی و انتشارات,library,,,,https://lib-pub.iut.ac.ir/fa/dissertation-documentary,verified,2026-08-11
isfahan-technology-discovery-unit-technology-4bbf958b1ab7,isfahan-technology,کمیته مالکیت فکری | معاونت پژوهش و فناوری,technology,,,,https://research.iut.ac.ir/fa/node/1322,verified,2026-08-11
shahrood-technology-discovery-unit-laboratory-7d6e7169df6a,shahrood-technology,مقررات مربوط به آزمایشگاه های علمی: قوانین و مقررات دانشگاه دانشگاه صنعتی شاهرود,laboratory,,,,https://www.shahroodut.ac.ir/fa/sec/index.php?id=129&page=670,verified,2026-08-11
shahrood-technology-discovery-unit-library-4b232e5d4632,shahrood-technology,کتابخانه مرکزی دانشگاه صنعتی شاهرود,library,,,,https://www.shahroodut.ac.ir/fa/sec/index.php?id=23,verified,2026-08-11
shahrood-technology-discovery-unit-library-cc5b380bedc5,shahrood-technology,مقررات مربوط به انتشارات، جاپ کتاب و نشریات علمی: قوانین و مقررات دانشگاه دانشگاه صنعتی شاهرود,library,,,,https://www.shahroodut.ac.ir/fa/sec/index.php?id=129&page=673,verified,2026-08-11
shahrood-technology-discovery-unit-library-5acea869e431,shahrood-technology,آیین نامه‌ها و مقررات: کتابخانه مرکزی دانشگاه صنعتی شاهرود,library,,,,https://www.shahroodut.ac.ir/fa/sec/index.php?id=23&index=165,verified,2026-08-11
shahrood-technology-discovery-unit-library-e9e80fa2e24b,shahrood-technology,سامانه دریافت پایان نامه: کتابخانه مرکزی دانشگاه صنعتی شاهرود,library,,,,https://www.shahroodut.ac.ir/fa/sec/index.php?id=23&index=489,verified,2026-08-11
shahrood-technology-discovery-unit-library-e85f13135462,shahrood-technology,تازه های پایان نامه: کتابخانه مرکزی دانشگاه صنعتی شاهرود,library,,,,https://www.shahroodut.ac.ir/fa/sec/index.php?id=23&index=335,verified,2026-08-11
shahrood-technology-discovery-unit-library-a97849816958,shahrood-technology,راهنماها: کتابخانه مرکزی دانشگاه صنعتی شاهرود,library,,,,https://www.shahroodut.ac.ir/fa/sec/index.php?id=23&index=167,verified,2026-08-11
babol-noshirvani-discovery-unit-library-5503ef8d7581,babol-noshirvani,آیین‌نامه‌ها و فرم‌ها- انتشارات,library,,,,https://research.nit.ac.ir/fa/regulation/category/22/%D8%A7%D9%86%D8%AA%D8%B4%D8%A7%D8%B1%D8%A7%D8%AA,verified,2026-08-11
babol-noshirvani-discovery-unit-library-6919f1ad8f6f,babol-noshirvani,آیین‌نامه‌ها و فرم‌ها- انتشارات,library,,,,https://research.nit.ac.ir/fa/regulation/category/22/%D8%A7%D9%86%D8%AA%D8%B4%D8%A7%D8%B1%D8%A7%D8%AA?sort=circularNo,verified,2026-08-11
sahand-discovery-unit-library-0b2acd6c2a6c,sahand,کتابخانه، مرکز اسناد و منابع علمی دانشگاه صنعتی سهند – کتابخانه، مرکز اسناد و منابع علمی,library,,,,https://library.sut.ac.ir/,verified,2026-08-11
sahand-discovery-unit-library-c6a2aac85554,sahand,آیین نامه انتشارات دانشگاه صنعتی سهند - معاونت پژوهش و فناوری,library,,,,https://sut.ac.ir/research/fa/regulation/63/%D8%A2%DB%8C%DB%8C%D9%86-%D9%86%D8%A7%D9%85%D9%87-%D8%A7%D9%86%D8%AA%D8%B4%D8%A7%D8%B1%D8%A7%D8%AA-%D8%AF%D8%A7%D9%86%D8%B4%DA%AF%D8%A7%D9%87-%D8%B5%D9%86%D8%B9%D8%AA%DB%8C-%D8%B3%D9%87%D9%86%D8%AF,verified,2026-08-11
sahand-discovery-unit-laboratory-c7f4481ee2fc,sahand,آیین نامه ارائه خدمات آزمایشگاهی و کارگاهی دانشکده ها و مراکز تحقیقاتی دانشگاه صنعتی سهند به سایر واحدهای درون دانشگاهی و متقاضیان خارج دانشگاه - معاونت پژوهش و فناوری,laboratory,,,,https://sut.ac.ir/research/fa/regulation/61/%D8%A2%DB%8C%DB%8C%D9%86-%D9%86%D8%A7%D9%85%D9%87-%D8%A7%D8%B1%D8%A7%D8%A6%D9%87-%D8%AE%D8%AF%D9%85%D8%A7%D8%AA-%D8%A2%D8%B2%D9%85%D8%A7%DB%8C%D8%B4%DA%AF%D8%A7%D9%87%DB%8C-%D9%88-%DA%A9%D8%A7%D8%B1%DA%AF%D8%A7%D9%87%DB%8C-%D8%AF%D8%A7%D9%86%D8%B4%DA%A9%D8%AF%D9%87-%D9%87%D8%A7-%D9%88-%D9%85%D8%B1%D8%A7%DA%A9%D8%B2-%D8%AA%D8%AD%D9%82%DB%8C%D9%82%D8%A7%D8%AA%DB%8C-%D8%AF%D8%A7%D9%86%D8%B4%DA%AF%D8%A7%D9%87-%D8%B5%D9%86%D8%B9%D8%AA%DB%8C-%D8%B3%D9%87%D9%86%D8%AF-%D8%A8%D9%87-%D8%B3%D8%A7%DB%8C%D8%B1-%D9%88%D8%A7%D8%AD%D8%AF%D9%87%D8%A7%DB%8C-%D8%AF%D8%B1%D9%88%D9%86-%D8%AF%D8%A7%D9%86%D8%B4%DA%AF%D8%A7%D9%87%DB%8C-%D9%88-%D9%85%D8%AA%D9%82%D8%A7%D8%B6%DB%8C%D8%A7%D9%86-%D8%AE%D8%A7%D8%B1%D8%AC-%D8%AF%D8%A7%D9%86%D8%B4%DA%AF%D8%A7%D9%87,verified,2026-08-11
sahand-discovery-unit-industry-0fc94579c7ba,sahand,شیوه نامه فرصت مطالعاتی در صنعت و جامعه - معاونت پژوهش و فناوری,industry,,,,https://sut.ac.ir/research/fa/regulation/86/%D8%B4%DB%8C%D9%88%D9%87-%D9%86%D8%A7%D9%85%D9%87-%D9%81%D8%B1%D8%B5%D8%AA-%D9%85%D8%B7%D8%A7%D9%84%D8%B9%D8%A7%D8%AA%DB%8C-%D8%AF%D8%B1-%D8%B5%D9%86%D8%B9%D8%AA-%D9%88-%D8%AC%D8%A7%D9%85%D8%B9%D9%87,verified,2026-08-11
sahand-discovery-unit-research-4d54536933ce,sahand,آیین‌‌نامه تاسیس و ارزیابی عملکرد واحدهای پژوهشی دانشگاه - معاونت پژوهش و فناوری,research,,,,https://sut.ac.ir/research/fa/regulation/64/%D8%A2%DB%8C%DB%8C%D9%86-%D9%86%D8%A7%D9%85%D9%87-%D8%AA%D8%A7%D8%B3%DB%8C%D8%B3-%D9%88-%D8%A7%D8%B1%D8%B2%DB%8C%D8%A7%D8%A8%DB%8C-%D8%B9%D9%85%D9%84%DA%A9%D8%B1%D8%AF-%D9%88%D8%A7%D8%AD%D8%AF%D9%87%D8%A7%DB%8C-%D9%BE%DA%98%D9%88%D9%87%D8%B4%DB%8C-%D8%AF%D8%A7%D9%86%D8%B4%DA%AF%D8%A7%D9%87,verified,2026-08-11
sahand-discovery-unit-library-28a069530b77,sahand,آیین نامه نشریات علمی وزارت - معاونت پژوهش و فناوری,library,,,,https://sut.ac.ir/research/fa/regulation/62/%D8%A2%DB%8C%DB%8C%D9%86-%D9%86%D8%A7%D9%85%D9%87-%D9%86%D8%B4%D8%B1%DB%8C%D8%A7%D8%AA-%D8%B9%D9%84%D9%85%DB%8C-%D9%88%D8%B2%D8%A7%D8%B1%D8%AA,verified,2026-08-11
sahand-discovery-unit-research-b4d2db4f00c7,sahand,آیین‌نامه‌ها و مصوبات- فرم های مربوط به مدیریت پژوهشی,research,,,,https://sut.ac.ir/research/fa/regulation/category/12/%D9%81%D8%B1%D9%85-%D9%87%D8%A7%DB%8C-%D9%85%D8%B1%D8%A8%D9%88%D8%B7-%D8%A8%D9%87-%D9%85%D8%AF%DB%8C%D8%B1%DB%8C%D8%AA-%D9%BE%DA%98%D9%88%D9%87%D8%B4%DB%8C,verified,2026-08-11
shiraz-technology-discovery-unit-laboratory-5d585dc1a898,shiraz-technology,آزمایشگاه مرکزی - SUTech Site,laboratory,,,,https://sutech.ac.ir/%d8%a2%d8%b2%d9%85%d8%a7%db%8c%d8%b4%da%af%d8%a7%d9%87-%d9%85%d8%b1%da%a9%d8%b2%db%8c,verified,2026-08-11
shiraz-technology-discovery-unit-it-faf31452ca8b,shiraz-technology,آیین ­نامه شورای راهبری فناوری اطلاعات و ارتباطات دانشگاه صنعتی شیراز - SUTech Site,it,,organizationally-attributed,,https://sutech.ac.ir/campus/%d8%a2%db%8c%db%8c%d9%86-%d9%86%d8%a7%d9%85%d9%87-%d8%b4%d9%88%d8%b1%d8%a7%db%8c-%d8%b1%d8%a7%d9%87%d8%a8%d8%b1%db%8c-%d9%81%d9%86%d8%a7%d9%88%d8%b1%db%8c-%d8%a7%d8%b7%d9%84%d8%a7%d8%b9%d8%a7,verified,2026-08-11
kgut-discovery-unit-laboratory-b3b4a194c17e,kgut,سامانه جامع آزمایشگاه ها,laboratory,,,,http://labs.kgut.ac.ir/,verified,2026-08-11
kgut-discovery-unit-laboratory-f56b5880e32f,kgut,سامانه جامع آزمایشگاه ها,laboratory,,,,http://labs.kgut.ac.ir/index.jsp?siteid=19&fkeyid=&siteid=19&pageid=2473&t=2,verified,2026-08-11
kgut-discovery-unit-laboratory-1456adb1b011,kgut,سامانه جامع آزمایشگاه ها,laboratory,,,,http://labs.kgut.ac.ir/index.jsp?siteid=19&fkeyid=&siteid=19&pageid=2473&t=1,verified,2026-08-11
kgut-discovery-unit-laboratory-5e9d24fcb45d,kgut,سامانه جامع آزمایشگاه ها,laboratory,,,,http://labs.kgut.ac.ir/index.jsp?siteid=19&fkeyid=&siteid=19&pageid=2473&t=3,verified,2026-08-11
kgut-discovery-unit-laboratory-9767127f22d0,kgut,سامانه جامع آزمایشگاه ها,laboratory,,,,http://labs.kgut.ac.ir/index.jsp?siteid=19&fkeyid=&siteid=19&pageid=2473&t=10,verified,2026-08-11
kgut-discovery-unit-laboratory-6b269719c902,kgut,سامانه جامع آزمایشگاه ها,laboratory,,,,http://labs.kgut.ac.ir/index.jsp?siteid=19&fkeyid=&siteid=19&pageid=2473&t=9,verified,2026-08-11
kgut-discovery-unit-laboratory-07cec93833ba,kgut,سامانه جامع آزمایشگاه ها,laboratory,,,,http://labs.kgut.ac.ir/index.jsp?siteid=19&fkeyid=&siteid=19&pageid=2473&t=6,verified,2026-08-11
kgut-discovery-unit-laboratory-0fc5ffbe83fe,kgut,سامانه جامع آزمایشگاه ها,laboratory,,,,http://labs.kgut.ac.ir/index.jsp?siteid=19&fkeyid=&siteid=19&pageid=2473&t=5,verified,2026-08-11
kgut-discovery-unit-laboratory-993181e5532e,kgut,سامانه جامع آزمایشگاه ها,laboratory,,,,http://labs.kgut.ac.ir/index.jsp?siteid=19&fkeyid=&siteid=19&pageid=2473&t=7,verified,2026-08-11
kgut-discovery-unit-laboratory-1b0c58daa6c6,kgut,سامانه جامع آزمایشگاه ها,laboratory,,,,http://labs.kgut.ac.ir/index.jsp?siteid=19&fkeyid=&siteid=19&pageid=2473&t=4,verified,2026-08-11
kgut-discovery-unit-laboratory-c22aeb0ed26c,kgut,سامانه جامع آزمایشگاه ها,laboratory,,,,http://labs.kgut.ac.ir/index.jsp?siteid=19&fkeyid=&siteid=19&pageid=2473&t=8,verified,2026-08-11
kgut-discovery-unit-library-342cca6ded9f,kgut,دانشگاه تحصیلات تکمیلی صنعتی و فناوری پیشرفته | کتابخانه,library,,,,https://it.kgut.ac.ir/index.jsp?siteid=1&fkeyid=&siteid=1&pageid=1303,verified,2026-08-11
kgut-discovery-unit-industry-1173da30b1d6,kgut,دانشگاه تحصیلات تکمیلی صنعتی و فناوری پیشرفته | اخبار > اولین نشست دوره هفتم هیئت امنای دانشگاه تحصیلات تکمیلی صنعتی و فناوری پیشرفته با تمرکز بر توسعه شهرک فناوری و نوآوری، نوسازی ناوگان حمل‌ونقل و اصلاح آیین‌نامه استخدامی اعضای هیئت علمی ,industry,,,,https://it.kgut.ac.ir/index.jsp?fkeyid=&siteid=1&pageid=237&newsview=5690,verified,2026-08-11
kgut-discovery-unit-library-7124270d54bc,kgut,دانشگاه تحصیلات تکمیلی صنعتی و فناوری پیشرفته | کتابخانه,library,,,,https://it.kgut.ac.ir:8443/index.jsp?siteid=1&fkeyid=&siteid=1&pageid=1303,verified,2026-08-11
kgut-discovery-unit-it-62390e4aa32d,kgut,مرکز فناوری اطلاعات,it,,,,https://it.kgut.ac.ir:8443/index.jsp?siteid=23,verified,2026-08-11
kgut-discovery-unit-it-d7496d3ca182,kgut,مرکز فناوری اطلاعات,it,,,,https://it.kgut.ac.ir/index.jsp?siteid=23,verified,2026-08-11
kgut-discovery-unit-industry-e61550a610c8,kgut,ارتباط با صنعت,industry,,,,https://sanat.kgut.ac.ir/,verified,2026-08-11
kgut-discovery-unit-library-8a6b96faa9ac,kgut,انتشارات دانشگاه,library,,,,https://kgut.ac.ir/fa/achievement/category/13/%D8%A7%D9%86%D8%AA%D8%B4%D8%A7%D8%B1%D8%A7%D8%AA-%D8%AF%D8%A7%D9%86%D8%B4%DA%AF%D8%A7%D9%87,verified,2026-08-11
kgut-discovery-unit-laboratory-3157ba4f187a,kgut,سامانه جامع آزمایشگاه ها,laboratory,,,,http://labs.kgut.ac.ir/index.jsp?siteid=19&fkeyid=&siteid=19&pageid=2527,verified,2026-08-11
kgut-discovery-unit-library-f31632609cf9,kgut,دانشگاه تحصیلات تکمیلی صنعتی و فناوری پیشرفته | کتابخانه,library,,,,https://it.kgut.ac.ir/page/%DA%A9%D8%AA%D8%A7%D8%A8%D8%AE%D8%A7%D9%86%D9%87,verified,2026-08-11
kgut-discovery-unit-laboratory-65b94cb89c18,kgut,دانشگاه تحصیلات تکمیلی صنعتی و فناوری پیشرفته | فرم های آزمایشگاهی,laboratory,,,,https://it.kgut.ac.ir/index.jsp?siteid=1&fkeyid=&siteid=1&pageid=2022,verified,2026-08-11
urmia-technology-discovery-unit-laboratory-e3f6bc919f20,urmia-technology,آزمایشگاه های دانشگاه,laboratory,,,,https://uut.ac.ir/place/%D8%A2%D8%B2%D9%85%D8%A7%DB%8C%D8%B4%DA%AF%D8%A7%D9%87%20%D9%87%D8%A7%DB%8C%20%D8%AF%D8%A7%D9%86%D8%B4%DA%AF%D8%A7%D9%87,verified,2026-08-11
urmia-technology-discovery-unit-laboratory-c7a308a67925,urmia-technology,آزمایشگاه ها و کارگاه ها,laboratory,,,,https://uut.ac.ir/page/subunit/26/214,verified,2026-08-11
urmia-technology-discovery-unit-laboratory-eca2581e3dcf,urmia-technology,شورای امور آزمایشگاه‌ها و کارگاه‌ها,laboratory,,,,https://uut.ac.ir/page/subunit/26/207,verified,2026-08-11
urmia-technology-discovery-unit-laboratory-834fc736c5a4,urmia-technology,آزمایشگاه مرکزی,laboratory,,,,https://uut.ac.ir/subunit/26,verified,2026-08-11
urmia-technology-discovery-unit-technology-c2b3116a07f6,urmia-technology,مرکز رشد و کارآفرینی دانشگاه,technology,,,,https://uut.ac.ir/subunit/25,verified,2026-08-11
urmia-technology-discovery-unit-laboratory-5ed04aec98fe,urmia-technology,معرفی,laboratory,,,,https://uut.ac.ir/page/subunit/26/206,verified,2026-08-11
urmia-technology-discovery-unit-laboratory-a05f693c0a31,urmia-technology,فرم های-آزمایشگاه مرکزی,laboratory,,,,https://uut.ac.ir/subunit/file/26,verified,2026-08-11
qochan-technology-discovery-unit-technology-769bd2c23f0c,qochan-technology,آیین‌نامه‌ها و فرم‌ها- فرم های لازم جهت فعالیت در مرکز نوآوری,technology,,,,https://research.qiet.ac.ir/fa/regulation/category/12/%D9%81%D8%B1%D9%85-%D9%87%D8%A7%DB%8C-%D9%84%D8%A7%D8%B2%D9%85-%D8%AC%D9%87%D8%AA-%D9%81%D8%B9%D8%A7%D9%84%DB%8C%D8%AA-%D8%AF%D8%B1-%D9%85%D8%B1%DA%A9%D8%B2-%D9%86%D9%88%D8%A2%D9%88%D8%B1%DB%8C,verified,2026-08-11
qochan-technology-discovery-unit-technology-e568284cb8cc,qochan-technology,آیین‌نامه‌ها و فرم‌ها- فرم های کارگروه مرکز نوآوری,technology,,,,https://research.qiet.ac.ir/fa/regulation/category/14/%D9%81%D8%B1%D9%85-%D9%87%D8%A7%DB%8C-%DA%A9%D8%A7%D8%B1%DA%AF%D8%B1%D9%88%D9%87-%D9%85%D8%B1%DA%A9%D8%B2-%D9%86%D9%88%D8%A2%D9%88%D8%B1%DB%8C,verified,2026-08-11
qochan-technology-discovery-unit-technology-326060b86227,qochan-technology,آیین‌نامه‌ها و فرم‌ها- آیین نامه های مرکز نوآوری,technology,,,,https://research.qiet.ac.ir/fa/regulation/category/11/%D8%A2%DB%8C%DB%8C%D9%86-%D9%86%D8%A7%D9%85%D9%87-%D9%87%D8%A7%DB%8C-%D9%85%D8%B1%DA%A9%D8%B2-%D9%86%D9%88%D8%A2%D9%88%D8%B1%DB%8C,verified,2026-08-11
qochan-technology-discovery-unit-technology-167541f47314,qochan-technology,آیین نامه داخلی مرکز نوآوری - مدیریت امور پژوهشی و فناوری,technology,,,,https://research.qiet.ac.ir/fa/regulation/26/%D8%A2%DB%8C%DB%8C%D9%86-%D9%86%D8%A7%D9%85%D9%87-%D8%AF%D8%A7%D8%AE%D9%84%DB%8C-%D9%85%D8%B1%DA%A9%D8%B2-%D9%86%D9%88%D8%A2%D9%88%D8%B1%DB%8C,verified,2026-08-11
qochan-technology-discovery-unit-technology-5e26fc7446cb,qochan-technology,فرم عدم تشابه طرح های مرکز نوآوری - مدیریت امور پژوهشی و فناوری,technology,,,,https://research.qiet.ac.ir/fa/regulation/34/%D9%81%D8%B1%D9%85-%D8%B9%D8%AF%D9%85-%D8%AA%D8%B4%D8%A7%D8%A8%D9%87-%D8%B7%D8%B1%D8%AD-%D9%87%D8%A7%DB%8C-%D9%85%D8%B1%DA%A9%D8%B2-%D9%86%D9%88%D8%A2%D9%88%D8%B1%DB%8C,verified,2026-08-11
qochan-technology-discovery-unit-research-fab951b34e5e,qochan-technology,آیین‌نامه‌ها و فرم‌ها- فرم های مدیریت پژوهشی,research,,,,https://research.qiet.ac.ir/fa/regulation/category/8/%D9%81%D8%B1%D9%85-%D9%87%D8%A7%DB%8C-%D9%85%D8%AF%DB%8C%D8%B1%DB%8C%D8%AA-%D9%BE%DA%98%D9%88%D9%87%D8%B4%DB%8C,verified,2026-08-11
qochan-technology-discovery-unit-technology-ba5cdf462da2,qochan-technology,آیین‌نامه‌ها و فرم‌ها- فرم های لازم جهت فعالیت در مرکز نوآوری,technology,,,,https://research.qiet.ac.ir/fa/regulation/category/12/%D9%81%D8%B1%D9%85-%D9%87%D8%A7%DB%8C-%D9%84%D8%A7%D8%B2%D9%85-%D8%AC%D9%87%D8%AA-%D9%81%D8%B9%D8%A7%D9%84%DB%8C%D8%AA-%D8%AF%D8%B1-%D9%85%D8%B1%DA%A9%D8%B2-%D9%86%D9%88%D8%A2%D9%88%D8%B1%DB%8C?sort=circularNo,verified,2026-08-11
qochan-technology-discovery-unit-technology-4709a341a666,qochan-technology,آیین‌نامه‌ها و فرم‌ها- فرم های کارگروه مرکز نوآوری,technology,,,,https://research.qiet.ac.ir/fa/regulation/category/14/%D9%81%D8%B1%D9%85-%D9%87%D8%A7%DB%8C-%DA%A9%D8%A7%D8%B1%DA%AF%D8%B1%D9%88%D9%87-%D9%85%D8%B1%DA%A9%D8%B2-%D9%86%D9%88%D8%A2%D9%88%D8%B1%DB%8C?sort=circularNo,verified,2026-08-11
qochan-technology-discovery-unit-technology-f220f23ae9d5,qochan-technology,آیین‌نامه‌ها و فرم‌ها- فرم های لازم جهت فعالیت در مرکز نوآوری,technology,,,,https://research.qiet.ac.ir/fa/regulation/category/12/%D9%81%D8%B1%D9%85-%D9%87%D8%A7%DB%8C-%D9%84%D8%A7%D8%B2%D9%85-%D8%AC%D9%87%D8%AA-%D9%81%D8%B9%D8%A7%D9%84%DB%8C%D8%AA-%D8%AF%D8%B1-%D9%85%D8%B1%DA%A9%D8%B2-%D9%86%D9%88%D8%A2%D9%88%D8%B1%DB%8C?sort=-circularNo,verified,2026-08-11
qom-technology-discovery-unit-library-ed43e4af4b61,qom-technology,كتابخانه دانشگاه صنعتي قم,library,,,,https://digitallib.qut.ac.ir/Dl/SPortal/FAQ/9_5.aspx,verified,2026-08-11
qom-technology-discovery-unit-industry-3ef75b9bc24c,qom-technology,کسب عنوان دانشگاه برگزیده در تعامل با جامعه و صنعت توسط دانشگاه صنعتی قم,industry,,,,https://qut.ac.ir/fa/honors/index/140409251,verified,2026-08-11
qom-technology-discovery-unit-library-a7c0b33a4c3f,qom-technology,كتابخانه دانشگاه صنعتي قم,library,,,,https://digitallib.qut.ac.ir/DL/SPortal/DefaultSP15501.aspx,verified,2026-08-11
qom-technology-discovery-unit-library-40a89ff437d7,qom-technology,كتابخانه دانشگاه صنعتي قم,library,,,,https://digitallib.qut.ac.ir/Dl/SPortal/FAQ/9_2.aspx,verified,2026-08-11
qom-technology-discovery-unit-library-14f1d887ddf8,qom-technology,دانشگاه صنعتی قم ، کتابخانه 2.0 ثنا,library,,,,https://digitallib.qut.ac.ir/Dl/Search/default.aspx?Login=1,verified,2026-08-11
qom-technology-discovery-unit-library-720eb9e02248,qom-technology,كتابخانه دانشگاه صنعتي قم,library,,,,https://digitallib.qut.ac.ir/Dl/SPortal/Search/DefaultSP.aspx?bs=%,verified,2026-08-11
jundi-shapur-dezful-discovery-unit-laboratory-4562df08df68,jundi-shapur-dezful,کارگاه ها و آزمایشگاه ها - دانشگاه صنعتی جندی شاپور دزفول,laboratory,,,,https://jsu.ac.ir/fa/web/guest/%DA%A9%D8%A7%D8%B1%DA%AF%D8%A7%D9%87-%D9%87%D8%A7-%D9%88-%D8%A2%D8%B2%D9%85%D8%A7%DB%8C%D8%B4%DA%AF%D8%A7%D9%87-%D9%87%D8%A7%DB%8C-%D8%AF%D8%A7%D9%86%D8%B4%DA%A9%D8%AF%D9%87-%D8%A8%D8%B1%D9%82-%D9%88-%DA%A9%D8%A7%D9%85%D9%BE%DB%8C%D9%88%D8%AA%D8%B1,verified,2026-08-11
jundi-shapur-dezful-discovery-unit-laboratory-e24c253ef318,jundi-shapur-dezful,کارگاه ها و آزمایشگاه ها - دانشگاه صنعتی جندی شاپور دزفول,laboratory,,,,https://jsu.ac.ir/fa/web/guest/%DA%A9%D8%A7%D8%B1%DA%AF%D8%A7%D9%87-%D9%87%D8%A7-%D9%88-%D8%A2%D8%B2%D9%85%D8%A7%DB%8C%D8%B4%DA%AF%D8%A7%D9%87-%D9%87%D8%A7%DB%8C-%D8%AF%D8%A7%D9%86%D8%B4%DA%A9%D8%AF%D9%87-%D8%B9%D9%85%D8%B1%D8%A7%D9%86,verified,2026-08-11
jundi-shapur-dezful-discovery-unit-laboratory-dc52c72df9fb,jundi-shapur-dezful,کارگاه ها و آزمایشگاه ها - دانشگاه صنعتی جندی شاپور دزفول,laboratory,,,,https://jsu.ac.ir/fa/web/guest/%DA%A9%D8%A7%D8%B1%DA%AF%D8%A7%D9%87-%D9%87%D8%A7-%D9%88-%D8%A2%D8%B2%D9%85%D8%A7%DB%8C%D8%B4%DA%AF%D8%A7%D9%87-%D9%87%D8%A7%DB%8C-%D8%AF%D8%A7%D9%86%D8%B4%DA%A9%D8%AF%D9%87-%D9%85%DA%A9%D8%A7%D9%86%DB%8C%DA%A9,verified,2026-08-11
jundi-shapur-dezful-discovery-unit-laboratory-14a3bc7d114b,jundi-shapur-dezful,کارگاه ها و آزمایشگاه ها - دانشگاه صنعتی جندی شاپور دزفول,laboratory,,,,https://jsu.ac.ir/fa/web/guest/%DA%A9%D8%A7%D8%B1%DA%AF%D8%A7%D9%87-%D9%87%D8%A7-%D9%88-%D8%A2%D8%B2%D9%85%D8%A7%DB%8C%D8%B4%DA%AF%D8%A7%D9%87-%D9%87%D8%A7%DB%8C-%D8%AF%D8%A7%D9%86%D8%B4%DA%A9%D8%AF%D9%87-%D9%85%D8%B9%D9%85%D8%A7%D8%B1%DB%8C,verified,2026-08-11
jundi-shapur-dezful-discovery-unit-laboratory-2f4fdf2a389e,jundi-shapur-dezful,کارگاه ها و آزمایشگاه ها - دانشگاه صنعتی جندی شاپور دزفول,laboratory,,,,https://jsu.ac.ir/fa/web/guest/%DA%A9%D8%A7%D8%B1%DA%AF%D8%A7%D9%87-%D9%87%D8%A7-%D9%88-%D8%A2%D8%B2%D9%85%D8%A7%DB%8C%D8%B4%DA%AF%D8%A7%D9%87-%D9%87%D8%A7%DB%8C-%D8%AF%D8%A7%D9%86%D8%B4%DA%A9%D8%AF%D9%87-%D8%B9%D9%84%D9%88%D9%85-%D9%BE%D8%A7%DB%8C%D9%87,verified,2026-08-11
jundi-shapur-dezful-discovery-unit-laboratory-94622227c4a2,jundi-shapur-dezful,کارگاه ها و آزمایشگاه ها - دانشگاه صنعتی جندی شاپور دزفول,laboratory,,,,https://jsu.ac.ir/fa/web/guest/%DA%A9%D8%A7%D8%B1%DA%AF%D8%A7%D9%87-%D9%87%D8%A7-%D9%88-%D8%A2%D8%B2%D9%85%D8%A7%DB%8C%D8%B4%DA%AF%D8%A7%D9%87-%D9%87%D8%A7%DB%8C-%D9%85%D9%87%D9%86%D8%AF%D8%B3%DB%8C-%D8%B4%DB%8C%D9%85%DB%8C,verified,2026-08-11
jundi-shapur-dezful-discovery-unit-laboratory-b965a8588bed,jundi-shapur-dezful,مراکز پژوهشی و آزمایشگاه ها - دانشگاه صنعتی جندی شاپور دزفول,laboratory,,,,https://jsu.ac.ir/fa/web/guest/%D9%85%D8%B1%D8%A7%DA%A9%D8%B2-%D9%BE%DA%98%D9%88%D9%87%D8%B4%DB%8C-%D9%88-%D8%A2%D8%B2%D9%85%D8%A7%DB%8C%D8%B4%DA%AF%D8%A7%D9%87-%D9%87%D8%A7,verified,2026-08-11
jundi-shapur-dezful-discovery-unit-laboratory-9fa4f8465ea2,jundi-shapur-dezful,آزمایشگاه مرکزی - دانشگاه صنعتی جندی شاپور دزفول,laboratory,,,,https://jsu.ac.ir/fa/web/guest/%D8%A2%D8%B2%D9%85%D8%A7%DB%8C%D8%B4%DA%AF%D8%A7%D9%87%20%D9%85%D8%B1%DA%A9%D8%B2%DB%8C,verified,2026-08-11
jundi-shapur-dezful-discovery-unit-it-ecbae0c22f13,jundi-shapur-dezful,گروه فناوری اطلاعات و ارتباطات - دانشگاه صنعتی جندی شاپور دزفول,it,,,,https://jsu.ac.ir/fa/web/guest/%DA%AF%D8%B1%D9%88%D9%87-%D9%81%D9%86%D8%A7%D9%88%D8%B1%DB%8C-%D8%A7%D8%B7%D9%84%D8%A7%D8%B9%D8%A7%D8%AA-%D9%88-%D8%A7%D8%B1%D8%AA%D8%A8%D8%A7%D8%B7%D8%A7%D8%AA,verified,2026-08-11
jundi-shapur-dezful-discovery-unit-library-734e9857c2b6,jundi-shapur-dezful,كتابخانه دانشگاه صنعتي جندي شاپور دزفول,library,,,,https://library.jsu.ac.ir/DL/Sportal/DefaultSP12001.aspx,verified,2026-08-11
jundi-shapur-dezful-discovery-unit-library-171b9271e6ec,jundi-shapur-dezful,اداره چاپ و انتشارات - دانشگاه صنعتی جندی شاپور دزفول,library,,,,https://jsu.ac.ir/en/web/guest/%D8%A7%D8%AF%D8%A7%D8%B1%D9%87-%DA%86%D8%A7%D9%BE-%D9%88-%D8%A7%D9%86%D8%AA%D8%B4%D8%A7%D8%B1%D8%A7%D8%AA,verified,2026-08-11
jundi-shapur-dezful-discovery-unit-research-ec0fd7947249,jundi-shapur-dezful,چارت سازمانی و مدیران - دانشگاه صنعتی جندی شاپور دزفول,research,,,,https://jsu.ac.ir/fa/web/guest/%DA%86%D8%A7%D8%B1%D8%AA-%D8%B3%D8%A7%D8%B2%D9%85%D8%A7%D9%86%DB%8C,verified,2026-08-11
hamedan-technology-discovery-unit-laboratory-ef5be2db9697,hamedan-technology,بازگشائی آزمایشگاه ها و کارگاه ها در دانشگاه صنعتی همدان فروردین 1401 - پرتال اصلی دانشگاه صنعتی همدان - پرتال دانشگاه صنعتی همدان,laboratory,,,,https://hut.ac.ir/fa/w/%D8%A8%D8%A7%D8%B2%DA%AF%D8%B4%D8%A7%D8%A6%DB%8C-%D8%A2%D8%B2%D9%85%D8%A7%DB%8C%D8%B4%DA%AF%D8%A7%D9%87-%D9%87%D8%A7-%D9%88-%DA%A9%D8%A7%D8%B1%DA%AF%D8%A7%D9%87-%D9%87%D8%A7-%D8%AF%D8%B1-%D8%AF%D8%A7%D9%86%D8%B4%DA%AF%D8%A7%D9%87-%D8%B5%D9%86%D8%B9%D8%AA?redirect=%2F,verified,2026-08-11
hamedan-technology-discovery-unit-laboratory-7a29518389d5,hamedan-technology,عضویت آزمایشگاه علوم اعصاب شناختی دانشگاه صنعتی همدان در شبکه آزمایشگاهی کشور - پرتال اصلی دانشگاه صنعتی همدان - پرتال دانشگاه صنعتی همدان,laboratory,,,,https://hut.ac.ir/fa/w/%D8%B9%D8%B6%D9%88%DB%8C%D8%AA-%D8%A2%D8%B2%D9%85%D8%A7%DB%8C%D8%B4%DA%AF%D8%A7%D9%87-%D8%B9%D9%84%D9%88%D9%85-%D8%A7%D8%B9%D8%B5%D8%A7%D8%A8-%D8%B4%D9%86%D8%A7%D8%AE%D8%AA%DB%8C-%D8%AF%D8%A7%D9%86%D8%B4%DA%AF%D8%A7%D9%87-%D8%B5%D9%86%D8%B9%D8%AA%DB%8C-?redirect=%2F,verified,2026-08-11
hamedan-technology-discovery-unit-library-939d4d4fb129,hamedan-technology,261989 - کتابخانه - پرتال دانشگاه صنعتی همدان,library,,,,https://library.hut.ac.ir/,verified,2026-08-11
khatam-behbahan-discovery-unit-library-3e6aa23ded5f,khatam-behbahan,کتابخانه مرکزی دانشگاه,library,,,,https://www.bkatu.ac.ir/library,verified,2026-08-11
sirjan-technology-discovery-unit-laboratory-20a54f2c424f,sirjan-technology,بایگانی‌های آزمایشگاه ها - دانشگاه صنعتی سیرجان,laboratory,,,,https://sirjantech.ac.ir/category/%d8%af%d8%a7%d9%86%d8%b4%da%a9%d8%af%d9%87-%d9%85%d9%87%d9%86%d8%af%d8%b3%db%8c-%da%a9%d8%a7%d9%85%d9%be%db%8c%d9%88%d8%aa%d8%b1/%d8%a2%d8%b2%d9%85%d8%a7%db%8c%d8%b4%da%af%d8%a7%d9%87-%d9%87%d8%a7-%d8%af%d8%a7%d9%86%d8%b4%da%a9%d8%af%d9%87-%d9%85%d9%87%d9%86%d8%af%d8%b3%db%8c-%da%a9%d8%a7%d9%85%d9%be%db%8c%d9%88%d8%aa%d8%b1/,verified,2026-08-11
sirjan-technology-discovery-unit-industry-c39eee9c6ca3,sirjan-technology,مرکز رشد و نوآوری - دانشگاه صنعتی سیرجان,industry,,,,https://sirjantech.ac.ir/%d9%85%d8%b1%da%a9%d8%b2-%d8%b1%d8%b4%d8%af-%d9%88-%d9%86%d9%88%d8%a2%d9%88%d8%b1%db%8c/,verified,2026-08-11
sirjan-technology-discovery-unit-industry-ca20aeb37328,sirjan-technology,گروه کارآفرینی و ارتباط با صنعت - دانشگاه صنعتی سیرجان,industry,,,,https://sirjantech.ac.ir/%da%af%d8%b1%d9%88%d9%87-%da%a9%d8%a7%d8%b1%d8%a2%d9%81%d8%b1%db%8c%d9%86%db%8c-%d9%88-%d8%a7%d8%b1%d8%aa%d8%a8%d8%a7%d8%b7-%d8%a8%d8%a7-%d8%b5%d9%86%d8%b9%d8%aa/,verified,2026-08-11
sirjan-technology-discovery-unit-library-4d073be084ee,sirjan-technology,انتشارات دانشگاه صنعتی سیرجان - دانشگاه صنعتی سیرجان,library,,,,https://sirjantech.ac.ir/%d8%a7%d9%86%d8%aa%d8%b4%d8%a7%d8%b1%d8%a7%d8%aa-%d8%af%d8%a7%d9%86%d8%b4%da%af%d8%a7%d9%87-%d8%b5%d9%86%d8%b9%d8%aa%db%8c-%d8%b3%db%8c%d8%b1%d8%ac%d8%a7%d9%86/,verified,2026-08-11
sirjan-technology-discovery-unit-library-7b3024df5e83,sirjan-technology,کتابخانه - دانشگاه صنعتی سیرجان,library,,,,https://sirjantech.ac.ir/%da%a9%d8%aa%d8%a7%d8%a8%d8%ae%d8%a7%d9%86%d9%87/,verified,2026-08-11
sirjan-technology-discovery-unit-library-7277d334203b,sirjan-technology,كتابخانه دانشگاه صنعتي سيرجان,library,,,,https://lib.sirjantech.ac.ir/DL/SPortal/,verified,2026-08-11
sirjan-technology-discovery-unit-industry-4351894698ec,sirjan-technology,The Third Seminar on Business Ideas in Information Technology and Industry Held - دانشگاه صنعتی سیرجان,industry,,,,https://sirjantech.ac.ir/the-third-seminar-on-business-ideas-in-information-technology-and-industry-held/,verified,2026-08-11
sirjan-technology-discovery-unit-industry-6fe58751c6e0,sirjan-technology,💻Computer Engineering in Industry Seminar Held at SUT - دانشگاه صنعتی سیرجان,industry,,,,https://sirjantech.ac.ir/%f0%9f%92%bbcomputer-engineering-in-industry-seminar-held-at-sut/,verified,2026-08-11
mazandaran-science-tech-discovery-unit-laboratory-aa3eb223e457,mazandaran-science-tech,آزمایشگاه مرکزی,laboratory,,,,https://mazust.ac.ir/fa/page/Central-laboratory/,verified,2026-08-11
esfarayen-higher-ed-discovery-unit-industry-857a14ba5f56,esfarayen-higher-ed,گروه کارآفرینی، ارتباط با صنعت و جامعه,industry,,,,https://industry.esfarayen.ac.ir/fa,verified,2026-08-11
esfarayen-higher-ed-discovery-unit-laboratory-06777f2391bf,esfarayen-higher-ed,فرم درخواست استفاده از آزمایشگاه مرکزی_ - امور پژوهش و فناوری,laboratory,,,,https://research.esfarayen.ac.ir/fa/regulation/18/%D9%81%D8%B1%D9%85-%D8%AF%D8%B1%D8%AE%D9%88%D8%A7%D8%B3%D8%AA-%D8%A7%D8%B3%D8%AA%D9%81%D8%A7%D8%AF%D9%87-%D8%A7%D8%B2-%D8%A2%D8%B2%D9%85%D8%A7%DB%8C%D8%B4%DA%AF%D8%A7%D9%87-%D9%85%D8%B1%DA%A9%D8%B2%DB%8C-,verified,2026-08-11
esfarayen-higher-ed-discovery-unit-laboratory-4c34754aec69,esfarayen-higher-ed,آیین نامه تاسیس آزمایشگاه تحقیقاتی - امور پژوهش و فناوری,laboratory,,,,https://research.esfarayen.ac.ir/fa/regulation/425/%D8%A2%DB%8C%DB%8C%D9%86-%D9%86%D8%A7%D9%85%D9%87-%D8%AA%D8%A7%D8%B3%DB%8C%D8%B3-%D8%A2%D8%B2%D9%85%D8%A7%DB%8C%D8%B4%DA%AF%D8%A7%D9%87-%D8%AA%D8%AD%D9%82%DB%8C%D9%82%D8%A7%D8%AA%DB%8C,verified,2026-08-11
esfarayen-higher-ed-discovery-unit-laboratory-1750d9184129,esfarayen-higher-ed,آیین نامه تاسیس آزمایشگاه تحقیقاتی - امور پژوهش و فناوری,laboratory,,,,https://research.esfarayen.ac.ir/fa/regulation/423/%D8%A2%DB%8C%DB%8C%D9%86-%D9%86%D8%A7%D9%85%D9%87-%D8%AA%D8%A7%D8%B3%DB%8C%D8%B3-%D8%A2%D8%B2%D9%85%D8%A7%DB%8C%D8%B4%DA%AF%D8%A7%D9%87-%D8%AA%D8%AD%D9%82%DB%8C%D9%82%D8%A7%D8%AA%DB%8C,verified,2026-08-11
esfarayen-higher-ed-discovery-unit-industry-7b7da306198e,esfarayen-higher-ed,شیوه نامه فرصت مطالعاتی در جامعه و صنعت - امور پژوهش و فناوری,industry,,,,https://research.esfarayen.ac.ir/fa/regulation/156/%D8%B4%DB%8C%D9%88%D9%87-%D9%86%D8%A7%D9%85%D9%87-%D9%81%D8%B1%D8%B5%D8%AA-%D9%85%D8%B7%D8%A7%D9%84%D8%B9%D8%A7%D8%AA%DB%8C-%D8%AF%D8%B1-%D8%AC%D8%A7%D9%85%D8%B9%D9%87-%D9%88-%D8%B5%D9%86%D8%B9%D8%AA,verified,2026-08-11
birjand-technology-discovery-unit-laboratory-ed502e91a331,birjand-technology,دستور العمل استفاده از خدمات آزمایشگاهی - کارگاهی دانشگاه - معاونت پژوهش و فناوری,laboratory,,,,https://research.birjandut.ac.ir/fa/regulation/22/%D8%AF%D8%B3%D8%AA%D9%88%D8%B1-%D8%A7%D9%84%D8%B9%D9%85%D9%84-%D8%A7%D8%B3%D8%AA%D9%81%D8%A7%D8%AF%D9%87-%D8%A7%D8%B2-%D8%AE%D8%AF%D9%85%D8%A7%D8%AA-%D8%A2%D8%B2%D9%85%D8%A7%DB%8C%D8%B4%DA%AF%D8%A7%D9%87%DB%8C-%DA%A9%D8%A7%D8%B1%DA%AF%D8%A7%D9%87%DB%8C-%D8%AF%D8%A7%D9%86%D8%B4%DA%AF%D8%A7%D9%87,verified,2026-08-11
birjand-technology-discovery-unit-industry-9327571fde80,birjand-technology,شیوه نامه جدید فرصت مطالعاتی جامعه و صنعت - معاونت پژوهش و فناوری,industry,,,,https://research.birjandut.ac.ir/fa/regulation/293/%D8%B4%DB%8C%D9%88%D9%87-%D9%86%D8%A7%D9%85%D9%87-%D8%AC%D8%AF%DB%8C%D8%AF-%D9%81%D8%B1%D8%B5%D8%AA-%D9%85%D8%B7%D8%A7%D9%84%D8%B9%D8%A7%D8%AA%DB%8C-%D8%AC%D8%A7%D9%85%D8%B9%D9%87-%D9%88-%D8%B5%D9%86%D8%B9%D8%AA,verified,2026-08-11
birjand-technology-discovery-unit-industry-408633cd3998,birjand-technology,شیوه نامه فرصت مطالعاتی در جامعه و صنعت - معاونت پژوهش و فناوری,industry,,,,https://research.birjandut.ac.ir/fa/regulation/3/%D8%B4%DB%8C%D9%88%D9%87-%D9%86%D8%A7%D9%85%D9%87-%D9%81%D8%B1%D8%B5%D8%AA-%D9%85%D8%B7%D8%A7%D9%84%D8%B9%D8%A7%D8%AA%DB%8C-%D8%AF%D8%B1-%D8%AC%D8%A7%D9%85%D8%B9%D9%87-%D9%88-%D8%B5%D9%86%D8%B9%D8%AA,verified,2026-08-11
buin-zahra-higher-ed-discovery-unit-laboratory-aab7fe72ea7f,buin-zahra-higher-ed,آزمایشگاه ها و کارگاه ها | مرکز آموزش عالی فنی و مهندسی بوئین زهرا,laboratory,,,,https://www.bzte.ac.ir/blog/%D9%85%D8%B9%D8%A7%D9%88%D9%86%D8%AA-%D9%BE%DA%98%D9%88%D9%87%D8%B4%DB%8C/1568-%D8%A2%D8%B2%D9%85%D8%A7%DB%8C%D8%B4%DA%AF%D8%A7%D9%87-%D9%87%D8%A7-%D9%88-%DA%A9%D8%A7%D8%B1%DA%AF%D8%A7%D9%87-%D9%87%D8%A7.html,verified,2026-08-11
buin-zahra-higher-ed-discovery-unit-laboratory-6e5094e552c2,buin-zahra-higher-ed,بخش آزمایشگاه&zwnj;ها و کارگاه&zwnj;ها | مرکز آموزش عالی فنی و مهندسی بوئین زهرا,laboratory,,,,https://www.bzte.ac.ir/blog/%D9%85%D8%AF%DB%8C%D8%B1%DB%8C%D8%AA-%D8%A2%D8%B2%D9%85%D8%A7%DB%8C%D8%B4%DA%AF%D8%A7%D9%87-%D9%87%D8%A7-%D9%88-%DA%A9%D8%A7%D8%B1%DA%AF%D8%A7%D9%87-%D9%87%D8%A7/1705-%D8%A8%D8%AE%D8%B4-%D8%A2%D8%B2%D9%85%D8%A7%DB%8C%D8%B4%DA%AF%D8%A7%D9%87%E2%80%8C%D9%87%D8%A7-%D9%88-%DA%A9%D8%A7%D8%B1%DA%AF%D8%A7%D9%87%E2%80%8C%D9%87%D8%A7.html,verified,2026-08-11
buin-zahra-higher-ed-discovery-unit-industry-be55c5d26d38,buin-zahra-higher-ed,امور کارآفرینی و ارتباط با صنعت | مرکز آموزش عالی فنی و مهندسی بوئین زهرا,industry,,,,https://www.bzte.ac.ir/blog/%D9%85%D8%B9%D8%A7%D9%88%D9%86%D8%AA-/%DA%A9%D8%A7%D8%B1%D8%A2%D9%81%D8%B1%DB%8C%D9%86%DB%8C-%D9%88-%D8%A7%D8%B1%D8%AA%D8%A8%D8%A7%D8%B7-%D8%A8%D8%A7-%D8%B5%D9%86%D8%B9%D8%AA/173-%D8%A7%D9%85%D9%88%D8%B1-%DA%A9%D8%A7%D8%B1%D8%A2%D9%81%D8%B1%DB%8C%D9%86%DB%8C-%D9%88-%D8%A7%D8%B1%D8%AA%D8%A8%D8%A7%D8%B7-%D8%A8%D8%A7-%D8%B5%D9%86%D8%B9%D8%AA.html,verified,2026-08-11
buin-zahra-higher-ed-discovery-unit-industry-eff6976b7076,buin-zahra-higher-ed,برگزاری نشست ریاست مرکز با گروه کارآفرینی و ارتباط با صنعت | مرکز آموزش عالی فنی و مهندسی بوئین زهرا,industry,,,,https://www.bzte.ac.ir/blog/%D8%A7%D8%AE%D8%A8%D8%A7%D8%B1/%D8%B1%D9%88%DB%8C%D8%AF%D8%A7%D8%AF%D9%87%D8%A7/1917-%D8%A8%D8%B1%DA%AF%D8%B2%D8%A7%D8%B1%DB%8C-%D9%86%D8%B4%D8%B3%D8%AA-%D8%B1%DB%8C%D8%A7%D8%B3%D8%AA-%D9%85%D8%B1%DA%A9%D8%B2-%D8%A8%D8%A7--%DA%AF%D8%B1%D9%88%D9%87-%DA%A9%D8%A7%D8%B1%D8%A2%D9%81%D8%B1%DB%8C%D9%86%DB%8C-%D9%88-%D8%A7%D8%B1%D8%AA%D8%A8%D8%A7%D8%B7-%D8%A8%D8%A7-%D8%B5%D9%86%D8%B9%D8%AA.html,verified,2026-08-11
buin-zahra-higher-ed-discovery-unit-library-aa36e09e1973,buin-zahra-higher-ed,کتابخانه | مرکز آموزش عالی فنی و مهندسی بوئین زهرا,library,,,,https://www.bzte.ac.ir/blog/%D9%85%D8%B9%D8%A7%D9%88%D9%86%D8%AA-/607-%DA%A9%D8%AA%D8%A7%D8%A8%D8%AE%D8%A7%D9%86%D9%87.html,verified,2026-08-11
buin-zahra-higher-ed-discovery-unit-library-f26028bf4ce2,buin-zahra-higher-ed,انتشارات | مرکز آموزش عالی فنی و مهندسی بوئین زهرا,library,,,,https://www.bzte.ac.ir/blog/%D9%85%D8%B9%D8%A7%D9%88%D9%86%D8%AA-%D8%A2%D9%85%D9%88%D8%B2%D8%B4%DB%8C/1672-%D8%A7%D9%86%D8%AA%D8%B4%D8%A7%D8%B1%D8%A7%D8%AA.html,verified,2026-08-11
buin-zahra-higher-ed-discovery-unit-laboratory-c14ac7275a87,buin-zahra-higher-ed,آزمایشگاه شیمی عمومی | مرکز آموزش عالی فنی و مهندسی بوئین زهرا,laboratory,,,,https://www.bzte.ac.ir/blog/%D9%85%D8%AF%DB%8C%D8%B1%DB%8C%D8%AA-%D8%A2%D8%B2%D9%85%D8%A7%DB%8C%D8%B4%DA%AF%D8%A7%D9%87-%D9%87%D8%A7-%D9%88-%DA%A9%D8%A7%D8%B1%DA%AF%D8%A7%D9%87-%D9%87%D8%A7/1706-%D8%A2%D8%B2%D9%85%D8%A7%DB%8C%D8%B4%DA%AF%D8%A7%D9%87-%D8%B4%DB%8C%D9%85%DB%8C-%D8%B9%D9%85%D9%88%D9%85%DB%8C-.html,verified,2026-08-11
buin-zahra-higher-ed-discovery-unit-laboratory-5dbaf35770f7,buin-zahra-higher-ed,آزمایشگاه شیمی تجزیه | مرکز آموزش عالی فنی و مهندسی بوئین زهرا,laboratory,,,,https://www.bzte.ac.ir/blog/%D9%85%D8%AF%DB%8C%D8%B1%DB%8C%D8%AA-%D8%A2%D8%B2%D9%85%D8%A7%DB%8C%D8%B4%DA%AF%D8%A7%D9%87-%D9%87%D8%A7-%D9%88-%DA%A9%D8%A7%D8%B1%DA%AF%D8%A7%D9%87-%D9%87%D8%A7/1707-%D8%A2%D8%B2%D9%85%D8%A7%DB%8C%D8%B4%DA%AF%D8%A7%D9%87-%D8%B4%DB%8C%D9%85%DB%8C-%D8%AA%D8%AC%D8%B2%DB%8C%D9%87.html,verified,2026-08-11
buin-zahra-higher-ed-discovery-unit-laboratory-d9e551ef4294,buin-zahra-higher-ed,آزمایشگاه شیمی آلی | مرکز آموزش عالی فنی و مهندسی بوئین زهرا,laboratory,,,,https://www.bzte.ac.ir/blog/%D9%85%D8%AF%DB%8C%D8%B1%DB%8C%D8%AA-%D8%A2%D8%B2%D9%85%D8%A7%DB%8C%D8%B4%DA%AF%D8%A7%D9%87-%D9%87%D8%A7-%D9%88-%DA%A9%D8%A7%D8%B1%DA%AF%D8%A7%D9%87-%D9%87%D8%A7/1708-%D8%A2%D8%B2%D9%85%D8%A7%DB%8C%D8%B4%DA%AF%D8%A7%D9%87-%D8%B4%DB%8C%D9%85%DB%8C-%D8%A2%D9%84%DB%8C.html,verified,2026-08-11
buin-zahra-higher-ed-discovery-unit-laboratory-18c134e949b7,buin-zahra-higher-ed,آزمایشگاه شیمی فیزیک | مرکز آموزش عالی فنی و مهندسی بوئین زهرا,laboratory,,,,https://www.bzte.ac.ir/blog/%D9%85%D8%AF%DB%8C%D8%B1%DB%8C%D8%AA-%D8%A2%D8%B2%D9%85%D8%A7%DB%8C%D8%B4%DA%AF%D8%A7%D9%87-%D9%87%D8%A7-%D9%88-%DA%A9%D8%A7%D8%B1%DA%AF%D8%A7%D9%87-%D9%87%D8%A7/1709-%D8%A2%D8%B2%D9%85%D8%A7%DB%8C%D8%B4%DA%AF%D8%A7%D9%87-%D8%B4%DB%8C%D9%85%DB%8C-%D9%81%DB%8C%D8%B2%DB%8C%DA%A9.html,verified,2026-08-11
buin-zahra-higher-ed-discovery-unit-laboratory-8a237eac9730,buin-zahra-higher-ed,آزمایشگاه شیمی فیزیک پلیمرها | مرکز آموزش عالی فنی و مهندسی بوئین زهرا,laboratory,,,,https://www.bzte.ac.ir/blog/%D9%85%D8%AF%DB%8C%D8%B1%DB%8C%D8%AA-%D8%A2%D8%B2%D9%85%D8%A7%DB%8C%D8%B4%DA%AF%D8%A7%D9%87-%D9%87%D8%A7-%D9%88-%DA%A9%D8%A7%D8%B1%DA%AF%D8%A7%D9%87-%D9%87%D8%A7/1710-%D8%A2%D8%B2%D9%85%D8%A7%DB%8C%D8%B4%DA%AF%D8%A7%D9%87-%D8%B4%DB%8C%D9%85%DB%8C-%D9%81%DB%8C%D8%B2%DB%8C%DA%A9-%D9%BE%D9%84%DB%8C%D9%85%D8%B1%D9%87%D8%A7.html,verified,2026-08-11
buin-zahra-higher-ed-discovery-unit-laboratory-fc66b0b35176,buin-zahra-higher-ed,آزمایشگاه شیمی پلیمرها | مرکز آموزش عالی فنی و مهندسی بوئین زهرا,laboratory,,,,https://www.bzte.ac.ir/blog/%D9%85%D8%AF%DB%8C%D8%B1%DB%8C%D8%AA-%D8%A2%D8%B2%D9%85%D8%A7%DB%8C%D8%B4%DA%AF%D8%A7%D9%87-%D9%87%D8%A7-%D9%88-%DA%A9%D8%A7%D8%B1%DA%AF%D8%A7%D9%87-%D9%87%D8%A7/1711-%D8%A2%D8%B2%D9%85%D8%A7%DB%8C%D8%B4%DA%AF%D8%A7%D9%87-%D8%B4%DB%8C%D9%85%DB%8C-%D9%BE%D9%84%DB%8C%D9%85%D8%B1%D9%87%D8%A7.html,verified,2026-08-11
buin-zahra-higher-ed-discovery-unit-laboratory-a19defbec926,buin-zahra-higher-ed,آزمایشگاه ترمودینامیک | مرکز آموزش عالی فنی و مهندسی بوئین زهرا,laboratory,,,,https://www.bzte.ac.ir/blog/%D9%85%D8%AF%DB%8C%D8%B1%DB%8C%D8%AA-%D8%A2%D8%B2%D9%85%D8%A7%DB%8C%D8%B4%DA%AF%D8%A7%D9%87-%D9%87%D8%A7-%D9%88-%DA%A9%D8%A7%D8%B1%DA%AF%D8%A7%D9%87-%D9%87%D8%A7/1712-%D8%A2%D8%B2%D9%85%D8%A7%DB%8C%D8%B4%DA%AF%D8%A7%D9%87-%D8%AA%D8%B1%D9%85%D9%88%D8%AF%DB%8C%D9%86%D8%A7%D9%85%DB%8C%DA%A9.html,verified,2026-08-11
buin-zahra-higher-ed-discovery-unit-laboratory-697ccb8f6a03,buin-zahra-higher-ed,آزمایشگاه عملیات واحد | مرکز آموزش عالی فنی و مهندسی بوئین زهرا,laboratory,,,,https://www.bzte.ac.ir/blog/%D9%85%D8%AF%DB%8C%D8%B1%DB%8C%D8%AA-%D8%A2%D8%B2%D9%85%D8%A7%DB%8C%D8%B4%DA%AF%D8%A7%D9%87-%D9%87%D8%A7-%D9%88-%DA%A9%D8%A7%D8%B1%DA%AF%D8%A7%D9%87-%D9%87%D8%A7/1713-%D8%A2%D8%B2%D9%85%D8%A7%DB%8C%D8%B4%DA%AF%D8%A7%D9%87-%D8%B9%D9%85%D9%84%DB%8C%D8%A7%D8%AA-%D9%88%D8%A7%D8%AD%D8%AF.html,verified,2026-08-11
buin-zahra-higher-ed-discovery-unit-laboratory-4b245d3c8c08,buin-zahra-higher-ed,آزمایشگاه کنترل فرآیند | مرکز آموزش عالی فنی و مهندسی بوئین زهرا,laboratory,,,,https://www.bzte.ac.ir/blog/%D9%85%D8%AF%DB%8C%D8%B1%DB%8C%D8%AA-%D8%A2%D8%B2%D9%85%D8%A7%DB%8C%D8%B4%DA%AF%D8%A7%D9%87-%D9%87%D8%A7-%D9%88-%DA%A9%D8%A7%D8%B1%DA%AF%D8%A7%D9%87-%D9%87%D8%A7/1714-%D8%A2%D8%B2%D9%85%D8%A7%DB%8C%D8%B4%DA%AF%D8%A7%D9%87-%DA%A9%D9%86%D8%AA%D8%B1%D9%84-%D9%81%D8%B1%D8%A2%DB%8C%D9%86%D8%AF.html,verified,2026-08-11
buin-zahra-higher-ed-discovery-unit-laboratory-2626d4439a08,buin-zahra-higher-ed,آزمایشگاه مکانیک سیالات | مرکز آموزش عالی فنی و مهندسی بوئین زهرا,laboratory,,,,https://www.bzte.ac.ir/blog/%D9%85%D8%AF%DB%8C%D8%B1%DB%8C%D8%AA-%D8%A2%D8%B2%D9%85%D8%A7%DB%8C%D8%B4%DA%AF%D8%A7%D9%87-%D9%87%D8%A7-%D9%88-%DA%A9%D8%A7%D8%B1%DA%AF%D8%A7%D9%87-%D9%87%D8%A7/1715-%D8%A2%D8%B2%D9%85%D8%A7%DB%8C%D8%B4%DA%AF%D8%A7%D9%87-%D8%B3%DB%8C%D8%A7%D9%84%D8%A7%D8%AA.html,verified,2026-08-11
buin-zahra-higher-ed-discovery-unit-laboratory-d9ca4bf94849,buin-zahra-higher-ed,آزمایشگاه تاسیسات | مرکز آموزش عالی فنی و مهندسی بوئین زهرا,laboratory,,,,https://www.bzte.ac.ir/blog/%D9%85%D8%AF%DB%8C%D8%B1%DB%8C%D8%AA-%D8%A2%D8%B2%D9%85%D8%A7%DB%8C%D8%B4%DA%AF%D8%A7%D9%87-%D9%87%D8%A7-%D9%88-%DA%A9%D8%A7%D8%B1%DA%AF%D8%A7%D9%87-%D9%87%D8%A7/1716-%D8%A2%D8%B2%D9%85%D8%A7%DB%8C%D8%B4%DA%AF%D8%A7%D9%87-%D8%AA%D8%A7%D8%B3%DB%8C%D8%B3%D8%A7%D8%AA.html,verified,2026-08-11
buin-zahra-higher-ed-discovery-unit-laboratory-ed6a093d2bf6,buin-zahra-higher-ed,آزمایشگاه آیرودینامیک | مرکز آموزش عالی فنی و مهندسی بوئین زهرا,laboratory,,,,https://www.bzte.ac.ir/blog/%D9%85%D8%AF%DB%8C%D8%B1%DB%8C%D8%AA-%D8%A2%D8%B2%D9%85%D8%A7%DB%8C%D8%B4%DA%AF%D8%A7%D9%87-%D9%87%D8%A7-%D9%88-%DA%A9%D8%A7%D8%B1%DA%AF%D8%A7%D9%87-%D9%87%D8%A7/1717-%D8%A2%D8%B2%D9%85%D8%A7%DB%8C%D8%B4%DA%AF%D8%A7%D9%87-%D8%AA%D9%88%D9%86%D9%84-%D8%A8%D8%A7%D8%AF.html,verified,2026-08-11
buin-zahra-higher-ed-discovery-unit-laboratory-087c56831f00,buin-zahra-higher-ed,آزمایشگاه فیزیک مدرن | مرکز آموزش عالی فنی و مهندسی بوئین زهرا,laboratory,,,,https://www.bzte.ac.ir/blog/%D9%85%D8%AF%DB%8C%D8%B1%DB%8C%D8%AA-%D8%A2%D8%B2%D9%85%D8%A7%DB%8C%D8%B4%DA%AF%D8%A7%D9%87-%D9%87%D8%A7-%D9%88-%DA%A9%D8%A7%D8%B1%DA%AF%D8%A7%D9%87-%D9%87%D8%A7/1721-%D8%A2%D8%B2%D9%85%D8%A7%DB%8C%D8%B4%DA%AF%D8%A7%D9%87-%D9%81%DB%8C%D8%B2%DB%8C%DA%A9-%D9%85%D8%AF%D8%B1%D9%86.html,verified,2026-08-11
buin-zahra-higher-ed-discovery-unit-laboratory-a10e5c9c5c12,buin-zahra-higher-ed,آزمایشگاه الکترونیک 1 | مرکز آموزش عالی فنی و مهندسی بوئین زهرا,laboratory,,,,https://www.bzte.ac.ir/blog/%D9%85%D8%AF%DB%8C%D8%B1%DB%8C%D8%AA-%D8%A2%D8%B2%D9%85%D8%A7%DB%8C%D8%B4%DA%AF%D8%A7%D9%87-%D9%87%D8%A7-%D9%88-%DA%A9%D8%A7%D8%B1%DA%AF%D8%A7%D9%87-%D9%87%D8%A7/1722-%D8%A2%D8%B2%D9%85%D8%A7%DB%8C%D8%B4%DA%AF%D8%A7%D9%87-%D8%A7%D9%84%DA%A9%D8%AA%D8%B1%D9%88%D9%86%DB%8C%DA%A9-1.html,verified,2026-08-11
buin-zahra-higher-ed-discovery-unit-laboratory-0fd8ee8697f2,buin-zahra-higher-ed,آزمایشگاه الکترونیک 2 | مرکز آموزش عالی فنی و مهندسی بوئین زهرا,laboratory,,,,https://www.bzte.ac.ir/blog/%D9%85%D8%AF%DB%8C%D8%B1%DB%8C%D8%AA-%D8%A2%D8%B2%D9%85%D8%A7%DB%8C%D8%B4%DA%AF%D8%A7%D9%87-%D9%87%D8%A7-%D9%88-%DA%A9%D8%A7%D8%B1%DA%AF%D8%A7%D9%87-%D9%87%D8%A7/1723-%D8%A2%D8%B2%D9%85%D8%A7%DB%8C%D8%B4%DA%AF%D8%A7%D9%87-%D8%A7%D9%84%DA%A9%D8%AA%D8%B1%D9%88%D9%86%DB%8C%DA%A9-2.html,verified,2026-08-11
buin-zahra-higher-ed-discovery-unit-laboratory-39c6e03aedbb,buin-zahra-higher-ed,آزمایشگاه فیزیولوژی | مرکز آموزش عالی فنی و مهندسی بوئین زهرا,laboratory,,,,https://www.bzte.ac.ir/blog/%D9%85%D8%AF%DB%8C%D8%B1%DB%8C%D8%AA-%D8%A2%D8%B2%D9%85%D8%A7%DB%8C%D8%B4%DA%AF%D8%A7%D9%87-%D9%87%D8%A7-%D9%88-%DA%A9%D8%A7%D8%B1%DA%AF%D8%A7%D9%87-%D9%87%D8%A7/382--%D8%A2%D8%B2%D9%85%D8%A7%DB%8C%D8%B4%DA%AF%D8%A7%D9%87-%D9%81%DB%8C%D8%B2%DB%8C%D9%88%D9%84%D9%88%DA%98%DB%8C.html,verified,2026-08-11
buin-zahra-higher-ed-discovery-unit-laboratory-4376b4eaad44,buin-zahra-higher-ed,آزمایشگاه ماشینهای الکتریکی | مرکز آموزش عالی فنی و مهندسی بوئین زهرا,laboratory,,,,https://www.bzte.ac.ir/blog/%D9%85%D8%AF%DB%8C%D8%B1%DB%8C%D8%AA-%D8%A2%D8%B2%D9%85%D8%A7%DB%8C%D8%B4%DA%AF%D8%A7%D9%87-%D9%87%D8%A7-%D9%88-%DA%A9%D8%A7%D8%B1%DA%AF%D8%A7%D9%87-%D9%87%D8%A7/1725-%D8%A2%D8%B2%D9%85%D8%A7%DB%8C%D8%B4%DA%AF%D8%A7%D9%87-%D9%85%D8%A7%D8%B4%DB%8C%D9%86%D9%87%D8%A7%DB%8C-%D8%A7%D9%84%DA%A9%D8%AA%D8%B1%DB%8C%DA%A9%DB%8C.html,verified,2026-08-11
buin-zahra-higher-ed-discovery-unit-laboratory-b2623094f11c,buin-zahra-higher-ed,آزمایشگاه انتقال حرارت | مرکز آموزش عالی فنی و مهندسی بوئین زهرا,laboratory,,,,https://www.bzte.ac.ir/blog/%D9%85%D8%AF%DB%8C%D8%B1%DB%8C%D8%AA-%D8%A2%D8%B2%D9%85%D8%A7%DB%8C%D8%B4%DA%AF%D8%A7%D9%87-%D9%87%D8%A7-%D9%88-%DA%A9%D8%A7%D8%B1%DA%AF%D8%A7%D9%87-%D9%87%D8%A7/1726-%D8%A2%D8%B2%D9%85%D8%A7%DB%8C%D8%B4%DA%AF%D8%A7%D9%87-%D8%A7%D9%86%D8%AA%D9%82%D8%A7%D9%84-%D8%AD%D8%B1%D8%A7%D8%B1%D8%AA.html,verified,2026-08-11
buin-zahra-higher-ed-discovery-unit-laboratory-f1168fd3bedd,buin-zahra-higher-ed,آزمایشگاه مکانیک خاک و تکنولوژی بتن | مرکز آموزش عالی فنی و مهندسی بوئین زهرا,laboratory,,,,https://www.bzte.ac.ir/blog/%D9%85%D8%AF%DB%8C%D8%B1%DB%8C%D8%AA-%D8%A2%D8%B2%D9%85%D8%A7%DB%8C%D8%B4%DA%AF%D8%A7%D9%87-%D9%87%D8%A7-%D9%88-%DA%A9%D8%A7%D8%B1%DA%AF%D8%A7%D9%87-%D9%87%D8%A7/1727-%D8%A2%D8%B2%D9%85%D8%A7%DB%8C%D8%B4%DA%AF%D8%A7%D9%87-%D9%85%DA%A9%D8%A7%D9%86%DB%8C%DA%A9-%D8%AE%D8%A7%DA%A9-%D9%88-%D8%AA%DA%A9%D9%86%D9%88%D9%84%D9%88%DA%98%DB%8C-%D8%A8%D8%AA%D9%86.html,verified,2026-08-11
buin-zahra-higher-ed-discovery-unit-technology-4bfc4f70235f,buin-zahra-higher-ed,کارآفرینی | مرکز آموزش عالی فنی و مهندسی بوئین زهرا,technology,,,,https://www.bzte.ac.ir/blog/%D8%A7%D8%AE%D8%A8%D8%A7%D8%B1/%DA%A9%D8%A7%D8%B1%D8%A2%D9%81%D8%B1%DB%8C%D9%86%DB%8C,verified,2026-08-11
mahallat-higher-ed-discovery-unit-research-785591f6c681,mahallat-higher-ed,سامانه مدیریت امور پژوهشی ژیرو | ورود به سامانه,research,,,,https://research.mahallat.ac.ir/Login.aspx,verified,2026-08-11
mahallat-higher-ed-discovery-unit-research-bd27db9de894,mahallat-higher-ed,معرفی معاونت پژوهشی و فناوری مرکز - معاونت پژوهشی مرکز آموزش عالی محلات - University Of Mahalat,research,,,,https://mahallat.ac.ir/web/pajoheshi/%D9%85%D8%B9%D8%B1%D9%81%DB%8C-%D9%85%D8%B9%D8%A7%D9%88%D9%86-%D9%BE%DA%98%D9%88%D9%87%D8%B4%DB%8C-%D9%88-%D9%81%D9%86%D8%A7%D9%88%D8%B1%DB%8C-%D9%85%D8%B1%DA%A9%D8%B2,verified,2026-08-11
mahallat-higher-ed-discovery-unit-industry-b13b6e0c4e98,mahallat-higher-ed,ارتباط با صنعت - معاونت پژوهشی مرکز آموزش عالی محلات - University Of Mahalat,industry,,,,https://mahallat.ac.ir/web/pajoheshi/%D8%A7%D8%B1%D8%AA%D8%A8%D8%A7%D8%B7-%D8%A8%D8%A7-%D8%B5%D9%86%D8%B9%D8%AA,verified,2026-08-11
gorgan-agri-discovery-unit-library-67243deb89ba,gorgan-agri,کتابخانه مرکزی و مرکز اسناد- دانشگاه علوم کشاورزی و منابع طبیعی گرگان,library,,,,https://library.gau.ac.ir/,verified,2026-08-11
gorgan-agri-discovery-unit-library-aa103b9e660e,gorgan-agri,کتابخانه مرکزی و مرکز اسناد- دانشگاه علوم کشاورزی و منابع طبیعی گرگان,library,,,,https://library.gau.ac.ir/RuleDetails?Rulesid=56,verified,2026-08-11
gorgan-agri-discovery-unit-library-16fdd9e2da7f,gorgan-agri,کتابخانه مرکزی و مرکز اسناد- دانشگاه علوم کشاورزی و منابع طبیعی گرگان,library,,,,https://library.gau.ac.ir/RuleDetails?Rulesid=164,verified,2026-08-11
gorgan-agri-discovery-unit-library-f7468bc7022a,gorgan-agri,کتابخانه مرکزی و مرکز اسناد- دانشگاه علوم کشاورزی و منابع طبیعی گرگان,library,,,,https://library.gau.ac.ir/RuleDetails?Rulesid=111,verified,2026-08-11
gorgan-agri-discovery-unit-library-a029328d2a8a,gorgan-agri,کتابخانه مرکزی و مرکز اسناد- دانشگاه علوم کشاورزی و منابع طبیعی گرگان,library,,,,https://library.gau.ac.ir/RuleDetails?Rulesid=165,verified,2026-08-11
gorgan-agri-discovery-unit-library-14769404ff54,gorgan-agri,کتابخانه مرکزی و مرکز اسناد- دانشگاه علوم کشاورزی و منابع طبیعی گرگان,library,,,,https://library.gau.ac.ir/RuleDetails?Rulesid=112,verified,2026-08-11
gorgan-agri-discovery-unit-library-3953d713ce0b,gorgan-agri,کتابخانه مرکزی و مرکز اسناد- دانشگاه علوم کشاورزی و منابع طبیعی گرگان,library,,,,https://library.gau.ac.ir/Rules,verified,2026-08-11
gorgan-agri-discovery-unit-library-738b96c8cf54,gorgan-agri,کتابخانه مرکزی و مرکز اسناد- دانشگاه علوم کشاورزی و منابع طبیعی گرگان,library,,,,https://library.gau.ac.ir/page?pageid=198,verified,2026-08-11
gorgan-agri-discovery-unit-library-c4eeee4305f0,gorgan-agri,کتابخانه مرکزی و مرکز اسناد- دانشگاه علوم کشاورزی و منابع طبیعی گرگان,library,,,,https://library.gau.ac.ir/RuleDetails?Rulesid=1248,verified,2026-08-11
gorgan-agri-discovery-unit-library-fa6282ec220c,gorgan-agri,کتابخانه مرکزی و مرکز اسناد- دانشگاه علوم کشاورزی و منابع طبیعی گرگان,library,,,,https://library.gau.ac.ir/RuleDetails?Rulesid=1247,verified,2026-08-11
gorgan-agri-discovery-unit-it-322b22c6a1cd,gorgan-agri,معاونت پژوهشی و فناوری - دانشگاه علوم کشاورزی و منابع طبیعی گرگان,it,,organizationally-attributed,,https://researchvp.gau.ac.ir/NewsDetails?newsid=19986,verified,2026-08-11
gorgan-agri-discovery-unit-research-84cfd1e7b6a3,gorgan-agri,معاونت پژوهشی و فناوری - دانشگاه علوم کشاورزی و منابع طبیعی گرگان,research,,,,https://researchvp.gau.ac.ir/page?pageid=79,verified,2026-08-11
gorgan-agri-discovery-unit-research-51093b47715d,gorgan-agri,معاونت پژوهشی و فناوری - دانشگاه علوم کشاورزی و منابع طبیعی گرگان,research,,,,https://researchvp.gau.ac.ir/page?pageid=80,verified,2026-08-11
sari-agri-discovery-unit-library-13451ce31b5f,sari-agri,رئیس کتابخانه مرکزی و مرکز اسناد علمی – معاونت پژوهش و فناوری,library,,,,https://research.sanru.ac.ir/%d8%b1%d8%a6%db%8c%d8%b3-%da%a9%d8%aa%d8%a7%d8%a8%d8%ae%d8%a7%d9%86%d9%87-%d9%85%d8%b1%da%a9%d8%b2%db%8c/,verified,2026-08-11
sari-agri-discovery-unit-laboratory-99c127a2cd10,sari-agri,مسئول آزمایشگاه مرکزی – معاونت پژوهش و فناوری,laboratory,,,,https://research.sanru.ac.ir/%d9%85%d8%b3%d8%a6%d9%88%d9%84-%d8%a2%d8%b2%d9%85%d8%a7%db%8c%d8%b4%da%af%d8%a7%d9%87-%d9%85%d8%b1%da%a9%d8%b2%db%8c/,verified,2026-08-11
sari-agri-discovery-unit-technology-15184655eaa5,sari-agri,مدیر مرکز کارآفرینی – معاونت پژوهش و فناوری,technology,,,,https://research.sanru.ac.ir/%d9%85%d8%af%db%8c%d8%b1-%d9%85%d8%b1%da%a9%d8%b2-%da%a9%d8%a7%d8%b1%d8%a2%d9%81%d8%b1%db%8c%d9%86%db%8c/,verified,2026-08-11
sari-agri-discovery-unit-library-a17fa2bd4f03,sari-agri,چاپ کتاب – معاونت پژوهش و فناوری,library,,,,https://research.sanru.ac.ir/%D8%A7%D9%86%D8%AA%D8%B4%D8%A7%D8%B1%D8%A7%D8%AA-%D8%AF%D8%A7%D9%86%D8%B4%DA%AF%D8%A7%D9%87-2/,verified,2026-08-11
sari-agri-discovery-unit-industry-dc02ec9990dc,sari-agri,مدیر ارتباط با جامعه و صنعت – معاونت پژوهش و فناوری,industry,,,,https://research.sanru.ac.ir/%d9%85%d8%af%db%8c%d8%b1-%d8%a7%d8%b1%d8%aa%d8%a8%d8%a7%d8%b7-%d8%a8%d8%a7-%d8%ac%d8%a7%d9%85%d8%b9%d9%87-%d9%88-%d8%b5%d9%86%d8%b9%d8%aa/,verified,2026-08-11
sari-agri-discovery-unit-technology-792bbb6501e1,sari-agri,مرکز کارآفرینی – معاونت پژوهش و فناوری,technology,,,,https://research.sanru.ac.ir/karafarini/,verified,2026-08-11
sari-agri-discovery-unit-library-f0536c467f90,sari-agri,موفقیت نشریات علمی دانشگاه در کسب تأییدیه نمایه‌های بین‌المللی AGRIS و CABI – معاونت پژوهش و فناوری,library,,,,https://research.sanru.ac.ir/%d8%aa%d9%82%d9%88%db%8c%d9%85-%d9%be%da%98%d9%88%d9%87%d8%b4%db%8c-%d9%85%d8%b9%d8%a7%d9%88%d9%86%d8%aa-%d9%be%da%98%d9%88%d9%87%d8%b4-%d9%88-%d9%81%d9%86%d8%a7%d9%88%d8%b1%db%8c-%d8%b3%d8%a7%d9%84-7/,verified,2026-08-11
sari-agri-discovery-unit-library-5dd759e3970d,sari-agri,برگزاری نمایشگاه کتاب توسط انتشارات دانشگاه – معاونت پژوهش و فناوری,library,,,,https://research.sanru.ac.ir/%d8%aa%d9%82%d9%88%db%8c%d9%85-%d9%be%da%98%d9%88%d9%87%d8%b4%db%8c-%d9%85%d8%b9%d8%a7%d9%88%d9%86%d8%aa-%d9%be%da%98%d9%88%d9%87%d8%b4-%d9%88-%d9%81%d9%86%d8%a7%d9%88%d8%b1%db%8c-%d8%b3%d8%a7%d9%84-5/,verified,2026-08-11
sari-agri-discovery-unit-it-01862f9b75c0,sari-agri,مدیر گروه فناوری اطلاعات – معاونت پژوهش و فناوری,it,,organizationally-attributed,,https://research.sanru.ac.ir/%d9%85%d8%af%db%8c%d8%b1-%da%af%d8%b1%d9%88%d9%87-%d9%81%d9%86%d8%a7%d9%88%d8%b1%db%8c-%d8%a7%d8%b7%d9%84%d8%a7%d8%b9%d8%a7%d8%aa/,verified,2026-08-11
sari-agri-discovery-unit-technology-27ac9555ca6a,sari-agri,سلسله کارگاه های کارآفرینی – معاونت پژوهش و فناوری,technology,,,,https://research.sanru.ac.ir/%d8%b3%d9%84%d8%b3%d9%84%d9%87-%da%a9%d8%a7%d8%b1%da%af%d8%a7%d9%87-%d9%87%d8%a7%db%8c-%da%a9%d8%a7%d8%b1%d8%a2%d9%81%d8%b1%db%8c%d9%86%db%8c/,verified,2026-08-11
sari-agri-discovery-unit-library-2839dfd12783,sari-agri,اعضای شورا – معاونت پژوهش و فناوری,library,,,,https://research.sanru.ac.ir/%d8%a7%d8%b9%d8%b6%d8%a7%db%8c-%d8%b4%d9%88%d8%b1%d8%a7%db%8c-%d9%be%da%98%d9%88%d9%87%d8%b4%db%8c/,verified,2026-08-11
khuzestan-agri-discovery-unit-library-3625dc3e3e36,khuzestan-agri,آیین‌نامه‌ها و فرم‌ها- فرم‌های کتابخانه مرکزی مرکز اطلاع‌رسانی,library,,,,https://asnrukh.ac.ir/research/fa/regulation/category/42/%D9%81%D8%B1%D9%85-%D9%87%D8%A7%DB%8C-%DA%A9%D8%AA%D8%A7%D8%A8%D8%AE%D8%A7%D9%86%D9%87-%D9%85%D8%B1%DA%A9%D8%B2%DB%8C-%D9%85%D8%B1%DA%A9%D8%B2-%D8%A7%D8%B7%D9%84%D8%A7%D8%B9-%D8%B1%D8%B3%D8%A7%D9%86%DB%8C,verified,2026-08-11
khuzestan-agri-discovery-unit-library-12c3358aa7f4,khuzestan-agri,آیین‌نامه‌ها و فرم‌ها- آئین‌نامه‌های کتابخانه مرکزی و مرکز اطلاع‌رسانی,library,,,,https://asnrukh.ac.ir/research/fa/regulation/category/46/%D8%A2%D8%A6%DB%8C%D9%86-%D9%86%D8%A7%D9%85%D9%87-%D9%87%D8%A7%DB%8C-%DA%A9%D8%AA%D8%A7%D8%A8%D8%AE%D8%A7%D9%86%D9%87-%D9%85%D8%B1%DA%A9%D8%B2%DB%8C-%D9%88-%D9%85%D8%B1%DA%A9%D8%B2-%D8%A7%D8%B7%D9%84%D8%A7%D8%B9-%D8%B1%D8%B3%D8%A7%D9%86%DB%8C,verified,2026-08-11
khuzestan-agri-discovery-unit-laboratory-b549112e007c,khuzestan-agri,آیین‌نامه‌ها و فرم‌ها- فرم‌های آزمایشگاه مرکزی,laboratory,,,,https://asnrukh.ac.ir/research/fa/regulation/category/37/%D9%81%D8%B1%D9%85-%D9%87%D8%A7%DB%8C-%D8%A2%D8%B2%D9%85%D8%A7%DB%8C%D8%B4%DA%AF%D8%A7%D9%87-%D9%85%D8%B1%DA%A9%D8%B2%DB%8C,verified,2026-08-11
khuzestan-agri-discovery-unit-laboratory-2a7d613dbebe,khuzestan-agri,آیین‌نامه‌ها و فرم‌ها- آئین‌نامه‌های آزمایشگاه مرکزی,laboratory,,,,https://asnrukh.ac.ir/research/fa/regulation/category/50/%D8%A2%D8%A6%DB%8C%D9%86-%D9%86%D8%A7%D9%85%D9%87-%D9%87%D8%A7%DB%8C-%D8%A2%D8%B2%D9%85%D8%A7%DB%8C%D8%B4%DA%AF%D8%A7%D9%87-%D9%85%D8%B1%DA%A9%D8%B2%DB%8C,verified,2026-08-11
khuzestan-agri-discovery-unit-it-3c7161f168e9,khuzestan-agri,آیین‌نامه‌ها و فرم‌ها- فرم‌های فناوری اطلاعات و ارتباطات,it,,organizationally-attributed,,https://asnrukh.ac.ir/research/fa/regulation/category/47/%D9%81%D8%B1%D9%85-%D9%87%D8%A7%DB%8C-%D9%81%D9%86%D8%A7%D9%88%D8%B1%DB%8C-%D8%A7%D8%B7%D9%84%D8%A7%D8%B9%D8%A7%D8%AA-%D9%88-%D8%A7%D8%B1%D8%AA%D8%A8%D8%A7%D8%B7%D8%A7%D8%AA,verified,2026-08-11
khuzestan-agri-discovery-unit-it-5e55f9386fc6,khuzestan-agri,آیین‌نامه‌ها و فرم‌ها- آئین‌نامه‌های فناوری اطلاعات و ارتباطات,it,,organizationally-attributed,,https://asnrukh.ac.ir/research/fa/regulation/category/49/%D8%A2%D8%A6%DB%8C%D9%86-%D9%86%D8%A7%D9%85%D9%87-%D9%87%D8%A7%DB%8C-%D9%81%D9%86%D8%A7%D9%88%D8%B1%DB%8C-%D8%A7%D8%B7%D9%84%D8%A7%D8%B9%D8%A7%D8%AA-%D9%88-%D8%A7%D8%B1%D8%AA%D8%A8%D8%A7%D8%B7%D8%A7%D8%AA,verified,2026-08-11
khuzestan-agri-discovery-unit-technology-a463debf9cc3,khuzestan-agri,آیین‌نامه‌ها و فرم‌ها- فرم‌های کارآفرینی و ارتباط با جامعه,technology,,,,https://asnrukh.ac.ir/research/fa/regulation/category/36/%D9%81%D8%B1%D9%85-%D9%87%D8%A7%DB%8C-%DA%A9%D8%A7%D8%B1%D8%A2%D9%81%D8%B1%DB%8C%D9%86%DB%8C-%D9%88-%D8%A7%D8%B1%D8%AA%D8%A8%D8%A7%D8%B7-%D8%A8%D8%A7-%D8%AC%D8%A7%D9%85%D8%B9%D9%87,verified,2026-08-11
khuzestan-agri-discovery-unit-technology-fcf62cda80a5,khuzestan-agri,آیین‌نامه‌ها و فرم‌ها- فرم‌های کانون شکوفایی خلاقیت و نوآوری,technology,,,,https://asnrukh.ac.ir/research/fa/regulation/category/48/%D9%81%D8%B1%D9%85-%D9%87%D8%A7%DB%8C-%DA%A9%D8%A7%D9%86%D9%88%D9%86-%D8%B4%DA%A9%D9%88%D9%81%D8%A7%DB%8C%DB%8C-%D8%AE%D9%84%D8%A7%D9%82%DB%8C%D8%AA-%D9%88-%D9%86%D9%88%D8%A2%D9%88%D8%B1%DB%8C,verified,2026-08-11
khuzestan-agri-discovery-unit-library-358617ef5c7e,khuzestan-agri,شیوه‌نامه انتشارات دانشگاه علوم کشاورزی و منابع طبیعی خوزستان - معاونت پژوهشی,library,,,,https://asnrukh.ac.ir/research/fa/regulation/417/%D8%B4%DB%8C%D9%88%D9%87-%D9%86%D8%A7%D9%85%D9%87-%D8%A7%D9%86%D8%AA%D8%B4%D8%A7%D8%B1%D8%A7%D8%AA-%D8%AF%D8%A7%D9%86%D8%B4%DA%AF%D8%A7%D9%87-%D8%B9%D9%84%D9%88%D9%85-%DA%A9%D8%B4%D8%A7%D9%88%D8%B1%D8%B2%DB%8C-%D9%88-%D9%85%D9%86%D8%A7%D8%A8%D8%B9-%D8%B7%D8%A8%DB%8C%D8%B9%DB%8C-%D8%AE%D9%88%D8%B2%D8%B3%D8%AA%D8%A7%D9%86,verified,2026-08-11
khuzestan-agri-discovery-unit-technology-eb59f9ce74ec,khuzestan-agri,آیین‌نامه‌ها و فرم‌ها- آئین‌نامه‌های کارآفرینی و ارتباط با جامعه,technology,,,,https://asnrukh.ac.ir/research/fa/regulation/category/45/%D8%A2%D8%A6%DB%8C%D9%86-%D9%86%D8%A7%D9%85%D9%87-%D9%87%D8%A7%DB%8C-%DA%A9%D8%A7%D8%B1%D8%A2%D9%81%D8%B1%DB%8C%D9%86%DB%8C-%D9%88-%D8%A7%D8%B1%D8%AA%D8%A8%D8%A7%D8%B7-%D8%A8%D8%A7-%D8%AC%D8%A7%D9%85%D8%B9%D9%87,verified,2026-08-11
khuzestan-agri-discovery-unit-technology-8ea033d46168,khuzestan-agri,آیین‌نامه‌ها و فرم‌ها- آئین‌نامه‌های کانون شکوفایی خلاقیت و نوآوری,technology,,,,https://asnrukh.ac.ir/research/fa/regulation/category/51/%D8%A2%D8%A6%DB%8C%D9%86-%D9%86%D8%A7%D9%85%D9%87-%D9%87%D8%A7%DB%8C-%DA%A9%D8%A7%D9%86%D9%88%D9%86-%D8%B4%DA%A9%D9%88%D9%81%D8%A7%DB%8C%DB%8C-%D8%AE%D9%84%D8%A7%D9%82%DB%8C%D8%AA-%D9%88-%D9%86%D9%88%D8%A2%D9%88%D8%B1%DB%8C,verified,2026-08-11
khuzestan-agri-discovery-unit-library-1dd94fcf4a7f,khuzestan-agri,آیین‌نامه‌ها و فرم‌ها- فرم‌های کتابخانه مرکزی مرکز اطلاع‌رسانی,library,,,,https://asnrukh.ac.ir/research/fa/regulation/category/42/%D9%81%D8%B1%D9%85-%D9%87%D8%A7%DB%8C-%DA%A9%D8%AA%D8%A7%D8%A8%D8%AE%D8%A7%D9%86%D9%87-%D9%85%D8%B1%DA%A9%D8%B2%DB%8C-%D9%85%D8%B1%DA%A9%D8%B2-%D8%A7%D8%B7%D9%84%D8%A7%D8%B9-%D8%B1%D8%B3%D8%A7%D9%86%DB%8C?sort=circularNo,verified,2026-08-11
khuzestan-agri-discovery-unit-library-e1e0b05c5bdb,khuzestan-agri,آیین‌نامه‌ها و فرم‌ها- آئین‌نامه‌های کتابخانه مرکزی و مرکز اطلاع‌رسانی,library,,,,https://asnrukh.ac.ir/research/fa/regulation/category/46/%D8%A2%D8%A6%DB%8C%D9%86-%D9%86%D8%A7%D9%85%D9%87-%D9%87%D8%A7%DB%8C-%DA%A9%D8%AA%D8%A7%D8%A8%D8%AE%D8%A7%D9%86%D9%87-%D9%85%D8%B1%DA%A9%D8%B2%DB%8C-%D9%88-%D9%85%D8%B1%DA%A9%D8%B2-%D8%A7%D8%B7%D9%84%D8%A7%D8%B9-%D8%B1%D8%B3%D8%A7%D9%86%DB%8C?sort=circularNo,verified,2026-08-11
khuzestan-agri-discovery-unit-laboratory-8d42d58f3f51,khuzestan-agri,آیین‌نامه‌ها و فرم‌ها- فرم‌های آزمایشگاه مرکزی,laboratory,,,,https://asnrukh.ac.ir/research/fa/regulation/category/37/%D9%81%D8%B1%D9%85-%D9%87%D8%A7%DB%8C-%D8%A2%D8%B2%D9%85%D8%A7%DB%8C%D8%B4%DA%AF%D8%A7%D9%87-%D9%85%D8%B1%DA%A9%D8%B2%DB%8C?sort=circularNo,verified,2026-08-11
khuzestan-agri-discovery-unit-laboratory-42eea1965798,khuzestan-agri,آیین‌نامه‌ها و فرم‌ها- آئین‌نامه‌های آزمایشگاه مرکزی,laboratory,,,,https://asnrukh.ac.ir/research/fa/regulation/category/50/%D8%A2%D8%A6%DB%8C%D9%86-%D9%86%D8%A7%D9%85%D9%87-%D9%87%D8%A7%DB%8C-%D8%A2%D8%B2%D9%85%D8%A7%DB%8C%D8%B4%DA%AF%D8%A7%D9%87-%D9%85%D8%B1%DA%A9%D8%B2%DB%8C?sort=circularNo,verified,2026-08-11
khuzestan-agri-discovery-unit-technology-ded1b1e84a25,khuzestan-agri,آیین‌نامه‌ها و فرم‌ها- فرم‌های کارآفرینی و ارتباط با جامعه,technology,,,,https://asnrukh.ac.ir/research/fa/regulation/category/36/%D9%81%D8%B1%D9%85-%D9%87%D8%A7%DB%8C-%DA%A9%D8%A7%D8%B1%D8%A2%D9%81%D8%B1%DB%8C%D9%86%DB%8C-%D9%88-%D8%A7%D8%B1%D8%AA%D8%A8%D8%A7%D8%B7-%D8%A8%D8%A7-%D8%AC%D8%A7%D9%85%D8%B9%D9%87?sort=circularNo,verified,2026-08-11
khuzestan-agri-discovery-unit-technology-925abd90824f,khuzestan-agri,آیین‌نامه‌ها و فرم‌ها- فرم‌های کانون شکوفایی خلاقیت و نوآوری,technology,,,,https://asnrukh.ac.ir/research/fa/regulation/category/48/%D9%81%D8%B1%D9%85-%D9%87%D8%A7%DB%8C-%DA%A9%D8%A7%D9%86%D9%88%D9%86-%D8%B4%DA%A9%D9%88%D9%81%D8%A7%DB%8C%DB%8C-%D8%AE%D9%84%D8%A7%D9%82%DB%8C%D8%AA-%D9%88-%D9%86%D9%88%D8%A2%D9%88%D8%B1%DB%8C?sort=circularNo,verified,2026-08-11
khuzestan-agri-discovery-unit-technology-5cf8658c1017,khuzestan-agri,آیین‌نامه‌ها و فرم‌ها- آئین‌نامه‌های کارآفرینی و ارتباط با جامعه,technology,,,,https://asnrukh.ac.ir/research/fa/regulation/category/45/%D8%A2%D8%A6%DB%8C%D9%86-%D9%86%D8%A7%D9%85%D9%87-%D9%87%D8%A7%DB%8C-%DA%A9%D8%A7%D8%B1%D8%A2%D9%81%D8%B1%DB%8C%D9%86%DB%8C-%D9%88-%D8%A7%D8%B1%D8%AA%D8%A8%D8%A7%D8%B7-%D8%A8%D8%A7-%D8%AC%D8%A7%D9%85%D8%B9%D9%87?sort=circularNo,verified,2026-08-11
khuzestan-agri-discovery-unit-technology-c2b7c1e3ca83,khuzestan-agri,آیین‌نامه‌ها و فرم‌ها- آئین‌نامه‌های کانون شکوفایی خلاقیت و نوآوری,technology,,,,https://asnrukh.ac.ir/research/fa/regulation/category/51/%D8%A2%D8%A6%DB%8C%D9%86-%D9%86%D8%A7%D9%85%D9%87-%D9%87%D8%A7%DB%8C-%DA%A9%D8%A7%D9%86%D9%88%D9%86-%D8%B4%DA%A9%D9%88%D9%81%D8%A7%DB%8C%DB%8C-%D8%AE%D9%84%D8%A7%D9%82%DB%8C%D8%AA-%D9%88-%D9%86%D9%88%D8%A2%D9%88%D8%B1%DB%8C?sort=circularNo,verified,2026-08-11
khuzestan-agri-discovery-unit-it-283cd54b71a8,khuzestan-agri,آیین‌نامه‌ها و فرم‌ها- فرم‌های فناوری اطلاعات و ارتباطات,it,,organizationally-attributed,,https://asnrukh.ac.ir/research/fa/regulation/category/47/%D9%81%D8%B1%D9%85-%D9%87%D8%A7%DB%8C-%D9%81%D9%86%D8%A7%D9%88%D8%B1%DB%8C-%D8%A7%D8%B7%D9%84%D8%A7%D8%B9%D8%A7%D8%AA-%D9%88-%D8%A7%D8%B1%D8%AA%D8%A8%D8%A7%D8%B7%D8%A7%D8%AA?sort=circularNo,verified,2026-08-11
khuzestan-agri-discovery-unit-it-ece307f745b0,khuzestan-agri,آیین‌نامه‌ها و فرم‌ها- آئین‌نامه‌های فناوری اطلاعات و ارتباطات,it,,organizationally-attributed,,https://asnrukh.ac.ir/research/fa/regulation/category/49/%D8%A2%D8%A6%DB%8C%D9%86-%D9%86%D8%A7%D9%85%D9%87-%D9%87%D8%A7%DB%8C-%D9%81%D9%86%D8%A7%D9%88%D8%B1%DB%8C-%D8%A7%D8%B7%D9%84%D8%A7%D8%B9%D8%A7%D8%AA-%D9%88-%D8%A7%D8%B1%D8%AA%D8%A8%D8%A7%D8%B7%D8%A7%D8%AA?sort=circularNo,verified,2026-08-11
tabriz-islamic-art-discovery-unit-library-ba8c46f0e6de,tabriz-islamic-art,کتابخانه مرکزی و مرکز اسناد – پورتال جامع آذرسا,library,,,,https://library.tabriziau.ac.ir/,verified,2026-08-11
tabriz-islamic-art-discovery-unit-laboratory-854a61f03b43,tabriz-islamic-art,اداره آزمایشگاه مرکزی - دانشگاه هنر اسلامی تبریز,laboratory,,,,https://tabriziau.ac.ir/Page/78/%D8%A7%D8%AF%D8%A7%D8%B1%D9%87-%D8%A2%D8%B2%D9%85%D8%A7%DB%8C%D8%B4%DA%AF%D8%A7%D9%87-%D9%85%D8%B1%DA%A9%D8%B2%DB%8C.html,verified,2026-08-11
tabriz-islamic-art-discovery-unit-technology-ee3d925031db,tabriz-islamic-art,تمدید مدت ارسال آثار به دومین جشنواره بین المللی خلاقیت و نوآوری در هنر اسلامی و صنایع دستی - دانشگاه هنر اسلامی تبریز,technology,,,,https://tabriziau.ac.ir/News/1161/%D8%AA%D9%85%D8%AF%DB%8C%D8%AF-%D9%85%D8%AF%D8%AA-%D8%A7%D8%B1%D8%B3%D8%A7%D9%84-%D8%A2%D8%AB%D8%A7%D8%B1-%D8%A8%D9%87-%D8%AF%D9%88%D9%85%DB%8C%D9%86-%D8%AC%D8%B4%D9%86%D9%88%D8%A7%D8%B1%D9%87-%D8%A8%DB%8C%D9%86-%D8%A7%D9%84%D9%85%D9%84%D9%84%DB%8C-%D8%AE%D9%84%D8%A7%D9%82%DB%8C%D8%AA-%D9%88-%D9%86%D9%88%D8%A2%D9%88%D8%B1%DB%8C-%D8%AF%D8%B1-%D9%87%D9%86%D8%B1-%D8%A7%D8%B3%D9%84%D8%A7%D9%85%DB%8C-%D9%88-%D8%B5%D9%86%D8%A7%DB%8C%D8%B9-%D8%AF%D8%B3%D8%AA%DB%8C.html,verified,2026-08-11
tabriz-islamic-art-discovery-unit-technology-5f9d59d809b8,tabriz-islamic-art,دیدار اعضای شورای راهبردی و سیاستگذاری جشنواره بین المللی خلاقیت و نوآوری درهنرهای اسلامی با نماینده ولی فقیه و امام جمعه تبریز - دانشگاه هنر اسلامی تبریز,technology,,,,https://tabriziau.ac.ir/News/1164/%D8%AF%DB%8C%D8%AF%D8%A7%D8%B1-%D8%A7%D8%B9%D8%B6%D8%A7%DB%8C-%D8%B4%D9%88%D8%B1%D8%A7%DB%8C-%D8%B1%D8%A7%D9%87%D8%A8%D8%B1%D8%AF%DB%8C-%D9%88-%D8%B3%DB%8C%D8%A7%D8%B3%D8%AA%DA%AF%D8%B0%D8%A7%D8%B1%DB%8C-%D8%AC%D8%B4%D9%86%D9%88%D8%A7%D8%B1%D9%87-%D8%A8%DB%8C%D9%86-%D8%A7%D9%84%D9%85%D9%84%D9%84%DB%8C-%D8%AE%D9%84%D8%A7%D9%82%DB%8C%D8%AA-%D9%88-%D9%86%D9%88%D8%A2%D9%88%D8%B1%DB%8C-%D8%AF%D8%B1%D9%87%D9%86%D8%B1%D9%87%D8%A7%DB%8C-%D8%A7%D8%B3%D9%84%D8%A7%D9%85%DB%8C-%D8%A8%D8%A7-%D9%86%D9%85%D8%A7%DB%8C%D9%86%D8%AF%D9%87-%D9%88%D9%84%DB%8C-%D9%81%D9%82%DB%8C%D9%87-%D9%88-%D8%A7%D9%85%D8%A7%D9%85-%D8%AC%D9%85%D8%B9%D9%87-%D8%AA%D8%A8%D8%B1%DB%8C%D8%B2-.html,verified,2026-08-11
tabriz-islamic-art-discovery-unit-technology-32339f3b49c0,tabriz-islamic-art,آغاز به کار جشنواره بین المللی خلاقيت و نوآوري در هنر اسلامي و صنايع دستي - دانشگاه هنر اسلامی تبریز,technology,,,,https://tabriziau.ac.ir/News/1169/%D8%A2%D8%BA%D8%A7%D8%B2-%D8%A8%D9%87-%DA%A9%D8%A7%D8%B1-%D8%AC%D8%B4%D9%86%D9%88%D8%A7%D8%B1%D9%87-%D8%A8%DB%8C%D9%86-%D8%A7%D9%84%D9%85%D9%84%D9%84%DB%8C-%D8%AE%D9%84%D8%A7%D9%82%D9%8A%D8%AA-%D9%88-%D9%86%D9%88%D8%A2%D9%88%D8%B1%D9%8A-%D8%AF%D8%B1-%D9%87%D9%86%D8%B1-%D8%A7%D8%B3%D9%84%D8%A7%D9%85%D9%8A-%D9%88-%D8%B5%D9%86%D8%A7%D9%8A%D8%B9-%D8%AF%D8%B3%D8%AA%D9%8A.html,verified,2026-08-11
tabriz-islamic-art-discovery-unit-library-00a742c88e2a,tabriz-islamic-art,رییس دانشگاه هنر اسلامی تبریز: موزه و کتابخانه هنری جهان اسلام در تبریز برپا می‌شود. - دانشگاه هنر اسلامی تبریز,library,,,,https://tabriziau.ac.ir/News/1172/%D8%B1%DB%8C%DB%8C%D8%B3-%D8%AF%D8%A7%D9%86%D8%B4%DA%AF%D8%A7%D9%87-%D9%87%D9%86%D8%B1-%D8%A7%D8%B3%D9%84%D8%A7%D9%85%DB%8C-%D8%AA%D8%A8%D8%B1%DB%8C%D8%B2--%D9%85%D9%88%D8%B2%D9%87-%D9%88-%DA%A9%D8%AA%D8%A7%D8%A8%D8%AE%D8%A7%D9%86%D9%87-%D9%87%D9%86%D8%B1%DB%8C-%D8%AC%D9%87%D8%A7%D9%86-%D8%A7%D8%B3%D9%84%D8%A7%D9%85-%D8%AF%D8%B1-%D8%AA%D8%A8%D8%B1%DB%8C%D8%B2-%D8%A8%D8%B1%D9%BE%D8%A7-%D9%85%DB%8C%E2%80%8C%D8%B4%D9%88%D8%AF-.html,verified,2026-08-11
tabriz-islamic-art-discovery-unit-technology-55513b757265,tabriz-islamic-art,ساخت تندیس چوبی دومین جشنواره بین‌المللی خلاقیت و نوآوری تبریز - دانشگاه هنر اسلامی تبریز,technology,,,,https://tabriziau.ac.ir/News/1173/%D8%B3%D8%A7%D8%AE%D8%AA-%D8%AA%D9%86%D8%AF%DB%8C%D8%B3-%DA%86%D9%88%D8%A8%DB%8C-%D8%AF%D9%88%D9%85%DB%8C%D9%86-%D8%AC%D8%B4%D9%86%D9%88%D8%A7%D8%B1%D9%87-%D8%A8%DB%8C%D9%86%E2%80%8C%D8%A7%D9%84%D9%85%D9%84%D9%84%DB%8C-%D8%AE%D9%84%D8%A7%D9%82%DB%8C%D8%AA-%D9%88-%D9%86%D9%88%D8%A2%D9%88%D8%B1%DB%8C-%D8%AA%D8%A8%D8%B1%DB%8C%D8%B2.html,verified,2026-08-11
tabriz-islamic-art-discovery-unit-technology-8d136aaa07ae,tabriz-islamic-art,آئین اختتامیه بخش همایش دومین جشنواره بین المللی خلاقیت و نوآوری هنر اسلامی و صنایع دستی - دانشگاه هنر اسلامی تبریز,technology,,,,https://tabriziau.ac.ir/News/1176/%D8%A2%D8%A6%DB%8C%D9%86-%D8%A7%D8%AE%D8%AA%D8%AA%D8%A7%D9%85%DB%8C%D9%87-%D8%A8%D8%AE%D8%B4-%D9%87%D9%85%D8%A7%DB%8C%D8%B4-%D8%AF%D9%88%D9%85%DB%8C%D9%86-%D8%AC%D8%B4%D9%86%D9%88%D8%A7%D8%B1%D9%87-%D8%A8%DB%8C%D9%86-%D8%A7%D9%84%D9%85%D9%84%D9%84%DB%8C-%D8%AE%D9%84%D8%A7%D9%82%DB%8C%D8%AA-%D9%88-%D9%86%D9%88%D8%A2%D9%88%D8%B1%DB%8C-%D9%87%D9%86%D8%B1-%D8%A7%D8%B3%D9%84%D8%A7%D9%85%DB%8C-%D9%88-%D8%B5%D9%86%D8%A7%DB%8C%D8%B9-%D8%AF%D8%B3%D8%AA%DB%8C-.html,verified,2026-08-11
tabriz-islamic-art-discovery-unit-technology-7296bcb79483,tabriz-islamic-art,متن بیانیه هشت ماده ای جشنواره خلاقیت و نوآوری در هنرهای اسلامی و صنایع دستی - دانشگاه هنر اسلامی تبریز,technology,,,,https://tabriziau.ac.ir/News/1178/%D9%85%D8%AA%D9%86-%D8%A8%DB%8C%D8%A7%D9%86%DB%8C%D9%87-%D9%87%D8%B4%D8%AA-%D9%85%D8%A7%D8%AF%D9%87-%D8%A7%DB%8C-%D8%AC%D8%B4%D9%86%D9%88%D8%A7%D8%B1%D9%87-%D8%AE%D9%84%D8%A7%D9%82%DB%8C%D8%AA-%D9%88-%D9%86%D9%88%D8%A2%D9%88%D8%B1%DB%8C-%D8%AF%D8%B1-%D9%87%D9%86%D8%B1%D9%87%D8%A7%DB%8C-%D8%A7%D8%B3%D9%84%D8%A7%D9%85%DB%8C-%D9%88-%D8%B5%D9%86%D8%A7%DB%8C%D8%B9-%D8%AF%D8%B3%D8%AA%DB%8C--.html,verified,2026-08-11
tabriz-islamic-art-discovery-unit-technology-9eb5b1e57767,tabriz-islamic-art,دومین جشنواره خلاقیت و نوآوری در هنر اسلامی و صنایع دستی به کار خود پایان داد - دانشگاه هنر اسلامی تبریز,technology,,,,https://tabriziau.ac.ir/News/1179/%D8%AF%D9%88%D9%85%DB%8C%D9%86-%D8%AC%D8%B4%D9%86%D9%88%D8%A7%D8%B1%D9%87-%D8%AE%D9%84%D8%A7%D9%82%DB%8C%D8%AA-%D9%88-%D9%86%D9%88%D8%A2%D9%88%D8%B1%DB%8C-%D8%AF%D8%B1-%D9%87%D9%86%D8%B1-%D8%A7%D8%B3%D9%84%D8%A7%D9%85%DB%8C-%D9%88-%D8%B5%D9%86%D8%A7%DB%8C%D8%B9-%D8%AF%D8%B3%D8%AA%DB%8C-%D8%A8%D9%87-%DA%A9%D8%A7%D8%B1-%D8%AE%D9%88%D8%AF-%D9%BE%D8%A7%DB%8C%D8%A7%D9%86-%D8%AF%D8%A7%D8%AF-.html,verified,2026-08-11
tabriz-islamic-art-discovery-unit-technology-b0a0546296d3,tabriz-islamic-art,نفرات برتر دومین جشنواره و نمایشگاه خلاقیت و نوآوری در هنرهای اسلامی و صنایع دستی معرفی شدند. - دانشگاه هنر اسلامی تبریز,technology,,,,https://tabriziau.ac.ir/News/1180/%D9%86%D9%81%D8%B1%D8%A7%D8%AA-%D8%A8%D8%B1%D8%AA%D8%B1-%D8%AF%D9%88%D9%85%DB%8C%D9%86-%D8%AC%D8%B4%D9%86%D9%88%D8%A7%D8%B1%D9%87-%D9%88-%D9%86%D9%85%D8%A7%DB%8C%D8%B4%DA%AF%D8%A7%D9%87-%D8%AE%D9%84%D8%A7%D9%82%DB%8C%D8%AA-%D9%88-%D9%86%D9%88%D8%A2%D9%88%D8%B1%DB%8C-%D8%AF%D8%B1-%D9%87%D9%86%D8%B1%D9%87%D8%A7%DB%8C-%D8%A7%D8%B3%D9%84%D8%A7%D9%85%DB%8C-%D9%88--%D8%B5%D9%86%D8%A7%DB%8C%D8%B9-%D8%AF%D8%B3%D8%AA%DB%8C-%D9%85%D8%B9%D8%B1%D9%81%DB%8C-%D8%B4%D8%AF%D9%86%D8%AF-.html,verified,2026-08-11
tabriz-islamic-art-discovery-unit-technology-2a5808912ac3,tabriz-islamic-art,برگزیدگان بخش ملی جشنواره خلاقیت و نوآوری در هنر اسلامی و صنایع دستی معرفی شدند. - دانشگاه هنر اسلامی تبریز,technology,,,,https://tabriziau.ac.ir/News/1181/%D8%A8%D8%B1%DA%AF%D8%B2%DB%8C%D8%AF%DA%AF%D8%A7%D9%86-%D8%A8%D8%AE%D8%B4-%D9%85%D9%84%DB%8C-%D8%AC%D8%B4%D9%86%D9%88%D8%A7%D8%B1%D9%87-%D8%AE%D9%84%D8%A7%D9%82%DB%8C%D8%AA-%D9%88-%D9%86%D9%88%D8%A2%D9%88%D8%B1%DB%8C-%D8%AF%D8%B1-%D9%87%D9%86%D8%B1-%D8%A7%D8%B3%D9%84%D8%A7%D9%85%DB%8C-%D9%88-%D8%B5%D9%86%D8%A7%DB%8C%D8%B9-%D8%AF%D8%B3%D8%AA%DB%8C-%D9%85%D8%B9%D8%B1%D9%81%DB%8C-%D8%B4%D8%AF%D9%86%D8%AF-.html,verified,2026-08-11
tabriz-islamic-art-discovery-unit-technology-964915a5ae08,tabriz-islamic-art,با حضور اصحاب رسانه نشست خبری سومین جشنواره خلاقیت و نوآوری در هنرهای اسلامی و صنایع دستی برگزار شد - دانشگاه هنر اسلامی تبریز,technology,,,,https://tabriziau.ac.ir/News/1325/%D8%A8%D8%A7-%D8%AD%D8%B6%D9%88%D8%B1-%D8%A7%D8%B5%D8%AD%D8%A7%D8%A8-%D8%B1%D8%B3%D8%A7%D9%86%D9%87--%D9%86%D8%B4%D8%B3%D8%AA-%D8%AE%D8%A8%D8%B1%DB%8C-%D8%B3%D9%88%D9%85%DB%8C%D9%86-%D8%AC%D8%B4%D9%86%D9%88%D8%A7%D8%B1%D9%87-%D8%AE%D9%84%D8%A7%D9%82%DB%8C%D8%AA-%D9%88-%D9%86%D9%88%D8%A2%D9%88%D8%B1%DB%8C-%D8%AF%D8%B1-%D9%87%D9%86%D8%B1%D9%87%D8%A7%DB%8C-%D8%A7%D8%B3%D9%84%D8%A7%D9%85%DB%8C-%D9%88-%D8%B5%D9%86%D8%A7%DB%8C%D8%B9-%D8%AF%D8%B3%D8%AA%DB%8C-%D8%A8%D8%B1%DA%AF%D8%B2%D8%A7%D8%B1-%D8%B4%D8%AF.html,verified,2026-08-11
tabriz-islamic-art-discovery-unit-technology-b3099860f941,tabriz-islamic-art,سومین جشنواره خلاقیت و نوآوری تبریز در هنرهای اسلامی و صنایع دستی افتتاح شد - دانشگاه هنر اسلامی تبریز,technology,,,,https://tabriziau.ac.ir/News/1326/%D8%B3%D9%88%D9%85%DB%8C%D9%86-%D8%AC%D8%B4%D9%86%D9%88%D8%A7%D8%B1%D9%87-%D8%AE%D9%84%D8%A7%D9%82%DB%8C%D8%AA-%D9%88-%D9%86%D9%88%D8%A2%D9%88%D8%B1%DB%8C-%D8%AA%D8%A8%D8%B1%DB%8C%D8%B2-%D8%AF%D8%B1-%D9%87%D9%86%D8%B1%D9%87%D8%A7%DB%8C-%D8%A7%D8%B3%D9%84%D8%A7%D9%85%DB%8C-%D9%88-%D8%B5%D9%86%D8%A7%DB%8C%D8%B9-%D8%AF%D8%B3%D8%AA%DB%8C-%D8%A7%D9%81%D8%AA%D8%AA%D8%A7%D8%AD-%D8%B4%D8%AF.html,verified,2026-08-11
tabriz-islamic-art-discovery-unit-technology-2f1e4a618e64,tabriz-islamic-art,رئیس دانشگاه هنراسلامی تبریز: جشنواره بین المللی خلاقیت ونوآوری تبریز در هنرهای اسلامی می تواند الگوهای برترهنری ارائه کند. - دانشگاه هنر اسلامی تبریز,technology,,,,https://tabriziau.ac.ir/News/1327/%D8%B1%D8%A6%DB%8C%D8%B3-%D8%AF%D8%A7%D9%86%D8%B4%DA%AF%D8%A7%D9%87-%D9%87%D9%86%D8%B1%D8%A7%D8%B3%D9%84%D8%A7%D9%85%DB%8C-%D8%AA%D8%A8%D8%B1%DB%8C%D8%B2--%D8%AC%D8%B4%D9%86%D9%88%D8%A7%D8%B1%D9%87-%D8%A8%DB%8C%D9%86-%D8%A7%D9%84%D9%85%D9%84%D9%84%DB%8C-%D8%AE%D9%84%D8%A7%D9%82%DB%8C%D8%AA-%D9%88%D9%86%D9%88%D8%A2%D9%88%D8%B1%DB%8C-%D8%AA%D8%A8%D8%B1%DB%8C%D8%B2-%D8%AF%D8%B1-%D9%87%D9%86%D8%B1%D9%87%D8%A7%DB%8C-%D8%A7%D8%B3%D9%84%D8%A7%D9%85%DB%8C-%D9%85%DB%8C-%D8%AA%D9%88%D8%A7%D9%86%D8%AF-%D8%A7%D9%84%DA%AF%D9%88%D9%87%D8%A7%DB%8C-%D8%A8%D8%B1%D8%AA%D8%B1%D9%87%D9%86%D8%B1%DB%8C-%D8%A7%D8%B1%D8%A7%D8%A6%D9%87-%DA%A9%D9%86%D8%AF-.html,verified,2026-08-11
tabriz-islamic-art-discovery-unit-technology-7207f9a752be,tabriz-islamic-art,بازدید شهردارتبریز از دانشگاه هنر اسلامی تبریز ومحل نمایشگاه سومین جشنواره خلاقیت ونوآوری تبریز در هنرهای اسلامی وصنایع دستی - دانشگاه هنر اسلامی تبریز,technology,,,,https://tabriziau.ac.ir/News/1331/%D8%A8%D8%A7%D8%B2%D8%AF%DB%8C%D8%AF-%D8%B4%D9%87%D8%B1%D8%AF%D8%A7%D8%B1%D8%AA%D8%A8%D8%B1%DB%8C%D8%B2-%D8%A7%D8%B2-%D8%AF%D8%A7%D9%86%D8%B4%DA%AF%D8%A7%D9%87-%D9%87%D9%86%D8%B1-%D8%A7%D8%B3%D9%84%D8%A7%D9%85%DB%8C-%D8%AA%D8%A8%D8%B1%DB%8C%D8%B2-%D9%88%D9%85%D8%AD%D9%84-%D9%86%D9%85%D8%A7%DB%8C%D8%B4%DA%AF%D8%A7%D9%87-%D8%B3%D9%88%D9%85%DB%8C%D9%86-%D8%AC%D8%B4%D9%86%D9%88%D8%A7%D8%B1%D9%87-%D8%AE%D9%84%D8%A7%D9%82%DB%8C%D8%AA-%D9%88%D9%86%D9%88%D8%A2%D9%88%D8%B1%DB%8C-%D8%AA%D8%A8%D8%B1%DB%8C%D8%B2-%D8%AF%D8%B1-%D9%87%D9%86%D8%B1%D9%87%D8%A7%DB%8C-%D8%A7%D8%B3%D9%84%D8%A7%D9%85%DB%8C-%D9%88%D8%B5%D9%86%D8%A7%DB%8C%D8%B9-%D8%AF%D8%B3%D8%AA%DB%8C.html,verified,2026-08-11
tabriz-islamic-art-discovery-unit-technology-4d471238f527,tabriz-islamic-art,با حضور وزیر فرهنگ و ارشاد اسلامی بخش نمایشگاهی سومین جشنواره بین‌المللی خلاقیت و نوآوری تبریز در هنرهای اسلامی و صنایع دستی افتتاح شد - دانشگاه هنر اسلامی تبریز,technology,,,,https://tabriziau.ac.ir/News/1332/%D8%A8%D8%A7-%D8%AD%D8%B6%D9%88%D8%B1-%D9%88%D8%B2%DB%8C%D8%B1-%D9%81%D8%B1%D9%87%D9%86%DA%AF-%D9%88-%D8%A7%D8%B1%D8%B4%D8%A7%D8%AF-%D8%A7%D8%B3%D9%84%D8%A7%D9%85%DB%8C--%D8%A8%D8%AE%D8%B4-%D9%86%D9%85%D8%A7%DB%8C%D8%B4%DA%AF%D8%A7%D9%87%DB%8C-%D8%B3%D9%88%D9%85%DB%8C%D9%86-%D8%AC%D8%B4%D9%86%D9%88%D8%A7%D8%B1%D9%87-%D8%A8%DB%8C%D9%86%E2%80%8C%D8%A7%D9%84%D9%85%D9%84%D9%84%DB%8C-%D8%AE%D9%84%D8%A7%D9%82%DB%8C%D8%AA-%D9%88-%D9%86%D9%88%D8%A2%D9%88%D8%B1%DB%8C-%D8%AA%D8%A8%D8%B1%DB%8C%D8%B2-%D8%AF%D8%B1-%D9%87%D9%86%D8%B1%D9%87%D8%A7%DB%8C-%D8%A7%D8%B3%D9%84%D8%A7%D9%85%DB%8C-%D9%88-%D8%B5%D9%86%D8%A7%DB%8C%D8%B9-%D8%AF%D8%B3%D8%AA%DB%8C-%D8%A7%D9%81%D8%AA%D8%AA%D8%A7%D8%AD-%D8%B4%D8%AF.html,verified,2026-08-11
tabriz-islamic-art-discovery-unit-technology-f0e0aa3eb76f,tabriz-islamic-art,جشنواره خلاقیت و نوآوری تبریز درهنرهای اسلامی و صنایع دستی نشانگر وحدت و همگرایی هنرمندان مسلمان است - دانشگاه هنر اسلامی تبریز,technology,,,,https://tabriziau.ac.ir/News/1333/%D8%AC%D8%B4%D9%86%D9%88%D8%A7%D8%B1%D9%87-%D8%AE%D9%84%D8%A7%D9%82%DB%8C%D8%AA-%D9%88-%D9%86%D9%88%D8%A2%D9%88%D8%B1%DB%8C-%D8%AA%D8%A8%D8%B1%DB%8C%D8%B2-%D8%AF%D8%B1%D9%87%D9%86%D8%B1%D9%87%D8%A7%DB%8C-%D8%A7%D8%B3%D9%84%D8%A7%D9%85%DB%8C-%D9%88-%D8%B5%D9%86%D8%A7%DB%8C%D8%B9-%D8%AF%D8%B3%D8%AA%DB%8C-%D9%86%D8%B4%D8%A7%D9%86%DA%AF%D8%B1-%D9%88%D8%AD%D8%AF%D8%AA-%D9%88-%D9%87%D9%85%DA%AF%D8%B1%D8%A7%DB%8C%DB%8C-%D9%87%D9%86%D8%B1%D9%85%D9%86%D8%AF%D8%A7%D9%86-%D9%85%D8%B3%D9%84%D9%85%D8%A7%D9%86-%D8%A7%D8%B3%D8%AA.html,verified,2026-08-11
tabriz-islamic-art-discovery-unit-technology-b6d6eb288164,tabriz-islamic-art,شهرداری تبریز با تعامل مستمر با دانشگاه هنر اسلامی تبریز و سایر دستگاه‌های فرهنگی از سومین جشنواره بین المللی خلاقیت و نوآوری تبریز پشتیبانی می‌کند. - دانشگاه هنر اسلامی تبریز,technology,,,,https://tabriziau.ac.ir/News/1334/%D8%B4%D9%87%D8%B1%D8%AF%D8%A7%D8%B1%DB%8C-%D8%AA%D8%A8%D8%B1%DB%8C%D8%B2-%D8%A8%D8%A7-%D8%AA%D8%B9%D8%A7%D9%85%D9%84-%D9%85%D8%B3%D8%AA%D9%85%D8%B1-%D8%A8%D8%A7-%D8%AF%D8%A7%D9%86%D8%B4%DA%AF%D8%A7%D9%87-%D9%87%D9%86%D8%B1-%D8%A7%D8%B3%D9%84%D8%A7%D9%85%DB%8C-%D8%AA%D8%A8%D8%B1%DB%8C%D8%B2-%D9%88-%D8%B3%D8%A7%DB%8C%D8%B1-%D8%AF%D8%B3%D8%AA%DA%AF%D8%A7%D9%87%E2%80%8C%D9%87%D8%A7%DB%8C-%D9%81%D8%B1%D9%87%D9%86%DA%AF%DB%8C-%D8%A7%D8%B2-%D8%B3%D9%88%D9%85%DB%8C%D9%86-%D8%AC%D8%B4%D9%86%D9%88%D8%A7%D8%B1%D9%87-%D8%A8%DB%8C%D9%86-%D8%A7%D9%84%D9%85%D9%84%D9%84%DB%8C-%D8%AE%D9%84%D8%A7%D9%82%DB%8C%D8%AA-%D9%88-%D9%86%D9%88%D8%A2%D9%88%D8%B1%DB%8C-%D8%AA%D8%A8%D8%B1%DB%8C%D8%B2-%D9%BE%D8%B4%D8%AA%DB%8C%D8%A8%D8%A7%D9%86%DB%8C-%D9%85%DB%8C%E2%80%8C%DA%A9%D9%86%D8%AF-.html,verified,2026-08-11
tabriz-islamic-art-discovery-unit-technology-011b7e01f485,tabriz-islamic-art,پیام آیت الله مجتهد شبستری به سومین جشنواره بین‌المللی خلاقیت و نوآوری تبریز در هنرهای اسلامی و صنایع دستی - دانشگاه هنر اسلامی تبریز,technology,,,,https://tabriziau.ac.ir/News/1336/%D9%BE%DB%8C%D8%A7%D9%85-%D8%A2%DB%8C%D8%AA-%D8%A7%D9%84%D9%84%D9%87-%D9%85%D8%AC%D8%AA%D9%87%D8%AF-%D8%B4%D8%A8%D8%B3%D8%AA%D8%B1%DB%8C-%D8%A8%D9%87-%D8%B3%D9%88%D9%85%DB%8C%D9%86-%D8%AC%D8%B4%D9%86%D9%88%D8%A7%D8%B1%D9%87-%D8%A8%DB%8C%D9%86%E2%80%8C%D8%A7%D9%84%D9%85%D9%84%D9%84%DB%8C-%D8%AE%D9%84%D8%A7%D9%82%DB%8C%D8%AA-%D9%88-%D9%86%D9%88%D8%A2%D9%88%D8%B1%DB%8C-%D8%AA%D8%A8%D8%B1%DB%8C%D8%B2-%D8%AF%D8%B1-%D9%87%D9%86%D8%B1%D9%87%D8%A7%DB%8C-%D8%A7%D8%B3%D9%84%D8%A7%D9%85%DB%8C-%D9%88-%D8%B5%D9%86%D8%A7%DB%8C%D8%B9-%D8%AF%D8%B3%D8%AA%DB%8C-.html,verified,2026-08-11
tabriz-islamic-art-discovery-unit-technology-91df92ba99bd,tabriz-islamic-art,بازدید معاون امور زنان و خانواده ریاست جمهوری از نمایشگاه جشنواره خلاقیت و نوآوری تبریز در هنرهای اسلامی و صنایع دستی - دانشگاه هنر اسلامی تبریز,technology,,,,https://tabriziau.ac.ir/News/1340/%D8%A8%D8%A7%D8%B2%D8%AF%DB%8C%D8%AF-%D9%85%D8%B9%D8%A7%D9%88%D9%86-%D8%A7%D9%85%D9%88%D8%B1-%D8%B2%D9%86%D8%A7%D9%86-%D9%88-%D8%AE%D8%A7%D9%86%D9%88%D8%A7%D8%AF%D9%87-%D8%B1%DB%8C%D8%A7%D8%B3%D8%AA-%D8%AC%D9%85%D9%87%D9%88%D8%B1%DB%8C-%D8%A7%D8%B2-%D9%86%D9%85%D8%A7%DB%8C%D8%B4%DA%AF%D8%A7%D9%87-%D8%AC%D8%B4%D9%86%D9%88%D8%A7%D8%B1%D9%87-%D8%AE%D9%84%D8%A7%D9%82%DB%8C%D8%AA-%D9%88-%D9%86%D9%88%D8%A2%D9%88%D8%B1%DB%8C-%D8%AA%D8%A8%D8%B1%DB%8C%D8%B2-%D8%AF%D8%B1-%D9%87%D9%86%D8%B1%D9%87%D8%A7%DB%8C-%D8%A7%D8%B3%D9%84%D8%A7%D9%85%DB%8C-%D9%88-%D8%B5%D9%86%D8%A7%DB%8C%D8%B9-%D8%AF%D8%B3%D8%AA%DB%8C-.html,verified,2026-08-11
tabriz-islamic-art-discovery-unit-technology-e5abb5bf04ab,tabriz-islamic-art,مصاحبه دبیر کل سومین جشنواره خلاقیت و نوآوری تبریز در هنرهای اسلامی و صنایع دستی با رسانه ها - دانشگاه هنر اسلامی تبریز,technology,,,,https://tabriziau.ac.ir/News/1341/%D9%85%D8%B5%D8%A7%D8%AD%D8%A8%D9%87-%D8%AF%D8%A8%DB%8C%D8%B1-%DA%A9%D9%84-%D8%B3%D9%88%D9%85%DB%8C%D9%86-%D8%AC%D8%B4%D9%86%D9%88%D8%A7%D8%B1%D9%87-%D8%AE%D9%84%D8%A7%D9%82%DB%8C%D8%AA-%D9%88-%D9%86%D9%88%D8%A2%D9%88%D8%B1%DB%8C-%D8%AA%D8%A8%D8%B1%DB%8C%D8%B2-%D8%AF%D8%B1-%D9%87%D9%86%D8%B1%D9%87%D8%A7%DB%8C-%D8%A7%D8%B3%D9%84%D8%A7%D9%85%DB%8C-%D9%88--%D8%B5%D9%86%D8%A7%DB%8C%D8%B9-%D8%AF%D8%B3%D8%AA%DB%8C-%D8%A8%D8%A7-%D8%B1%D8%B3%D8%A7%D9%86%D9%87-%D9%87%D8%A7.html,verified,2026-08-11
tabriz-islamic-art-discovery-unit-technology-ec9e0336f43d,tabriz-islamic-art,حجاری روی سنگ در نمایشگاه جشنواره خلاقیت و نوآوری تبریز - دانشگاه هنر اسلامی تبریز,technology,,,,https://tabriziau.ac.ir/News/1342/%D8%AD%D8%AC%D8%A7%D8%B1%DB%8C-%D8%B1%D9%88%DB%8C-%D8%B3%D9%86%DA%AF--%D8%AF%D8%B1-%D9%86%D9%85%D8%A7%DB%8C%D8%B4%DA%AF%D8%A7%D9%87-%D8%AC%D8%B4%D9%86%D9%88%D8%A7%D8%B1%D9%87-%D8%AE%D9%84%D8%A7%D9%82%DB%8C%D8%AA-%D9%88-%D9%86%D9%88%D8%A2%D9%88%D8%B1%DB%8C-%D8%AA%D8%A8%D8%B1%DB%8C%D8%B2.html,verified,2026-08-11
tabriz-islamic-art-discovery-unit-technology-2595c5f4a260,tabriz-islamic-art,خلاقیت شرکت‌کنندگان جشنواره خلاقیت و نوآوری تبریز به نسل‌‌های آتی دانشگاه هنراسلامی تبریز انتقال می‌یابد - دانشگاه هنر اسلامی تبریز,technology,,,,https://tabriziau.ac.ir/News/1344/%D8%AE%D9%84%D8%A7%D9%82%DB%8C%D8%AA-%D8%B4%D8%B1%DA%A9%D8%AA%E2%80%8C%DA%A9%D9%86%D9%86%D8%AF%DA%AF%D8%A7%D9%86-%D8%AC%D8%B4%D9%86%D9%88%D8%A7%D8%B1%D9%87-%D8%AE%D9%84%D8%A7%D9%82%DB%8C%D8%AA-%D9%88-%D9%86%D9%88%D8%A2%D9%88%D8%B1%DB%8C-%D8%AA%D8%A8%D8%B1%DB%8C%D8%B2-%D8%A8%D9%87-%D9%86%D8%B3%D9%84%E2%80%8C%E2%80%8C%D9%87%D8%A7%DB%8C-%D8%A2%D8%AA%DB%8C-%D8%AF%D8%A7%D9%86%D8%B4%DA%AF%D8%A7%D9%87-%D9%87%D9%86%D8%B1%D8%A7%D8%B3%D9%84%D8%A7%D9%85%DB%8C-%D8%AA%D8%A8%D8%B1%DB%8C%D8%B2-%D8%A7%D9%86%D8%AA%D9%82%D8%A7%D9%84-%D9%85%DB%8C%E2%80%8C%DB%8C%D8%A7%D8%A8%D8%AF.html,verified,2026-08-11
tabriz-islamic-art-discovery-unit-technology-af8eb23ed803,tabriz-islamic-art,بیانیه سومین جشنواره خلاقیت و نوآوری تبریز در هنرهای اسلامی و صنایع دستی - دانشگاه هنر اسلامی تبریز,technology,,,,https://tabriziau.ac.ir/News/1348/%D8%A8%DB%8C%D8%A7%D9%86%DB%8C%D9%87-%D8%B3%D9%88%D9%85%DB%8C%D9%86-%D8%AC%D8%B4%D9%86%D9%88%D8%A7%D8%B1%D9%87-%D8%AE%D9%84%D8%A7%D9%82%DB%8C%D8%AA-%D9%88-%D9%86%D9%88%D8%A2%D9%88%D8%B1%DB%8C-%D8%AA%D8%A8%D8%B1%DB%8C%D8%B2-%D8%AF%D8%B1-%D9%87%D9%86%D8%B1%D9%87%D8%A7%DB%8C-%D8%A7%D8%B3%D9%84%D8%A7%D9%85%DB%8C-%D9%88-%D8%B5%D9%86%D8%A7%DB%8C%D8%B9-%D8%AF%D8%B3%D8%AA%DB%8C.html,verified,2026-08-11
tabriz-islamic-art-discovery-unit-technology-dc16562efad8,tabriz-islamic-art,برگزیدگان سومین جشنواره خلاقیت و نوآوری تبریز در هنرهای اسلامی و صنایع دستی معرفی شدند . - دانشگاه هنر اسلامی تبریز,technology,,,,https://tabriziau.ac.ir/News/1349/%D8%A8%D8%B1%DA%AF%D8%B2%DB%8C%D8%AF%DA%AF%D8%A7%D9%86-%D8%B3%D9%88%D9%85%DB%8C%D9%86-%D8%AC%D8%B4%D9%86%D9%88%D8%A7%D8%B1%D9%87-%D8%AE%D9%84%D8%A7%D9%82%DB%8C%D8%AA-%D9%88-%D9%86%D9%88%D8%A2%D9%88%D8%B1%DB%8C-%D8%AA%D8%A8%D8%B1%DB%8C%D8%B2-%D8%AF%D8%B1-%D9%87%D9%86%D8%B1%D9%87%D8%A7%DB%8C-%D8%A7%D8%B3%D9%84%D8%A7%D9%85%DB%8C-%D9%88-%D8%B5%D9%86%D8%A7%DB%8C%D8%B9-%D8%AF%D8%B3%D8%AA%DB%8C-%D9%85%D8%B9%D8%B1%D9%81%DB%8C-%D8%B4%D8%AF%D9%86%D8%AF--.html,verified,2026-08-11
tabriz-islamic-art-discovery-unit-technology-284b4c314026,tabriz-islamic-art,حمايت ويژه مركز كارآفريني دانشگاه هنر اسلامي تبريز - دانشگاه هنر اسلامی تبریز,technology,,,,https://tabriziau.ac.ir/News/402/%D8%AD%D9%85%D8%A7%D9%8A%D8%AA-%D9%88%D9%8A%DA%98%D9%87-%D9%85%D8%B1%D9%83%D8%B2-%D9%83%D8%A7%D8%B1%D8%A2%D9%81%D8%B1%D9%8A%D9%86%D9%8A-%D8%AF%D8%A7%D9%86%D8%B4%DA%AF%D8%A7%D9%87-%D9%87%D9%86%D8%B1-%D8%A7%D8%B3%D9%84%D8%A7%D9%85%D9%8A-%D8%AA%D8%A8%D8%B1%D9%8A%D8%B2.html,verified,2026-08-11
tabriz-islamic-art-discovery-unit-technology-56eb3b3b641f,tabriz-islamic-art,آغاز جشنواره کارآفرینی دانشگاه هنر اسلامی تبریز - دانشگاه هنر اسلامی تبریز,technology,,,,https://tabriziau.ac.ir/News/1151/%D8%A2%D8%BA%D8%A7%D8%B2-%D8%AC%D8%B4%D9%86%D9%88%D8%A7%D8%B1%D9%87-%DA%A9%D8%A7%D8%B1%D8%A2%D9%81%D8%B1%DB%8C%D9%86%DB%8C-%D8%AF%D8%A7%D9%86%D8%B4%DA%AF%D8%A7%D9%87-%D9%87%D9%86%D8%B1-%D8%A7%D8%B3%D9%84%D8%A7%D9%85%DB%8C-%D8%AA%D8%A8%D8%B1%DB%8C%D8%B2.html,verified,2026-08-11
tabriz-islamic-art-discovery-unit-technology-9bb084c2f949,tabriz-islamic-art,اختتامیه اولین جشنواره کارآفرینی و انتخاب کار آفرین برتر - دانشگاه هنر اسلامی تبریز,technology,,,,https://tabriziau.ac.ir/News/1152/%D8%A7%D8%AE%D8%AA%D8%AA%D8%A7%D9%85%DB%8C%D9%87-%D8%A7%D9%88%D9%84%DB%8C%D9%86-%D8%AC%D8%B4%D9%86%D9%88%D8%A7%D8%B1%D9%87-%DA%A9%D8%A7%D8%B1%D8%A2%D9%81%D8%B1%DB%8C%D9%86%DB%8C-%D9%88-%D8%A7%D9%86%D8%AA%D8%AE%D8%A7%D8%A8-%DA%A9%D8%A7%D8%B1-%D8%A2%D9%81%D8%B1%DB%8C%D9%86-%D8%A8%D8%B1%D8%AA%D8%B1.html,verified,2026-08-11
isfahan-art-discovery-unit-laboratory-fbdf3e76793c,isfahan-art,آزمایشگاه مرکزی (شاعا),laboratory,,,,https://research.aui.ac.ir/page-Moavenatshow/FA/7/form/pId1356,verified,2026-08-11
isfahan-art-discovery-unit-laboratory-914bc4245e24,isfahan-art,آزمایشگاه مرکزی (شاعا),laboratory,,,,https://research.aui.ac.ir/page-Moavenatshow/FA/7/form/pId1357,verified,2026-08-11
isfahan-art-discovery-unit-laboratory-42fab318519f,isfahan-art,آزمایشگاه مرکزی (شاعا),laboratory,,,,https://research.aui.ac.ir/page-Moavenatshow/FA/7/form/pId792,verified,2026-08-11
isfahan-art-discovery-unit-laboratory-c874a3155107,isfahan-art,قابل توجه کاربران گرامی، واحد آزمایشگاه دانشگاه از آبان ماه آماده سرویس دهی به کاربران گرامی می باشد.,laboratory,,,,https://research.aui.ac.ir/page-moavenatshow/FA/7/dorsaetoolsenews/16402-G0/tool_dorsaetoolsenews_sample_moavenatpajooheshi_block275/%D9%82%D8%A7%D8%A8%D9%84-%D8%AA%D9%88%D8%AC%D9%87-%DA%A9%D8%A7%D8%B1%D8%A8%D8%B1%D8%A7%D9%86-%DA%AF%D8%B1%D8%A7%D9%85%DB%8C%D8%8C-%D9%88%D8%A7%D8%AD%D8%AF-%D8%A2%D8%B2%D9%85%D8%A7%DB%8C%D8%B4%DA%AF%D8%A7%D9%87-%D8%AF%D8%A7%D9%86%D8%B4%DA%AF%D8%A7%D9%87-%D8%A7%D8%B2,verified,2026-08-11
isfahan-art-discovery-unit-industry-8bbc5fd011e5,isfahan-art,در سامانه ساجد، فرصت‌های مطالعاتی جدیدی برای اعضای هیات علمی در جامعه و صنعت در دسترس قرار گرفت,industry,,,,https://research.aui.ac.ir/page-moavenatshow/FA/7/dorsaetoolsecommunique/15475-G0/tool_dorsaetoolsecommunique_sample_moavenatpajooheshi_block303/%D8%AF%D8%B1-%D8%B3%D8%A7%D9%85%D8%A7%D9%86%D9%87-%D8%B3%D8%A7%D8%AC%D8%AF%D8%8C-%D9%81%D8%B1%D8%B5%D8%AA%D9%87%D8%A7%DB%8C-%D9%85%D8%B7%D8%A7%D9%84%D8%B9%D8%A7%D8%AA%DB%8C-%D8%AC%D8%AF%DB%8C%D8%AF%DB%8C-%D8%A8%D8%B1%D8%A7%DB%8C-%D8%A7%D8%B9%D8%B6%D8%A7%DB%8C,verified,2026-08-11
isfahan-art-discovery-unit-industry-731126c33e04,isfahan-art,فرصت مطالعاتی در جامعه و صنعت (هیات علمی),industry,,,,https://research.aui.ac.ir/page-Moavenatshow/FA/7/form/pId1126,verified,2026-08-11
isfahan-art-discovery-unit-library-70512be9821e,isfahan-art,نشريات علمي دانشگاه,library,,,,https://research.aui.ac.ir/page-Moavenatshow/FA/7/form/pId790,verified,2026-08-11
isfahan-art-discovery-unit-research-095b7e45c1b2,isfahan-art,معرفی مدیریت امور پژوهشی و فناوری,research,,,,https://research.aui.ac.ir/page-Moavenatshow/FA/7/form/pId778,verified,2026-08-11
shiraz-art-discovery-unit-library-eabac8a584f8,shiraz-art,Library – Shiraz University of Art,library,,,,https://shirazartu.ac.ir/?page_id=935&lang=en,verified,2026-08-11
shiraz-art-discovery-unit-research-151ffcf673ec,shiraz-art,Organizational Structure – Shiraz University of Art,research,,,,https://shirazartu.ac.ir/?page_id=1185&lang=en,verified,2026-08-11
payame-noor-discovery-unit-laboratory-33a9b103babe,payame-noor,آیین نامه های مرکزآزمایشگاه های ملی وقطبی,laboratory,,,,https://pnu.ac.ir/fa-IR/research.pnu.ac/14792/page/%D8%A2%DB%8C%DB%8C%D9%86-%D9%86%D8%A7%D9%85%D9%87-%D9%87%D8%A7%DB%8C-%D9%85%D8%B1%DA%A9%D8%B2-%D8%A2%D8%B2%D9%85%D8%A7%DB%8C%D8%B4%DA%AF%D8%A7%D9%87-%D9%87%D8%A7%DB%8C-%D9%85%D9%84%DB%8C-%D9%88-%D9%82%D8%B7%D8%A8%DB%8C,verified,2026-08-11
payame-noor-discovery-unit-industry-e569a108cf80,payame-noor,فرم های دفتر كارآفريني و ارتباط با صنعت,industry,,,,https://pnu.ac.ir/fa-IR/research.pnu.ac/14796/page/%D9%81%D8%B1%D9%85-%D9%87%D8%A7%DB%8C-%D8%AF%D9%81%D8%AA%D8%B1-%D9%83%D8%A7%D8%B1%D8%A2%D9%81%D8%B1%D9%8A%D9%86%D9%8A-%D9%88-%D8%A7%D8%B1%D8%AA%D8%A8%D8%A7%D8%B7-%D8%A8%D8%A7-%D8%B5%D9%86%D8%B9%D8%AA,verified,2026-08-11
payame-noor-discovery-unit-industry-a7a4933bee05,payame-noor,آیین نامه های دفتر کارآفرینی و ارتباط با صنعت,industry,,,,https://pnu.ac.ir/fa-IR/research.pnu.ac/14791/page/%D8%A2%DB%8C%DB%8C%D9%86-%D9%86%D8%A7%D9%85%D9%87-%D9%87%D8%A7%DB%8C-%D8%AF%D9%81%D8%AA%D8%B1-%DA%A9%D8%A7%D8%B1%D8%A2%D9%81%D8%B1%DB%8C%D9%86%DB%8C-%D9%88-%D8%A7%D8%B1%D8%AA%D8%A8%D8%A7%D8%B7-%D8%A8%D8%A7-%D8%B5%D9%86%D8%B9%D8%AA,verified,2026-08-11
payame-noor-discovery-unit-laboratory-6c3da1ab5668,payame-noor,فرم ها,laboratory,,,,https://pnu.ac.ir/fa-IR/meli.pnu.ac/17035/page/%D9%81%D8%B1%D9%85-%D9%87%D8%A7,verified,2026-08-11
payame-noor-discovery-unit-library-76b520f61b73,payame-noor,کتابخانه مرکزی,library,,,,https://pnu.ac.ir/fa-IR/research.pnu.ac/16095/page/%DA%A9%D8%AA%D8%A7%D8%A8%D8%AE%D8%A7%D9%86%D9%87-%D9%85%D8%B1%DA%A9%D8%B2%DB%8C,verified,2026-08-11
payame-noor-discovery-unit-library-c354515d0491,payame-noor,سامانه مدیریت نشریات علمی دانشگاه پیام نور,library,,,,https://journals.pnu.ac.ir/,verified,2026-08-11
payame-noor-discovery-unit-laboratory-0bdee68c6f2f,payame-noor,آیین نامه های مرکزآزمایشگاه های ملی وقطبی,laboratory,,,,https://pnu.ac.ir/fa-IR/research.pnu.ac/14792/auth/logon,verified,2026-08-11
payame-noor-discovery-unit-industry-db90b0e80f00,payame-noor,فرم های دفتر كارآفريني و ارتباط با صنعت,industry,,,,https://pnu.ac.ir/fa-IR/research.pnu.ac/14796/auth/logon,verified,2026-08-11
payame-noor-discovery-unit-industry-c6bfd84fc64b,payame-noor,آیین نامه های دفتر کارآفرینی و ارتباط با صنعت,industry,,,,https://pnu.ac.ir/fa-IR/research.pnu.ac/14791/auth/logon,verified,2026-08-11
farhangian-discovery-unit-technology-172a9b8b4339,farhangian,کاربرد دانش محتوایی آموزشی در تربیت معلمان برای آموزش مهارت های نوآوری و کارآفرینی فناورانه: یک مطالعه فراترکیب,technology,,,,https://te-research.cfu.ac.ir/article_5049.html,verified,2026-08-11
farhangian-discovery-unit-library-cfda0019ecc7,farhangian,سامانه مدیریت نشریات علمی دانشگاه فرهنگیان,library,,,,https://journals.cfu.ac.ir/,verified,2026-08-11
farhangian-discovery-unit-library-65b3e293bf91,farhangian,سامانه مدیریت نشریات علمی دانشگاه فرهنگیان,library,,,,https://journals.cfu.ac.ir/list_51.html,verified,2026-08-11
farhangian-discovery-unit-library-eede2eb953b1,farhangian,سامانه مدیریت نشریات علمی دانشگاه فرهنگیان,library,,,,https://journals.cfu.ac.ir/list_50.html,verified,2026-08-11
farhangian-discovery-unit-laboratory-4e1fd529d707,farhangian,"""آزمایشگاه سیاست‌گذاری در تربیت معلم: چارچوبی نو برای تحول حکمرانی تربیت معلم در ایران""",laboratory,,,,https://te-research.cfu.ac.ir/article_5058.html,verified,2026-08-11
applied-science-discovery-unit-technology-27cc4ff3c2ed,applied-science,راهنمای استفاده از سامانه ثبت و ارزیابی فعالیت های پژوهش، فناوری و کارآفرینی(rmis) - معاونت پژوهشی وفناوری,technology,,,,https://rt.uast.ac.ir/fa/download/103/%D8%B1%D8%A7%D9%87%D9%86%D9%85%D8%A7%DB%8C-%D8%A7%D8%B3%D8%AA%D9%81%D8%A7%D8%AF%D9%87-%D8%A7%D8%B2-%D8%B3%D8%A7%D9%85%D8%A7%D9%86%D9%87-%D8%AB%D8%A8%D8%AA-%D9%88-%D8%A7%D8%B1%D8%B2%DB%8C%D8%A7%D8%A8%DB%8C-%D9%81%D8%B9%D8%A7%D9%84%DB%8C%D8%AA-%D9%87%D8%A7%DB%8C-%D9%BE%DA%98%D9%88%D9%87%D8%B4-%D9%81%D9%86%D8%A7%D9%88%D8%B1%DB%8C-%D9%88-%DA%A9%D8%A7%D8%B1%D8%A2%D9%81%D8%B1%DB%8C%D9%86%DB%8C-rmis-,verified,2026-08-11
applied-science-discovery-unit-it-4d4e6c1ccfea,applied-science,سند خط مشی حفاظت از کلمه عبور در سامانه های دانشگاه - دفتر فناوری اطلاعات و ارتباطات,it,,,,https://ict.uast.ac.ir/fa/regulation/652/%D8%B3%D9%86%D8%AF-%D8%AE%D8%B7-%D9%85%D8%B4%DB%8C-%D8%AD%D9%81%D8%A7%D8%B8%D8%AA-%D8%A7%D8%B2-%DA%A9%D9%84%D9%85%D9%87-%D8%B9%D8%A8%D9%88%D8%B1-%D8%AF%D8%B1-%D8%B3%D8%A7%D9%85%D8%A7%D9%86%D9%87-%D9%87%D8%A7%DB%8C-%D8%AF%D8%A7%D9%86%D8%B4%DA%AF%D8%A7%D9%87,verified,2026-08-11
applied-science-discovery-unit-library-718fa2153b69,applied-science,آیین نامه شورای انتشارات - معاونت پژوهشی وفناوری,library,,,,https://rt.uast.ac.ir/fa/regulation/544/%D8%A2%DB%8C%DB%8C%D9%86-%D9%86%D8%A7%D9%85%D9%87-%D8%B4%D9%88%D8%B1%D8%A7%DB%8C-%D8%A7%D9%86%D8%AA%D8%B4%D8%A7%D8%B1%D8%A7%D8%AA,verified,2026-08-11
applied-science-discovery-unit-it-a49cd07454d3,applied-science,شیوه نامه استفاده از پیامک - دفتر فناوری اطلاعات و ارتباطات,it,,,,https://ict.uast.ac.ir/fa/regulation/81/%D8%B4%DB%8C%D9%88%D9%87-%D9%86%D8%A7%D9%85%D9%87-%D8%A7%D8%B3%D8%AA%D9%81%D8%A7%D8%AF%D9%87-%D8%A7%D8%B2-%D9%BE%DB%8C%D8%A7%D9%85%DA%A9,verified,2026-08-11
applied-science-discovery-unit-it-cca899c431a6,applied-science,آیین‌نامه‌ها و مصوبات,it,,,,https://ict.uast.ac.ir/fa/regulation,verified,2026-08-11
shahed-discovery-unit-laboratory-3105e5b5f351,shahed,آزمایشگاه ها – دانشکده علوم پایه,laboratory,,,,https://sci.shahed.ac.ir/facilities/laboratories/,verified,2026-08-11
shahed-discovery-unit-laboratory-007e535a922c,shahed,مدیریت امور واحدهای پژوهشی و آزمایشگاه ها – دانشگاه تراز انقلاب اسلامی,laboratory,,,,https://rcm.shahed.ac.ir/,verified,2026-08-11
shahed-discovery-unit-library-91d07c7f88e9,shahed,مرکز اسناد و مدارک علمی – دانشگاه تراز انقلاب اسلامی,library,,,,https://library.shahed.ac.ir/,verified,2026-08-11
shahed-discovery-unit-laboratory-73ff6998f108,shahed,گرنت خدمات آزمایشگاهی شاعا – مدیریت امور واحدهای پژوهشی و آزمایشگاه ها,laboratory,,,,https://rcm.shahed.ac.ir/%da%af%d8%b1%d9%86%d8%aa-%d8%ae%d8%af%d9%85%d8%a7%d8%aa-%d8%a2%d8%b2%d9%85%d8%a7%db%8c%d8%b4%da%af%d8%a7%d9%87%db%8c/,verified,2026-08-11
shahed-discovery-unit-laboratory-6481b6efdd5e,shahed,آزمایشگاه تحقیقاتی – دانشکده علوم پایه,laboratory,,,,https://sci.shahed.ac.ir/facilities/laboratories/research-laboratory/,verified,2026-08-11
shahed-discovery-unit-laboratory-c12ccb6a7ed1,shahed,آزمایشگاه تحقیقات الکتروشیمی و باتری – دانشکده علوم پایه,laboratory,,,,https://sci.shahed.ac.ir/facilities/laboratories/electrochemistry-and-battery-research-laboratory/,verified,2026-08-11
shahed-discovery-unit-library-6dc2df046e48,shahed,راهنمای مراحل تسویه‌حساب پایان‌نامه در مرکز اسناد و مدارک علمی دانشگاه شاهد – مرکز اسناد و مدارک علمی,library,,,,https://library.shahed.ac.ir/%d8%b1%d8%a7%d9%87%d9%86%d9%85%d8%a7%db%8c-%d9%85%d8%b1%d8%a7%d8%ad%d9%84-%d8%aa%d8%b3%d9%88%db%8c%d9%87%d8%ad%d8%b3%d8%a7%d8%a8-%d9%be%d8%a7%db%8c%d8%a7%d9%86%d9%86%d8%a7%d9%85/,verified,2026-08-11
shahed-discovery-unit-library-76c8ae605fa2,shahed,دفتر رئیس مرکز اسناد و مدارک علمی – مرکز اسناد و مدارک علمی,library,,,,https://library.shahed.ac.ir/office-of-the-head/,verified,2026-08-11
shahed-discovery-unit-library-5743db1d64a2,shahed,payannameha_submit – مرکز اسناد و مدارک علمی,library,,,,https://library.shahed.ac.ir/payannameha_submit/,verified,2026-08-11
shahed-discovery-unit-library-1261ee1e586b,shahed,payannameha_tasviyehesab – مرکز اسناد و مدارک علمی,library,,,,https://library.shahed.ac.ir/payannameha_tasviyehesab/,verified,2026-08-11
shahed-discovery-unit-library-3f74e0429fae,shahed,دعوت به عضویت در کانال‌های اطلاع‌رسانی مرکز اسناد و مدارک علمی دانشگاه شاهد – مرکز اسناد و مدارک علمی,library,,,,https://library.shahed.ac.ir/%d8%af%d8%b9%d9%88%d8%aa-%d8%a8%d9%87-%d8%b9%d8%b6%d9%88%db%8c%d8%aa-%d8%af%d8%b1-%da%a9%d8%a7%d9%86%d8%a7%d9%84%d9%87%d8%a7%db%8c-%d8%a7%d8%b7%d9%84%d8%a7%d8%b9%d8%b1%d8%b3%d8%a7/,verified,2026-08-11
shahed-discovery-unit-library-ada221c247fc,shahed,وبینار آموزشی «آشنایی با مرکز اسناد و مدارک علمی و سامانه‌های ایرانداک» – مرکز اسناد و مدارک علمی,library,,,,https://library.shahed.ac.ir/%d9%88%d8%a8%db%8c%d9%86%d8%a7%d8%b1-%d8%a2%d9%85%d9%88%d8%b2%d8%b4%db%8c-%d8%a2%d8%b4%d9%86%d8%a7%db%8c%db%8c-%d8%a8%d8%a7-%d9%85%d8%b1%da%a9%d8%b2-%d8%a7%d8%b3%d9%86%d8%a7%d8%af-%d9%88-%d9%85/,verified,2026-08-11
shahed-discovery-unit-library-1ec6970f01cc,shahed,کتابخانه – دانشکده علوم پایه,library,,,,https://sci.shahed.ac.ir/research/library/,verified,2026-08-11
shahed-discovery-unit-library-30f2971641ba,shahed,کتابخانه – دانشکده فنی و مهندسی,library,,,,https://eng.shahed.ac.ir/research/library/,verified,2026-08-11
shahed-discovery-unit-library-bca83f8e10c1,shahed,پایان‌نامه‌ها و طرح‌های تحقیقاتی – مرکز اسناد و مدارک علمی,library,,,,https://library.shahed.ac.ir/theses-and-research-projects/,verified,2026-08-11
shahed-discovery-unit-library-dec22fee34ba,shahed,راهنمای مشاهده وضعیت اعتبار نشریات در سامانه بهستان – مرکز اسناد و مدارک علمی,library,,,,https://library.shahed.ac.ir/%d8%b1%d8%a7%d9%87%d9%86%d9%85%d8%a7%db%8c-%d9%85%d8%b4%d8%a7%d9%87%d8%af%d9%87-%d9%88%d8%b6%d8%b9%db%8c%d8%aa-%d8%a7%d8%b9%d8%aa%d8%a8%d8%a7%d8%b1-%d9%86%d8%b4%d8%b1%db%8c%d8%a7%d8%aa-%d8%af%d8%b1/,verified,2026-08-11
shahed-discovery-unit-library-2ff020b06c52,shahed,شیوه‌نامه نگارش پایان‌نامه‌های دانشگاه شاهد – مرکز اسناد و مدارک علمی,library,,,,https://library.shahed.ac.ir/thesis_writing_principles_of_shahed_university/,verified,2026-08-11
shahed-discovery-unit-library-440e036ef2f7,shahed,ezharnameh – مرکز اسناد و مدارک علمی,library,,,,https://library.shahed.ac.ir/ezharnameh/,verified,2026-08-11
shahed-discovery-unit-library-b53beefa9f8c,shahed,payannameha_style – مرکز اسناد و مدارک علمی,library,,,,https://library.shahed.ac.ir/payannameha_style/,verified,2026-08-11
shahed-discovery-unit-library-770ee8e07065,shahed,payannameha_template – مرکز اسناد و مدارک علمی,library,,,,https://library.shahed.ac.ir/payannameha_template/,verified,2026-08-11
shahed-discovery-unit-library-24a0119000fb,shahed,برقراری دسترسی به پلتفرم پژوهشی هوشمند «SCiNiTO AI» – مرکز اسناد و مدارک علمی,library,,,,https://library.shahed.ac.ir/%d8%a8%d8%b1%d9%82%d8%b1%d8%a7%d8%b1%db%8c-%d8%af%d8%b3%d8%aa%d8%b1%d8%b3%db%8c-%d8%a8%d9%87-%d9%be%d9%84%d8%aa%d9%81%d8%b1%d9%85-%d9%be%da%98%d9%88%d9%87%d8%b4%db%8c-%d9%87%d9%88%d8%b4%d9%85%d9%86/,verified,2026-08-11
shahed-discovery-unit-research-007e535a922c,shahed,مدیریت امور واحدهای پژوهشی و آزمایشگاه ها – دانشگاه تراز انقلاب اسلامی,research,,,,https://rcm.shahed.ac.ir/,verified,2026-08-11
shahed-discovery-unit-research-a417a9046fc8,shahed,معرفی معاونت پژوهشی – دانشکده علوم پایه,research,,,,https://sci.shahed.ac.ir/research/introducing-the-research-office/,verified,2026-08-11
shahid-rajaee-discovery-unit-technology-e23a2acea5bc,shahid-rajaee,مرکز نوآوری، کارآفرینی و هوش مصنوعی شهید حسن طهرانی مقدم | دانشگاه تربیت دبیر شهید رجایی,technology,,,,https://www.sru.ac.ir/innovation/,verified,2026-08-11
shahid-rajaee-discovery-unit-industry-e96feddd5af8,shahid-rajaee,مدیر کارآفرینی و ارتباط با صنعت | دانشگاه تربیت دبیر شهید رجایی,industry,,,,https://www.sru.ac.ir/%d9%85%d8%b9%d8%a7%d9%88%d9%86%d8%aa-%d9%be%da%98%d9%88%d9%87%d8%b4-%d9%88-%d9%81%d9%86%d8%a7%d9%88%d8%b1%db%8c/%d9%85%d8%af%db%8c%d8%b1%db%8c%d8%aa-%da%a9%d8%a7%d8%b1%d8%a2%d9%81%d8%b1%db%8c%d9%86%db%8c-%d9%88-%d8%a7%d8%b1%d8%aa%d8%a8%d8%a7%d8%b7-%d8%a8%d8%a7-%d8%ac%d8%a7%d9%85%d8%b9%d9%87-%d9%85%d8%af%db%8c/,verified,2026-08-11
shahid-rajaee-discovery-unit-library-d3b65ce35e15,shahid-rajaee,كتابخانه دانشگاه تربيت دبير شهيد رجايي,library,,,,https://lib.sru.ac.ir/DL/SPortal/,verified,2026-08-11
shahid-rajaee-discovery-unit-laboratory-5162b4269001,shahid-rajaee,دانشگاه شهید رجایی,laboratory,,,,https://www.sru.ac.ir/labtour/,verified,2026-08-11
shahid-rajaee-discovery-unit-library-1d21be79381d,shahid-rajaee,اداره انتشارات > سامانه ها | دانشگاه تربیت دبیر شهید رجایی,library,,,,https://www.sru.ac.ir/%d9%85%d8%b9%d8%a7%d9%88%d9%86%d8%aa-%d9%be%da%98%d9%88%d9%87%d8%b4-%d9%88-%d9%81%d9%86%d8%a7%d9%88%d8%b1%db%8c/%d8%a7%d8%af%d8%a7%d8%b1%d9%87-%d8%a7%d9%86%d8%aa%d8%b4%d8%a7%d8%b1%d8%a7%d8%aa-%d9%88-%d9%86%d8%b4%d8%b1%db%8c%d8%a7%d8%aa-%d8%b9%d9%84%d9%85%db%8c-%d9%be%da%98%d9%88%d9%87%d8%b4%db%8c-%d8%b3%d8%a7/,verified,2026-08-11
national-defense-discovery-unit-library-770922e21e4e,national-defense,انتشارات دانشگاه عالی دفاع ملی,library,,,,https://sndu.ac.ir/entesharat/fa/tag/478/%D8%A7%D9%86%D8%AA%D8%B4%D8%A7%D8%B1%D8%A7%D8%AA+%D8%AF%D8%A7%D9%86%D8%B4%DA%AF%D8%A7%D9%87+%D8%B9%D8%A7%D9%84%DB%8C+%D8%AF%D9%81%D8%A7%D8%B9+%D9%85%D9%84%DB%8C,verified,2026-08-11
national-defense-discovery-unit-library-45db70664d5e,national-defense,انتشارات داعا,library,,,,https://sndu.ac.ir/entesharat/fa/tag/479/%D8%A7%D9%86%D8%AA%D8%B4%D8%A7%D8%B1%D8%A7%D8%AA+%D8%AF%D8%A7%D8%B9%D8%A7,verified,2026-08-11
national-defense-discovery-unit-technology-efd6a2e6e2e0,national-defense,The University Emblem and Motto - Supreme National Defense University,technology,,,,https://sndu.ac.ir/en/page/1381/the-university-emblem-and-motto,verified,2026-08-11
national-defense-discovery-unit-library-f5250e4b0d6c,national-defense,مرکز انتشارات راهبردی,library,,,,https://sndu.ac.ir/entesharat/fa,verified,2026-08-11
petroleum-discovery-unit-it-343a2f2c6e83,petroleum,مرکز فناوری اطلاعات دانشگاه,it,,organizationally-attributed,,https://www.put.ac.ir/fa-IR/PUT/6677/page/%D9%85%D8%B1%DA%A9%D8%B2-%D9%81%D9%86%D8%A7%D9%88%D8%B1%DB%8C-%D8%A7%D8%B7%D9%84%D8%A7%D8%B9%D8%A7%D8%AA-%D8%AF%D8%A7%D9%86%D8%B4%DA%AF%D8%A7%D9%87,verified,2026-08-11
petroleum-discovery-unit-laboratory-106cc1cf93a0,petroleum,مراکز تحقیقاتی و آزمایشگاهها,laboratory,,,,https://www.put.ac.ir/fa-IR/PUT/7466/page/%D8%A2%D8%B2%D9%85%D8%A7%DB%8C%D8%B4%DA%AF%D8%A7%D9%87-%D9%87%D8%A7-%D9%88-%D9%85%D8%B1%D8%A7%DA%A9%D8%B2-%D8%AA%D8%AD%D9%82%DB%8C%D9%82%D8%A7%D8%AA%DB%8C,verified,2026-08-11
petroleum-discovery-unit-laboratory-a7e8f7fb155e,petroleum,مراکز تحقیقاتی و آزمایشگاهها,laboratory,,,,https://www.put.ac.ir/fa-IR/put/7466/page/%D8%A2%D8%B2%D9%85%D8%A7%DB%8C%D8%B4%DA%AF%D8%A7%D9%87-%D9%87%D8%A7-%D9%88-%D9%85%D8%B1%D8%A7%DA%A9%D8%B2-%D8%AA%D8%AD%D9%82%DB%8C%D9%82%D8%A7%D8%AA%DB%8C,verified,2026-08-11
petroleum-discovery-unit-laboratory-a424e786f77e,petroleum,مراکز تحقیقاتی و آزمایشگاهها,laboratory,,,,https://roshd.put.ac.ir/fa-IR/PUT/7466/page/%D8%A2%D8%B2%D9%85%D8%A7%DB%8C%D8%B4%DA%AF%D8%A7%D9%87-%D9%87%D8%A7-%D9%88-%D9%85%D8%B1%D8%A7%DA%A9%D8%B2-%D8%AA%D8%AD%D9%82%DB%8C%D9%82%D8%A7%D8%AA%DB%8C,verified,2026-08-11
petroleum-discovery-unit-laboratory-79da02c7119e,petroleum,مراکز تحقیقاتی و آزمایشگاهها,laboratory,,,,https://roshd.put.ac.ir/fa-IR/put/7466/page/%D8%A2%D8%B2%D9%85%D8%A7%DB%8C%D8%B4%DA%AF%D8%A7%D9%87-%D9%87%D8%A7-%D9%88-%D9%85%D8%B1%D8%A7%DA%A9%D8%B2-%D8%AA%D8%AD%D9%82%DB%8C%D9%82%D8%A7%D8%AA%DB%8C,verified,2026-08-11
petroleum-discovery-unit-it-a4413b1c34f7,petroleum,مرکز فناوری اطلاعات دانشگاه,it,,organizationally-attributed,,https://www.put.ac.ir/fa-IR/put/6677/page/%D9%85%D8%B1%DA%A9%D8%B2-%D9%81%D9%86%D8%A7%D9%88%D8%B1%DB%8C-%D8%A7%D8%B7%D9%84%D8%A7%D8%B9%D8%A7%D8%AA-%D8%AF%D8%A7%D9%86%D8%B4%DA%AF%D8%A7%D9%87,verified,2026-08-11
petroleum-discovery-unit-it-8c1cab339bf2,petroleum,مرکز فناوری اطلاعات دانشگاه,it,,organizationally-attributed,,https://roshd.put.ac.ir/fa-IR/PUT/6677/page/%D9%85%D8%B1%DA%A9%D8%B2-%D9%81%D9%86%D8%A7%D9%88%D8%B1%DB%8C-%D8%A7%D8%B7%D9%84%D8%A7%D8%B9%D8%A7%D8%AA-%D8%AF%D8%A7%D9%86%D8%B4%DA%AF%D8%A7%D9%87,verified,2026-08-11
petroleum-discovery-unit-it-a0bb787c284b,petroleum,مرکز فناوری اطلاعات دانشگاه,it,,organizationally-attributed,,https://roshd.put.ac.ir/fa-IR/put/6677/page/%D9%85%D8%B1%DA%A9%D8%B2-%D9%81%D9%86%D8%A7%D9%88%D8%B1%DB%8C-%D8%A7%D8%B7%D9%84%D8%A7%D8%B9%D8%A7%D8%AA-%D8%AF%D8%A7%D9%86%D8%B4%DA%AF%D8%A7%D9%87,verified,2026-08-11
petroleum-discovery-unit-library-131156c46699,petroleum,انتشارات,library,,,,https://www.put.ac.ir/fa-IR/PUT/7451/page/%D8%A7%D9%86%D8%AA%D8%B4%D8%A7%D8%B1%D8%A7%D8%AA,verified,2026-08-11
petroleum-discovery-unit-library-fab096f0c62a,petroleum,انتشارات,library,,,,https://roshd.put.ac.ir/fa-IR/PUT/7451/page/%D8%A7%D9%86%D8%AA%D8%B4%D8%A7%D8%B1%D8%A7%D8%AA,verified,2026-08-11
petroleum-discovery-unit-library-560957cbfc76,petroleum,انتشارات,library,,,,https://roshd.put.ac.ir/fa-IR/put/7451/page/%D8%A7%D9%86%D8%AA%D8%B4%D8%A7%D8%B1%D8%A7%D8%AA,verified,2026-08-11
petroleum-discovery-unit-industry-0b692de5ee66,petroleum,دانشگاه صنعت نفت,industry,,,,https://www.put.ac.ir/fa-IR/put/1/page/%D8%AF%D8%A7%D9%86%D8%B4%DA%AF%D8%A7%D9%87-%D8%B5%D9%86%D8%B9%D8%AA-%D9%86%D9%81%D8%AA,verified,2026-08-11
petroleum-discovery-unit-industry-8d12ce9a1205,petroleum,مركز رشد دانشگاه صنعت نفت,industry,,,,https://roshd.put.ac.ir/fa-IR/PUT/5531/auth/accessDenied,verified,2026-08-11
isfahan-discovery-unit-technology-72596e6dd215,isfahan,گروه کارآفرینی و رشد فناوری | آیین نامه نظارت و ارزیابی مرکز رشد فناوری دانشگاه اصفهان,technology,,,,https://roshd.ui.ac.ir/%D8%A2%DB%8C%DB%8C%D9%86-%D9%86%D8%A7%D9%85%D9%87-%D9%86%D8%B8%D8%A7%D8%B1%D8%AA-%D9%88-%D8%A7%D8%B1%D8%B2%DB%8C%D8%A7%D8%A8%DB%8C-%D9%85%D8%B1%DA%A9%D8%B2-%D8%B1%D8%B4%D8%AF-%D9%81%D9%86%D8%A7%D9%88%D8%B1%DB%8C-%D8%AF%D8%A7%D9%86%D8%B4%DA%AF%D8%A7%D9%87-%D8%A7%D8%B5%D9%81%D9%87%D8%A7%D9%86-,verified,2026-08-11
shahid-bahonar-kerman-discovery-unit-research-61f3e7fd01b2,shahid-bahonar-kerman,معرفی معاونت پژوهشی و فناوری - show-content - معاونت پژوهشی و فناوری,research,,,,https://vcresearch.uk.ac.ir/show-content/-/asset_publisher/u4ipR7pesLZC/content/%D9%85%D8%B9%D8%B1%D9%81%DB%8C-%D9%85%D8%B9%D8%A7%D9%88%D9%86%D8%AA-%D9%BE%DA%98%D9%88%D9%87%D8%B4%DB%8C-%D9%88-%D9%81%D9%86%D8%A7%D9%88%D8%B1%DB%8C?p_p_state=maximized,verified,2026-08-11
guilan-discovery-unit-library-2f168775f7c6,guilan,رئیس مرکز اسناد، کتابخانه و نشر دانشگاه منصوب شد - معاونت پژوهش و فناوری,library,,,,https://resvp.guilan.ac.ir/fa/w/%D8%B1%D8%A6%DB%8C%D8%B3-%D9%85%D8%B1%DA%A9%D8%B2-%D8%A7%D8%B3%D9%86%D8%A7%D8%AF%D8%8C-%DA%A9%D8%AA%D8%A7%D8%A8%D8%AE%D8%A7%D9%86%D9%87-%D9%88-%D9%86%D8%B4%D8%B1-%D8%AF%D8%A7%D9%86%D8%B4%DA%AF%D8%A7%D9%87-%D9%85%D9%86%D8%B5%D9%88%D8%A8-%D8%B4%D8%AF-2?redirect=%2Ffa%2Fw%2F%25D8%25B1%25D8%25A6%25DB%258C%25D8%25B3-%25D9%2585%25D8%25B1%25DA%25A9%25D8%25B2-%25D8%25A7%25D8%25B3%25D9%2586%25D8%25A7%25D8%25AF%25D8%258C-%25DA%25A9%25D8%25AA%25D8%25A7%25D8%25A8%25D8%25AE%25D8%25A7%25D9%2586%25D9%2587-%25D9%2588-%25D9%2586%25D8%25B4%25D8%25B1-%25D8%25AF%25D8%25A7%25D9%2586%25D8%25B4%25DA%25AF%25D8%25A7%25D9%2587-%25D9%2585%25D9%2586%25D8%25B5%25D9%2588%25D8%25A8-%25D8%25B4%25D8%25AF-2%3Fredirect%3D%252Ffa%252Fw%252F%2525D8%2525B1%2525D8%2525A6%2525DB%25258C%2525D8%2525B3-%2525D9%252585%2525D8%2525B1%2525DA%2525A9%2525D8%2525B2-%2525D8%2525A7%2525D8%2525B3%2525D9%252586%2525D8%2525A7%2525D8%2525AF%2525D8%25258C-%2525DA%2525A9%2525D8%2525AA%2525D8%2525A7%2525D8%2525A8%2525D8%2525AE%2525D8%2525A7%2525D9%252586%2525D9%252587-%2525D9%252588-%2525D9%252586%2525D8%2525B4%2525D8%2525B1-%2525D8%2525AF%2525D8%2525A7%2525D9%252586%2525D8%2525B4%2525DA%2525AF%2525D8%2525A7%2525D9%252587-%2525D9%252585%2525D9%252586%2525D8%2525B5%2525D9%252588%2525D8%2525A8-%2525D8%2525B4%2525D8%2525AF-2,verified,2026-08-11
guilan-discovery-unit-library-baa119e2909a,guilan,رئیس مرکز اسناد، کتابخانه و نشر دانشگاه منصوب شد - معاونت پژوهش و فناوری,library,,,,https://resvp.guilan.ac.ir/fa/w/%D8%B1%D8%A6%DB%8C%D8%B3-%D9%85%D8%B1%DA%A9%D8%B2-%D8%A7%D8%B3%D9%86%D8%A7%D8%AF%D8%8C-%DA%A9%D8%AA%D8%A7%D8%A8%D8%AE%D8%A7%D9%86%D9%87-%D9%88-%D9%86%D8%B4%D8%B1-%D8%AF%D8%A7%D9%86%D8%B4%DA%AF%D8%A7%D9%87-%D9%85%D9%86%D8%B5%D9%88%D8%A8-%D8%B4%D8%AF-2?redirect=%2Ffa%2Fw%2F%25D8%25B1%25D8%25A6%25DB%258C%25D8%25B3-%25D9%2585%25D8%25B1%25DA%25A9%25D8%25B2-%25D8%25A7%25D8%25B3%25D9%2586%25D8%25A7%25D8%25AF%25D8%258C-%25DA%25A9%25D8%25AA%25D8%25A7%25D8%25A8%25D8%25AE%25D8%25A7%25D9%2586%25D9%2587-%25D9%2588-%25D9%2586%25D8%25B4%25D8%25B1-%25D8%25AF%25D8%25A7%25D9%2586%25D8%25B4%25DA%25AF%25D8%25A7%25D9%2587-%25D9%2585%25D9%2586%25D8%25B5%25D9%2588%25D8%25A8-%25D8%25B4%25D8%25AF-2%3Fredirect%3D%252Ffa%252Fw%252F%2525D8%2525A8%2525D8%2525A7%2525D8%2525B2%2525D8%2525AF%2525DB%25258C%2525D8%2525AF-%2525D9%252585%2525D8%2525B9%2525D8%2525A7%2525D9%252588%2525D9%252586%2525D8%2525AA-%2525D9%2525BE%2525DA%252598%2525D9%252588%2525D9%252587%2525D8%2525B4-%2525D9%252588-%2525D9%252581%2525D9%252586%2525D8%2525A7%2525D9%252588%2525D8%2525B1%2525DB%25258C-%2525D8%2525AF%2525D8%2525A7%2525D9%252586%2525D8%2525B4%2525DA%2525AF%2525D8%2525A7%2525D9%252587-%2525D8%2525A7%2525D8%2525B2-%2525DA%2525A9%2525D8%2525AA%2525D8%2525A7%2525D8%2525A8%2525D8%2525AE%2525D8%2525A7%2525D9%252586%2525D9%252587-,verified,2026-08-11
guilan-discovery-unit-library-d661cb200ed0,guilan,رئیس مرکز اسناد، کتابخانه و نشر دانشگاه منصوب شد - معاونت پژوهش و فناوری,library,,,,https://resvp.guilan.ac.ir/fa/w/%D8%B1%D8%A6%DB%8C%D8%B3-%D9%85%D8%B1%DA%A9%D8%B2-%D8%A7%D8%B3%D9%86%D8%A7%D8%AF%D8%8C-%DA%A9%D8%AA%D8%A7%D8%A8%D8%AE%D8%A7%D9%86%D9%87-%D9%88-%D9%86%D8%B4%D8%B1-%D8%AF%D8%A7%D9%86%D8%B4%DA%AF%D8%A7%D9%87-%D9%85%D9%86%D8%B5%D9%88%D8%A8-%D8%B4%D8%AF-2?redirect=%2Ffa%2Fw%2F%25D8%25A8%25D8%25A7%25D8%25B2%25D8%25AF%25DB%258C%25D8%25AF-%25D9%2585%25D8%25B9%25D8%25A7%25D9%2588%25D9%2586%25D8%25AA-%25D9%25BE%25DA%2598%25D9%2588%25D9%2587%25D8%25B4-%25D9%2588-%25D9%2581%25D9%2586%25D8%25A7%25D9%2588%25D8%25B1%25DB%258C-%25D8%25AF%25D8%25A7%25D9%2586%25D8%25B4%25DA%25AF%25D8%25A7%25D9%2587-%25D8%25A7%25D8%25B2-%25DA%25A9%25D8%25AA%25D8%25A7%25D8%25A8%25D8%25AE%25D8%25A7%25D9%2586%25D9%2587-%3Fredirect%3D%252Ffa%252Fw%252F%2525D8%2525A8%2525D8%2525A7%2525D8%2525B2%2525D8%2525AF%2525DB%25258C%2525D8%2525AF-%2525D9%252585%2525D8%2525B9%2525D8%2525A7%2525D9%252588%2525D9%252586%2525D8%2525AA-%2525D9%2525BE%2525DA%252598%2525D9%252588%2525D9%252587%2525D8%2525B4-%2525D9%252588-%2525D9%252581%2525D9%252586%2525D8%2525A7%2525D9%252588%2525D8%2525B1%2525DB%25258C-%2525D8%2525AF%2525D8%2525A7%2525D9%252586%2525D8%2525B4%2525DA%2525AF%2525D8%2525A7%2525D9%252587-%2525D8%2525A7%2525D8%2525B2-%2525DA%2525A9%2525D8%2525AA%2525D8%2525A7%2525D8%2525A8%2525D8%2525AE%2525D8%2525A7%2525D9%252586%2525D9%252587-,verified,2026-08-11
guilan-discovery-unit-library-501d3e670d29,guilan,رئیس مرکز اسناد، کتابخانه و نشر دانشگاه منصوب شد - معاونت پژوهش و فناوری,library,,,,https://resvp.guilan.ac.ir/fa/w/%D8%B1%D8%A6%DB%8C%D8%B3-%D9%85%D8%B1%DA%A9%D8%B2-%D8%A7%D8%B3%D9%86%D8%A7%D8%AF%D8%8C-%DA%A9%D8%AA%D8%A7%D8%A8%D8%AE%D8%A7%D9%86%D9%87-%D9%88-%D9%86%D8%B4%D8%B1-%D8%AF%D8%A7%D9%86%D8%B4%DA%AF%D8%A7%D9%87-%D9%85%D9%86%D8%B5%D9%88%D8%A8-%D8%B4%D8%AF-2?redirect=%2Ffa%2Fw%2F%25D8%25B1%25D8%25A6%25DB%258C%25D8%25B3-%25D9%2585%25D8%25B1%25DA%25A9%25D8%25B2-%25D8%25A7%25D8%25B3%25D9%2586%25D8%25A7%25D8%25AF%25D8%258C-%25DA%25A9%25D8%25AA%25D8%25A7%25D8%25A8%25D8%25AE%25D8%25A7%25D9%2586%25D9%2587-%25D9%2588-%25D9%2586%25D8%25B4%25D8%25B1-%25D8%25AF%25D8%25A7%25D9%2586%25D8%25B4%25DA%25AF%25D8%25A7%25D9%2587-%25D9%2585%25D9%2586%25D8%25B5%25D9%2588%25D8%25A8-%25D8%25B4%25D8%25AF-2%3Fredirect%3D%252Ffa%252Fw%252F%2525D8%2525B3%2525D8%2525B1%2525D9%2525BE%2525D8%2525B1%2525D8%2525B3%2525D8%2525AA-%2525D8%2525AC%2525D8%2525AF%2525DB%25258C%2525D8%2525AF-%2525D9%252585%2525D8%2525AF%2525DB%25258C%2525D8%2525B1%2525DB%25258C%2525D8%2525AA-%2525D8%2525A7%2525D8%2525B1%2525D8%2525AA%2525D8%2525A8%2525D8%2525A7%2525D8%2525B7-%2525D8%2525A8%2525D8%2525A7-%2525D8%2525B5%2525D9%252586%2525D8%2525B9%2525D8%2525AA-%2525D9%252588-%2525D8%2525AC%2525D8%2525A7%2525D9%252585%2525D8%2525B9%2525D9%252587-%2525D8%2525AF%2525D8%2525A7%2525D9%252586%2525D8%2525B4%2525DA%2525AF%2525D8%2525A7%2525D9%252587-,verified,2026-08-11
guilan-discovery-unit-library-82c2c9ddc80b,guilan,رئیس مرکز اسناد، کتابخانه و نشر دانشگاه منصوب شد - معاونت پژوهش و فناوری,library,,,,https://resvp.guilan.ac.ir/fa/w/%D8%B1%D8%A6%DB%8C%D8%B3-%D9%85%D8%B1%DA%A9%D8%B2-%D8%A7%D8%B3%D9%86%D8%A7%D8%AF%D8%8C-%DA%A9%D8%AA%D8%A7%D8%A8%D8%AE%D8%A7%D9%86%D9%87-%D9%88-%D9%86%D8%B4%D8%B1-%D8%AF%D8%A7%D9%86%D8%B4%DA%AF%D8%A7%D9%87-%D9%85%D9%86%D8%B5%D9%88%D8%A8-%D8%B4%D8%AF-2?redirect=%2Ffa%2Fw%2F%25D8%25A8%25D8%25A7%25D8%25B2%25D8%25AF%25DB%258C%25D8%25AF-%25D9%2585%25D8%25B9%25D8%25A7%25D9%2588%25D9%2586%25D8%25AA-%25D9%25BE%25DA%2598%25D9%2588%25D9%2587%25D8%25B4-%25D9%2588-%25D9%2581%25D9%2586%25D8%25A7%25D9%2588%25D8%25B1%25DB%258C-%25D8%25AF%25D8%25A7%25D9%2586%25D8%25B4%25DA%25AF%25D8%25A7%25D9%2587-%25D8%25A7%25D8%25B2-%25DA%25A9%25D8%25AA%25D8%25A7%25D8%25A8%25D8%25AE%25D8%25A7%25D9%2586%25D9%2587-%3Fredirect%3D%252Ffa%252Fw%252F%2525D8%2525B3%2525D8%2525B1%2525D9%2525BE%2525D8%2525B1%2525D8%2525B3%2525D8%2525AA-%2525D8%2525AC%2525D8%2525AF%2525DB%25258C%2525D8%2525AF-%2525D9%252585%2525D8%2525AF%2525DB%25258C%2525D8%2525B1%2525DB%25258C%2525D8%2525AA-%2525D8%2525A7%2525D8%2525B1%2525D8%2525AA%2525D8%2525A8%2525D8%2525A7%2525D8%2525B7-%2525D8%2525A8%2525D8%2525A7-%2525D8%2525B5%2525D9%252586%2525D8%2525B9%2525D8%2525AA-%2525D9%252588-%2525D8%2525AC%2525D8%2525A7%2525D9%252585%2525D8%2525B9%2525D9%252587-%2525D8%2525AF%2525D8%2525A7%2525D9%252586%2525D8%2525B4%2525DA%2525AF%2525D8%2525A7%2525D9%252587-,verified,2026-08-11
guilan-discovery-unit-library-a354a1ffe6be,guilan,رئیس مرکز اسناد، کتابخانه و نشر دانشگاه منصوب شد - معاونت پژوهش و فناوری,library,,,,https://resvp.guilan.ac.ir/fa/w/%D8%B1%D8%A6%DB%8C%D8%B3-%D9%85%D8%B1%DA%A9%D8%B2-%D8%A7%D8%B3%D9%86%D8%A7%D8%AF%D8%8C-%DA%A9%D8%AA%D8%A7%D8%A8%D8%AE%D8%A7%D9%86%D9%87-%D9%88-%D9%86%D8%B4%D8%B1-%D8%AF%D8%A7%D9%86%D8%B4%DA%AF%D8%A7%D9%87-%D9%85%D9%86%D8%B5%D9%88%D8%A8-%D8%B4%D8%AF-2?redirect=%2Ffa%2Fw%2F%25D8%25B3%25D8%25B1%25D9%25BE%25D8%25B1%25D8%25B3%25D8%25AA-%25D8%25AC%25D8%25AF%25DB%258C%25D8%25AF-%25D9%2585%25D8%25AF%25DB%258C%25D8%25B1%25DB%258C%25D8%25AA-%25D8%25A7%25D8%25B1%25D8%25AA%25D8%25A8%25D8%25A7%25D8%25B7-%25D8%25A8%25D8%25A7-%25D8%25B5%25D9%2586%25D8%25B9%25D8%25AA-%25D9%2588-%25D8%25AC%25D8%25A7%25D9%2585%25D8%25B9%25D9%2587-%25D8%25AF%25D8%25A7%25D9%2586%25D8%25B4%25DA%25AF%25D8%25A7%25D9%2587-%3Fredirect%3D%252Ffa%252Fw%252F%2525D8%2525B1%2525D8%2525A6%2525DB%25258C%2525D8%2525B3-%2525D9%252585%2525D8%2525B1%2525DA%2525A9%2525D8%2525B2-%2525D8%2525A7%2525D8%2525B3%2525D9%252586%2525D8%2525A7%2525D8%2525AF%2525D8%25258C-%2525DA%2525A9%2525D8%2525AA%2525D8%2525A7%2525D8%2525A8%2525D8%2525AE%2525D8%2525A7%2525D9%252586%2525D9%252587-%2525D9%252588-%2525D9%252586%2525D8%2525B4%2525D8%2525B1-%2525D8%2525AF%2525D8%2525A7%2525D9%252586%2525D8%2525B4%2525DA%2525AF%2525D8%2525A7%2525D9%252587-%2525D9%252585%2525D9%252586%2525D8%2525B5%2525D9%252588%2525D8%2525A8-%2525D8%2525B4%2525D8%2525AF-2,verified,2026-08-11
urmia-discovery-unit-research-e64224f6944e,urmia,دانلودها - فرم های مدیریت امور پژوهشی,research,,,,https://pajuheshi.urmia.ac.ir/fa/download/category/329,verified,2026-08-11
urmia-discovery-unit-industry-cb89d92259d2,urmia,فرمت قرارداد طرح ارتباط با صنعت با شرکت‌ها یا ادارات دولتی - معاونت پژوهش و فن‌آوری,industry,,,,https://pajuheshi.urmia.ac.ir/fa/download/2418/%D9%81%D8%B1%D9%85%D8%AA-%D9%82%D8%B1%D8%A7%D8%B1%D8%AF%D8%A7%D8%AF-%D8%B7%D8%B1%D8%AD-%D8%A7%D8%B1%D8%AA%D8%A8%D8%A7%D8%B7-%D8%A8%D8%A7-%D8%B5%D9%86%D8%B9%D8%AA-%D8%A8%D8%A7-%D8%B4%D8%B1%DA%A9%D8%AA-%D9%87%D8%A7-%DB%8C%D8%A7-%D8%A7%D8%AF%D8%A7%D8%B1%D8%A7%D8%AA-%D8%AF%D9%88%D9%84%D8%AA%DB%8C,verified,2026-08-11
urmia-discovery-unit-it-e73ab7d3ade1,urmia,دانلودها - فرم های مدیریت فناوری اطلاعات,it,,organizationally-attributed,,https://pajuheshi.urmia.ac.ir/fa/download/category/328,verified,2026-08-11
sistan-baluchestan-discovery-unit-technology-d73499652da0,sistan-baluchestan,دانشگاه سیستان و بلوچستان > معاونت ها > معاونت پژوهشی و فناوری > مجتمع فناوری و نوآوری > طرح هامون > فرم ها و اطلاعیه ها,technology,,,,https://www.usb.ac.ir/%D9%85%D8%B9%D8%A7%D9%88%D9%86%D8%AA-%D9%87%D8%A7/%D9%85%D8%B9%D8%A7%D9%88%D9%86%D8%AA-%D9%BE%DA%98%D9%88%D9%87%D8%B4%DB%8C-%D9%88-%D9%81%D9%86%D8%A7%D9%88%D8%B1%DB%8C/%D9%85%D8%AC%D8%AA%D9%85%D8%B9-%D9%81%D9%86%D8%A7%D9%88%D8%B1%DB%8C-%D9%88-%D9%86%D9%88%D8%A2%D9%88%D8%B1%DB%8C/%D8%B7%D8%B1%D8%AD-%D9%87%D8%A7%D9%85%D9%88%D9%86/%D9%81%D8%B1%D9%85-%D9%87%D8%A7-%D9%88-%D8%A7%D8%B7%D9%84%D8%A7%D8%B9%DB%8C%D9%87-%D9%87%D8%A7,verified,2026-08-11
kurdistan-discovery-unit-technology-684507a0a7b6,kurdistan,فرم‌ها و آیین‌نامه‌ها - معاونت پژوهشی و نوآوری,technology,,,,https://uok.ac.ir/fa/web/research-and-innovation/research-forms-regulations/-/document_library/nqsj/view/486327?_com_liferay_document_library_web_portlet_DLPortlet_INSTANCE_nqsj_redirect=https%3A%2F%2Fuok.ac.ir%2Ffa%2Fweb%2Fresearch-and-innovation%2Fresearch-forms-regulations%2F-%2Fdocument_library%2Fnqsj%2Fview%2F436461%3F_com_liferay_document_library_web_portlet_DLPortlet_INSTANCE_nqsj_redirect%3Dhttps%253A%252F%252Fuok.ac.ir%252Ffa%252Fweb%252Fresearch-and-innovation%252Fresearch-forms-regulations%252F-%252Fdocument_library%252Fnqsj%252Fview%252F436464%253F_com_liferay_document_library_web_portlet_DLPortlet_INSTANCE_nqsj_redirect%253Dhttps%25253A%25252F%25252Fuok.ac.ir%25252Ffa%25252Fweb%25252Fresearch-and-innovation%25252Fresearch-forms-regulations%25253Fp_p_id%25253Dcom_liferay_document_library_web_portlet_DLPortlet_INSTANCE_nqsj%252526p_p_lifecycle%25253D0%252526p_p_state%25253Dnormal%252526p_p_mode%25253Dview,verified,2026-08-11
kurdistan-discovery-unit-technology-d752fb0dafed,kurdistan,فرم‌ها و آیین‌نامه‌ها - معاونت پژوهشی و نوآوری,technology,,,,https://uok.ac.ir/fa/web/research-and-innovation/research-forms-regulations/-/document_library/nqsj/view/11746224?_com_liferay_document_library_web_portlet_DLPortlet_INSTANCE_nqsj_redirect=https%3A%2F%2Fuok.ac.ir%2Ffa%2Fweb%2Fresearch-and-innovation%2Fresearch-forms-regulations%2F-%2Fdocument_library%2Fnqsj%2Fview%2F436461%3F_com_liferay_document_library_web_portlet_DLPortlet_INSTANCE_nqsj_redirect%3Dhttps%253A%252F%252Fuok.ac.ir%252Ffa%252Fweb%252Fresearch-and-innovation%252Fresearch-forms-regulations%252F-%252Fdocument_library%252Fnqsj%252Fview%252F436464%253F_com_liferay_document_library_web_portlet_DLPortlet_INSTANCE_nqsj_redirect%253Dhttps%25253A%25252F%25252Fuok.ac.ir%25252Ffa%25252Fweb%25252Fresearch-and-innovation%25252Fresearch-forms-regulations%25253Fp_p_id%25253Dcom_liferay_document_library_web_portlet_DLPortlet_INSTANCE_nqsj%252526p_p_lifecycle%25253D0%252526p_p_state%25253Dnormal%252526p_p_mode%25253Dview,verified,2026-08-11
kurdistan-discovery-unit-technology-7be2c8f19b04,kurdistan,فرم‌ها و آیین‌نامه‌ها - معاونت پژوهشی و نوآوری,technology,,,,https://uok.ac.ir/fa/web/research-and-innovation/research-forms-regulations/-/document_library/nqsj/view/436484?_com_liferay_document_library_web_portlet_DLPortlet_INSTANCE_nqsj_redirect=https%3A%2F%2Fuok.ac.ir%2Ffa%2Fweb%2Fresearch-and-innovation%2Fresearch-forms-regulations%2F-%2Fdocument_library%2Fnqsj%2Fview%2F436461%3F_com_liferay_document_library_web_portlet_DLPortlet_INSTANCE_nqsj_redirect%3Dhttps%253A%252F%252Fuok.ac.ir%252Ffa%252Fweb%252Fresearch-and-innovation%252Fresearch-forms-regulations%252F-%252Fdocument_library%252Fnqsj%252Fview%252F436464%253F_com_liferay_document_library_web_portlet_DLPortlet_INSTANCE_nqsj_redirect%253Dhttps%25253A%25252F%25252Fuok.ac.ir%25252Ffa%25252Fweb%25252Fresearch-and-innovation%25252Fresearch-forms-regulations%25253Fp_p_id%25253Dcom_liferay_document_library_web_portlet_DLPortlet_INSTANCE_nqsj%252526p_p_lifecycle%25253D0%252526p_p_state%25253Dnormal%252526p_p_mode%25253Dview,verified,2026-08-11
imam-khomeini-international-discovery-unit-it-740ea3221102,imam-khomeini-international,انتصاب «سرپرست مدیریت فناوری اطلاعات و ارتباطات» دانشگاه - پرتال خبری دانشگاه بین المللی امام خمینی(ره),it,,organizationally-attributed,,https://ict.ikiu.ac.ir/fa/web/news_portal/w/%D8%A7%D9%86%D8%AA%D8%B5%D8%A7%D8%A8-%C2%AB%D8%B3%D8%B1%D9%BE%D8%B1%D8%B3%D8%AA-%D9%85%D8%AF%DB%8C%D8%B1%DB%8C%D8%AA-%D9%81%D9%86%D8%A7%D9%88%D8%B1%DB%8C-%D8%A7%D8%B7%D9%84%D8%A7%D8%B9%D8%A7%D8%AA-%D9%88-%D8%A7%D8%B1%D8%AA%D8%A8%D8%A7%D8%B7%D8%A7%D8%AA-1?redirect=%2Ffa%2Fweb%2Fnews_portal%2F%25D9%2585%25D8%25B9%25D8%25A7%25D9%2588%25D9%2586%25D8%25AA-%25D9%25BE%25DA%2598%25D9%2588%25D9%2587%25D8%25B4%25DB%258C-%25D9%2588-%25D9%2581%25D9%2586%25D8%25A7%25D9%2588%25D8%25B1%25DB%258C1,verified,2026-08-11
imam-khomeini-international-discovery-unit-it-2a630b6ad8c0,imam-khomeini-international,انتصاب «سرپرست مدیریت فناوری اطلاعات و ارتباطات» دانشگاه - پرتال خبری دانشگاه بین المللی امام خمینی(ره),it,,organizationally-attributed,,https://ict.ikiu.ac.ir/fa/web/news_portal/w/%D8%A7%D9%86%D8%AA%D8%B5%D8%A7%D8%A8-%C2%AB%D8%B3%D8%B1%D9%BE%D8%B1%D8%B3%D8%AA-%D9%85%D8%AF%DB%8C%D8%B1%DB%8C%D8%AA-%D9%81%D9%86%D8%A7%D9%88%D8%B1%DB%8C-%D8%A7%D8%B7%D9%84%D8%A7%D8%B9%D8%A7%D8%AA-%D9%88-%D8%A7%D8%B1%D8%AA%D8%A8%D8%A7%D8%B7%D8%A7%D8%AA?redirect=%2Ffa%2Fweb%2Fnews_portal%2F%25D9%2585%25D8%25B9%25D8%25A7%25D9%2588%25D9%2586%25D8%25AA-%25D9%25BE%25DA%2598%25D9%2588%25D9%2587%25D8%25B4%25DB%258C-%25D9%2588-%25D9%2581%25D9%2586%25D8%25A7%25D9%2588%25D8%25B1%25DB%258C1,verified,2026-08-11
imam-khomeini-international-discovery-unit-industry-1ca2d3be2856,imam-khomeini-international,انتصاب «مدیر امور پژوهشی، کارآفرینی و ارتباط با صنعت» دانشگاه - پرتال خبری دانشگاه بین المللی امام خمینی(ره),industry,,,,https://ict.ikiu.ac.ir/fa/web/news_portal/w/%D8%A7%D9%86%D8%AA%D8%B5%D8%A7%D8%A8-%C2%AB%D9%85%D8%AF%DB%8C%D8%B1-%D8%A7%D9%85%D9%88%D8%B1-%D9%BE%DA%98%D9%88%D9%87%D8%B4%DB%8C%D8%8C-%DA%A9%D8%A7%D8%B1%D8%A2%D9%81%D8%B1%DB%8C%D9%86%DB%8C-%D9%88-%D8%A7%D8%B1%D8%AA%D8%A8%D8%A7%D8%B7-%D8%A8%D8%A7-%D8%B5?redirect=%2Ffa%2Fweb%2Fnews_portal%2F%25D9%2585%25D8%25B9%25D8%25A7%25D9%2588%25D9%2586%25D8%25AA-%25D9%25BE%25DA%2598%25D9%2588%25D9%2587%25D8%25B4%25DB%258C-%25D9%2588-%25D9%2581%25D9%2586%25D8%25A7%25D9%2588%25D8%25B1%25DB%258C1,verified,2026-08-11
imam-khomeini-international-discovery-unit-it-c08ab109cbba,imam-khomeini-international,انتصاب «سرپرست مدیریت فناوری اطلاعات و ارتباطات» دانشگاه - پرتال خبری دانشگاه بین المللی امام خمینی(ره),it,,organizationally-attributed,,https://ikiu.ac.ir/fa/web/news_portal/w/%D8%A7%D9%86%D8%AA%D8%B5%D8%A7%D8%A8-%C2%AB%D8%B3%D8%B1%D9%BE%D8%B1%D8%B3%D8%AA-%D9%85%D8%AF%DB%8C%D8%B1%DB%8C%D8%AA-%D9%81%D9%86%D8%A7%D9%88%D8%B1%DB%8C-%D8%A7%D8%B7%D9%84%D8%A7%D8%B9%D8%A7%D8%AA-%D9%88-%D8%A7%D8%B1%D8%AA%D8%A8%D8%A7%D8%B7%D8%A7%D8%AA-1?redirect=%2Ffa%2Fweb%2Fnews_portal%2F%25D9%2585%25D8%25B9%25D8%25A7%25D9%2588%25D9%2586%25D8%25AA-%25D9%25BE%25DA%2598%25D9%2588%25D9%2587%25D8%25B4%25DB%258C-%25D9%2588-%25D9%2581%25D9%2586%25D8%25A7%25D9%2588%25D8%25B1%25DB%258C1,verified,2026-08-11
imam-khomeini-international-discovery-unit-it-95b2e7f4cb5b,imam-khomeini-international,انتصاب «سرپرست مدیریت فناوری اطلاعات و ارتباطات» دانشگاه - پرتال خبری دانشگاه بین المللی امام خمینی(ره),it,,organizationally-attributed,,https://ikiu.ac.ir/fa/web/news_portal/w/%D8%A7%D9%86%D8%AA%D8%B5%D8%A7%D8%A8-%C2%AB%D8%B3%D8%B1%D9%BE%D8%B1%D8%B3%D8%AA-%D9%85%D8%AF%DB%8C%D8%B1%DB%8C%D8%AA-%D9%81%D9%86%D8%A7%D9%88%D8%B1%DB%8C-%D8%A7%D8%B7%D9%84%D8%A7%D8%B9%D8%A7%D8%AA-%D9%88-%D8%A7%D8%B1%D8%AA%D8%A8%D8%A7%D8%B7%D8%A7%D8%AA?redirect=%2Ffa%2Fweb%2Fnews_portal%2F%25D9%2585%25D8%25B9%25D8%25A7%25D9%2588%25D9%2586%25D8%25AA-%25D9%25BE%25DA%2598%25D9%2588%25D9%2587%25D8%25B4%25DB%258C-%25D9%2588-%25D9%2581%25D9%2586%25D8%25A7%25D9%2588%25D8%25B1%25DB%258C1,verified,2026-08-11
imam-khomeini-international-discovery-unit-it-97cbe3d78c60,imam-khomeini-international,در دسترس بودن وبگاه دانشگاه از خارج از کشور و اتوماسیون اداری در روزها و ساعات اداری از داخل کشور - پرتال خبری دانشگاه بین المللی امام خمینی(ره),it,,organizationally-attributed,,https://ict.ikiu.ac.ir/fa/web/news_portal/w/%D8%AF%D8%B1-%D8%AF%D8%B3%D8%AA%D8%B1%D8%B3-%D8%A8%D9%88%D8%AF%D9%86-%D8%A7%D8%AA%D9%88%D9%85%D8%A7%D8%B3%DB%8C%D9%88%D9%86-%D8%A7%D8%AF%D8%A7%D8%B1%DB%8C-%D8%AF%D8%A7%D9%86%D8%B4%DA%AF%D8%A7%D9%87-%D8%AF%D8%B1-%D8%B1%D9%88%D8%B2%D9%87%D8%A7-%D9%88-%D8%B3?redirect=%2Ffa%2Fweb%2Fnews_portal%2F%25D9%2585%25D8%25B9%25D8%25A7%25D9%2588%25D9%2586%25D8%25AA-%25D9%25BE%25DA%2598%25D9%2588%25D9%2587%25D8%25B4%25DB%258C-%25D9%2588-%25D9%2581%25D9%2586%25D8%25A7%25D9%2588%25D8%25B1%25DB%258C1,verified,2026-08-11
imam-khomeini-international-discovery-unit-technology-8437d89feee1,imam-khomeini-international,نشست معرفی گرنت تحقیق و توسعه صندوق نوآوری و شکوفایی در دانشگاه برگزار شد - پرتال خبری دانشگاه بین المللی امام خمینی(ره),technology,,,,https://ict.ikiu.ac.ir/fa/web/news_portal/w/%D9%86%D8%B4%D8%B3%D8%AA-%D9%85%D8%B9%D8%B1%D9%81%DB%8C-%DA%AF%D8%B1%D9%86%D8%AA-%D8%AA%D8%AD%D9%82%DB%8C%D9%82-%D9%88-%D8%AA%D9%88%D8%B3%D8%B9%D9%87-%D8%B5%D9%86%D8%AF%D9%88%D9%82-%D9%86%D9%88%D8%A2%D9%88%D8%B1%DB%8C-%D9%88-%D8%B4%DA%A9%D9%88%D9%81%D8%A7?redirect=%2Ffa%2Fweb%2Fnews_portal%2F%25D9%2585%25D8%25B9%25D8%25A7%25D9%2588%25D9%2586%25D8%25AA-%25D9%25BE%25DA%2598%25D9%2588%25D9%2587%25D8%25B4%25DB%258C-%25D9%2588-%25D9%2581%25D9%2586%25D8%25A7%25D9%2588%25D8%25B1%25DB%258C1,verified,2026-08-11
imam-khomeini-international-discovery-unit-it-4a69968ddceb,imam-khomeini-international,در دسترس بودن وبگاه دانشگاه از خارج از کشور و اتوماسیون اداری در روزها و ساعات اداری از داخل کشور - پرتال خبری دانشگاه بین المللی امام خمینی(ره),it,,organizationally-attributed,,https://ikiu.ac.ir/fa/web/news_portal/w/%D8%AF%D8%B1-%D8%AF%D8%B3%D8%AA%D8%B1%D8%B3-%D8%A8%D9%88%D8%AF%D9%86-%D8%A7%D8%AA%D9%88%D9%85%D8%A7%D8%B3%DB%8C%D9%88%D9%86-%D8%A7%D8%AF%D8%A7%D8%B1%DB%8C-%D8%AF%D8%A7%D9%86%D8%B4%DA%AF%D8%A7%D9%87-%D8%AF%D8%B1-%D8%B1%D9%88%D8%B2%D9%87%D8%A7-%D9%88-%D8%B3?redirect=%2Ffa%2Fweb%2Fnews_portal%2F%25D9%2585%25D8%25B9%25D8%25A7%25D9%2588%25D9%2586%25D8%25AA-%25D9%25BE%25DA%2598%25D9%2588%25D9%2587%25D8%25B4%25DB%258C-%25D9%2588-%25D9%2581%25D9%2586%25D8%25A7%25D9%2588%25D8%25B1%25DB%258C1,verified,2026-08-11
zanjan-discovery-unit-library-b784f84566e1,zanjan,معاونت پژوهش و فناوری - دانشگاه زنجان | University of zanjan,library,,,,https://research.znu.ac.ir/services/refrences-lib,verified,2026-08-11
hakim-sabzevari-discovery-unit-library-ce8792a59d5b,hakim-sabzevari,پشتیبانان کتابخانه مرکزی، موزه و مرکز اسناد – پایگاه اطلاع رسانی کتابخانه مرکزی، موزه و مرکز اسناد,library,,,,http://www.hsu.ac.ir/lib/%d9%be%d8%b4%d8%aa%db%8c%d8%a8%d8%a7%d9%86%d8%a7%d9%86-%da%a9%d8%aa%d8%a7%d8%a8%d8%ae%d8%a7%d9%86%d9%87-%d9%85%d8%b1%da%a9%d8%b2%db%8c%d8%8c-%d9%85%d9%88%d8%b2%d9%87-%d9%88-%d9%85%d8%b1%da%a9%d8%b2/,verified,2026-08-11
hakim-sabzevari-discovery-unit-library-9344c4985573,hakim-sabzevari,پایگاه اطلاع رسانی کتابخانه مرکزی، موزه و مرکز اسناد – کتابخانه مرکزی، موزه و مرکز اسناد دانشگاه حکیم سبزواری,library,,,,http://www.hsu.ac.ir/lib/,verified,2026-08-11
hakim-sabzevari-discovery-unit-library-4e3fff0b9cc7,hakim-sabzevari,بازدید معاون استاندار و فرماندار ویژه سبزوار و جمعی از مدیران شهری از مجموعه موزه و مرکز اسناد دانشگاه حکیم سبزواری – پایگاه اطلاع رسانی کتابخانه مرکزی، موزه و مرکز اسناد,library,,,,http://www.hsu.ac.ir/lib/2025/12/08/%d8%a8%d8%a7%d8%b2%d8%af%db%8c%d8%af-%d9%85%d8%b9%d8%a7%d9%88%d9%86-%d8%a7%d8%b3%d8%aa%d8%a7%d9%86%d8%af%d8%a7%d8%b1-%d9%88-%d9%81%d8%b1%d9%85%d8%a7%d9%86%d8%af%d8%a7%d8%b1-%d9%88%db%8c%da%98%d9%87/,verified,2026-08-11
hakim-sabzevari-discovery-unit-library-21bb3f41519a,hakim-sabzevari,پشتیبانان موزه و مرکز اسناد – پایگاه اطلاع رسانی کتابخانه مرکزی، موزه و مرکز اسناد,library,,,,http://www.hsu.ac.ir/lib/%d9%be%d8%b4%d8%aa%db%8c%d8%a8%d8%a7%d9%86%d8%a7%d9%86-%d9%85%d9%88%d8%b2%d9%87-%d9%88-%d9%85%d8%b1%da%a9%d8%b2-%d8%a7%d8%b3%d9%86%d8%a7%d8%af/,verified,2026-08-11
hakim-sabzevari-discovery-unit-library-164fbe5b7791,hakim-sabzevari,موزه و مرکز اسناد – پایگاه اطلاع رسانی کتابخانه مرکزی، موزه و مرکز اسناد,library,,,,http://www.hsu.ac.ir/lib/%d9%85%d9%88%d8%b2%d9%87-%d9%88-%d9%85%d8%b1%da%a9%d8%b2-%d8%a7%d8%b3%d9%86%d8%a7%d8%af/,verified,2026-08-11
hakim-sabzevari-discovery-unit-library-476cb24bb529,hakim-sabzevari,نمونه پایان نامه – پایگاه اطلاع رسانی کتابخانه مرکزی، موزه و مرکز اسناد,library,,,,http://www.hsu.ac.ir/lib/%d9%86%d9%85%d9%88%d9%86%d9%87-%d9%be%d8%a7%db%8c%d8%a7%d9%86-%d9%86%d8%a7%d9%85%d9%87/,verified,2026-08-11
arak-discovery-unit-library-89987ed48b6e,arak,کتابخانه مرکزی و مرکز اسناد و اطلاع‌رسانی - کتابخانه مرکزی و مرکز اسناد,library,,,,https://araku.ac.ir/web/library/home/-/asset_publisher/fapm/content/%25DA%25A9%25D8%25AA%25D8%25A7%25D8%25A8%25D8%25AE%25D8%25A7%25D9%2586%25D9%2587-%25D9%2585%25D8%25B1%25DA%25A9%25D8%25B2%25DB%258C-%25D9%2588-%25D9%2585%25D8%25B1%25DA%25A9%25D8%25B2-%25D8%25A7%25D8%25B3%25D9%2586%25D8%25A7%25D8%25AF?_com_liferay_asset_publisher_web_portlet_AssetPublisherPortlet_INSTANCE_fapm_assetEntryId=5335175&_com_liferay_asset_publisher_web_portlet_AssetPublisherPortlet_INSTANCE_fapm_redirect=https%3A%2F%2Faraku.ac.ir%2Fweb%2Flibrary%2Fhome%3Fp_p_id%3Dcom_liferay_asset_publisher_web_portlet_AssetPublisherPortlet_INSTANCE_fapm%26p_p_lifecycle%3D0%26p_p_state%3Dnormal%26p_p_mode%3Dview%26_com_liferay_asset_publisher_web_portlet_AssetPublisherPortlet_INSTANCE_fapm_cur%3D0%26p_r_p_resetCur%3Dfalse%26_com_liferay_asset_publisher_web_portlet_AssetPublisherPortlet_INSTANCE_fapm_assetEntryId%3D5335175,verified,2026-08-11
arak-discovery-unit-library-879b2f616b30,arak,صفحه اصلی - کتابخانه مرکزی و مرکز اسناد,library,,,,https://araku.ac.ir/web/library,verified,2026-08-11
azarbaijan-shahid-madani-discovery-unit-industry-a6b38a88d2fe,azarbaijan-shahid-madani,خانه - سامانه ساجد دانشگاه شهید مدنی آذربایجان,industry,,,,https://sajed.azaruniv.ac.ir/,verified,2026-08-11
golestan-discovery-unit-library-8eb56534187d,golestan,بازدید رئیس کتابخانه مرکزی و مرکز اسناد دانشگاه گلستان از کتابخانه مرکزی دانشگاه علوم پزشکی گلستان,library,,,,https://gu.ac.ir/library/ContextPage?id=26489,verified,2026-08-11
golestan-discovery-unit-library-c7877720db44,golestan,کتابخانه مرکزی و مرکز اسناد دانشگاه گلستان,library,,,,https://gu.ac.ir/library/HomePage,verified,2026-08-11
ardakan-discovery-unit-industry-abb0cbaa6062,ardakan,بازدید از مجتمع معدنی چادرملو با همکاری دفتر ارتباط با صنعت و جامعه - گروه کارآفرینی و ارتباط با صنعت,industry,,,,https://entrepreneurship.ardakan.ac.ir/fa/w/%D8%A8%D8%A7%D8%B2%D8%AF%DB%8C%D8%AF-%D8%A7%D8%B2-%D9%85%D8%AC%D8%AA%D9%85%D8%B9-%D9%85%D8%B9%D8%AF%D9%86%DB%8C-%DA%86%D8%A7%D8%AF%D8%B1%D9%85%D9%84%D9%88-%D8%A8%D8%A7-%D9%87%D9%85%DA%A9%D8%A7%D8%B1%DB%8C-%D8%AF%D9%81%D8%AA%D8%B1-%D8%A7%D8%B1%D8%AA%D8%A8?redirect=%2Ffa%2F%25D8%25B5%25D9%2581%25D8%25AD%25D9%2587-%25D8%25A7%25D8%25B5%25D9%2584%25DB%258C,verified,2026-08-11
ardakan-discovery-unit-industry-82c13282463a,ardakan,بازدید جمعی از دانشجویان فنی مهندسی دانشگاه از شرکت دانش بنیان - گروه کارآفرینی و ارتباط با صنعت,industry,,,,https://entrepreneurship.ardakan.ac.ir/fa/w/-0-2?redirect=%2Ffa%2F%25D8%25B5%25D9%2581%25D8%25AD%25D9%2587-%25D8%25A7%25D8%25B5%25D9%2584%25DB%258C,verified,2026-08-11
ardakan-discovery-unit-industry-76f6201bea3d,ardakan,طرح ملی ترویج کارآفرینی - گروه کارآفرینی و ارتباط با صنعت,industry,,,,https://entrepreneurship.ardakan.ac.ir/fa/w/%D8%B7%D8%B1%D8%AD-%D9%85%D9%84%DB%8C-%D8%AA%D8%B1%D9%88%DB%8C%D8%AC-%DA%A9%D8%A7%D8%B1%D8%A2%D9%81%D8%B1%DB%8C%D9%86%DB%8C?redirect=%2Ffa%2F%25D8%25B5%25D9%2581%25D8%25AD%25D9%2587-%25D8%25A7%25D8%25B5%25D9%2584%25DB%258C,verified,2026-08-11
ardakan-discovery-unit-industry-0408aaed7184,ardakan,کتاب طرح تحول هماکاری های دانشگاه ها و موسسات پژوهشی و فناوری با جامعه و صنعت - گروه کارآفرینی و ارتباط با صنعت,industry,,,,https://entrepreneurship.ardakan.ac.ir/fa/w/-0-0?redirect=%2Ffa%2F%25D8%25B5%25D9%2581%25D8%25AD%25D9%2587-%25D8%25A7%25D8%25B5%25D9%2584%25DB%258C,verified,2026-08-11
ardakan-discovery-unit-technology-526312976d1b,ardakan,برگزاری رویداد ایده تا کارآفرینی - مرکز رشد,technology,,,,https://roshd.ardakan.ac.ir/fa/w/%D8%A8%D8%B1%DA%AF%D8%B2%D8%A7%D8%B1%DB%8C-%D8%B1%D9%88%DB%8C%D8%AF%D8%A7%D8%AF-%D8%A7%DB%8C%D8%AF%D9%87-%D8%AA%D8%A7-%DA%A9%D8%A7%D8%B1%D8%A2%D9%81%D8%B1%DB%8C%D9%86%DB%8C?redirect=%2F,verified,2026-08-11
ardakan-discovery-unit-industry-b5d63ee86222,ardakan,برگزاری اولین جلسه از سلسه نشست های نسیم کارآفرینی - گروه کارآفرینی و ارتباط با صنعت,industry,,,,https://entrepreneurship.ardakan.ac.ir/fa/w/-0-3?redirect=%2Ffa%2F%25D8%25B5%25D9%2581%25D8%25AD%25D9%2587-%25D8%25A7%25D8%25B5%25D9%2584%25DB%258C,verified,2026-08-11
ardakan-discovery-unit-industry-7c2d4200f05e,ardakan,برگزاری دومین جلسه از سلسه نشست های نسیم کارآفرینی - گروه کارآفرینی و ارتباط با صنعت,industry,,,,https://entrepreneurship.ardakan.ac.ir/fa/w/-3?redirect=%2Ffa%2F%25D8%25B5%25D9%2581%25D8%25AD%25D9%2587-%25D8%25A7%25D8%25B5%25D9%2584%25DB%258C,verified,2026-08-11
ardakan-discovery-unit-industry-ffd4117faad6,ardakan,قدردانی معاون پژوهش و فناوری وزارت علوم از دانشگاه‌ها و مراکز علمی در فعالیت‌های ارتباط با جامعه و صنعت - گروه کارآفرینی و ارتباط با صنعت,industry,,,,https://entrepreneurship.ardakan.ac.ir/fa/w/-0-1?redirect=%2Ffa%2F%25D8%25B5%25D9%2581%25D8%25AD%25D9%2587-%25D8%25A7%25D8%25B5%25D9%2584%25DB%258C,verified,2026-08-11
ardakan-discovery-unit-technology-b94d422efbfd,ardakan,خانه - مرکز رشد,technology,,,,https://roshd.ardakan.ac.ir/,verified,2026-08-11
ardakan-discovery-unit-technology-0c91faed0ea3,ardakan,خانه - مرکز رشد,technology,,,,https://roshd.ardakan.ac.ir/fa/%D8%B5%D9%81%D8%AD%D9%87-%D8%A7%D8%B5%D9%84%DB%8C,verified,2026-08-11
ayatollah-borujerdi-discovery-unit-it-8690e5e915c9,ayatollah-borujerdi,فناوری اطلاعات - دانشگاه آیت الله بروجردی,it,,organizationally-attributed,,https://abru.ac.ir/%d9%81%d9%86%d8%a7%d9%88%d8%b1%db%8c-%d8%a7%d8%b7%d9%84%d8%a7%d8%b9%d8%a7%d8%aa/,verified,2026-08-11
ayatollah-borujerdi-discovery-unit-library-46363d7b07b6,ayatollah-borujerdi,Journal of nanoporous system - Publication Ethics,library,,,,https://jns.abru.ac.ir/journal/process?ethics,verified,2026-08-11
ayatollah-borujerdi-discovery-unit-research-86b1a3d57aa1,ayatollah-borujerdi,چارت سازمانی دانشجویی - دانشگاه آیت الله بروجردی,research,,,,https://abru.ac.ir/%da%86%d8%a7%d8%b1%d8%aa-%d8%af%d8%a7%d9%86%d8%b4%d8%ac%d9%88%db%8c%db%8c/,verified,2026-08-11
bojnord-discovery-unit-technology-92a5fa38e69a,bojnord,نخستین نشست تخصصی با کمیته‌ اجرایی «شب علم» - مرکز نوآوری دانشگاه بجنورد,technology,,,,https://vr.ub.ac.ir/fa/web/innovation/w/%D9%86%D8%AE%D8%B3%D8%AA%DB%8C%D9%86-%D9%86%D8%B4%D8%B3%D8%AA-%D8%AA%D8%AE%D8%B5%D8%B5%DB%8C-%D8%A8%D8%A7-%DA%A9%D9%85%DB%8C%D8%AA%D9%87%E2%80%8C-%D8%A7%D8%AC%D8%B1%D8%A7%DB%8C%DB%8C-%C2%AB%D8%B4%D8%A8-%D8%B9%D9%84%D9%85%C2%BB?redirect=%2F,verified,2026-08-11
bojnord-discovery-unit-technology-3d9d4bf5e969,bojnord,آئین‌نامه و فرم‌ها - مرکز نوآوری دانشگاه بجنورد,technology,,,,https://vr.ub.ac.ir/fa/web/innovation/%D9%81%D8%B1%D8%A7%DB%8C%D9%86%D8%AF-%D9%BE%D8%B0%DB%8C%D8%B1%D8%B4-%D8%B7%D8%B1%D8%AD-%D9%87%D8%A7%DB%8C-%D9%86%D9%88%D8%A7%D9%88%D8%B1%DB%8C,verified,2026-08-11
chabahar-maritime-discovery-unit-technology-b248f5a4cee6,chabahar-maritime,مرکز رشد واحدهای فناور,technology,,,,https://www.cmu.ac.ir/fa/%D9%85%D8%B9%D8%A7%D9%88%D9%86%D8%AA-%D9%87%D8%A7/%D8%AD%D9%88%D8%B2%D9%87-%D9%85%D8%B9%D8%A7%D9%88%D9%86%D8%AA-%D9%BE%DA%98%D9%88%D9%87%D8%B4%DB%8C-%D9%88-%D9%81%D9%86%D8%A7%D9%88%D8%B1%DB%8C/%D9%85%D8%B1%DA%A9%D8%B2-%D8%B1%D8%B4%D8%AF-%D9%88%D8%A7%D8%AD%D8%AF%D9%87%D8%A7%DB%8C-%D9%81%D9%86%D8%A7%D9%88%D8%B1,verified,2026-08-11
amol-special-tech-discovery-unit-library-ee4c8d55f793,amol-special-tech,تکمیل منابع کتابخانه مرکزی دانشگاه,library,,,,https://ausmt.ac.ir/article/%D8%AA%DA%A9%D9%85%DB%8C%D9%84-%D9%85%D9%86%D8%A7%D8%A8%D8%B9-%DA%A9%D8%AA%D8%A7%D8%A8%D8%AE%D8%A7%D9%86%D9%87-%D9%85%D8%B1%DA%A9%D8%B2%DB%8C-%D8%AF%D8%A7%D9%86%D8%B4%DA%AF%D8%A7%D9%87,verified,2026-08-11
amol-special-tech-discovery-unit-library-ff90c7b77df8,amol-special-tech,اطلاعیه: تکمیل منابع کتابخانه مرکزی دانشگاه,library,,,,https://ausmt.ac.ir/article/%D8%A7%D8%B7%D9%84%D8%A7%D8%B9%DB%8C%D9%87:-%D8%AA%DA%A9%D9%85%DB%8C%D9%84-%D9%85%D9%86%D8%A7%D8%A8%D8%B9-%DA%A9%D8%AA%D8%A7%D8%A8%D8%AE%D8%A7%D9%86%D9%87-%D9%85%D8%B1%DA%A9%D8%B2%DB%8C-%D8%AF%D8%A7%D9%86%D8%B4%DA%AF%D8%A7%D9%87,verified,2026-08-11
amol-special-tech-discovery-unit-technology-6f98e70ccbb8,amol-special-tech,انعقاد تفاهم نامه همکاری مشترک فیمابین دانشگاه تخصصی فناوری های نوین آمل و انجمن حامیان علوم فناوری و نوآوری مازندران,technology,,,,https://ausmt.ac.ir/article/%D8%A7%D9%86%D8%B9%D9%82%D8%A7%D8%AF-%D8%AA%D9%81%D8%A7%D9%87%D9%85-%D9%86%D8%A7%D9%85%D9%87-%D9%87%D9%85%DA%A9%D8%A7%D8%B1%DB%8C-%D9%85%D8%B4%D8%AA%D8%B1%DA%A9-%D9%81%DB%8C%D9%85%D8%A7%D8%A8%DB%8C%D9%86-%D8%AF%D8%A7%D9%86%D8%B4%DA%AF%D8%A7%D9%87-%D8%AA%D8%AE%D8%B5%D8%B5%DB%8C-%D9%81%D9%86%D8%A7%D9%88%D8%B1%DB%8C-%D9%87%D8%A7%DB%8C-%D9%86%D9%88%DB%8C%D9%86-%D8%A2%D9%85%D9%84-%D9%88-%D8%A7%D9%86%D8%AC%D9%85%D9%86-%D8%AD%D8%A7%D9%85%DB%8C%D8%A7%D9%86-%D8%B9%D9%84%D9%88%D9%85-%D9%81%D9%86%D8%A7%D9%88%D8%B1%DB%8C-%D9%88-%D9%86%D9%88%D8%A2%D9%88%D8%B1%DB%8C-%D9%85%D8%A7%D8%B2%D9%86%D8%AF%D8%B1%D8%A7%D9%86-,verified,2026-08-11
amol-special-tech-discovery-unit-laboratory-39e94eb7e53b,amol-special-tech,طرح های تخفیف ویژه پاییز شبکه آزمایشگاهی فناوری های راهبردی,laboratory,,,,https://ausmt.ac.ir/article/%D8%B7%D8%B1%D8%AD-%D9%87%D8%A7%DB%8C-%D8%AA%D8%AE%D9%81%DB%8C%D9%81-%D9%88%DB%8C%DA%98%D9%87-%D9%BE%D8%A7%DB%8C%DB%8C%D8%B2-%D8%B4%D8%A8%DA%A9%D9%87-%D8%A2%D8%B2%D9%85%D8%A7%DB%8C%D8%B4%DA%AF%D8%A7%D9%87%DB%8C-%D9%81%D9%86%D8%A7%D9%88%D8%B1%DB%8C-%D9%87%D8%A7%DB%8C-%D8%B1%D8%A7%D9%87%D8%A8%D8%B1%D8%AF%DB%8C,verified,2026-08-11
amol-special-tech-discovery-unit-laboratory-edb9d031552c,amol-special-tech,اعتبارات ویژه شبکه آزمایشگاهی برای زمستان 1400 اعلام شد,laboratory,,,,https://ausmt.ac.ir/article/%D8%A7%D8%B9%D8%AA%D8%A8%D8%A7%D8%B1%D8%A7%D8%AA-%D9%88%DB%8C%DA%98%D9%87-%D8%B4%D8%A8%DA%A9%D9%87-%D8%A2%D8%B2%D9%85%D8%A7%DB%8C%D8%B4%DA%AF%D8%A7%D9%87%DB%8C-%D8%A8%D8%B1%D8%A7%DB%8C-%D8%B2%D9%85%D8%B3%D8%AA%D8%A7%D9%86-1400-%D8%A7%D8%B9%D9%84%D8%A7%D9%85-%D8%B4%D8%AF,verified,2026-08-11
amol-special-tech-discovery-unit-technology-876934cb7a6e,amol-special-tech,اولین همایش ملی گیاهان دارویی، کارآفرینی و تجاری سازی، آبان 1400 در دانشگاه جیرفت,technology,,,,https://ausmt.ac.ir/article/%D8%A7%D9%88%D9%84%DB%8C%D9%86-%D9%87%D9%85%D8%A7%DB%8C%D8%B4-%D9%85%D9%84%DB%8C-%DA%AF%DB%8C%D8%A7%D9%87%D8%A7%D9%86-%D8%AF%D8%A7%D8%B1%D9%88%DB%8C%DB%8C%D8%8C-%DA%A9%D8%A7%D8%B1%D8%A2%D9%81%D8%B1%DB%8C%D9%86%DB%8C-%D9%88-%D8%AA%D8%AC%D8%A7%D8%B1%DB%8C-%D8%B3%D8%A7%D8%B2%DB%8C%D8%8C-%D8%A2%D8%A8%D8%A7%D9%86-1400-%D8%AF%D8%B1-%D8%AF%D8%A7%D9%86%D8%B4%DA%AF%D8%A7%D9%87-%D8%AC%DB%8C%D8%B1%D9%81%D8%AA,verified,2026-08-11
amol-special-tech-discovery-unit-technology-3e5a8e757226,amol-special-tech,از صفر دانشجویی تا صد کارآفرینی,technology,,,,https://ausmt.ac.ir/article/%D8%A7%D8%B2-%D8%B5%D9%81%D8%B1-%D8%AF%D8%A7%D9%86%D8%B4%D8%AC%D9%88%DB%8C%DB%8C-%D8%AA%D8%A7-%D8%B5%D8%AF-%DA%A9%D8%A7%D8%B1%D8%A2%D9%81%D8%B1%DB%8C%D9%86%DB%8C,verified,2026-08-11
amol-special-tech-discovery-unit-technology-5c2af0da6917,amol-special-tech,مروری اجمالی وضعیت ایران در شاخص جهانی نوآوری 2021,technology,,,,https://ausmt.ac.ir/article/%D9%85%D8%B1%D9%88%D8%B1%DB%8C-%D8%A7%D8%AC%D9%85%D8%A7%D9%84%DB%8C-%D9%88%D8%B6%D8%B9%DB%8C%D8%AA-%D8%A7%DB%8C%D8%B1%D8%A7%D9%86-%D8%AF%D8%B1-%D8%B4%D8%A7%D8%AE%D8%B5-%D8%AC%D9%87%D8%A7%D9%86%DB%8C-%D9%86%D9%88%D8%A2%D9%88%D8%B1%DB%8C-2021,verified,2026-08-11
amol-special-tech-discovery-unit-library-015ce7ef2297,amol-special-tech,لینک خرید کتاب های انتشارات دانشگاه تخصصی فناوری های نوین آمل,library,,,,https://ausmt.ac.ir/article/%D9%84%DB%8C%D9%86%DA%A9-%D8%AE%D8%B1%DB%8C%D8%AF-%DA%A9%D8%AA%D8%A7%D8%A8-%D9%87%D8%A7%DB%8C-%D8%A7%D9%86%D8%AA%D8%B4%D8%A7%D8%B1%D8%A7%D8%AA-%D8%AF%D8%A7%D9%86%D8%B4%DA%AF%D8%A7%D9%87-%D8%AA%D8%AE%D8%B5%D8%B5%DB%8C-%D9%81%D9%86%D8%A7%D9%88%D8%B1%DB%8C-%D9%87%D8%A7%DB%8C-%D9%86%D9%88%DB%8C%D9%86-%D8%A2%D9%85%D9%84,verified,2026-08-11
amol-special-tech-discovery-unit-technology-893e5e71969c,amol-special-tech,تقدیر از اختراع علمی دانشگاه در بخش کارآفرینی فنی ومهندسی در چهاردهمین جشنواره بین المللی حرکت,technology,,,,https://ausmt.ac.ir/article/%D8%AA%D9%82%D8%AF%DB%8C%D8%B1-%D8%A7%D8%B2-%D8%A7%D8%AE%D8%AA%D8%B1%D8%A7%D8%B9-%D8%B9%D9%84%D9%85%DB%8C-%D8%AF%D8%A7%D9%86%D8%B4%DA%AF%D8%A7%D9%87-%D8%AF%D8%B1-%D8%A8%D8%AE%D8%B4-%DA%A9%D8%A7%D8%B1%D8%A2%D9%81%D8%B1%DB%8C%D9%86%DB%8C-%D9%81%D9%86%DB%8C-%D9%88%D9%85%D9%87%D9%86%D8%AF%D8%B3%DB%8C-%D8%AF%D8%B1-%DA%86%D9%87%D8%A7%D8%B1%D8%AF%D9%87%D9%85%DB%8C%D9%86-%D8%AC%D8%B4%D9%86%D9%88%D8%A7%D8%B1%D9%87-%D8%A8%DB%8C%D9%86-%D8%A7%D9%84%D9%85%D9%84%D9%84%DB%8C-%D8%AD%D8%B1%DA%A9%D8%AA,verified,2026-08-11
amol-special-tech-discovery-unit-laboratory-d9ce9670c64e,amol-special-tech,خدمات دهی آزمایشگاه تحقیقاتی جامع دامپزشکی دانشگاه تخصصی فناوری های نوین آمل,laboratory,,,,https://ausmt.ac.ir/article/%D8%AE%D8%AF%D9%85%D8%A7%D8%AA%20%D8%AF%D9%87%DB%8C-%D8%A2%D8%B2%D9%85%D8%A7%DB%8C%D8%B4%DA%AF%D8%A7%D9%87-%D8%AA%D8%AD%D9%82%DB%8C%D9%82%D8%A7%D8%AA%DB%8C-%D8%AC%D8%A7%D9%85%D8%B9-%D8%AF%D8%A7%D9%85%D9%BE%D8%B2%D8%B4%DA%A9%DB%8C-%D8%AF%D8%A7%D9%86%D8%B4%DA%AF%D8%A7%D9%87-%D8%AA%D8%AE%D8%B5%D8%B5%DB%8C-%D9%81%D9%86%D8%A7%D9%88%D8%B1%DB%8C-%D9%87%D8%A7%DB%8C-%D9%86%D9%88%DB%8C%D9%86-%D8%A2%D9%85%D9%84,verified,2026-08-11
amol-special-tech-discovery-unit-laboratory-e7f76937d7bb,amol-special-tech,به مناسبت روز آزمایشگاه برگزار گردید,laboratory,,,,https://ausmt.ac.ir/article/%D8%A8%D9%87-%D9%85%D9%86%D8%A7%D8%B3%D8%A8%D8%AA-%D8%B1%D9%88%D8%B2-%D8%A2%D8%B2%D9%85%D8%A7%DB%8C%D8%B4%DA%AF%D8%A7%D9%87-%D8%A8%D8%B1%DA%AF%D8%B2%D8%A7%D8%B1-%DA%AF%D8%B1%D8%AF%DB%8C%D8%AF,verified,2026-08-11
amol-special-tech-discovery-unit-laboratory-850f86550f53,amol-special-tech,مراسم تجلیل از مدیران و کارشناسان واحد آزمایشگاه به مناسبت روز آزمایشگاه برگزار گردید,laboratory,,,,https://ausmt.ac.ir/article/%D9%85%D8%B1%D8%A7%D8%B3%D9%85-%D8%AA%D8%AC%D9%84%DB%8C%D9%84-%D8%A7%D8%B2-%D9%85%D8%AF%DB%8C%D8%B1%D8%A7%D9%86-%D9%88-%DA%A9%D8%A7%D8%B1%D8%B4%D9%86%D8%A7%D8%B3%D8%A7%D9%86-%D9%88%D8%A7%D8%AD%D8%AF-%D8%A2%D8%B2%D9%85%D8%A7%DB%8C%D8%B4%DA%AF%D8%A7%D9%87-%D8%A8%D9%87-%D9%85%D9%86%D8%A7%D8%B3%D8%A8%D8%AA-%D8%B1%D9%88%D8%B2-%D8%A2%D8%B2%D9%85%D8%A7%DB%8C%D8%B4%DA%AF%D8%A7%D9%87-%D8%A8%D8%B1%DA%AF%D8%B2%D8%A7%D8%B1-%DA%AF%D8%B1%D8%AF%DB%8C%D8%AF,verified,2026-08-11
amol-special-tech-discovery-unit-laboratory-a07b018a064b,amol-special-tech,بازدید اعضای هیئت علمی دانشکده گیاهان دارویی بهمراه دانشجویان از آزمایشگاههای مختلف موسسه تحقیقات برنج کشور,laboratory,,,,https://ausmt.ac.ir/article/%D8%A8%D8%A7%D8%B2%D8%AF%DB%8C%D8%AF-%D8%A7%D8%B9%D8%B6%D8%A7%DB%8C-%D9%87%DB%8C%D8%A6%D8%AA-%D8%B9%D9%84%D9%85%DB%8C-%D8%AF%D8%A7%D9%86%D8%B4%DA%A9%D8%AF%D9%87-%DA%AF%DB%8C%D8%A7%D9%87%D8%A7%D9%86-%D8%AF%D8%A7%D8%B1%D9%88%DB%8C%DB%8C-%D8%A8%D9%87%D9%85%D8%B1%D8%A7%D9%87-%D8%AF%D8%A7%D9%86%D8%B4%D8%AC%D9%88%DB%8C%D8%A7%D9%86-%D8%A7%D8%B2-%D8%A2%D8%B2%D9%85%D8%A7%DB%8C%D8%B4%DA%AF%D8%A7%D9%87%D9%87%D8%A7%DB%8C-%D9%85%D8%AE%D8%AA%D9%84%D9%81-%D9%85%D9%88%D8%B3%D8%B3%D9%87-%D8%AA%D8%AD%D9%82%DB%8C%D9%82%D8%A7%D8%AA-%D8%A8%D8%B1%D9%86%D8%AC-%DA%A9%D8%B4%D9%88%D8%B1-,verified,2026-08-11
gonbad-kavous-discovery-unit-technology-a8628801ce97,gonbad-kavous,سامانه کارآفرینی دانشگاه گنبد کاووس,technology,,,,https://karafarini.gonbad.ac.ir/,verified,2026-08-11
gonbad-kavous-discovery-unit-technology-3fa07e0f2442,gonbad-kavous,نخستین کنفرانس ملی رشد تولید و مهار تورم در چارچوب اقتصاد کارآفرینی,technology,,,,https://conf.gonbad.ac.ir/economics2024,verified,2026-08-11
jiroft-discovery-unit-technology-bd9259553363,jiroft,آیین‌نامه توسعه کارآفرینی در دانشگاه‌ها - معاونت پژوهش و فناوری,technology,,,,https://ujiroft.ac.ir/research/fa/regulation/93/%D8%A2%DB%8C%DB%8C%D9%86-%D9%86%D8%A7%D9%85%D9%87-%D8%AA%D9%88%D8%B3%D8%B9%D9%87-%DA%A9%D8%A7%D8%B1%D8%A2%D9%81%D8%B1%DB%8C%D9%86%DB%8C-%D8%AF%D8%B1-%D8%AF%D8%A7%D9%86%D8%B4%DA%AF%D8%A7%D9%87-%D9%87%D8%A7,verified,2026-08-11
jiroft-discovery-unit-technology-238d116c2fd1,jiroft,آیین‌نامه‌ها و مصوبات- کارآفرینی,technology,,,,https://ujiroft.ac.ir/research/fa/regulation/category/12/%DA%A9%D8%A7%D8%B1%D8%A2%D9%81%D8%B1%DB%8C%D9%86%DB%8C,verified,2026-08-11
jiroft-discovery-unit-technology-febb15f7a2b9,jiroft,آیین‌نامه‌ها و مصوبات- کارآفرینی,technology,,,,https://ujiroft.ac.ir/research/fa/regulation/category/12/%DA%A9%D8%A7%D8%B1%D8%A2%D9%81%D8%B1%DB%8C%D9%86%DB%8C?sort=circularNo,verified,2026-08-11
jiroft-discovery-unit-technology-ee8d68084240,jiroft,آیین‌نامه‌ها و مصوبات- کارآفرینی,technology,,,,https://ujiroft.ac.ir/research/fa/regulation/category/12/%DA%A9%D8%A7%D8%B1%D8%A2%D9%81%D8%B1%DB%8C%D9%86%DB%8C?sort=-circularNo,verified,2026-08-11
salman-farsi-kazerun-discovery-unit-research-cc1f74f041f0,salman-farsi-kazerun,چارت سازمانی - دانشگاه سلمان فارسی کازرون,research,,,,https://kazerunsfu.ac.ir/fa/page/101/%DA%86%D8%A7%D8%B1%D8%AA-%D8%B3%D8%A7%D8%B2%D9%85%D8%A7%D9%86%DB%8C,verified,2026-08-11
salman-farsi-kazerun-discovery-unit-technology-eefbf1f0ecaa,salman-farsi-kazerun,مرکز رشد واحدهای فناور شهرستان کازرون - دانشگاه سلمان فارسی کازرون,technology,,,,https://kazerunsfu.ac.ir/fa/page/180/%D9%85%D8%B1%DA%A9%D8%B2-%D8%B1%D8%B4%D8%AF-%D9%88%D8%A7%D8%AD%D8%AF%D9%87%D8%A7%DB%8C-%D9%81%D9%86%D8%A7%D9%88%D8%B1-%D8%B4%D9%87%D8%B1%D8%B3%D8%AA%D8%A7%D9%86-%DA%A9%D8%A7%D8%B2%D8%B1%D9%88%D9%86,verified,2026-08-11
salman-farsi-kazerun-discovery-unit-it-8ac82957901c,salman-farsi-kazerun,رئیس گروه توسعه و فناوری اطلاعات و امنیت فضای مجازی - دانشگاه سلمان فارسی کازرون,it,,organizationally-attributed,,https://kazerunsfu.ac.ir/fa/page/26/%D8%B1%D8%A6%DB%8C%D8%B3-%DA%AF%D8%B1%D9%88%D9%87-%D8%AA%D9%88%D8%B3%D8%B9%D9%87-%D9%88-%D9%81%D9%86%D8%A7%D9%88%D8%B1%DB%8C-%D8%A7%D8%B7%D9%84%D8%A7%D8%B9%D8%A7%D8%AA-%D9%88-%D8%A7%D9%85%D9%86%DB%8C%D8%AA-%D9%81%D8%B6%D8%A7%DB%8C-%D9%85%D8%AC%D8%A7%D8%B2%DB%8C,verified,2026-08-11
salman-farsi-kazerun-discovery-unit-it-e0f90eac57a0,salman-farsi-kazerun,کارشناس گروه توسعه و فناوری اطلاعات و امنیت فضای مجازی - دانشگاه سلمان فارسی کازرون,it,,organizationally-attributed,,https://kazerunsfu.ac.ir/fa/page/27/%DA%A9%D8%A7%D8%B1%D8%B4%D9%86%D8%A7%D8%B3-%DA%AF%D8%B1%D9%88%D9%87-%D8%AA%D9%88%D8%B3%D8%B9%D9%87-%D9%88-%D9%81%D9%86%D8%A7%D9%88%D8%B1%DB%8C-%D8%A7%D8%B7%D9%84%D8%A7%D8%B9%D8%A7%D8%AA-%D9%88-%D8%A7%D9%85%D9%86%DB%8C%D8%AA-%D9%81%D8%B6%D8%A7%DB%8C-%D9%85%D8%AC%D8%A7%D8%B2%DB%8C,verified,2026-08-11
sharif-discovery-unit-industry-501fea061070,sharif,مدیریت ارتباط با صنعت - معاونت پژوهش و فناوری,industry,,,,https://www.sharif.ir/web/research/management-of-relations-with-the-industry,verified,2026-08-11
shiraz-technology-discovery-unit-laboratory-53e0b8c35f5d,shiraz-technology,ارتقای جایگاه آزمایشگاه مرکزی به عنوان سومین آزمایشگاه توانمند در استان فارس - SUTech Site,laboratory,,,,https://sutech.ac.ir/%d8%a7%d8%b1%d8%aa%d9%82%d8%a7%db%8c-%d8%ac%d8%a7%db%8c%da%af%d8%a7%d9%87-%d8%a2%d8%b2%d9%85%d8%a7%db%8c%d8%b4%da%af%d8%a7%d9%87-%d9%85%d8%b1%da%a9%d8%b2%db%8c-%d8%a8%d9%87-%d8%b9%d9%86%d9%88%d8%a7-2,verified,2026-08-11
qochan-technology-discovery-unit-technology-7c536f054dc6,qochan-technology,آیین‌نامه‌ها و فرم‌ها- فرم های کارگروه مرکز نوآوری,technology,,,,https://research.qiet.ac.ir/fa/regulation/category/14/%D9%81%D8%B1%D9%85-%D9%87%D8%A7%DB%8C-%DA%A9%D8%A7%D8%B1%DA%AF%D8%B1%D9%88%D9%87-%D9%85%D8%B1%DA%A9%D8%B2-%D9%86%D9%88%D8%A2%D9%88%D8%B1%DB%8C?sort=-circularNo,verified,2026-08-11
khatam-behbahan-discovery-unit-research-1ed982867d18,khatam-behbahan,سامانه مدیریت امور پژوهشی دانشگاه صنعتی خاتم الانبیاء بهبهان | گروه ریاضی,research,,,,https://research.bkatu.ac.ir/_Pages/Departments/Info.aspx?Id=21,verified,2026-08-11
khatam-behbahan-discovery-unit-research-7a7450217da0,khatam-behbahan,سامانه مدیریت امور پژوهشی دانشگاه صنعتی خاتم الانبیاء بهبهان | گروه کامپیوتر,research,,,,https://research.bkatu.ac.ir/_Pages/Departments/Info.aspx?Id=23,verified,2026-08-11
khatam-behbahan-discovery-unit-research-ff2f99f13067,khatam-behbahan,سامانه مدیریت امور پژوهشی دانشگاه صنعتی خاتم الانبیاء بهبهان | گروه برق و الکترونیک,research,,,,https://research.bkatu.ac.ir/_Pages/Departments/Info.aspx?Id=24,verified,2026-08-11
khatam-behbahan-discovery-unit-research-ffcf401f31fe,khatam-behbahan,سامانه مدیریت امور پژوهشی دانشگاه صنعتی خاتم الانبیاء بهبهان | گروه دروس عمومی و معارف اسلامی,research,,,,https://research.bkatu.ac.ir/_Pages/Departments/Info.aspx?Id=33,verified,2026-08-11
khatam-behbahan-discovery-unit-research-ce169f6b0bbe,khatam-behbahan,سامانه مدیریت امور پژوهشی دانشگاه صنعتی خاتم الانبیاء بهبهان | گروه فیزیک,research,,,,https://research.bkatu.ac.ir/_Pages/Departments/Info.aspx?Id=34,verified,2026-08-11
khatam-behbahan-discovery-unit-research-1747dba14036,khatam-behbahan,سامانه مدیریت امور پژوهشی دانشگاه صنعتی خاتم الانبیاء بهبهان | گروه زیست شناسی,research,,,,https://research.bkatu.ac.ir/_Pages/Departments/Info.aspx?Id=19,verified,2026-08-11
khatam-behbahan-discovery-unit-research-522bbdaa5f0f,khatam-behbahan,سامانه مدیریت امور پژوهشی دانشگاه صنعتی خاتم الانبیاء بهبهان | گروه شیمی,research,,,,https://research.bkatu.ac.ir/_Pages/Departments/Info.aspx?Id=20,verified,2026-08-11
khatam-behbahan-discovery-unit-research-aa823aa17dad,khatam-behbahan,سامانه مدیریت امور پژوهشی دانشگاه صنعتی خاتم الانبیاء بهبهان | گروه مکانیک,research,,,,https://research.bkatu.ac.ir/_Pages/Departments/Info.aspx?Id=31,verified,2026-08-11
khatam-behbahan-discovery-unit-research-b898370d16c6,khatam-behbahan,سامانه مدیریت امور پژوهشی دانشگاه صنعتی خاتم الانبیاء بهبهان | گروه مهندسی عمومی,research,,,,https://research.bkatu.ac.ir/_Pages/Departments/Info.aspx?Id=35,verified,2026-08-11
khatam-behbahan-discovery-unit-research-6da62422b4c3,khatam-behbahan,سامانه مدیریت امور پژوهشی دانشگاه صنعتی خاتم الانبیاء بهبهان | گروه مهندسی شیمی,research,,,,https://research.bkatu.ac.ir/_Pages/Departments/Info.aspx?Id=37,verified,2026-08-11
khatam-behbahan-discovery-unit-research-1525c0adfec1,khatam-behbahan,سامانه مدیریت امور پژوهشی دانشگاه صنعتی خاتم الانبیاء بهبهان | گروه عمران,research,,,,https://research.bkatu.ac.ir/_Pages/Departments/Info.aspx?Id=25,verified,2026-08-11
khatam-behbahan-discovery-unit-research-2e59dacb6f78,khatam-behbahan,سامانه مدیریت امور پژوهشی دانشگاه صنعتی خاتم الانبیاء بهبهان | گروه محیط زیست,research,,,,https://research.bkatu.ac.ir/_Pages/Departments/Info.aspx?Id=32,verified,2026-08-11
khatam-behbahan-discovery-unit-research-8779d9030f9a,khatam-behbahan,سامانه مدیریت امور پژوهشی دانشگاه صنعتی خاتم الانبیاء بهبهان | گروه مرتع و آبخیزداری,research,,,,https://research.bkatu.ac.ir/_Pages/Departments/Info.aspx?Id=27,verified,2026-08-11
khatam-behbahan-discovery-unit-research-4be32ed70d49,khatam-behbahan,سامانه مدیریت امور پژوهشی دانشگاه صنعتی خاتم الانبیاء بهبهان | گروه جنگلداری,research,,,,https://research.bkatu.ac.ir/_Pages/Departments/Info.aspx?Id=28,verified,2026-08-11
khatam-behbahan-discovery-unit-research-bf32e1b1de89,khatam-behbahan,سامانه مدیریت امور پژوهشی دانشگاه صنعتی خاتم الانبیاء بهبهان | گروه شیلات,research,,,,https://research.bkatu.ac.ir/_Pages/Departments/Info.aspx?Id=29,verified,2026-08-11
khatam-behbahan-discovery-unit-research-f2ecb9bdddd1,khatam-behbahan,سامانه مدیریت امور پژوهشی دانشگاه صنعتی خاتم الانبیاء بهبهان | گروه صنایع چوب و کاغذ,research,,,,https://research.bkatu.ac.ir/_Pages/Departments/Info.aspx?Id=30,verified,2026-08-11
sirjan-technology-discovery-unit-industry-13231f431f68,sirjan-technology,درباره و معرفی مرکز رشد و نوآوری - دانشگاه صنعتی سیرجان,industry,,,,https://sirjantech.ac.ir/%d8%af%d8%b1%d8%a8%d8%a7%d8%b1%d9%87-%d9%88-%d9%85%d8%b9%d8%b1%d9%81%db%8c-%d9%85%d8%b1%da%a9%d8%b2-%d8%b1%d8%b4%d8%af-%d9%88-%d9%86%d9%88%d8%a2%d9%88%d8%b1%db%8c/,verified,2026-08-11
sirjan-technology-discovery-unit-research-a3f484299b72,sirjan-technology,چارت سازمانی - دانشگاه صنعتی سیرجان,research,,,,https://sirjantech.ac.ir/%da%86%d8%a7%d8%b1%d8%aa-%d8%b3%d8%a7%d8%b2%d9%85%d8%a7%d9%86%db%8c/,verified,2026-08-11
sirjan-technology-discovery-unit-library-84a58e66b27f,sirjan-technology,دانشگاه صنعتي سيرجان ، کتابخانه 2.0 ثنا,library,,,,https://lib.sirjantech.ac.ir/Dl/Search/default.aspx?Login=1,verified,2026-08-11
esfarayen-higher-ed-discovery-unit-laboratory-126bc34319f0,esfarayen-higher-ed,طرح توجیهی تأمین تجهیزات آزمایشگاهی در آزمایشگاه مرکزی - امور پژوهش و فناوری,laboratory,,,,https://research.esfarayen.ac.ir/fa/regulation/11/%D8%B7%D8%B1%D8%AD-%D8%AA%D9%88%D8%AC%DB%8C%D9%87%DB%8C-%D8%AA%D8%A3%D9%85%DB%8C%D9%86-%D8%AA%D8%AC%D9%87%DB%8C%D8%B2%D8%A7%D8%AA-%D8%A2%D8%B2%D9%85%D8%A7%DB%8C%D8%B4%DA%AF%D8%A7%D9%87%DB%8C-%D8%AF%D8%B1-%D8%A2%D8%B2%D9%85%D8%A7%DB%8C%D8%B4%DA%AF%D8%A7%D9%87-%D9%85%D8%B1%DA%A9%D8%B2%DB%8C,verified,2026-08-11
gorgan-agri-discovery-unit-library-40f295f77b4b,gorgan-agri,کتابخانه مرکزی و مرکز اسناد- دانشگاه علوم کشاورزی و منابع طبیعی گرگان,library,,,,https://library.gau.ac.ir/page?pageid=129,verified,2026-08-11
sari-agri-discovery-unit-library-98dc82aa4fbe,sari-agri,بازدید هيات رئيسه دانشگاه از فضاي جديد و بازسازي شده بخش آرشيو و نشريات كتابخانه مركزي و مركز اسناد علمي دانشگاه – کتابخانه و مرکز اسناد دانشگاه علوم کشاورزی و منابع طبیعی ساری,library,,,,https://lib.sanru.ac.ir/%d8%a8%d8%a7%d8%b2%d8%af%db%8c%d8%af-%d9%87%d9%8a%d8%a7%d8%aa-%d8%b1%d8%a6%d9%8a%d8%b3%d9%87-%d8%af%d8%a7%d9%86%d8%b4%da%af%d8%a7%d9%87-%d8%a7%d8%b2-%d9%81%d8%b6%d8%a7%d9%8a-%d8%ac%d8%af%d9%8a%d8%af/,verified,2026-08-11
sari-agri-discovery-unit-library-b482062de3a7,sari-agri,مراسم تجلیل از همکار بازنشسته کتابخانه مرکزی و مرکز اسناد علمی دانشگاه برگزار شد – کتابخانه و مرکز اسناد دانشگاه علوم کشاورزی و منابع طبیعی ساری,library,,,,https://lib.sanru.ac.ir/%d9%85%d8%b1%d8%a7%d8%b3%d9%85-%d8%aa%d8%ac%d9%84%db%8c%d9%84-%d8%a7%d8%b2-%d9%87%d9%85%da%a9%d8%a7%d8%b1-%d8%a8%d8%a7%d8%b2%d9%86%d8%b4%d8%b3%d8%aa%d9%87-%da%a9%d8%aa%d8%a7%d8%a8%d8%ae%d8%a7%d9%86/,verified,2026-08-11
sari-agri-discovery-unit-library-549053dbf405,sari-agri,اعلام فهرست کتب فارسی و لاتین پیشنهادی برای خرید بهاره کتابخانه مرکزی و مرکز اسناد دانشگاه – کتابخانه و مرکز اسناد دانشگاه علوم کشاورزی و منابع طبیعی ساری,library,,,,https://lib.sanru.ac.ir/%d8%a7%d8%b9%d9%84%d8%a7%d9%85-%d9%81%d9%87%d8%b1%d8%b3%d8%aa-%da%a9%d8%aa%d8%a8-%d9%81%d8%a7%d8%b1%d8%b3%db%8c-%d9%88-%d9%84%d8%a7%d8%aa%db%8c%d9%86-%d9%be%db%8c%d8%b4%d9%86%d9%87%d8%a7%d8%af%db%8c/,verified,2026-08-11
sari-agri-discovery-unit-library-431b49fb7368,sari-agri,کتابخانه و مرکز اسناد دانشگاه علوم کشاورزی و منابع طبیعی ساری,library,,,,https://lib.sanru.ac.ir/,verified,2026-08-11
sari-agri-discovery-unit-library-3b5bdb758270,sari-agri,پایان‌نامه‌های رایگان – کتابخانه و مرکز اسناد دانشگاه علوم کشاورزی و منابع طبیعی ساری,library,,,,https://lib.sanru.ac.ir/%d9%be%d8%a7%db%8c%d8%a7%d9%86%e2%80%8c%d9%86%d8%a7%d9%85%d9%87%e2%80%8c%d9%87%d8%a7%db%8c-%d8%b1%d8%a7%db%8c%da%af%d8%a7%d9%86/,verified,2026-08-11
khuzestan-agri-discovery-unit-library-219a529c00ba,khuzestan-agri,آیین‌نامه‌ها و فرم‌ها- فرم‌های کتابخانه مرکزی مرکز اطلاع‌رسانی,library,,,,https://asnrukh.ac.ir/research/fa/regulation/category/42/%D9%81%D8%B1%D9%85-%D9%87%D8%A7%DB%8C-%DA%A9%D8%AA%D8%A7%D8%A8%D8%AE%D8%A7%D9%86%D9%87-%D9%85%D8%B1%DA%A9%D8%B2%DB%8C-%D9%85%D8%B1%DA%A9%D8%B2-%D8%A7%D8%B7%D9%84%D8%A7%D8%B9-%D8%B1%D8%B3%D8%A7%D9%86%DB%8C?sort=-circularNo,verified,2026-08-11
khuzestan-agri-discovery-unit-laboratory-effe0e9261d0,khuzestan-agri,آیین‌نامه‌ها و فرم‌ها- فرم‌های آزمایشگاه مرکزی,laboratory,,,,https://asnrukh.ac.ir/research/fa/regulation/category/37/%D9%81%D8%B1%D9%85-%D9%87%D8%A7%DB%8C-%D8%A2%D8%B2%D9%85%D8%A7%DB%8C%D8%B4%DA%AF%D8%A7%D9%87-%D9%85%D8%B1%DA%A9%D8%B2%DB%8C?sort=-circularNo,verified,2026-08-11
khuzestan-agri-discovery-unit-technology-a9fc53929ff0,khuzestan-agri,آیین‌نامه‌ها و فرم‌ها- فرم‌های کارآفرینی و ارتباط با جامعه,technology,,,,https://asnrukh.ac.ir/research/fa/regulation/category/36/%D9%81%D8%B1%D9%85-%D9%87%D8%A7%DB%8C-%DA%A9%D8%A7%D8%B1%D8%A2%D9%81%D8%B1%DB%8C%D9%86%DB%8C-%D9%88-%D8%A7%D8%B1%D8%AA%D8%A8%D8%A7%D8%B7-%D8%A8%D8%A7-%D8%AC%D8%A7%D9%85%D8%B9%D9%87?sort=-circularNo,verified,2026-08-11
khuzestan-agri-discovery-unit-technology-7ae5501cbb44,khuzestan-agri,آیین‌نامه‌ها و فرم‌ها- فرم‌های کانون شکوفایی خلاقیت و نوآوری,technology,,,,https://asnrukh.ac.ir/research/fa/regulation/category/48/%D9%81%D8%B1%D9%85-%D9%87%D8%A7%DB%8C-%DA%A9%D8%A7%D9%86%D9%88%D9%86-%D8%B4%DA%A9%D9%88%D9%81%D8%A7%DB%8C%DB%8C-%D8%AE%D9%84%D8%A7%D9%82%DB%8C%D8%AA-%D9%88-%D9%86%D9%88%D8%A2%D9%88%D8%B1%DB%8C?sort=-circularNo,verified,2026-08-11
khuzestan-agri-discovery-unit-it-a9f3e4a482d2,khuzestan-agri,آیین‌نامه‌ها و فرم‌ها- فرم‌های فناوری اطلاعات و ارتباطات,it,,organizationally-attributed,,https://asnrukh.ac.ir/research/fa/regulation/category/47/%D9%81%D8%B1%D9%85-%D9%87%D8%A7%DB%8C-%D9%81%D9%86%D8%A7%D9%88%D8%B1%DB%8C-%D8%A7%D8%B7%D9%84%D8%A7%D8%B9%D8%A7%D8%AA-%D9%88-%D8%A7%D8%B1%D8%AA%D8%A8%D8%A7%D8%B7%D8%A7%D8%AA?sort=-circularNo,verified,2026-08-11
isfahan-art-discovery-unit-laboratory-d1ea9d7e8d28,isfahan-art,اطلاعيه استفاده از امكانات شبكه آزمايشگاه‌هاي علمي ايران (شاعاي اصفهان),laboratory,,,,https://aui.ac.ir/Index.aspx?page_=dorsaetoolsecommunique&lang=1&tempname=moavenatshow&sub=7&PageID=8681&PageIDF=0&BlockName=tool_dorsaetoolsecommunique_sample_moavenatpajooheshi_block303&isPopUp=false,verified,2026-08-11
isfahan-art-discovery-unit-library-c15dbe3fa8b3,isfahan-art,كتابخانه دانشگاه هنر اصفهان,library,,,,http://library.aui.ac.ir/DL/SPortal/,verified,2026-08-11
isfahan-art-discovery-unit-library-6dbf6fd9f298,isfahan-art,كتابخانه دانشگاه هنر اصفهان,library,,,,http://library.aui.ac.ir/Dl/SPortal/SPAges/140_5.aspx,verified,2026-08-11
isfahan-art-discovery-unit-industry-b14858eee05b,isfahan-art,فرصت مطالعاتی در جامعه و صنعت (هیات علمی),industry,,,,https://aui.ac.ir/page-Moavenatshow/FA/7/form/pId1126,verified,2026-08-11
isfahan-art-discovery-unit-research-0187eb8b4426,isfahan-art,معرفی مدیریت امور پژوهشی و فناوری,research,,,,https://aui.ac.ir/page-Moavenatshow/FA/7/form/pId778,verified,2026-08-11
shiraz-art-discovery-unit-laboratory-315e2ac0c777,shiraz-art,آزمایشگاه تحقیقاتی رنگ همانندی – دانشگاه هنر شیراز,laboratory,,,,https://shirazartu.ac.ir/?page_id=17056,verified,2026-08-11
shiraz-art-discovery-unit-research-5752d45c8934,shiraz-art,ساختار سازمانی – دانشگاه هنر شیراز,research,,,,https://shirazartu.ac.ir/?page_id=71,verified,2026-08-11
shiraz-art-discovery-unit-it-d5bf399fb811,shiraz-art,فناوری اطلاعات – دانشگاه هنر شیراز,it,,organizationally-attributed,,https://shirazartu.ac.ir/?page_id=3222,verified,2026-08-11
shiraz-art-discovery-unit-library-3ba4b8376fed,shiraz-art,کتابخانه و مرکز اطلاع رسانی – دانشگاه هنر شیراز,library,,,,https://shirazartu.ac.ir/?page_id=319,verified,2026-08-11
shiraz-art-discovery-unit-it-b10375e84d43,shiraz-art,شورای فناوری اطلاعات – دانشگاه هنر شیراز,it,,organizationally-attributed,,https://shirazartu.ac.ir/?page_id=19110,verified,2026-08-11
shiraz-art-discovery-unit-library-e72dfcfdc76d,shiraz-art,کارکنان کتابخانه و مرکز اطلاع رسانی – دانشگاه هنر شیراز,library,,,,https://shirazartu.ac.ir/?page_id=12618,verified,2026-08-11
payame-noor-discovery-unit-library-03536ac9a94f,payame-noor,سامانه مدیریت نشریات علمی دانشگاه پیام نور,library,,,,https://journals.pnu.ac.ir/list_315.html,verified,2026-08-11
payame-noor-discovery-unit-library-9a820d9d3793,payame-noor,سامانه مدیریت نشریات علمی دانشگاه پیام نور,library,,,,https://journals.pnu.ac.ir/page_112.html,verified,2026-08-11
payame-noor-discovery-unit-library-f92c788add06,payame-noor,سامانه مدیریت نشریات علمی دانشگاه پیام نور,library,,,,https://journals.pnu.ac.ir/?newsCode=78,verified,2026-08-11
payame-noor-discovery-unit-library-14cda164afeb,payame-noor,سامانه مدیریت نشریات علمی دانشگاه پیام نور,library,,,,https://journals.pnu.ac.ir/page_36.html,verified,2026-08-11
payame-noor-discovery-unit-library-26e34c7f4008,payame-noor,سامانه مدیریت نشریات علمی دانشگاه پیام نور,library,,,,https://journals.pnu.ac.ir/?newsCode=168,verified,2026-08-11
applied-science-discovery-unit-technology-605372b2d354,applied-science,آیین‌نامه‌ها و مصوبات- دفتر نوآوری، فناوری و تجاری سازی دانشگاه,technology,,,,https://rt.uast.ac.ir/fa/regulation/category/17/%D8%AF%D9%81%D8%AA%D8%B1-%D9%86%D9%88%D8%A2%D9%88%D8%B1%DB%8C-%D9%81%D9%86%D8%A7%D9%88%D8%B1%DB%8C-%D9%88-%D8%AA%D8%AC%D8%A7%D8%B1%DB%8C-%D8%B3%D8%A7%D8%B2%DB%8C-%D8%AF%D8%A7%D9%86%D8%B4%DA%AF%D8%A7%D9%87,verified,2026-08-11
applied-science-discovery-unit-library-2f2dc3417973,applied-science,دستورالعمل اجرایی کمیته های تخصصی شورای انتشارات دانشگاه - معاونت پژوهشی وفناوری,library,,,,https://rt.uast.ac.ir/fa/regulation/131/%D8%AF%D8%B3%D8%AA%D9%88%D8%B1%D8%A7%D9%84%D8%B9%D9%85%D9%84-%D8%A7%D8%AC%D8%B1%D8%A7%DB%8C%DB%8C-%DA%A9%D9%85%DB%8C%D8%AA%D9%87-%D9%87%D8%A7%DB%8C-%D8%AA%D8%AE%D8%B5%D8%B5%DB%8C-%D8%B4%D9%88%D8%B1%D8%A7%DB%8C-%D8%A7%D9%86%D8%AA%D8%B4%D8%A7%D8%B1%D8%A7%D8%AA-%D8%AF%D8%A7%D9%86%D8%B4%DA%AF%D8%A7%D9%87,verified,2026-08-11
applied-science-discovery-unit-library-6240b10c668a,applied-science,دانلودها - انتشارات,library,,,,https://rt.uast.ac.ir/fa/download/category/30/%D8%A7%D9%86%D8%AA%D8%B4%D8%A7%D8%B1%D8%A7%D8%AA,verified,2026-08-11
shahed-discovery-unit-it-664693b4fdad,shahed,مرکز فناوری اطلاعات و ارتباطات – دانشکده علوم پایه,it,,organizationally-attributed,,https://sci.shahed.ac.ir/facilities/computer-center/,verified,2026-08-11
shahed-discovery-unit-library-0d36922afc83,shahed,کتابخانه – دانشکده علوم کشاورزی,library,,,,https://agri.shahed.ac.ir/research/library/,verified,2026-08-11
petroleum-discovery-unit-library-69937ba08cd6,petroleum,انتشارات,library,,,,https://www.put.ac.ir/fa-IR/put/7451/page/%D8%A7%D9%86%D8%AA%D8%B4%D8%A7%D8%B1%D8%A7%D8%AA,verified,2026-08-11
tehran-discovery-unit-library-26e73fb98d03,tehran,موزه کتابخانه مرکزی و مرکز اسناد - کتابخانه مرکزی,library,,,,https://library.ut.ac.ir/fa/page/8914/%D9%85%D9%88%D8%B2%D9%87-%DA%A9%D8%AA%D8%A7%D8%A8%D8%AE%D8%A7%D9%86%D9%87-%D9%85%D8%B1%DA%A9%D8%B2%DB%8C-%D9%88-%D9%85%D8%B1%DA%A9%D8%B2-%D8%A7%D8%B3%D9%86%D8%A7%D8%AF,verified,2026-08-12
tehran-discovery-unit-library-094479e0a03b,tehran,کارگاه های آموزشی برگزار شده در کتابخانه مرکزی و مرکز اسناد - کتابخانه مرکزی,library,,,,https://library.ut.ac.ir/fa/page/10146/%DA%A9%D8%A7%D8%B1%DA%AF%D8%A7%D9%87-%D9%87%D8%A7%DB%8C-%D8%A2%D9%85%D9%88%D8%B2%D8%B4%DB%8C-%D8%A8%D8%B1%DA%AF%D8%B2%D8%A7%D8%B1-%D8%B4%D8%AF%D9%87-%D8%AF%D8%B1-%DA%A9%D8%AA%D8%A7%D8%A8%D8%AE%D8%A7%D9%86%D9%87-%D9%85%D8%B1%DA%A9%D8%B2%DB%8C-%D9%88-%D9%85%D8%B1%DA%A9%D8%B2-%D8%A7%D8%B3%D9%86%D8%A7%D8%AF,verified,2026-08-12
tehran-discovery-unit-library-0b771fdd9a37,tehran,کتابخانه مرکزی و مرکز اسناد - معاونت پژوهش و فناوری- فارسی,library,,,,https://research.ut.ac.ir/fa/page/4483/%DA%A9%D8%AA%D8%A7%D8%A8%D8%AE%D8%A7%D9%86%D9%87-%D9%85%D8%B1%DA%A9%D8%B2%DB%8C-%D9%88-%D9%85%D8%B1%DA%A9%D8%B2-%D8%A7%D8%B3%D9%86%D8%A7%D8%AF,verified,2026-08-12
tehran-discovery-unit-library-3f02c482fea0,tehran,موزه کتابخانه مرکزی و مرکز اسناد - کتابخانه مرکزی,library,,,,https://library.ut.ac.ir/fa/page/8914,verified,2026-08-12
tehran-discovery-unit-library-d73663d4a34b,tehran,کتابخانه مرکزی دانشگاه تهران,library,,,,https://library.ut.ac.ir/fa/tag/12910/%DA%A9%D8%AA%D8%A7%D8%A8%D8%AE%D8%A7%D9%86%D9%87+%D9%85%D8%B1%DA%A9%D8%B2%DB%8C+%D8%AF%D8%A7%D9%86%D8%B4%DA%AF%D8%A7%D9%87+%D8%AA%D9%87%D8%B1%D8%A7%D9%86,verified,2026-08-12
tehran-discovery-unit-library-d9af171082f8,tehran,ساعات ارائه خدمات - کتابخانه مرکزی,library,,,,https://library.ut.ac.ir/fa/page/8742/,verified,2026-08-12
tehran-discovery-unit-library-c63a970d32f6,tehran,کتابخانه مرکزی,library,,,,https://library.ut.ac.ir/fa,verified,2026-08-12
tehran-discovery-unit-library-f09c235ca9d7,tehran,معرفی کارکنان - کتابخانه مرکزی,library,,,,https://library.ut.ac.ir/fa/page/9185,verified,2026-08-12
tehran-discovery-unit-library-217be919d3f6,tehran,"نشست تخصصی ""عکاسی جنگ: روایت تصویر، ثبت تاریخ"" در کتابخانه مرکزی و مرکز اسناد دانشگاه تهران برگزار شد",library,,,,https://library.ut.ac.ir/fa/news/54427/%D9%86%D8%B4%D8%B3%D8%AA-%D8%AA%D8%AE%D8%B5%D8%B5%DB%8C-quot-%D8%B9%DA%A9%D8%A7%D8%B3%DB%8C-%D8%AC%D9%86%DA%AF-%D8%B1%D9%88%D8%A7%DB%8C%D8%AA-%D8%AA%D8%B5%D9%88%DB%8C%D8%B1-%D8%AB%D8%A8%D8%AA-%D8%AA%D8%A7%D8%B1%DB%8C%D8%AE-quot-%D8%AF%D8%B1-%DA%A9%D8%AA%D8%A7%D8%A8%D8%AE%D8%A7%D9%86%D9%87-%D9%85%D8%B1%DA%A9%D8%B2%DB%8C-%D9%88-%D9%85%D8%B1%DA%A9%D8%B2-%D8%A7%D8%B3%D9%86%D8%A7%D8%AF-%D8%AF%D8%A7%D9%86%D8%B4%DA%AF%D8%A7%D9%87-%D8%AA%D9%87%D8%B1%D8%A7%D9%86-%D8%A8%D8%B1%DA%AF%D8%B2%D8%A7%D8%B1-%D8%B4%D8%AF,verified,2026-08-12
tehran-discovery-unit-industry-9442ef9caa37,tehran,اداره کل ارتباط با صنعت و جامعه - معاونت پژوهش و فناوری- فارسی,industry,,,,https://research.ut.ac.ir/fa/page/4017/%D8%A7%D8%AF%D8%A7%D8%B1%D9%87-%DA%A9%D9%84-%D8%A7%D8%B1%D8%AA%D8%A8%D8%A7%D8%B7-%D8%A8%D8%A7-%D8%B5%D9%86%D8%B9%D8%AA-%D9%88-%D8%AC%D8%A7%D9%85%D8%B9%D9%87,verified,2026-08-12
tehran-discovery-unit-industry-5cb339a59c00,tehran,فرم‌ها و آئین نامه‌های مرتبط با اداره کل ارتباط با صنعت و جامعه - معاونت پژوهش و فناوری- فارسی,industry,,,,https://research.ut.ac.ir/fa/page/9020/%D9%81%D8%B1%D9%85-%D9%87%D8%A7-%D9%88-%D8%A2%D8%A6%DB%8C%D9%86-%D9%86%D8%A7%D9%85%D9%87-%D9%87%D8%A7%DB%8C-%D9%85%D8%B1%D8%AA%D8%A8%D8%B7-%D8%A8%D8%A7-%D8%A7%D8%AF%D8%A7%D8%B1%D9%87-%DA%A9%D9%84-%D8%A7%D8%B1%D8%AA%D8%A8%D8%A7%D8%B7-%D8%A8%D8%A7-%D8%B5%D9%86%D8%B9%D8%AA-%D9%88-%D8%AC%D8%A7%D9%85%D8%B9%D9%87,verified,2026-08-12
tehran-discovery-unit-library-17d052787d9e,tehran,کتابخانه مرکزی,library,,,,https://library.ut.ac.ir/,verified,2026-08-12
tehran-discovery-unit-library-ce4361456dcb,tehran,نسخه های خطی و اسناد - کتابخانه مرکزی,library,,,,https://library.ut.ac.ir/fa/page/8667/%D9%86%D8%B3%D8%AE%D9%87-%D9%87%D8%A7%DB%8C-%D8%AE%D8%B7%DB%8C-%D9%88-%D8%A7%D8%B3%D9%86%D8%A7%D8%AF,verified,2026-08-12
tehran-discovery-unit-library-86a2adf9ee5a,tehran,تور مجازی کتابخانه مرکزی - کتابخانه مرکزی,library,,,,https://library.ut.ac.ir/fa/page/8658,verified,2026-08-12
tehran-discovery-unit-industry-707e5265ef4f,tehran,تماس با ما - معاونت پژوهش و فناوری- فارسی,industry,,,,https://research.ut.ac.ir/fa/page/4482,verified,2026-08-12
tehran-discovery-unit-library-e95b563e3e6a,tehran,ایران؛ روایت ویرانی و مقاومت / نمایشگاه عکس‌های جنگ در کتابخانه مرکزی دانشگاه تهران,library,,,,https://news.ut.ac.ir/fa/news/54416,verified,2026-08-12
tehran-discovery-unit-industry-56e845978319,tehran,فرم‌ها و آئین نامه‌های مرتبط با اداره کل ارتباط با صنعت و جامعه - معاونت پژوهش و فناوری- فارسی,industry,,,,https://research.ut.ac.ir/fa/page/8917/%D8%A2%DB%8C%DB%8C%D9%86-%D9%86%D8%A7%D9%85%D9%87-%D9%88-%D9%81%D8%B1%D9%85-%D9%87%D8%A7,verified,2026-08-12
tehran-discovery-unit-library-fb139f447367,tehran,سامانه نشر مجلات علمی دانشگاه تهران,library,,,,https://journals.ut.ac.ir/,verified,2026-08-12
tehran-discovery-unit-library-926d6f809933,tehran,کتابخانه و اسناد,library,,,,https://library.ut.ac.ir/fa/news/54125/%D9%86%D9%85%D8%A7%DB%8C%D8%B4%DA%AF%D8%A7%D9%87-%D8%A7%DB%8C%D8%B1%D8%A7%D9%86-%D8%B1%D9%88%D8%A7%DB%8C%D8%AA-%D9%88%DB%8C%D8%B1%D8%A7%D9%86%DB%8C-%D9%88-%D9%85%D9%82%D8%A7%D9%88%D9%85%D8%AA-%D8%AF%D8%B1-%DA%A9%D8%AA%D8%A7%D8%A8%D8%AE%D8%A7%D9%86%D9%87-%D9%85%D8%B1%DA%A9%D8%B2%DB%8C-%D8%AF%D8%A7%D9%86%D8%B4%DA%AF%D8%A7%D9%87-%D8%AA%D9%87%D8%B1%D8%A7%D9%86-%DA%AF%D8%B4%D8%A7%DB%8C%D8%B4-%DB%8C%D8%A7%D9%81%D8%AA,verified,2026-08-12
tehran-discovery-unit-library-e447f4eac4ac,tehran,کتابخانه و اسناد,library,,,,https://library.ut.ac.ir/fa/news/47885/%D9%86%D9%85%D8%A7%DB%8C%D8%B4%DA%AF%D8%A7%D9%87-%D8%AF%D8%B3%D8%AA%D8%A7%D9%88%D8%B1%D8%AF%D9%87%D8%A7%DB%8C-%D9%85%D8%B1%DA%A9%D8%B2-%D8%AA%D8%AD%D9%82%DB%8C%D9%82%D8%A7%D8%AA-%DA%A9%D8%A7%D9%85%D9%BE%DB%8C%D9%88%D8%AA%D8%B1%DB%8C-%D9%86%D9%88%D8%B1-%DA%A9%D8%AA%D8%A7%D8%A8%D8%AE%D8%A7%D9%86%D9%87-%D9%85%D8%B1%DA%A9%D8%B2%DB%8C-%D9%88-%D9%85%D8%B1%DA%A9%D8%B2-%D8%A7%D8%B3%D9%86%D8%A7%D8%AF-%D8%AF%D8%A7%D9%86%D8%B4%DA%AF%D8%A7%D9%87-%D8%AA%D9%87%D8%B1%D8%A7%D9%86,verified,2026-08-12
tehran-discovery-unit-library-eba18caeb8c5,tehran,کتابخانه و اسناد,library,,,,https://library.ut.ac.ir/fa/news/39467/%D8%A8%D8%B1%DA%AF%D8%B2%D8%A7%D8%B1%DB%8C-%D9%86%D9%85%D8%A7%DB%8C%D8%B4%DA%AF%D8%A7%D9%87-%D8%A8%D8%A7-%D9%85%D9%88%D8%B6%D9%88%D8%B9-%D8%B9%D9%84%DB%8C-%D8%A7%D8%A8%D9%86-%D8%A7%D8%A8%DB%8C%D8%B7%D8%A7%D9%84%D8%A8-%D8%AF%D8%B1-%DA%A9%D8%AA%D8%A7%D8%A8%D8%AE%D8%A7%D9%86%D9%87-%D9%85%D8%B1%DA%A9%D8%B2%DB%8C-%D9%88-%D9%85%D8%B1%DA%A9%D8%B2-%D8%A7%D8%B3%D9%86%D8%A7%D8%AF,verified,2026-08-12
tehran-discovery-unit-library-d05a0ecbe93c,tehran,کتابخانه و اسناد,library,,,,https://library.ut.ac.ir/fa/news/35478/%D8%A8%D8%B1%DA%AF%D8%B2%D8%A7%D8%B1%DB%8C-%D9%86%D9%85%D8%A7%DB%8C%D8%B4%DA%AF%D8%A7%D9%87-%D8%A8%D8%A7-%D9%85%D9%88%D8%B6%D9%88%D8%B9-%D8%BA%D8%AF%DB%8C%D8%B1-%D8%AE%D9%85-%D8%AF%D8%B1-%DA%A9%D8%AA%D8%A7%D8%A8%D8%AE%D8%A7%D9%86%D9%87-%D9%85%D8%B1%DA%A9%D8%B2%DB%8C-%D9%88-%D9%85%D8%B1%DA%A9%D8%B2-%D8%A7%D8%B3%D9%86%D8%A7%D8%AF,verified,2026-08-12
tehran-discovery-unit-library-f88e196e5317,tehran,کتابخانه و اسناد,library,,,,https://library.ut.ac.ir/fa/news/49744/%D8%AA%D9%85%D8%AF%DB%8C%D8%AF-%D8%B2%D9%85%D8%A7%D9%86-%D8%A8%D8%B1%DA%AF%D8%B2%D8%A7%D8%B1%DB%8C-quot-%D9%86%D9%85%D8%A7%DB%8C%D8%B4%DA%AF%D8%A7%D9%87-%D8%A2%D8%AB%D8%A7%D8%B1-%D9%87%D9%86%D8%B1%DB%8C-%D9%88-%D9%82%D8%B1%D8%A2%D9%86%DB%8C-%DA%A9%D8%AA%D8%A7%D8%A8%D8%AE%D8%A7%D9%86%D9%87-%D8%A2%D8%B3%D8%AA%D8%A7%D9%86-%D9%82%D8%AF%D8%B3-%D8%B1%D8%B6%D9%88%DB%8C-quot-,verified,2026-08-12
tehran-discovery-unit-library-a21b54f1be5d,tehran,کتابخانه و اسناد,library,,,,https://library.ut.ac.ir/fa/news/44267/%DA%AF%D8%B2%D8%A7%D8%B1%D8%B4-%D8%AE%D8%A8%D8%B1%DA%AF%D8%B2%D8%A7%D8%B1%DB%8C-%D8%B5%D8%AF%D8%A7-%D9%88-%D8%B3%DB%8C%D9%85%D8%A7-%D8%A7%D8%B2-%D9%86%D9%85%D8%A7%DB%8C%D8%B4%DA%AF%D8%A7%D9%87-%D8%AA%D8%B5%D8%A7%D9%88%DB%8C%D8%B1-%D9%85%D8%B7%D8%A8%D9%88%D8%B9%D8%A7%D8%AA-%D9%82%D8%AF%DB%8C%D9%85%DB%8C-%D8%AF%D9%88%D8%B1%D9%87-%D9%82%D8%A7%D8%AC%D8%A7%D8%B1-%D9%88-%D9%BE%D9%87%D9%84%D9%88%DB%8C-%D8%A7%D9%88%D9%84-%DA%A9%D8%AA%D8%A7%D8%A8%D8%AE%D8%A7%D9%86%D9%87-%D9%85%D8%B1%DA%A9%D8%B2%DB%8C-%D9%88-%D9%85%D8%B1%DA%A9%D8%B2-%D8%A7%D8%B3%D9%86%D8%A7%D8%AF,verified,2026-08-12
tehran-discovery-unit-library-0556d800f737,tehran,کتابخانه و اسناد,library,,,,https://library.ut.ac.ir/fa/news/53904/%D8%A7%D9%87%D8%AF%D8%A7%DB%8C-%DB%8C%DA%A9%D8%B5%D8%AF-%D9%86%D8%B3%D8%AE%D9%87-%D8%AE%D8%B7%DB%8C-%D8%AC%D8%AF%DB%8C%D8%AF-%D8%AA%D9%88%D8%B3%D8%B7-%D8%AF%D9%81%D8%AA%D8%B1-%D9%86%D8%AC%D9%81-%D8%AD%D8%B6%D8%B1%D8%AA-%D8%A2%DB%8C%D8%AA-%D8%A7%D9%84%D9%84%D9%87-%D8%A7%D9%84%D8%B9%D8%B8%D9%85%DB%8C-%D8%B3%DB%8C%D8%B3%D8%AA%D8%A7%D9%86%DB%8C-%D8%AD%D9%81%D8%B8%D9%87-%D8%A7%D9%84%D9%84%D9%87-%D8%A8%D9%87-%DA%A9%D8%AA%D8%A7%D8%A8%D8%AE%D8%A7%D9%86%D9%87-%D9%85%D8%B1%DA%A9%D8%B2%DB%8C-%D9%88-%D9%85%D8%B1%DA%A9%D8%B2-%D8%A7%D8%B3%D9%86%D8%A7%D8%AF,verified,2026-08-12
tehran-discovery-unit-library-c2d016388741,tehran,کتابخانه و اسناد,library,,,,https://library.ut.ac.ir/fa/news/52530/%D8%AD%D8%B6%D9%88%D8%B1-%D8%B1%D8%A6%DB%8C%D8%B3-%D8%AF%D8%A7%D9%86%D8%B4%DA%AF%D8%A7%D9%87-%D8%AA%D9%87%D8%B1%D8%A7%D9%86-%D9%88-%D9%85%D8%B9%D8%A7%D9%88%D9%86%DB%8C%D9%86-%D8%A7%DB%8C%D8%B4%D8%A7%D9%86-%D8%AF%D8%B1-%DA%A9%D8%AA%D8%A7%D8%A8%D8%AE%D8%A7%D9%86%D9%87-%D9%85%D8%B1%DA%A9%D8%B2%DB%8C-%D9%88-%D9%85%D8%B1%DA%A9%D8%B2-%D8%A7%D8%B3%D9%86%D8%A7%D8%AF,verified,2026-08-12
tarbiat-modares-discovery-unit-laboratory-e58d7df80c1b,tarbiat-modares,پایگاه خبری دانشگاه تربیت مدرس - ارتقای جایگاه سه آزمایشگاه دانشگاه تربیت مدرس در شبکه آزمایشگاهی,laboratory,,,,https://news.modares.ac.ir/res-news-list/%D8%A7%D8%B1%D8%AA%D9%82%D8%A7%DB%8C%20%D8%AC%D8%A7%DB%8C%DA%AF%D8%A7%D9%87%20%D8%B3%D9%87%20%D8%A2%D8%B2%D9%85%D8%A7%DB%8C%D8%B4%DA%AF%D8%A7%D9%87%20%D8%AF%D8%A7%D9%86%D8%B4%DA%AF%D8%A7%D9%87%20%D8%AA%D8%B1%D8%A8%DB%8C%D8%AA%20%D9%85%D8%AF%D8%B1%D8%B3%20%D8%AF%D8%B1%20%D8%B4%D8%A8%DA%A9%D9%87%20%D8%A2%D8%B2%D9%85%D8%A7%DB%8C%D8%B4%DA%AF%D8%A7%D9%87%DB%8C%20%DA%A9%D8%B4%D9%88%D8%B1,verified,2026-08-12
tarbiat-modares-discovery-unit-it-86f1d7c3a6d5,tarbiat-modares,پژوهشکده فناوری اطلاعات و ارتباطات,it,,organizationally-attributed,,https://itri.modares.ac.ir/itri,verified,2026-08-12
tarbiat-modares-discovery-unit-laboratory-e9bf3a989e0b,tarbiat-modares,مدیریت آزمایشگاه‌ها و عرصه‌های پژوهشی - معاونت پژوهشی و فناوری,laboratory,,,,https://res.modares.ac.ir/res/managements/management-laboratories,verified,2026-08-12
tarbiat-modares-discovery-unit-technology-4cd35f97c307,tarbiat-modares,مدیریت پژوهش و نوآوری - معاونت پژوهشی و فناوری,technology,,,,https://res.modares.ac.ir/res/managements/Research-innovation-management,verified,2026-08-12
tarbiat-modares-discovery-unit-industry-c7d665eadb1c,tarbiat-modares,پایگاه خبری دانشگاه تربیت مدرس - اعضای هیأت علمی برگزیده در همکاری با جامعه و صنعت| تربیت مدرس,industry,,,,https://news.modares.ac.ir/res-news-list/%20%D8%B3%D9%87%20%D8%B9%D8%B6%D9%88%20%D9%87%DB%8C%D8%A7%D8%AA%20%D8%B9%D9%84%D9%85%DB%8C%20%D8%AF%D8%A7%D9%86%D8%B4%DA%AF%D8%A7%D9%87%20%D8%AF%D8%B1%20%D9%85%DB%8C%D8%A7%D9%86%20%D8%A7%D8%B9%D8%B6%D8%A7%DB%8C%20%D9%87%DB%8C%D8%A3%D8%AA%20%D8%B9%D9%84%D9%85%DB%8C%20%D8%A8%D8%B1%DA%AF%D8%B2%DB%8C%D8%AF%D9%87%20%D8%AF%D8%B1%20%D9%87%D9%85%DA%A9%D8%A7%D8%B1%DB%8C%20%D8%A8%D8%A7%20%D8%AC%D8%A7%D9%85%D8%B9%D9%87%20%D9%88%20%D8%B5%D9%86%D8%B9%D8%AA%20%D8%B3%D8%A7%D9%84%20%DB%B1%DB%B4%DB%B0%DB%B4,verified,2026-08-12
tarbiat-modares-discovery-unit-research-4cd35f97c307,tarbiat-modares,مدیریت پژوهش و نوآوری - معاونت پژوهشی و فناوری,research,,,,https://res.modares.ac.ir/res/managements/Research-innovation-management,verified,2026-08-12
tarbiat-modares-discovery-unit-laboratory-74d57527287a,tarbiat-modares,پایگاه خبری دانشگاه تربیت مدرس - فراخوان عمومی اجاره دو فضای تخصصی,laboratory,,,,https://news.modares.ac.ir/res-news-list/%D9%81%D8%B1%D8%A7%D8%AE%D9%88%D8%A7%D9%86%20%D8%B9%D9%85%D9%88%D9%85%DB%8C%20%D8%A7%D8%AC%D8%A7%D8%B1%D9%87%20%D8%AF%D9%88%20%D9%81%D8%B6%D8%A7%DB%8C%20%D8%AA%D8%AE%D8%B5%D8%B5%DB%8C%20%D8%AA%D8%B9%D9%85%DB%8C%D8%B1%D8%A7%D8%AA%20%D8%AA%D8%AC%D9%87%DB%8C%D8%B2%D8%A7%D8%AA%20%D9%88%20%D9%81%D8%B1%D9%88%D8%B4%DA%AF%D8%A7%D9%87%20%D9%84%D9%88%D8%A7%D8%B2%D9%85%20%D8%A2%D8%B2%D9%85%D8%A7%DB%8C%D8%B4%DA%AF%D8%A7%D9%87%DB%8C%20%D8%AF%D8%B1%20%D8%AF%D8%A7%D9%86%D8%B4%DA%AF%D8%A7%D9%87%20%D8%AA%D8%B1%D8%A8%DB%8C%D8%AA%20%D9%85%D8%AF%D8%B1%D8%B3,verified,2026-08-12
ferdowsi-discovery-unit-industry-460b1296918f,ferdowsi,مدیریت ارتباط با صنعت و جامعه دانشگاه فردوسی مشهد - صفحه اصلی مدیریت,industry,,,,https://tto.um.ac.ir/index.php?lang=fa,verified,2026-08-12
ferdowsi-discovery-unit-it-e97b5e2ea23a,ferdowsi,مرکز توسعه فناوری اطلاعات، امنیت و هوشمند سازی,it,,organizationally-attributed,,https://ict.um.ac.ir/index.php/fa/,verified,2026-08-12
ferdowsi-discovery-unit-library-916afd966f4d,ferdowsi,کتابخانه مرکزی و نشر,library,,,,https://library.um.ac.ir/index.php?lang=fa,verified,2026-08-12
ferdowsi-discovery-unit-library-d78a3063a408,ferdowsi,خط‌مشی مجموعه‌سازی کتابخانه مرکزی و نشر دانشگاه فردوسی مشهد,library,,,,https://library.um.ac.ir/index.php/fa/about-us/regulations-and-instructions?view=article&id=12816:collection-development-policy&catid=1177:regulations,verified,2026-08-12
ferdowsi-discovery-unit-library-250754dfe465,ferdowsi,آیین نامه وجین منابع در کتابخانه مرکزی و نشر دانشگاه فردوسی مشهد,library,,,,https://library.um.ac.ir/index.php/fa/about-us/regulations-and-instructions?view=article&id=12823:weeding-regulations&catid=1177:regulations,verified,2026-08-12
ferdowsi-discovery-unit-library-893c50b2a8b0,ferdowsi,همکاران کتابخانه مرکزی,library,,,,https://library.um.ac.ir/index.php/fa/about-us/regulations-and-instructions?view=category&id=1165,verified,2026-08-12
ferdowsi-discovery-unit-library-bfe224db1108,ferdowsi,مدیریت نشر و کتابخانه مرکزی,library,,,,https://vpr.um.ac.ir/index.php/fa/management-of-publishing-scientific-works,verified,2026-08-12
ferdowsi-discovery-unit-industry-7afd3c0808a3,ferdowsi,مدیریت ارتباط با صنعت و جامعه دانشگاه فردوسی مشهد - صفحه اصلی مدیریت,industry,,,,https://tto.um.ac.ir/,verified,2026-08-12
ferdowsi-discovery-unit-industry-3c64a949cf7d,ferdowsi,مدیریت ارتباط با صنعت و جامعه دانشگاه فردوسی مشهد - انتصاب مديريت ارتباط با صنعت و جامعه,industry,,,,https://tto.um.ac.ir/news/2110-2025-06-29-05-22-16,verified,2026-08-12
ferdowsi-discovery-unit-industry-7779ae240827,ferdowsi,مدیریت ارتباط با صنعت و جامعه دانشگاه فردوسی مشهد - فرم ها,industry,,,,https://tto.um.ac.ir/announcements/2109-2025-06-22-04-30-16,verified,2026-08-12
ferdowsi-discovery-unit-industry-e5901babac51,ferdowsi,مدیریت ارتباط با صنعت و جامعه دانشگاه فردوسی مشهد - فرم ها,industry,,,,https://tto.um.ac.ir/forms,verified,2026-08-12
ferdowsi-discovery-unit-industry-2cc123247906,ferdowsi,مدیریت ارتباط با صنعت و جامعه دانشگاه فردوسی مشهد - آیین‌نامه‌ها و دستورالعمل‌های فرصت مطالعاتی در صنعت و جامعه,industry,,,,https://tto.um.ac.ir/research-opportunity/regulations,verified,2026-08-12
ferdowsi-discovery-unit-it-4c0b2b261a17,ferdowsi,کنگره نوآوری ICT هلند,it,,organizationally-attributed,,https://prof.um.ac.ir/news/%DA%A9%D9%86%DA%AF%D8%B1%D9%87-%D9%86%D9%88%D8%A2%D9%88%D8%B1%DB%8C-ict-%D9%87%D9%84%D9%86%D8%AF.html,verified,2026-08-12
ferdowsi-discovery-unit-technology-4c0b2b261a17,ferdowsi,کنگره نوآوری ICT هلند,technology,,,,https://prof.um.ac.ir/news/%DA%A9%D9%86%DA%AF%D8%B1%D9%87-%D9%86%D9%88%D8%A2%D9%88%D8%B1%DB%8C-ict-%D9%87%D9%84%D9%86%D8%AF.html,verified,2026-08-12
ferdowsi-discovery-unit-technology-66193a12b51b,ferdowsi,صفحه نخست,technology,,,,https://oip.um.ac.ir/index.php/fa/,verified,2026-08-12
shahid-beheshti-discovery-unit-library-37502db4a0e9,shahid-beheshti,برپایی غرفه «دانشمندان آینده» از سوی کتابخانه مرکزی و مرکز اسناد در ایام وداع با آقای شهید ایران - معاونت پژوهشی و فناوری,library,,,,https://resevp.sbu.ac.ir/fa/w/%D8%A8%D8%B1%D9%BE%D8%A7%DB%8C%DB%8C-%D8%BA%D8%B1%D9%81%D9%87-%C2%AB%D8%AF%D8%A7%D9%86%D8%B4%D9%85%D9%86%D8%AF%D8%A7%D9%86-%D8%A2%DB%8C%D9%86%D8%AF%D9%87%C2%BB-%D8%A7%D8%B2-%D8%B3%D9%88%DB%8C-%DA%A9%D8%AA%D8%A7%D8%A8%D8%AE%D8%A7%D9%86%D9%87-%D9%85%D8%B1?redirect=%2Ffa%2Fw%2F%25D8%25A8%25D8%25B1%25D9%25BE%25D8%25A7%25DB%258C%25DB%258C-%25D8%25BA%25D8%25B1%25D9%2581%25D9%2587-%25C2%25AB%25D8%25AF%25D8%25A7%25D9%2586%25D8%25B4%25D9%2585%25D9%2586%25D8%25AF%25D8%25A7%25D9%2586-%25D8%25A2%25DB%258C%25D9%2586%25D8%25AF%25D9%2587%25C2%25BB-%25D8%25A7%25D8%25B2-%25D8%25B3%25D9%2588%25DB%258C-%25DA%25A9%25D8%25AA%25D8%25A7%25D8%25A8%25D8%25AE%25D8%25A7%25D9%2586%25D9%2587-%25D9%2585%25D8%25B1%3Fredirect%3D%252Ffa%252Fw%252F%2525D8%2525A8%2525D8%2525B1%2525D9%2525BE%2525D8%2525A7%2525DB%25258C%2525DB%25258C-%2525D8%2525BA%2525D8%2525B1%2525D9%252581%2525D9%252587-%2525C2%2525AB%2525D8%2525AF%2525D8%2525A7%2525D9%252586%2525D8%2525B4%2525D9%252585%2525D9%252586%2525D8%2525AF%2525D8%2525A7%2525D9%252586-%2525D8%2525A2%2525DB%25258C%2525D9%252586%2525D8%2525AF%2525D9%252587%2525C2%2525BB-%2525D8%2525A7%2525D8%2525B2-%2525D8%2525B3%2525D9%252588%2525DB%25258C-%2525DA%2525A9%2525D8%2525AA%2525D8%2525A7%2525D8%2525A8%2525D8%2525AE%2525D8%2525A7%2525D9%252586%2525D9%252587-%2525D9%252585%2525D8%2525B1%253Fredirect%253D%25252F,verified,2026-08-12
shahid-beheshti-discovery-unit-library-ca1d674bf362,shahid-beheshti,برپایی غرفه «دانشمندان آینده» از سوی کتابخانه مرکزی و مرکز اسناد در ایام وداع با آقای شهید ایران - معاونت پژوهشی و فناوری,library,,,,https://resevp.sbu.ac.ir/fa/w/%D8%A8%D8%B1%D9%BE%D8%A7%DB%8C%DB%8C-%D8%BA%D8%B1%D9%81%D9%87-%C2%AB%D8%AF%D8%A7%D9%86%D8%B4%D9%85%D9%86%D8%AF%D8%A7%D9%86-%D8%A2%DB%8C%D9%86%D8%AF%D9%87%C2%BB-%D8%A7%D8%B2-%D8%B3%D9%88%DB%8C-%DA%A9%D8%AA%D8%A7%D8%A8%D8%AE%D8%A7%D9%86%D9%87-%D9%85%D8%B1?redirect=%2Ffa%2Fw%2F%25D8%25A8%25D8%25B1%25D9%25BE%25D8%25A7%25DB%258C%25DB%258C-%25D8%25BA%25D8%25B1%25D9%2581%25D9%2587-%25C2%25AB%25D8%25AF%25D8%25A7%25D9%2586%25D8%25B4%25D9%2585%25D9%2586%25D8%25AF%25D8%25A7%25D9%2586-%25D8%25A2%25DB%258C%25D9%2586%25D8%25AF%25D9%2587%25C2%25BB-%25D8%25A7%25D8%25B2-%25D8%25B3%25D9%2588%25DB%258C-%25DA%25A9%25D8%25AA%25D8%25A7%25D8%25A8%25D8%25AE%25D8%25A7%25D9%2586%25D9%2587-%25D9%2585%25D8%25B1%3Fredirect%3D%252Ffa%252Fw%252F%2525D8%2525A8%2525D8%2525B1%2525D9%2525BE%2525D8%2525A7%2525DB%25258C%2525DB%25258C-%2525D8%2525BA%2525D8%2525B1%2525D9%252581%2525D9%252587-%2525C2%2525AB%2525D8%2525AF%2525D8%2525A7%2525D9%252586%2525D8%2525B4%2525D9%252585%2525D9%252586%2525D8%2525AF%2525D8%2525A7%2525D9%252586-%2525D8%2525A2%2525DB%25258C%2525D9%252586%2525D8%2525AF%2525D9%252587%2525C2%2525BB-%2525D8%2525A7%2525D8%2525B2-%2525D8%2525B3%2525D9%252588%2525DB%25258C-%2525DA%2525A9%2525D8%2525AA%2525D8%2525A7%2525D8%2525A8%2525D8%2525AE%2525D8%2525A7%2525D9%252586%2525D9%252587-%2525D9%252585%2525D8%2525B1,verified,2026-08-12
shahid-beheshti-discovery-unit-library-6a44fb071974,shahid-beheshti,آیین‌نامه‌ها و فرم‌ها - کتابخانه مرکزی و مرکز اسناد,library,,,,https://www.sbu.ac.ir/fa/web/lib/form,verified,2026-08-12
shahid-beheshti-discovery-unit-library-bbe06b6de739,shahid-beheshti,مدیر کتابخانه مرکزی، مرکز اسناد و موزه - کتابخانه مرکزی و مرکز اسناد,library,,,,https://www.sbu.ac.ir/fa/web/lib/management,verified,2026-08-12
shahid-beheshti-discovery-unit-library-1f5e3792b203,shahid-beheshti,معاون کتابخانه مرکزی، مرکز اسناد و موزه - کتابخانه مرکزی و مرکز اسناد,library,,,,https://www.sbu.ac.ir/fa/web/lib/assistance,verified,2026-08-12
shahid-beheshti-discovery-unit-library-71b6ba047cb4,shahid-beheshti,ساعت‌های ارائه خدمت بخش‌های مختلف کتابخانه مرکزی، مرکز اسناد و موزه - کتابخانه مرکزی و مرکز اسناد,library,,,,https://www.sbu.ac.ir/fa/web/lib/service-time,verified,2026-08-12
shahid-beheshti-discovery-unit-library-938b66892a12,shahid-beheshti,ساعت‌های ارائه خدمت بخش‌های مختلف کتابخانه مرکزی، مرکز اسناد و موزه - کتابخانه مرکزی و مرکز اسناد,library,,,,https://lib.sbu.ac.ir/fa/service-time,verified,2026-08-12
shahid-beheshti-discovery-unit-library-7a807715fda1,shahid-beheshti,مدیر کتابخانه مرکزی، مرکز اسناد و موزه - کتابخانه مرکزی و مرکز اسناد,library,,,,https://lib.sbu.ac.ir/fa/management,verified,2026-08-12
shahid-beheshti-discovery-unit-library-814ce27f8df5,shahid-beheshti,معاون کتابخانه مرکزی، مرکز اسناد و موزه - کتابخانه مرکزی و مرکز اسناد,library,,,,https://lib.sbu.ac.ir/fa/assistance,verified,2026-08-12
shahid-beheshti-discovery-unit-library-11b2ab106b70,shahid-beheshti,خبرنامه کتابخانه مرکزی، مرکز اسناد و موزه - کتابخانه مرکزی و مرکز اسناد,library,,,,https://www.sbu.ac.ir/fa/web/lib/libulletin,verified,2026-08-12
shahid-beheshti-discovery-unit-library-149315c82bfb,shahid-beheshti,صفحه اصلی - کتابخانه مرکزی و مرکز اسناد,library,,,,https://www.sbu.ac.ir/fa/web/lib/,verified,2026-08-12
shahid-beheshti-discovery-unit-library-f37fd3e5fdb4,shahid-beheshti,خبرنامه کتابخانه مرکزی، مرکز اسناد و موزه - کتابخانه مرکزی و مرکز اسناد,library,,,,https://lib.sbu.ac.ir/fa/libulletin,verified,2026-08-12
shahid-beheshti-discovery-unit-library-2e4c77902e6d,shahid-beheshti,صفحه اصلی - کتابخانه مرکزی و مرکز اسناد,library,,,,https://lib.sbu.ac.ir/fa/,verified,2026-08-12
shahid-beheshti-discovery-unit-industry-6ad146663971,shahid-beheshti,مدیریت همکاری‌های پژوهشی و ارتباط با صنعت و جامعه - معاونت پژوهشی و فناوری,industry,,,,https://resevp.sbu.ac.ir/industryrelations,verified,2026-08-12
shahid-beheshti-discovery-unit-library-97bec499ad9a,shahid-beheshti,معرفی - کتابخانه مرکزی و مرکز اسناد,library,,,,https://www.sbu.ac.ir/fa/web/lib/about-us,verified,2026-08-12
shahid-beheshti-discovery-unit-library-9646014c5471,shahid-beheshti,معرفی - کتابخانه مرکزی و مرکز اسناد,library,,,,https://lib.sbu.ac.ir/fa/about-us,verified,2026-08-12
shahid-beheshti-discovery-unit-library-f060d0ce7d62,shahid-beheshti,سامانه‌های دانشی - کتابخانه مرکزی و مرکز اسناد,library,,,,https://www.sbu.ac.ir/fa/web/lib/w/knowledge-system?redirect=%2Ffa%2Fweb%2Flib%2F,verified,2026-08-12
shahid-beheshti-discovery-unit-library-887505d4ea58,shahid-beheshti,پایگاه‌های اطلاعاتی رایگان - کتابخانه مرکزی و مرکز اسناد,library,,,,https://www.sbu.ac.ir/fa/web/lib/w/free-databases?redirect=%2Ffa%2Fweb%2Flib%2F,verified,2026-08-12
shahid-beheshti-discovery-unit-library-842c85c9e5be,shahid-beheshti,نحوه اهدا منابع - کتابخانه مرکزی و مرکز اسناد,library,,,,https://www.sbu.ac.ir/fa/web/lib/w/donating?redirect=%2Ffa%2Fweb%2Flib%2F,verified,2026-08-12
shahid-beheshti-discovery-unit-library-47f7e2ceeeca,shahid-beheshti,وبینارها - کتابخانه مرکزی و مرکز اسناد,library,,,,https://www.sbu.ac.ir/fa/web/lib/w/vebinar?redirect=%2Ffa%2Fweb%2Flib%2F,verified,2026-08-12
shahid-beheshti-discovery-unit-library-ab39ab5818f9,shahid-beheshti,سامانه‌های دانشی - کتابخانه مرکزی و مرکز اسناد,library,,,,https://lib.sbu.ac.ir/fa/w/knowledge-system?redirect=%2Ffa%2F,verified,2026-08-12
shiraz-discovery-unit-library-0f7c005898b1,shiraz,"برگزاری نمایشگاه ""فراکتاب"" به مناسبت هفته کتاب و کتابخوانی - - - کتابخانه مرکزی و مرکز اسناد دانشگاه شیراز",library,,,,https://centlib.shirazu.ac.ir/-/%D8%A8%D8%B1%DA%AF%D8%B2%D8%A7%D8%B1%DB%8C-%D9%86%D9%85%D8%A7%DB%8C%D8%B4%DA%AF%D8%A7%D9%87-%D9%81%D8%B1%D8%A7%DA%A9%D8%AA%D8%A7%D8%A8-%D8%A8%D9%87-%D9%85%D9%86%D8%A7%D8%B3%D8%A8%D8%AA-%D9%87%D9%81%D8%AA%D9%87-%DA%A9%D8%AA%D8%A7%D8%A8-%D9%88-%DA%A9%D8%AA%D8%A7%D8%A8%D8%AE%D9%88%D8%A7%D9%86%DB%8C,verified,2026-08-12
shiraz-discovery-unit-library-e8e8069b3785,shiraz,آرشیو اخبار - کتابخانه مرکزی و مرکز اسناد دانشگاه شیراز,library,,,,https://shirazu.ac.ir/web/centlib/arch_new,verified,2026-08-12
shiraz-discovery-unit-library-bacccf59cd93,shiraz,آرشیو اطلاعیه ها - کتابخانه مرکزی و مرکز اسناد دانشگاه شیراز,library,,,,https://shirazu.ac.ir/web/centlib/arch_notifi,verified,2026-08-12
shiraz-discovery-unit-industry-26ce64e5b955,shiraz,صفحه اصلی - ارتباط با صنعت,industry,,,,https://ico.shirazu.ac.ir/,verified,2026-08-12
shiraz-discovery-unit-research-011b09765c38,shiraz,ساختار سازمانی - معاونت پژوهشی و فناوری,research,,,,https://research.shirazu.ac.ir/%D8%B3%D8%A7%D8%AE%D8%AA%D8%A7%D8%B1-%D8%B3%D8%A7%D8%B2%D9%85%D8%A7%D9%86%DB%8C,verified,2026-08-12
shiraz-discovery-unit-laboratory-323726022b61,shiraz,ساخت و تجهیز آزمایشگاه تکنولوژی (tech lab) دانشگاه شیراز - معاونت پژوهشی و فناوری,laboratory,,,,https://research.shirazu.ac.ir/p31,verified,2026-08-12
shiraz-discovery-unit-laboratory-b41840213f4f,shiraz,جلسه شورای راهبردی آزمایشگاه مرکزی - show-content - معاونت پژوهشی و فناوری,laboratory,,,,https://research.shirazu.ac.ir/-/%D8%AC%D9%84%D8%B3%D9%87-%D8%B4%D9%88%D8%B1%D8%A7%DB%8C-%D8%B1%D8%A7%D9%87%D8%A8%D8%B1%D8%AF%DB%8C-%D8%A7%D8%B2%D9%85%D8%A7%DB%8C%D8%B4%DA%AF%D8%A7%D9%87-%D9%85%D8%B1%DA%A9%D8%B2%DB%8C,verified,2026-08-12
shiraz-discovery-unit-library-b326593a8b6c,shiraz,ارسال فرم - معاونت پژوهشی و فناوری,library,,,,https://research.shirazu.ac.ir/formdonate,verified,2026-08-12
shiraz-discovery-unit-technology-b326593a8b6c,shiraz,ارسال فرم - معاونت پژوهشی و فناوری,technology,,,,https://research.shirazu.ac.ir/formdonate,verified,2026-08-12
tabriz-discovery-unit-library-e6d364936c13,tabriz,سامانه داوری انتشارات دانشگاه تبریز - درباره انتشارات دانشگاه تبریز,library,,,,https://pprs.tabrizu.ac.ir/journal/about,verified,2026-08-12
tabriz-discovery-unit-library-88bbf6d2b4ca,tabriz,سامانه داوری انتشارات دانشگاه تبریز - اعضای هیات تحریریه,library,,,,https://pprs.tabrizu.ac.ir/journal/editorial.board,verified,2026-08-12
tabriz-discovery-unit-library-615a822fe2d7,tabriz,سامانه داوری انتشارات دانشگاه تبریز - فهرست کتابها,library,,,,https://pprs.tabrizu.ac.ir/issue_0_0.html,verified,2026-08-12
tabriz-discovery-unit-library-960686a5a57a,tabriz,سامانه داوری انتشارات دانشگاه تبریز - 10 اثر انتشار یافته توسط انتشارات دانشگاه تبریز جوایز برتر جایزه کتاب سال استان اذربایجان شرقی را به خود اختصاص دادند.,library,,,,https://pprs.tabrizu.ac.ir/news?newsCode=91,verified,2026-08-12
tabriz-discovery-unit-library-1fe3ddad2608,tabriz,- Publication Ethics,library,,,,https://pprs.tabrizu.ac.ir/journal/process?ethics&lang=en,verified,2026-08-12
isfahan-discovery-unit-laboratory-e9a69207291e,isfahan,سامانه جامع آزمايشگاه مرکزی دانشگاه اصفهان,laboratory,,,,http://centlab.ui.ac.ir/,verified,2026-08-12
isfahan-discovery-unit-library-de563ddd72bf,isfahan,کتابخانه مرکزی دانشگاه اصفهان | آئین نامه قفسه خوانی، شلف خوانی و بارکدخوانی کتابخانه های دانشگاه اصفهان,library,,,,https://library.ui.ac.ir/%D8%A2%D8%A6%DB%8C%D9%86-%D9%86%D8%A7%D9%85%D9%87-%D9%82%D9%81%D8%B3%D9%87-%D8%AE%D9%88%D8%A7%D9%86%DB%8C%D8%8C-%D8%B4%D9%84%D9%81-%D8%AE%D9%88%D8%A7%D9%86%DB%8C-%D9%88-%D8%A8%D8%A7%D8%B1%DA%A9%D8%AF%D8%AE%D9%88%D8%A7%D9%86%DB%8C-%DA%A9%D8%AA%D8%A7%D8%A8%D8%AE%D8%A7%D9%86%D9%87-%D9%87%D8%A7%DB%8C-%D8%AF%D8%A7%D9%86%D8%B4%DA%AF%D8%A7%D9%87-%D8%A7%D8%B5%D9%81%D9%87%D8%A7%D9%86,verified,2026-08-12
isfahan-discovery-unit-library-fa0399139ef1,isfahan,کتابخانه مرکزی دانشگاه اصفهان | آئین نامه حفاظت و نگهداری از منابع، تجهیزات و فضاهای کتابخانه های دانشگاه اصفهان,library,,,,https://library.ui.ac.ir/%D8%A2%D8%A6%DB%8C%D9%86-%D9%86%D8%A7%D9%85%D9%87-%D8%AD%D9%81%D8%A7%D8%B8%D8%AA-%D9%88-%D9%86%DA%AF%D9%87%D8%AF%D8%A7%D8%B1%DB%8C-%D8%A7%D8%B2-%D9%85%D9%86%D8%A7%D8%A8%D8%B9%D8%8C-%D8%AA%D8%AC%D9%87%DB%8C%D8%B2%D8%A7%D8%AA-%D9%88-%D9%81%D8%B6%D8%A7%D9%87%D8%A7%DB%8C-%DA%A9%D8%AA%D8%A7%D8%A8%D8%AE%D8%A7%D9%86%D9%87-%D9%87%D8%A7%DB%8C-%D8%AF%D8%A7%D9%86%D8%B4%DA%AF%D8%A7%D9%87-%D8%A7%D8%B5%D9%81%D9%87%D8%A7%D9%86,verified,2026-08-12
isfahan-discovery-unit-library-d15a22151cd3,isfahan,کتابخانه مرکزی دانشگاه اصفهان | آئین نامه بازدید از کتابخانه های دانشگاه,library,,,,https://library.ui.ac.ir/%D8%A2%D8%A6%DB%8C%D9%86-%D9%86%D8%A7%D9%85%D9%87-%D8%A8%D8%A7%D8%B2%D8%AF%DB%8C%D8%AF-%D8%A7%D8%B2-%DA%A9%D8%AA%D8%A7%D8%A8%D8%AE%D8%A7%D9%86%D9%87-%D9%87%D8%A7%DB%8C-%D8%AF%D8%A7%D9%86%D8%B4%DA%AF%D8%A7%D9%87,verified,2026-08-12
isfahan-discovery-unit-library-aca33d5cd625,isfahan,کتابخانه مرکزی دانشگاه اصفهان | پایگاههای اطلاعاتی (کتابخانه دیجیتال),library,,,,https://library.ui.ac.ir/%D9%BE%D8%A7%DB%8C%DA%AF%D8%A7%D9%87%D9%87%D8%A7%DB%8C-%D8%A7%D8%B7%D9%84%D8%A7%D8%B9%D8%A7%D8%AA%DB%8C-(%DA%A9%D8%AA%D8%A7%D8%A8%D8%AE%D8%A7%D9%86%D9%87-%D8%AF%DB%8C%D8%AC%DB%8C%D8%AA%D8%A7%D9%84)-,verified,2026-08-12
isfahan-discovery-unit-library-236244b4592e,isfahan,کتابخانه مرکزی دانشگاه اصفهان | آئین نامه وجین منابع در کتابخانه های دانشگاه اصفهان- 1404,library,,,,https://library.ui.ac.ir/%D8%A2%D8%A6%DB%8C%D9%86-%D9%86%D8%A7%D9%85%D9%87-%D9%88%D8%AC%DB%8C%D9%86-%D9%85%D9%86%D8%A7%D8%A8%D8%B9-%D8%AF%D8%B1-%DA%A9%D8%AA%D8%A7%D8%A8%D8%AE%D8%A7%D9%86%D9%87-%D9%87%D8%A7%DB%8C-%D8%AF%D8%A7%D9%86%D8%B4%DA%AF%D8%A7%D9%87-%D8%A7%D8%B5%D9%81%D9%87%D8%A7%D9%86%E2%80%93-1404,verified,2026-08-12
kharazmi-discovery-unit-technology-80e2273cd79b,kharazmi,مرکز کارآفرینی و ارتباط با جامعه - دانشگاه خوارزمی - معاونت پژوهش و فناوری,technology,,,,https://research.khu.ac.ir/page/30242/%D9%85%D8%B1%DA%A9%D8%B2-%DA%A9%D8%A7%D8%B1%D8%A2%D9%81%D8%B1%DB%8C%D9%86%DB%8C-%D9%88-%D8%A7%D8%B1%D8%AA%D8%A8%D8%A7%D8%B7-%D8%A8%D8%A7-%D8%AC%D8%A7%D9%85%D8%B9%D9%87,verified,2026-08-12
kharazmi-discovery-unit-research-1773995cafea,kharazmi,دانشگاه خوارزمی - مدیریت امور پژوهشی,research,,,,https://respro.khu.ac.ir/,verified,2026-08-12
kharazmi-discovery-unit-technology-8e5c4778ea21,kharazmi,دانشگاه خوارزمی - مرکز رشد واحد های فناور,technology,,,,https://inc.khu.ac.ir/,verified,2026-08-12
kharazmi-discovery-unit-research-97cf6065c835,kharazmi,مدیریت امور پژوهشی - دانشگاه خوارزمی - معاونت پژوهش و فناوری,research,,,,https://research.khu.ac.ir/page/30287/%D9%85%D8%AF%DB%8C%D8%B1%DB%8C%D8%AA-%D8%A7%D9%85%D9%88%D8%B1-%D9%BE%DA%98%D9%88%D9%87%D8%B4%DB%8C,verified,2026-08-12
kharazmi-discovery-unit-technology-c29da9be565a,kharazmi,دانشگاه خوارزمی - جشنواره هفته پژوهش و فناوری استان البرز,technology,,,,https://alborz-research.khu.ac.ir/,verified,2026-08-12
kharazmi-discovery-unit-technology-a14737a294d7,kharazmi,دانشگاه خوارزمی - مرکز کار آفرینی و ارتباط با جامعه,technology,,,,https://ent.khu.ac.ir/,verified,2026-08-12
allameh-discovery-unit-library-ee449a9a9f64,allameh,کتابخانه کتاب کتابخانه مرکزی و مرکز اسناد دانشگاه علامه طباطبائی,library,,,,https://library.atu.ac.ir/fa/tag/11771/%DA%A9%D8%AA%D8%A7%D8%A8%D8%AE%D8%A7%D9%86%D9%87+%DA%A9%D8%AA%D8%A7%D8%A8+%DA%A9%D8%AA%D8%A7%D8%A8%D8%AE%D8%A7%D9%86%D9%87+%D9%85%D8%B1%DA%A9%D8%B2%DB%8C+%D9%88+%D9%85%D8%B1%DA%A9%D8%B2+%D8%A7%D8%B3%D9%86%D8%A7%D8%AF+%D8%AF%D8%A7%D9%86%D8%B4%DA%AF%D8%A7%D9%87+%D8%B9%D9%84%D8%A7%D9%85%D9%87+%D8%B7%D8%A8%D8%A7%D8%B7%D8%A8%D8%A7%D8%A6%DB%8C,verified,2026-08-12
allameh-discovery-unit-library-7d9a53c2ba61,allameh,کتابخانه مرکزی و مرکز اسناد دانشگاه علامه طباطبایی,library,,,,https://library.atu.ac.ir/fa/tag/11747/%DA%A9%D8%AA%D8%A7%D8%A8%D8%AE%D8%A7%D9%86%D9%87+%D9%85%D8%B1%DA%A9%D8%B2%DB%8C+%D9%88+%D9%85%D8%B1%DA%A9%D8%B2+%D8%A7%D8%B3%D9%86%D8%A7%D8%AF+%D8%AF%D8%A7%D9%86%D8%B4%DA%AF%D8%A7%D9%87+%D8%B9%D9%84%D8%A7%D9%85%D9%87+%D8%B7%D8%A8%D8%A7%D8%B7%D8%A8%D8%A7%DB%8C%DB%8C,verified,2026-08-12
allameh-discovery-unit-library-7f1f8ebc7e55,allameh,کتابخانه مرکزی دانشگاه علامه طباطبایی,library,,,,https://library.atu.ac.ir/fa/tag/11576/%DA%A9%D8%AA%D8%A7%D8%A8%D8%AE%D8%A7%D9%86%D9%87+%D9%85%D8%B1%DA%A9%D8%B2%DB%8C+%D8%AF%D8%A7%D9%86%D8%B4%DA%AF%D8%A7%D9%87+%D8%B9%D9%84%D8%A7%D9%85%D9%87+%D8%B7%D8%A8%D8%A7%D8%B7%D8%A8%D8%A7%DB%8C%DB%8C,verified,2026-08-12
allameh-discovery-unit-library-7a750e6ded3e,allameh,اعلام ساعات کار کتابخانه مرکزی دانشگاه در تعطیلات مرداد ماه,library,,,,https://library.atu.ac.ir/fa/news/32492,verified,2026-08-12
allameh-discovery-unit-library-f46af6a86417,allameh,تعطیلی کتابخانه مرکزی دانشگاه به مناسبت تشییع و تدفین قائد شهید انقلاب اسلامی,library,,,,https://library.atu.ac.ir/fa/news/32378,verified,2026-08-12
allameh-discovery-unit-library-b6042be23994,allameh,بازدید از کتابخانه مرکزی دانشگاه علامه طباطبایی,library,,,,https://library.atu.ac.ir/fa/news/32625,verified,2026-08-12
allameh-discovery-unit-library-c85634f49d2c,allameh,محفل نقد کتاب در کتابخانه مرکزی شکل می‌گیرد,library,,,,https://library.atu.ac.ir/fa/news/30487,verified,2026-08-12
allameh-discovery-unit-library-a7b05b6259a7,allameh,با امکانات و قوانین امانت کتب در کتابخانه مرکزی دانشگاه بیشتر آشنا شوید,library,,,,https://library.atu.ac.ir/fa/news/31886,verified,2026-08-12
allameh-discovery-unit-library-bc7620459e00,allameh,دربارۀ کتابخانه - کتابخانه مرکزی و مرکز اسناد دانشگاه,library,,,,https://library.atu.ac.ir/fa/page/3956/%D8%AF%D8%B1%D8%A8%D8%A7%D8%B1%DB%80-%DA%A9%D8%AA%D8%A7%D8%A8%D8%AE%D8%A7%D9%86%D9%87,verified,2026-08-12
allameh-discovery-unit-library-9fe196766dd5,allameh,تعطیلی کتابخانه دانشگاه در روز جمعه 24 بهمن ماه,library,,,,https://library.atu.ac.ir/fa/news/31674,verified,2026-08-12
allameh-discovery-unit-library-e0e6890ba8f7,allameh,نمایش و نقد قسمت دوم مستند ایرانشهر در کتابخانه مرکزی دانشگاه علامه طباطبایی,library,,,,https://library.atu.ac.ir/fa/news/31243,verified,2026-08-12
allameh-discovery-unit-library-9c4939ea2e81,allameh,اداره خدمات کاربران - کتابخانه مرکزی و مرکز اسناد دانشگاه,library,,,,https://library.atu.ac.ir/fa/page/9350/%D8%A7%D8%AF%D8%A7%D8%B1%D9%87-%D8%AE%D8%AF%D9%85%D8%A7%D8%AA-%DA%A9%D8%A7%D8%B1%D8%A8%D8%B1%D8%A7%D9%86,verified,2026-08-12
allameh-discovery-unit-library-b5d1b7fb714e,allameh,نمایش و نقد قسمت دوم مستند ایرانشهر در کتابخانه مرکزی دانشگاه علامه طباطبایی,library,,,,https://library.atu.ac.ir/fa/news/31243/%D9%86%D9%85%D8%A7%DB%8C%D8%B4-%D9%88-%D9%86%D9%82%D8%AF-%D9%82%D8%B3%D9%85%D8%AA-%D8%AF%D9%88%D9%85-%D9%85%D8%B3%D8%AA%D9%86%D8%AF-%D8%A7%DB%8C%D8%B1%D8%A7%D9%86%D8%B4%D9%87%D8%B1-%D8%AF%D8%B1-%DA%A9%D8%AA%D8%A7%D8%A8%D8%AE%D8%A7%D9%86%D9%87-%D9%85%D8%B1%DA%A9%D8%B2%DB%8C-%D8%AF%D8%A7%D9%86%D8%B4%DA%AF%D8%A7%D9%87-%D8%B9%D9%84%D8%A7%D9%85%D9%87-%D8%B7%D8%A8%D8%A7%D8%B7%D8%A8%D8%A7%DB%8C%DB%8C,verified,2026-08-12
allameh-discovery-unit-library-e9c76941f9b5,allameh,تعطیلی کتابخانه مرکزی دانشگاه به مناسبت تشییع و تدفین قائد شهید انقلاب اسلامی,library,,,,https://library.atu.ac.ir/fa/news/32378/%D8%AA%D8%B9%D8%B7%DB%8C%D9%84%DB%8C-%DA%A9%D8%AA%D8%A7%D8%A8%D8%AE%D8%A7%D9%86%D9%87-%D9%85%D8%B1%DA%A9%D8%B2%DB%8C-%D8%AF%D8%A7%D9%86%D8%B4%DA%AF%D8%A7%D9%87-%D8%A8%D9%87-%D9%85%D9%86%D8%A7%D8%B3%D8%A8%D8%AA-%D8%AA%D8%B4%DB%8C%DB%8C%D8%B9-%D9%88-%D8%AA%D8%AF%D9%81%DB%8C%D9%86-%D9%82%D8%A7%D8%A6%D8%AF-%D8%B4%D9%87%DB%8C%D8%AF-%D8%A7%D9%86%D9%82%D9%84%D8%A7%D8%A8-%D8%A7%D8%B3%D9%84%D8%A7%D9%85%DB%8C,verified,2026-08-12
allameh-discovery-unit-library-b2be1a4396ef,allameh,اهدای مجموعه‌ای از آثار دکتر محمد ابوالکلام سرکار به کتابخانه مرکزی دانشگاه,library,,,,https://library.atu.ac.ir/fa/news/30728/%D8%A7%D9%87%D8%AF%D8%A7%DB%8C-%D9%85%D8%AC%D9%85%D9%88%D8%B9%D9%87-%D8%A7%DB%8C-%D8%A7%D8%B2-%D8%A2%D8%AB%D8%A7%D8%B1-%D8%AF%DA%A9%D8%AA%D8%B1-%D9%85%D8%AD%D9%85%D8%AF-%D8%A7%D8%A8%D9%88%D8%A7%D9%84%DA%A9%D9%84%D8%A7%D9%85-%D8%B3%D8%B1%DA%A9%D8%A7%D8%B1-%D8%A8%D9%87-%DA%A9%D8%AA%D8%A7%D8%A8%D8%AE%D8%A7%D9%86%D9%87-%D9%85%D8%B1%DA%A9%D8%B2%DB%8C-%D8%AF%D8%A7%D9%86%D8%B4%DA%AF%D8%A7%D9%87,verified,2026-08-12
allameh-discovery-unit-library-cfcc80bc3337,allameh,نحوه تسویه و‌تحویل فایل پایان نامه/رساله به کتابخانه مرکزی در شرایط قطعی اینترنت,library,,,,https://library.atu.ac.ir/fa/news/31958/%D9%86%D8%AD%D9%88%D9%87-%D8%AA%D8%B3%D9%88%DB%8C%D9%87-%D9%88-%D8%AA%D8%AD%D9%88%DB%8C%D9%84-%D9%81%D8%A7%DB%8C%D9%84-%D9%BE%D8%A7%DB%8C%D8%A7%D9%86-%D9%86%D8%A7%D9%85%D9%87-%D8%B1%D8%B3%D8%A7%D9%84%D9%87-%D8%A8%D9%87-%DA%A9%D8%AA%D8%A7%D8%A8%D8%AE%D8%A7%D9%86%D9%87-%D9%85%D8%B1%DA%A9%D8%B2%DB%8C-%D8%AF%D8%B1-%D8%B4%D8%B1%D8%A7%DB%8C%D8%B7-%D9%82%D8%B7%D8%B9%DB%8C-%D8%A7%DB%8C%D9%86%D8%AA%D8%B1%D9%86%D8%AA,verified,2026-08-12
allameh-discovery-unit-library-62b5962391cc,allameh,برگزاری نشست کاربست هوش مصنوعی در علوم انسانی و اجتماعی در کتابخانه مرکزی,library,,,,https://library.atu.ac.ir/fa/news/32352/%D8%A8%D8%B1%DA%AF%D8%B2%D8%A7%D8%B1%DB%8C-%D9%86%D8%B4%D8%B3%D8%AA-%DA%A9%D8%A7%D8%B1%D8%A8%D8%B3%D8%AA-%D9%87%D9%88%D8%B4-%D9%85%D8%B5%D9%86%D9%88%D8%B9%DB%8C-%D8%AF%D8%B1-%D8%B9%D9%84%D9%88%D9%85-%D8%A7%D9%86%D8%B3%D8%A7%D9%86%DB%8C-%D9%88-%D8%A7%D8%AC%D8%AA%D9%85%D8%A7%D8%B9%DB%8C-%D8%AF%D8%B1-%DA%A9%D8%AA%D8%A7%D8%A8%D8%AE%D8%A7%D9%86%D9%87-%D9%85%D8%B1%DA%A9%D8%B2%DB%8C,verified,2026-08-12
allameh-discovery-unit-library-e7fbd22ca69f,allameh,بازدید دبیران کانون های ایرانشناسی و گردشگری منطقه یک از کتابخانه مرکزی دانشگاه,library,,,,https://library.atu.ac.ir/fa/news/32321/%D8%A8%D8%A7%D8%B2%D8%AF%DB%8C%D8%AF-%D8%AF%D8%A8%DB%8C%D8%B1%D8%A7%D9%86-%DA%A9%D8%A7%D9%86%D9%88%D9%86-%D9%87%D8%A7%DB%8C-%D8%A7%DB%8C%D8%B1%D8%A7%D9%86%D8%B4%D9%86%D8%A7%D8%B3%DB%8C-%D9%88-%DA%AF%D8%B1%D8%AF%D8%B4%DA%AF%D8%B1%DB%8C-%D9%85%D9%86%D8%B7%D9%82%D9%87-%DB%8C%DA%A9-%D8%A7%D8%B2-%DA%A9%D8%AA%D8%A7%D8%A8%D8%AE%D8%A7%D9%86%D9%87-%D9%85%D8%B1%DA%A9%D8%B2%DB%8C-%D8%AF%D8%A7%D9%86%D8%B4%DA%AF%D8%A7%D9%87,verified,2026-08-12
allameh-discovery-unit-library-019235eca638,allameh,بازدید از کتابخانه مرکزی دانشگاه علامه طباطبایی,library,,,,https://library.atu.ac.ir/fa/news/32625/%D8%A8%D8%A7%D8%B2%D8%AF%DB%8C%D8%AF-%D8%A7%D8%B2-%DA%A9%D8%AA%D8%A7%D8%A8%D8%AE%D8%A7%D9%86%D9%87-%D9%85%D8%B1%DA%A9%D8%B2%DB%8C-%D8%AF%D8%A7%D9%86%D8%B4%DA%AF%D8%A7%D9%87-%D8%B9%D9%84%D8%A7%D9%85%D9%87-%D8%B7%D8%A8%D8%A7%D8%B7%D8%A8%D8%A7%DB%8C%DB%8C,verified,2026-08-12
allameh-discovery-unit-library-ea93b5fd8508,allameh,محفل نقد کتاب در کتابخانه مرکزی شکل می‌گیرد,library,,,,https://library.atu.ac.ir/fa/news/30487/%D9%85%D8%AD%D9%81%D9%84-%D9%86%D9%82%D8%AF-%DA%A9%D8%AA%D8%A7%D8%A8-%D8%AF%D8%B1-%DA%A9%D8%AA%D8%A7%D8%A8%D8%AE%D8%A7%D9%86%D9%87-%D9%85%D8%B1%DA%A9%D8%B2%DB%8C-%D8%B4%DA%A9%D9%84-%D9%85%DB%8C-%DA%AF%DB%8C%D8%B1%D8%AF,verified,2026-08-12
allameh-discovery-unit-library-a9ff1e1f883d,allameh,اطلاعیه ها - کتابخانه مرکزی و مرکز اسناد دانشگاه,library,,,,https://library.atu.ac.ir/fa/news/category/608,verified,2026-08-12
allameh-discovery-unit-library-9a380cad9103,allameh,تعطیلی کتابخانه روز پنج‌شنبه,library,,,,https://library.atu.ac.ir/fa/news/30242,verified,2026-08-12
allameh-discovery-unit-library-235c5858b79e,allameh,کتابخانه إثراء؛ جایی در قلب صحرای ظهران,library,,,,https://library.atu.ac.ir/fa/news/30202,verified,2026-08-12
allameh-discovery-unit-library-8c339e604102,allameh,اعلام ساعت کار کتابخانه تا پایان زمستان,library,,,,https://library.atu.ac.ir/fa/news/31596/%D8%A7%D8%B9%D9%84%D8%A7%D9%85-%D8%B3%D8%A7%D8%B9%D8%AA-%DA%A9%D8%A7%D8%B1-%DA%A9%D8%AA%D8%A7%D8%A8%D8%AE%D8%A7%D9%86%D9%87-%D8%AA%D8%A7-%D9%BE%D8%A7%DB%8C%D8%A7%D9%86-%D8%B2%D9%85%D8%B3%D8%AA%D8%A7%D9%86,verified,2026-08-12
allameh-discovery-unit-library-879ae271b813,allameh,تعطیلی کتابخانه دانشگاه در روز جمعه 24 بهمن ماه,library,,,,https://library.atu.ac.ir/fa/news/31674/%D8%AA%D8%B9%D8%B7%DB%8C%D9%84%DB%8C-%DA%A9%D8%AA%D8%A7%D8%A8%D8%AE%D8%A7%D9%86%D9%87-%D8%AF%D8%A7%D9%86%D8%B4%DA%AF%D8%A7%D9%87-%D8%AF%D8%B1-%D8%B1%D9%88%D8%B2-%D8%AC%D9%85%D8%B9%D9%87-24-%D8%A8%D9%87%D9%85%D9%86-%D9%85%D8%A7%D9%87,verified,2026-08-12
allameh-discovery-unit-library-9541b0173b44,allameh,تقدیر رئیس ایرانداک از کتابدار نوآور روشندل کتابخانه مرکزی دانشگاه علامه طباطبائی,library,,,,https://library.atu.ac.ir/fa/news/30186,verified,2026-08-12
allameh-discovery-unit-library-79784ff7832c,allameh,اهدای مجموعه‌ای از آثار دکتر محمد ابوالکلام سرکار به کتابخانه مرکزی دانشگاه,library,,,,https://library.atu.ac.ir/fa/news/30728,verified,2026-08-12
allameh-discovery-unit-library-0e113a805043,allameh,فرم درخواست تدوین سرفصل دروس برای اعضای هیئت علمی,library,,,,https://library.atu.ac.ir/fa/form/489,verified,2026-08-12
allameh-discovery-unit-research-5abe3b9f565a,allameh,نماهنگ تقدیر از کارشناسان پژوهش، پارک، بین الملل و کتابداران دانشگاه,research,,,,https://library.atu.ac.ir/fa/news/30669,verified,2026-08-12
allameh-discovery-unit-library-72226663a85a,allameh,دانشگاه علامه طباطبائی,library,,,,https://atu.ac.ir/fa,verified,2026-08-12
guilan-discovery-unit-library-6fa70df9b019,guilan,رئیس مرکز اسناد، کتابخانه و نشر دانشگاه منصوب شد - معاونت پژوهش و فناوری,library,,,,https://resvp.guilan.ac.ir/fa/w/%D8%B1%D8%A6%DB%8C%D8%B3-%D9%85%D8%B1%DA%A9%D8%B2-%D8%A7%D8%B3%D9%86%D8%A7%D8%AF%D8%8C-%DA%A9%D8%AA%D8%A7%D8%A8%D8%AE%D8%A7%D9%86%D9%87-%D9%88-%D9%86%D8%B4%D8%B1-%D8%AF%D8%A7%D9%86%D8%B4%DA%AF%D8%A7%D9%87-%D9%85%D9%86%D8%B5%D9%88%D8%A8-%D8%B4%D8%AF-2?redirect=%2Ffa%2Fw%2F%25D9%2585%25D8%25AF%25DB%258C%25D8%25B1-%25D9%25BE%25DA%2598%25D9%2588%25D9%2587%25D8%25B4%25DB%258C-%25D8%25AF%25D8%25A7%25D9%2586%25D8%25B4%25DA%25AF%25D8%25A7%25D9%2587-%25D9%2585%25D9%2586%25D8%25B5%25D9%2588%25D8%25A8-%25D8%25B4%25D8%25AF%3Fredirect%3D%252F,verified,2026-08-12
guilan-discovery-unit-library-dea2386032c4,guilan,رئیس مرکز اسناد، کتابخانه و نشر دانشگاه منصوب شد - معاونت پژوهش و فناوری,library,,,,https://resvp.guilan.ac.ir/fa/w/%D8%B1%D8%A6%DB%8C%D8%B3-%D9%85%D8%B1%DA%A9%D8%B2-%D8%A7%D8%B3%D9%86%D8%A7%D8%AF%D8%8C-%DA%A9%D8%AA%D8%A7%D8%A8%D8%AE%D8%A7%D9%86%D9%87-%D9%88-%D9%86%D8%B4%D8%B1-%D8%AF%D8%A7%D9%86%D8%B4%DA%AF%D8%A7%D9%87-%D9%85%D9%86%D8%B5%D9%88%D8%A8-%D8%B4%D8%AF-2?redirect=%2Ffa%2Fw%2F%25D8%25A8%25D8%25B1%25DA%25AF%25D8%25B2%25D8%25A7%25D8%25B1%25DB%258C-%25D9%2586%25D8%25B4%25D8%25B3%25D8%25AA-%25D9%2585%25D8%25B4%25D8%25AA%25D8%25B1%25DA%25A9-%25D8%25AF%25D8%25A7%25D9%2586%25D8%25B4%25DA%25AF%25D8%25A7%25D9%2587-%25DA%25AF%25DB%258C%25D9%2584%25D8%25A7%25D9%2586-%25D9%2588-%25D8%25B3%25D8%25A7%25D8%25B2%25D9%2585%25D8%25A7%25D9%2586-%25D9%2585%25D9%2586%25D8%25B7%25D9%2582%25D9%2587-%25D8%25A2%3Fredirect%3D%252F,verified,2026-08-12
guilan-discovery-unit-library-9866e9a5db87,guilan,رئیس مرکز اسناد، کتابخانه و نشر دانشگاه منصوب شد - معاونت پژوهش و فناوری,library,,,,https://resvp.guilan.ac.ir/fa/w/%D8%B1%D8%A6%DB%8C%D8%B3-%D9%85%D8%B1%DA%A9%D8%B2-%D8%A7%D8%B3%D9%86%D8%A7%D8%AF%D8%8C-%DA%A9%D8%AA%D8%A7%D8%A8%D8%AE%D8%A7%D9%86%D9%87-%D9%88-%D9%86%D8%B4%D8%B1-%D8%AF%D8%A7%D9%86%D8%B4%DA%AF%D8%A7%D9%87-%D9%85%D9%86%D8%B5%D9%88%D8%A8-%D8%B4%D8%AF-2?redirect=%2Ffa%2Fw%2F%25D9%2585%25D8%25AF%25DB%258C%25D8%25B1-%25D9%25BE%25DA%2598%25D9%2588%25D9%2587%25D8%25B4%25DB%258C-%25D8%25AF%25D8%25A7%25D9%2586%25D8%25B4%25DA%25AF%25D8%25A7%25D9%2587-%25D9%2585%25D9%2586%25D8%25B5%25D9%2588%25D8%25A8-%25D8%25B4%25D8%25AF%3Fredirect%3D%252Ffa%252Fw%252F%2525D8%2525B1%2525D8%2525A6%2525DB%25258C%2525D8%2525B3-%2525D9%252585%2525D8%2525B1%2525DA%2525A9%2525D8%2525B2-%2525D8%2525A7%2525D8%2525B3%2525D9%252586%2525D8%2525A7%2525D8%2525AF%2525D8%25258C-%2525DA%2525A9%2525D8%2525AA%2525D8%2525A7%2525D8%2525A8%2525D8%2525AE%2525D8%2525A7%2525D9%252586%2525D9%252587-%2525D9%252588-%2525D9%252586%2525D8%2525B4%2525D8%2525B1-%2525D8%2525AF%2525D8%2525A7%2525D9%252586%2525D8%2525B4%2525DA%2525AF%2525D8%2525A7%2525D9%252587-%2525D9%252585%2525D9%252586%2525D8%2525B5%2525D9%252588%2525D8%2525A8-%2525D8%2525B4%2525D8%2525AF-2%253Fredirect%253D%25252Ffa%25252Fw%25252F%252525D8%252525B1%252525D8%252525A6%252525DB%2525258C%252525D8%252525B3-%252525D9%25252585%252525D8%252525B1%252525DA%252525A9%252525D8%252525B2-%252525D8%252525A7%252525D8%252525B3%252525D9%25252586%252525D8%252525A7%252525D8%252525AF%252525D8%2525258C-%252525DA%252525A9%252525D8%252525AA%252525D8%252525A7%252525D8%252525A8%252525D8%252525AE%252525D8%252525A7%252525D9%25252586%252525D9%25252587-%252525D9%25252588-%252525D9%25252586%252525D8%252525B4%252525D8%252525B1-%252525D8%252525AF%252525D8%252525A7%252525D9%25252586%252525D8%252525B4%252525DA%252525AF%252525D8%252525A7%252525D9%25252587-%252525D9%25252585%252525D9%25252586%252525D8%252525B5%252525D9%25252588%252525D8%252525A8-%252525D8%252525B4%252525D8%252525AF-2,verified,2026-08-12
guilan-discovery-unit-library-84fc345b98a4,guilan,رئیس مرکز اسناد، کتابخانه و نشر دانشگاه منصوب شد - معاونت پژوهش و فناوری,library,,,,https://resvp.guilan.ac.ir/fa/w/%D8%B1%D8%A6%DB%8C%D8%B3-%D9%85%D8%B1%DA%A9%D8%B2-%D8%A7%D8%B3%D9%86%D8%A7%D8%AF%D8%8C-%DA%A9%D8%AA%D8%A7%D8%A8%D8%AE%D8%A7%D9%86%D9%87-%D9%88-%D9%86%D8%B4%D8%B1-%D8%AF%D8%A7%D9%86%D8%B4%DA%AF%D8%A7%D9%87-%D9%85%D9%86%D8%B5%D9%88%D8%A8-%D8%B4%D8%AF-2?redirect=%2Ffa%2Fw%2F%25D8%25A8%25D8%25B1%25DA%25AF%25D8%25B2%25D8%25A7%25D8%25B1%25DB%258C-%25D9%2586%25D8%25B4%25D8%25B3%25D8%25AA-%25D9%2585%25D8%25B4%25D8%25AA%25D8%25B1%25DA%25A9-%25D8%25AF%25D8%25A7%25D9%2586%25D8%25B4%25DA%25AF%25D8%25A7%25D9%2587-%25DA%25AF%25DB%258C%25D9%2584%25D8%25A7%25D9%2586-%25D9%2588-%25D8%25B3%25D8%25A7%25D8%25B2%25D9%2585%25D8%25A7%25D9%2586-%25D9%2585%25D9%2586%25D8%25B7%25D9%2582%25D9%2587-%25D8%25A2%3Fredirect%3D%252Ffa%252Fw%252F%2525D8%2525B1%2525D8%2525A6%2525DB%25258C%2525D8%2525B3-%2525D9%252585%2525D8%2525B1%2525DA%2525A9%2525D8%2525B2-%2525D8%2525A7%2525D8%2525B3%2525D9%252586%2525D8%2525A7%2525D8%2525AF%2525D8%25258C-%2525DA%2525A9%2525D8%2525AA%2525D8%2525A7%2525D8%2525A8%2525D8%2525AE%2525D8%2525A7%2525D9%252586%2525D9%252587-%2525D9%252588-%2525D9%252586%2525D8%2525B4%2525D8%2525B1-%2525D8%2525AF%2525D8%2525A7%2525D9%252586%2525D8%2525B4%2525DA%2525AF%2525D8%2525A7%2525D9%252587-%2525D9%252585%2525D9%252586%2525D8%2525B5%2525D9%252588%2525D8%2525A8-%2525D8%2525B4%2525D8%2525AF-2,verified,2026-08-12
guilan-discovery-unit-library-485d13f59839,guilan,رئیس مرکز اسناد، کتابخانه و نشر دانشگاه منصوب شد - معاونت پژوهش و فناوری,library,,,,https://resvp.guilan.ac.ir/fa/w/%D8%B1%D8%A6%DB%8C%D8%B3-%D9%85%D8%B1%DA%A9%D8%B2-%D8%A7%D8%B3%D9%86%D8%A7%D8%AF%D8%8C-%DA%A9%D8%AA%D8%A7%D8%A8%D8%AE%D8%A7%D9%86%D9%87-%D9%88-%D9%86%D8%B4%D8%B1-%D8%AF%D8%A7%D9%86%D8%B4%DA%AF%D8%A7%D9%87-%D9%85%D9%86%D8%B5%D9%88%D8%A8-%D8%B4%D8%AF-2?redirect=%2Ffa%2Fw%2F%25D9%2585%25D8%25AF%25DB%258C%25D8%25B1-%25D9%25BE%25DA%2598%25D9%2588%25D9%2587%25D8%25B4%25DB%258C-%25D8%25AF%25D8%25A7%25D9%2586%25D8%25B4%25DA%25AF%25D8%25A7%25D9%2587-%25D9%2585%25D9%2586%25D8%25B5%25D9%2588%25D8%25A8-%25D8%25B4%25D8%25AF%3Fredirect%3D%252Ffa%252Fw%252F%2525D9%252585%2525D8%2525AF%2525DB%25258C%2525D8%2525B1-%2525D9%2525BE%2525DA%252598%2525D9%252588%2525D9%252587%2525D8%2525B4%2525DB%25258C-%2525D8%2525AF%2525D8%2525A7%2525D9%252586%2525D8%2525B4%2525DA%2525AF%2525D8%2525A7%2525D9%252587-%2525D9%252585%2525D9%252586%2525D8%2525B5%2525D9%252588%2525D8%2525A8-%2525D8%2525B4%2525D8%2525AF%253Fredirect%253D%25252Ffa%25252Fw%25252F%252525D8%252525B1%252525D8%252525A6%252525DB%2525258C%252525D8%252525B3-%252525D9%25252585%252525D8%252525B1%252525DA%252525A9%252525D8%252525B2-%252525D8%252525A7%252525D8%252525B3%252525D9%25252586%252525D8%252525A7%252525D8%252525AF%252525D8%2525258C-%252525DA%252525A9%252525D8%252525AA%252525D8%252525A7%252525D8%252525A8%252525D8%252525AE%252525D8%252525A7%252525D9%25252586%252525D9%25252587-%252525D9%25252588-%252525D9%25252586%252525D8%252525B4%252525D8%252525B1-%252525D8%252525AF%252525D8%252525A7%252525D9%25252586%252525D8%252525B4%252525DA%252525AF%252525D8%252525A7%252525D9%25252587-%252525D9%25252585%252525D9%25252586%252525D8%252525B5%252525D9%25252588%252525D8%252525A8-%252525D8%252525B4%252525D8%252525AF-2,verified,2026-08-12
guilan-discovery-unit-industry-ae667cc38e13,guilan,برگزاری نشست مشترک دانشگاه گیلان و سازمان منطقه آزاد انزلی برای تدوین سند توسعه صنایع خلاق - معاونت پژوهش و فناوری,industry,,,,https://resvp.guilan.ac.ir/fa/w/%D8%A8%D8%B1%DA%AF%D8%B2%D8%A7%D8%B1%DB%8C-%D9%86%D8%B4%D8%B3%D8%AA-%D9%85%D8%B4%D8%AA%D8%B1%DA%A9-%D8%AF%D8%A7%D9%86%D8%B4%DA%AF%D8%A7%D9%87-%DA%AF%DB%8C%D9%84%D8%A7%D9%86-%D9%88-%D8%B3%D8%A7%D8%B2%D9%85%D8%A7%D9%86-%D9%85%D9%86%D8%B7%D9%82%D9%87-%D8%A2?redirect=%2F,verified,2026-08-12
guilan-discovery-unit-industry-eb8458ffe1e8,guilan,برگزاری نشست مشترک دانشگاه گیلان و سازمان منطقه آزاد انزلی برای تدوین سند توسعه صنایع خلاق - معاونت پژوهش و فناوری,industry,,,,https://resvp.guilan.ac.ir/fa/w/%D8%A8%D8%B1%DA%AF%D8%B2%D8%A7%D8%B1%DB%8C-%D9%86%D8%B4%D8%B3%D8%AA-%D9%85%D8%B4%D8%AA%D8%B1%DA%A9-%D8%AF%D8%A7%D9%86%D8%B4%DA%AF%D8%A7%D9%87-%DA%AF%DB%8C%D9%84%D8%A7%D9%86-%D9%88-%D8%B3%D8%A7%D8%B2%D9%85%D8%A7%D9%86-%D9%85%D9%86%D8%B7%D9%82%D9%87-%D8%A2?redirect=%2Ffa%2Fw%2F%25D8%25B1%25D8%25A6%25DB%258C%25D8%25B3-%25D9%2585%25D8%25B1%25DA%25A9%25D8%25B2-%25D8%25A7%25D8%25B3%25D9%2586%25D8%25A7%25D8%25AF%25D8%258C-%25DA%25A9%25D8%25AA%25D8%25A7%25D8%25A8%25D8%25AE%25D8%25A7%25D9%2586%25D9%2587-%25D9%2588-%25D9%2586%25D8%25B4%25D8%25B1-%25D8%25AF%25D8%25A7%25D9%2586%25D8%25B4%25DA%25AF%25D8%25A7%25D9%2587-%25D9%2585%25D9%2586%25D8%25B5%25D9%2588%25D8%25A8-%25D8%25B4%25D8%25AF-2%3Fredirect%3D%252Ffa%252Fw%252F%2525D8%2525B1%2525D8%2525A6%2525DB%25258C%2525D8%2525B3-%2525D9%252585%2525D8%2525B1%2525DA%2525A9%2525D8%2525B2-%2525D8%2525A7%2525D8%2525B3%2525D9%252586%2525D8%2525A7%2525D8%2525AF%2525D8%25258C-%2525DA%2525A9%2525D8%2525AA%2525D8%2525A7%2525D8%2525A8%2525D8%2525AE%2525D8%2525A7%2525D9%252586%2525D9%252587-%2525D9%252588-%2525D9%252586%2525D8%2525B4%2525D8%2525B1-%2525D8%2525AF%2525D8%2525A7%2525D9%252586%2525D8%2525B4%2525DA%2525AF%2525D8%2525A7%2525D9%252587-%2525D9%252585%2525D9%252586%2525D8%2525B5%2525D9%252588%2525D8%2525A8-%2525D8%2525B4%2525D8%2525AF-2,verified,2026-08-12
guilan-discovery-unit-industry-a9a118ef8e08,guilan,برگزاری نشست مشترک دانشگاه گیلان و سازمان منطقه آزاد انزلی برای تدوین سند توسعه صنایع خلاق - معاونت پژوهش و فناوری,industry,,,,https://resvp.guilan.ac.ir/fa/w/%D8%A8%D8%B1%DA%AF%D8%B2%D8%A7%D8%B1%DB%8C-%D9%86%D8%B4%D8%B3%D8%AA-%D9%85%D8%B4%D8%AA%D8%B1%DA%A9-%D8%AF%D8%A7%D9%86%D8%B4%DA%AF%D8%A7%D9%87-%DA%AF%DB%8C%D9%84%D8%A7%D9%86-%D9%88-%D8%B3%D8%A7%D8%B2%D9%85%D8%A7%D9%86-%D9%85%D9%86%D8%B7%D9%82%D9%87-%D8%A2?redirect=%2Ffa%2Fw%2F%25D9%2585%25D8%25AF%25DB%258C%25D8%25B1-%25D9%25BE%25DA%2598%25D9%2588%25D9%2587%25D8%25B4%25DB%258C-%25D8%25AF%25D8%25A7%25D9%2586%25D8%25B4%25DA%25AF%25D8%25A7%25D9%2587-%25D9%2585%25D9%2586%25D8%25B5%25D9%2588%25D8%25A8-%25D8%25B4%25D8%25AF%3Fredirect%3D%252F,verified,2026-08-12
guilan-discovery-unit-industry-36b6c31b13fa,guilan,برگزاری نشست مشترک دانشگاه گیلان و سازمان منطقه آزاد انزلی برای تدوین سند توسعه صنایع خلاق - معاونت پژوهش و فناوری,industry,,,,https://resvp.guilan.ac.ir/fa/w/%D8%A8%D8%B1%DA%AF%D8%B2%D8%A7%D8%B1%DB%8C-%D9%86%D8%B4%D8%B3%D8%AA-%D9%85%D8%B4%D8%AA%D8%B1%DA%A9-%D8%AF%D8%A7%D9%86%D8%B4%DA%AF%D8%A7%D9%87-%DA%AF%DB%8C%D9%84%D8%A7%D9%86-%D9%88-%D8%B3%D8%A7%D8%B2%D9%85%D8%A7%D9%86-%D9%85%D9%86%D8%B7%D9%82%D9%87-%D8%A2?redirect=%2Ffa%2Fw%2F%25D8%25A8%25D8%25B1%25DA%25AF%25D8%25B2%25D8%25A7%25D8%25B1%25DB%258C-%25D9%2586%25D8%25B4%25D8%25B3%25D8%25AA-%25D9%2585%25D8%25B4%25D8%25AA%25D8%25B1%25DA%25A9-%25D8%25AF%25D8%25A7%25D9%2586%25D8%25B4%25DA%25AF%25D8%25A7%25D9%2587-%25DA%25AF%25DB%258C%25D9%2584%25D8%25A7%25D9%2586-%25D9%2588-%25D8%25B3%25D8%25A7%25D8%25B2%25D9%2585%25D8%25A7%25D9%2586-%25D9%2585%25D9%2586%25D8%25B7%25D9%2582%25D9%2587-%25D8%25A2%3Fredirect%3D%252F,verified,2026-08-12
guilan-discovery-unit-industry-59717e6a883b,guilan,برگزاری نشست مشترک دانشگاه گیلان و سازمان منطقه آزاد انزلی برای تدوین سند توسعه صنایع خلاق - معاونت پژوهش و فناوری,industry,,,,https://resvp.guilan.ac.ir/fa/w/%D8%A8%D8%B1%DA%AF%D8%B2%D8%A7%D8%B1%DB%8C-%D9%86%D8%B4%D8%B3%D8%AA-%D9%85%D8%B4%D8%AA%D8%B1%DA%A9-%D8%AF%D8%A7%D9%86%D8%B4%DA%AF%D8%A7%D9%87-%DA%AF%DB%8C%D9%84%D8%A7%D9%86-%D9%88-%D8%B3%D8%A7%D8%B2%D9%85%D8%A7%D9%86-%D9%85%D9%86%D8%B7%D9%82%D9%87-%D8%A2?redirect=%2Ffa%2Fw%2F%25D9%2585%25D8%25AF%25DB%258C%25D8%25B1-%25D9%25BE%25DA%2598%25D9%2588%25D9%2587%25D8%25B4%25DB%258C-%25D8%25AF%25D8%25A7%25D9%2586%25D8%25B4%25DA%25AF%25D8%25A7%25D9%2587-%25D9%2585%25D9%2586%25D8%25B5%25D9%2588%25D8%25A8-%25D8%25B4%25D8%25AF%3Fredirect%3D%252Ffa%252Fw%252F%2525D8%2525B1%2525D8%2525A6%2525DB%25258C%2525D8%2525B3-%2525D9%252585%2525D8%2525B1%2525DA%2525A9%2525D8%2525B2-%2525D8%2525A7%2525D8%2525B3%2525D9%252586%2525D8%2525A7%2525D8%2525AF%2525D8%25258C-%2525DA%2525A9%2525D8%2525AA%2525D8%2525A7%2525D8%2525A8%2525D8%2525AE%2525D8%2525A7%2525D9%252586%2525D9%252587-%2525D9%252588-%2525D9%252586%2525D8%2525B4%2525D8%2525B1-%2525D8%2525AF%2525D8%2525A7%2525D9%252586%2525D8%2525B4%2525DA%2525AF%2525D8%2525A7%2525D9%252587-%2525D9%252585%2525D9%252586%2525D8%2525B5%2525D9%252588%2525D8%2525A8-%2525D8%2525B4%2525D8%2525AF-2%253Fredirect%253D%25252Ffa%25252Fw%25252F%252525D8%252525B1%252525D8%252525A6%252525DB%2525258C%252525D8%252525B3-%252525D9%25252585%252525D8%252525B1%252525DA%252525A9%252525D8%252525B2-%252525D8%252525A7%252525D8%252525B3%252525D9%25252586%252525D8%252525A7%252525D8%252525AF%252525D8%2525258C-%252525DA%252525A9%252525D8%252525AA%252525D8%252525A7%252525D8%252525A8%252525D8%252525AE%252525D8%252525A7%252525D9%25252586%252525D9%25252587-%252525D9%25252588-%252525D9%25252586%252525D8%252525B4%252525D8%252525B1-%252525D8%252525AF%252525D8%252525A7%252525D9%25252586%252525D8%252525B4%252525DA%252525AF%252525D8%252525A7%252525D9%25252587-%252525D9%25252585%252525D9%25252586%252525D8%252525B5%252525D9%25252588%252525D8%252525A8-%252525D8%252525B4%252525D8%252525AF-2,verified,2026-08-12
guilan-discovery-unit-industry-edad84eb3515,guilan,برگزاری نشست مشترک دانشگاه گیلان و سازمان منطقه آزاد انزلی برای تدوین سند توسعه صنایع خلاق - معاونت پژوهش و فناوری,industry,,,,https://resvp.guilan.ac.ir/fa/w/%D8%A8%D8%B1%DA%AF%D8%B2%D8%A7%D8%B1%DB%8C-%D9%86%D8%B4%D8%B3%D8%AA-%D9%85%D8%B4%D8%AA%D8%B1%DA%A9-%D8%AF%D8%A7%D9%86%D8%B4%DA%AF%D8%A7%D9%87-%DA%AF%DB%8C%D9%84%D8%A7%D9%86-%D9%88-%D8%B3%D8%A7%D8%B2%D9%85%D8%A7%D9%86-%D9%85%D9%86%D8%B7%D9%82%D9%87-%D8%A2?redirect=%2Ffa%2Fw%2F%25D8%25A8%25D8%25B1%25DA%25AF%25D8%25B2%25D8%25A7%25D8%25B1%25DB%258C-%25D9%2586%25D8%25B4%25D8%25B3%25D8%25AA-%25D9%2585%25D8%25B4%25D8%25AA%25D8%25B1%25DA%25A9-%25D8%25AF%25D8%25A7%25D9%2586%25D8%25B4%25DA%25AF%25D8%25A7%25D9%2587-%25DA%25AF%25DB%258C%25D9%2584%25D8%25A7%25D9%2586-%25D9%2588-%25D8%25B3%25D8%25A7%25D8%25B2%25D9%2585%25D8%25A7%25D9%2586-%25D9%2585%25D9%2586%25D8%25B7%25D9%2582%25D9%2587-%25D8%25A2%3Fredirect%3D%252Ffa%252Fw%252F%2525D8%2525B1%2525D8%2525A6%2525DB%25258C%2525D8%2525B3-%2525D9%252585%2525D8%2525B1%2525DA%2525A9%2525D8%2525B2-%2525D8%2525A7%2525D8%2525B3%2525D9%252586%2525D8%2525A7%2525D8%2525AF%2525D8%25258C-%2525DA%2525A9%2525D8%2525AA%2525D8%2525A7%2525D8%2525A8%2525D8%2525AE%2525D8%2525A7%2525D9%252586%2525D9%252587-%2525D9%252588-%2525D9%252586%2525D8%2525B4%2525D8%2525B1-%2525D8%2525AF%2525D8%2525A7%2525D9%252586%2525D8%2525B4%2525DA%2525AF%2525D8%2525A7%2525D9%252587-%2525D9%252585%2525D9%252586%2525D8%2525B5%2525D9%252588%2525D8%2525A8-%2525D8%2525B4%2525D8%2525AF-2,verified,2026-08-12
guilan-discovery-unit-industry-10ccdefa836c,guilan,برگزاری نشست مشترک دانشگاه گیلان و سازمان منطقه آزاد انزلی برای تدوین سند توسعه صنایع خلاق - معاونت پژوهش و فناوری,industry,,,,https://resvp.guilan.ac.ir/fa/w/%D8%A8%D8%B1%DA%AF%D8%B2%D8%A7%D8%B1%DB%8C-%D9%86%D8%B4%D8%B3%D8%AA-%D9%85%D8%B4%D8%AA%D8%B1%DA%A9-%D8%AF%D8%A7%D9%86%D8%B4%DA%AF%D8%A7%D9%87-%DA%AF%DB%8C%D9%84%D8%A7%D9%86-%D9%88-%D8%B3%D8%A7%D8%B2%D9%85%D8%A7%D9%86-%D9%85%D9%86%D8%B7%D9%82%D9%87-%D8%A2?redirect=%2Ffa%2Fw%2F%25D9%2585%25D8%25AF%25DB%258C%25D8%25B1-%25D9%25BE%25DA%2598%25D9%2588%25D9%2587%25D8%25B4%25DB%258C-%25D8%25AF%25D8%25A7%25D9%2586%25D8%25B4%25DA%25AF%25D8%25A7%25D9%2587-%25D9%2585%25D9%2586%25D8%25B5%25D9%2588%25D8%25A8-%25D8%25B4%25D8%25AF%3Fredirect%3D%252Ffa%252Fw%252F%2525D9%252585%2525D8%2525AF%2525DB%25258C%2525D8%2525B1-%2525D9%2525BE%2525DA%252598%2525D9%252588%2525D9%252587%2525D8%2525B4%2525DB%25258C-%2525D8%2525AF%2525D8%2525A7%2525D9%252586%2525D8%2525B4%2525DA%2525AF%2525D8%2525A7%2525D9%252587-%2525D9%252585%2525D9%252586%2525D8%2525B5%2525D9%252588%2525D8%2525A8-%2525D8%2525B4%2525D8%2525AF%253Fredirect%253D%25252F,verified,2026-08-12
guilan-discovery-unit-industry-6173117b7110,guilan,برگزاری نشست مشترک دانشگاه گیلان و سازمان منطقه آزاد انزلی برای تدوین سند توسعه صنایع خلاق - معاونت پژوهش و فناوری,industry,,,,https://resvp.guilan.ac.ir/fa/w/%D8%A8%D8%B1%DA%AF%D8%B2%D8%A7%D8%B1%DB%8C-%D9%86%D8%B4%D8%B3%D8%AA-%D9%85%D8%B4%D8%AA%D8%B1%DA%A9-%D8%AF%D8%A7%D9%86%D8%B4%DA%AF%D8%A7%D9%87-%DA%AF%DB%8C%D9%84%D8%A7%D9%86-%D9%88-%D8%B3%D8%A7%D8%B2%D9%85%D8%A7%D9%86-%D9%85%D9%86%D8%B7%D9%82%D9%87-%D8%A2?redirect=%2Ffa%2Fw%2F%25D8%25A8%25D8%25B1%25DA%25AF%25D8%25B2%25D8%25A7%25D8%25B1%25DB%258C-%25D9%2586%25D8%25B4%25D8%25B3%25D8%25AA-%25D9%2585%25D8%25B4%25D8%25AA%25D8%25B1%25DA%25A9-%25D8%25AF%25D8%25A7%25D9%2586%25D8%25B4%25DA%25AF%25D8%25A7%25D9%2587-%25DA%25AF%25DB%258C%25D9%2584%25D8%25A7%25D9%2586-%25D9%2588-%25D8%25B3%25D8%25A7%25D8%25B2%25D9%2585%25D8%25A7%25D9%2586-%25D9%2585%25D9%2586%25D8%25B7%25D9%2582%25D9%2587-%25D8%25A2%3Fredirect%3D%252Ffa%252Fw%252F%2525D9%252585%2525D8%2525AF%2525DB%25258C%2525D8%2525B1-%2525D9%2525BE%2525DA%252598%2525D9%252588%2525D9%252587%2525D8%2525B4%2525DB%25258C-%2525D8%2525AF%2525D8%2525A7%2525D9%252586%2525D8%2525B4%2525DA%2525AF%2525D8%2525A7%2525D9%252587-%2525D9%252585%2525D9%252586%2525D8%2525B5%2525D9%252588%2525D8%2525A8-%2525D8%2525B4%2525D8%2525AF%253Fredirect%253D%25252F,verified,2026-08-12
guilan-discovery-unit-industry-851ec52bec5d,guilan,برگزاری نشست مشترک دانشگاه گیلان و سازمان منطقه آزاد انزلی برای تدوین سند توسعه صنایع خلاق - معاونت پژوهش و فناوری,industry,,,,https://resvp.guilan.ac.ir/fa/w/%D8%A8%D8%B1%DA%AF%D8%B2%D8%A7%D8%B1%DB%8C-%D9%86%D8%B4%D8%B3%D8%AA-%D9%85%D8%B4%D8%AA%D8%B1%DA%A9-%D8%AF%D8%A7%D9%86%D8%B4%DA%AF%D8%A7%D9%87-%DA%AF%DB%8C%D9%84%D8%A7%D9%86-%D9%88-%D8%B3%D8%A7%D8%B2%D9%85%D8%A7%D9%86-%D9%85%D9%86%D8%B7%D9%82%D9%87-%D8%A2?redirect=%2Ffa%2Fw%2F%25D9%2585%25D8%25AF%25DB%258C%25D8%25B1-%25D9%25BE%25DA%2598%25D9%2588%25D9%2587%25D8%25B4%25DB%258C-%25D8%25AF%25D8%25A7%25D9%2586%25D8%25B4%25DA%25AF%25D8%25A7%25D9%2587-%25D9%2585%25D9%2586%25D8%25B5%25D9%2588%25D8%25A8-%25D8%25B4%25D8%25AF%3Fredirect%3D%252Ffa%252Fw%252F%2525D8%2525A8%2525D8%2525B1%2525DA%2525AF%2525D8%2525B2%2525D8%2525A7%2525D8%2525B1%2525DB%25258C-%2525D9%252586%2525D8%2525B4%2525D8%2525B3%2525D8%2525AA-%2525D9%252585%2525D8%2525B4%2525D8%2525AA%2525D8%2525B1%2525DA%2525A9-%2525D8%2525AF%2525D8%2525A7%2525D9%252586%2525D8%2525B4%2525DA%2525AF%2525D8%2525A7%2525D9%252587-%2525DA%2525AF%2525DB%25258C%2525D9%252584%2525D8%2525A7%2525D9%252586-%2525D9%252588-%2525D8%2525B3%2525D8%2525A7%2525D8%2525B2%2525D9%252585%2525D8%2525A7%2525D9%252586-%2525D9%252585%2525D9%252586%2525D8%2525B7%2525D9%252582%2525D9%252587-%2525D8%2525A2%253Fredirect%253D%25252F,verified,2026-08-12
guilan-discovery-unit-industry-3d9a0fe131da,guilan,برگزاری نشست مشترک دانشگاه گیلان و سازمان منطقه آزاد انزلی برای تدوین سند توسعه صنایع خلاق - معاونت پژوهش و فناوری,industry,,,,https://resvp.guilan.ac.ir/fa/w/%D8%A8%D8%B1%DA%AF%D8%B2%D8%A7%D8%B1%DB%8C-%D9%86%D8%B4%D8%B3%D8%AA-%D9%85%D8%B4%D8%AA%D8%B1%DA%A9-%D8%AF%D8%A7%D9%86%D8%B4%DA%AF%D8%A7%D9%87-%DA%AF%DB%8C%D9%84%D8%A7%D9%86-%D9%88-%D8%B3%D8%A7%D8%B2%D9%85%D8%A7%D9%86-%D9%85%D9%86%D8%B7%D9%82%D9%87-%D8%A2?redirect=%2Ffa%2Fw%2F%25D8%25A8%25D8%25B1%25DA%25AF%25D8%25B2%25D8%25A7%25D8%25B1%25DB%258C-%25D9%2586%25D8%25B4%25D8%25B3%25D8%25AA-%25D9%2585%25D8%25B4%25D8%25AA%25D8%25B1%25DA%25A9-%25D8%25AF%25D8%25A7%25D9%2586%25D8%25B4%25DA%25AF%25D8%25A7%25D9%2587-%25DA%25AF%25DB%258C%25D9%2584%25D8%25A7%25D9%2586-%25D9%2588-%25D8%25B3%25D8%25A7%25D8%25B2%25D9%2585%25D8%25A7%25D9%2586-%25D9%2585%25D9%2586%25D8%25B7%25D9%2582%25D9%2587-%25D8%25A2%3Fredirect%3D%252Ffa%252Fw%252F%2525D8%2525A8%2525D8%2525B1%2525DA%2525AF%2525D8%2525B2%2525D8%2525A7%2525D8%2525B1%2525DB%25258C-%2525D9%252586%2525D8%2525B4%2525D8%2525B3%2525D8%2525AA-%2525D9%252585%2525D8%2525B4%2525D8%2525AA%2525D8%2525B1%2525DA%2525A9-%2525D8%2525AF%2525D8%2525A7%2525D9%252586%2525D8%2525B4%2525DA%2525AF%2525D8%2525A7%2525D9%252587-%2525DA%2525AF%2525DB%25258C%2525D9%252584%2525D8%2525A7%2525D9%252586-%2525D9%252588-%2525D8%2525B3%2525D8%2525A7%2525D8%2525B2%2525D9%252585%2525D8%2525A7%2525D9%252586-%2525D9%252585%2525D9%252586%2525D8%2525B7%2525D9%252582%2525D9%252587-%2525D8%2525A2%253Fredirect%253D%25252F,verified,2026-08-12
guilan-discovery-unit-industry-02b2338054ed,guilan,برگزاری نشست مشترک دانشگاه گیلان و سازمان منطقه آزاد انزلی برای تدوین سند توسعه صنایع خلاق - معاونت پژوهش و فناوری,industry,,,,https://resvp.guilan.ac.ir/fa/w/%D8%A8%D8%B1%DA%AF%D8%B2%D8%A7%D8%B1%DB%8C-%D9%86%D8%B4%D8%B3%D8%AA-%D9%85%D8%B4%D8%AA%D8%B1%DA%A9-%D8%AF%D8%A7%D9%86%D8%B4%DA%AF%D8%A7%D9%87-%DA%AF%DB%8C%D9%84%D8%A7%D9%86-%D9%88-%D8%B3%D8%A7%D8%B2%D9%85%D8%A7%D9%86-%D9%85%D9%86%D8%B7%D9%82%D9%87-%D8%A2?redirect=%2Ffa%2Fw%2F%25D9%2585%25D8%25AF%25DB%258C%25D8%25B1-%25D9%25BE%25DA%2598%25D9%2588%25D9%2587%25D8%25B4%25DB%258C-%25D8%25AF%25D8%25A7%25D9%2586%25D8%25B4%25DA%25AF%25D8%25A7%25D9%2587-%25D9%2585%25D9%2586%25D8%25B5%25D9%2588%25D8%25A8-%25D8%25B4%25D8%25AF%3Fredirect%3D%252Ffa%252Fw%252F%2525D9%252585%2525D8%2525AF%2525DB%25258C%2525D8%2525B1-%2525D9%2525BE%2525DA%252598%2525D9%252588%2525D9%252587%2525D8%2525B4%2525DB%25258C-%2525D8%2525AF%2525D8%2525A7%2525D9%252586%2525D8%2525B4%2525DA%2525AF%2525D8%2525A7%2525D9%252587-%2525D9%252585%2525D9%252586%2525D8%2525B5%2525D9%252588%2525D8%2525A8-%2525D8%2525B4%2525D8%2525AF%253Fredirect%253D%25252Ffa%25252Fw%25252F%252525D8%252525B1%252525D8%252525A6%252525DB%2525258C%252525D8%252525B3-%252525D9%25252585%252525D8%252525B1%252525DA%252525A9%252525D8%252525B2-%252525D8%252525A7%252525D8%252525B3%252525D9%25252586%252525D8%252525A7%252525D8%252525AF%252525D8%2525258C-%252525DA%252525A9%252525D8%252525AA%252525D8%252525A7%252525D8%252525A8%252525D8%252525AE%252525D8%252525A7%252525D9%25252586%252525D9%25252587-%252525D9%25252588-%252525D9%25252586%252525D8%252525B4%252525D8%252525B1-%252525D8%252525AF%252525D8%252525A7%252525D9%25252586%252525D8%252525B4%252525DA%252525AF%252525D8%252525A7%252525D9%25252587-%252525D9%25252585%252525D9%25252586%252525D8%252525B5%252525D9%25252588%252525D8%252525A8-%252525D8%252525B4%252525D8%252525AF-2,verified,2026-08-12
guilan-discovery-unit-industry-d25fef66c824,guilan,برگزاری نشست مشترک دانشگاه گیلان و سازمان منطقه آزاد انزلی برای تدوین سند توسعه صنایع خلاق - معاونت پژوهش و فناوری,industry,,,,https://resvp.guilan.ac.ir/fa/w/%D8%A8%D8%B1%DA%AF%D8%B2%D8%A7%D8%B1%DB%8C-%D9%86%D8%B4%D8%B3%D8%AA-%D9%85%D8%B4%D8%AA%D8%B1%DA%A9-%D8%AF%D8%A7%D9%86%D8%B4%DA%AF%D8%A7%D9%87-%DA%AF%DB%8C%D9%84%D8%A7%D9%86-%D9%88-%D8%B3%D8%A7%D8%B2%D9%85%D8%A7%D9%86-%D9%85%D9%86%D8%B7%D9%82%D9%87-%D8%A2?redirect=%2Ffa%2Fw%2F%25D8%25A8%25D8%25B1%25DA%25AF%25D8%25B2%25D8%25A7%25D8%25B1%25DB%258C-%25D9%2586%25D8%25B4%25D8%25B3%25D8%25AA-%25D9%2585%25D8%25B4%25D8%25AA%25D8%25B1%25DA%25A9-%25D8%25AF%25D8%25A7%25D9%2586%25D8%25B4%25DA%25AF%25D8%25A7%25D9%2587-%25DA%25AF%25DB%258C%25D9%2584%25D8%25A7%25D9%2586-%25D9%2588-%25D8%25B3%25D8%25A7%25D8%25B2%25D9%2585%25D8%25A7%25D9%2586-%25D9%2585%25D9%2586%25D8%25B7%25D9%2582%25D9%2587-%25D8%25A2%3Fredirect%3D%252Ffa%252Fw%252F%2525D9%252585%2525D8%2525AF%2525DB%25258C%2525D8%2525B1-%2525D9%2525BE%2525DA%252598%2525D9%252588%2525D9%252587%2525D8%2525B4%2525DB%25258C-%2525D8%2525AF%2525D8%2525A7%2525D9%252586%2525D8%2525B4%2525DA%2525AF%2525D8%2525A7%2525D9%252587-%2525D9%252585%2525D9%252586%2525D8%2525B5%2525D9%252588%2525D8%2525A8-%2525D8%2525B4%2525D8%2525AF%253Fredirect%253D%25252Ffa%25252Fw%25252F%252525D8%252525B1%252525D8%252525A6%252525DB%2525258C%252525D8%252525B3-%252525D9%25252585%252525D8%252525B1%252525DA%252525A9%252525D8%252525B2-%252525D8%252525A7%252525D8%252525B3%252525D9%25252586%252525D8%252525A7%252525D8%252525AF%252525D8%2525258C-%252525DA%252525A9%252525D8%252525AA%252525D8%252525A7%252525D8%252525A8%252525D8%252525AE%252525D8%252525A7%252525D9%25252586%252525D9%25252587-%252525D9%25252588-%252525D9%25252586%252525D8%252525B4%252525D8%252525B1-%252525D8%252525AF%252525D8%252525A7%252525D9%25252586%252525D8%252525B4%252525DA%252525AF%252525D8%252525A7%252525D9%25252587-%252525D9%25252585%252525D9%25252586%252525D8%252525B5%252525D9%25252588%252525D8%252525A8-%252525D8%252525B4%252525D8%252525AF-2,verified,2026-08-12
guilan-discovery-unit-industry-5c1f2e2bc944,guilan,برگزاری نشست مشترک دانشگاه گیلان و سازمان منطقه آزاد انزلی برای تدوین سند توسعه صنایع خلاق - معاونت پژوهش و فناوری,industry,,,,https://resvp.guilan.ac.ir/fa/w/%D8%A8%D8%B1%DA%AF%D8%B2%D8%A7%D8%B1%DB%8C-%D9%86%D8%B4%D8%B3%D8%AA-%D9%85%D8%B4%D8%AA%D8%B1%DA%A9-%D8%AF%D8%A7%D9%86%D8%B4%DA%AF%D8%A7%D9%87-%DA%AF%DB%8C%D9%84%D8%A7%D9%86-%D9%88-%D8%B3%D8%A7%D8%B2%D9%85%D8%A7%D9%86-%D9%85%D9%86%D8%B7%D9%82%D9%87-%D8%A2?redirect=%2Ffa%2Fw%2F%25D9%2585%25D8%25AF%25DB%258C%25D8%25B1-%25D9%25BE%25DA%2598%25D9%2588%25D9%2587%25D8%25B4%25DB%258C-%25D8%25AF%25D8%25A7%25D9%2586%25D8%25B4%25DA%25AF%25D8%25A7%25D9%2587-%25D9%2585%25D9%2586%25D8%25B5%25D9%2588%25D8%25A8-%25D8%25B4%25D8%25AF%3Fredirect%3D%252Ffa%252Fw%252F%2525D8%2525A8%2525D8%2525B1%2525DA%2525AF%2525D8%2525B2%2525D8%2525A7%2525D8%2525B1%2525DB%25258C-%2525D9%252586%2525D8%2525B4%2525D8%2525B3%2525D8%2525AA-%2525D9%252585%2525D8%2525B4%2525D8%2525AA%2525D8%2525B1%2525DA%2525A9-%2525D8%2525AF%2525D8%2525A7%2525D9%252586%2525D8%2525B4%2525DA%2525AF%2525D8%2525A7%2525D9%252587-%2525DA%2525AF%2525DB%25258C%2525D9%252584%2525D8%2525A7%2525D9%252586-%2525D9%252588-%2525D8%2525B3%2525D8%2525A7%2525D8%2525B2%2525D9%252585%2525D8%2525A7%2525D9%252586-%2525D9%252585%2525D9%252586%2525D8%2525B7%2525D9%252582%2525D9%252587-%2525D8%2525A2%253Fredirect%253D%25252Ffa%25252Fw%25252F%252525D8%252525B1%252525D8%252525A6%252525DB%2525258C%252525D8%252525B3-%252525D9%25252585%252525D8%252525B1%252525DA%252525A9%252525D8%252525B2-%252525D8%252525A7%252525D8%252525B3%252525D9%25252586%252525D8%252525A7%252525D8%252525AF%252525D8%2525258C-%252525DA%252525A9%252525D8%252525AA%252525D8%252525A7%252525D8%252525A8%252525D8%252525AE%252525D8%252525A7%252525D9%25252586%252525D9%25252587-%252525D9%25252588-%252525D9%25252586%252525D8%252525B4%252525D8%252525B1-%252525D8%252525AF%252525D8%252525A7%252525D9%25252586%252525D8%252525B4%252525DA%252525AF%252525D8%252525A7%252525D9%25252587-%252525D9%25252585%252525D9%25252586%252525D8%252525B5%252525D9%25252588%252525D8%252525A8-%252525D8%252525B4%252525D8%252525AF-2,verified,2026-08-12
guilan-discovery-unit-industry-bead560afe0b,guilan,برگزاری نشست مشترک دانشگاه گیلان و سازمان منطقه آزاد انزلی برای تدوین سند توسعه صنایع خلاق - معاونت پژوهش و فناوری,industry,,,,https://resvp.guilan.ac.ir/fa/w/%D8%A8%D8%B1%DA%AF%D8%B2%D8%A7%D8%B1%DB%8C-%D9%86%D8%B4%D8%B3%D8%AA-%D9%85%D8%B4%D8%AA%D8%B1%DA%A9-%D8%AF%D8%A7%D9%86%D8%B4%DA%AF%D8%A7%D9%87-%DA%AF%DB%8C%D9%84%D8%A7%D9%86-%D9%88-%D8%B3%D8%A7%D8%B2%D9%85%D8%A7%D9%86-%D9%85%D9%86%D8%B7%D9%82%D9%87-%D8%A2?redirect=%2Ffa%2Fw%2F%25D8%25A8%25D8%25B1%25DA%25AF%25D8%25B2%25D8%25A7%25D8%25B1%25DB%258C-%25D9%2586%25D8%25B4%25D8%25B3%25D8%25AA-%25D9%2585%25D8%25B4%25D8%25AA%25D8%25B1%25DA%25A9-%25D8%25AF%25D8%25A7%25D9%2586%25D8%25B4%25DA%25AF%25D8%25A7%25D9%2587-%25DA%25AF%25DB%258C%25D9%2584%25D8%25A7%25D9%2586-%25D9%2588-%25D8%25B3%25D8%25A7%25D8%25B2%25D9%2585%25D8%25A7%25D9%2586-%25D9%2585%25D9%2586%25D8%25B7%25D9%2582%25D9%2587-%25D8%25A2%3Fredirect%3D%252Ffa%252Fw%252F%2525D8%2525A8%2525D8%2525B1%2525DA%2525AF%2525D8%2525B2%2525D8%2525A7%2525D8%2525B1%2525DB%25258C-%2525D9%252586%2525D8%2525B4%2525D8%2525B3%2525D8%2525AA-%2525D9%252585%2525D8%2525B4%2525D8%2525AA%2525D8%2525B1%2525DA%2525A9-%2525D8%2525AF%2525D8%2525A7%2525D9%252586%2525D8%2525B4%2525DA%2525AF%2525D8%2525A7%2525D9%252587-%2525DA%2525AF%2525DB%25258C%2525D9%252584%2525D8%2525A7%2525D9%252586-%2525D9%252588-%2525D8%2525B3%2525D8%2525A7%2525D8%2525B2%2525D9%252585%2525D8%2525A7%2525D9%252586-%2525D9%252585%2525D9%252586%2525D8%2525B7%2525D9%252582%2525D9%252587-%2525D8%2525A2,verified,2026-08-12
guilan-discovery-unit-industry-9e8c5a3c0345,guilan,برگزاری نشست مشترک دانشگاه گیلان و سازمان منطقه آزاد انزلی برای تدوین سند توسعه صنایع خلاق - معاونت پژوهش و فناوری,industry,,,,https://resvp.guilan.ac.ir/fa/w/%D8%A8%D8%B1%DA%AF%D8%B2%D8%A7%D8%B1%DB%8C-%D9%86%D8%B4%D8%B3%D8%AA-%D9%85%D8%B4%D8%AA%D8%B1%DA%A9-%D8%AF%D8%A7%D9%86%D8%B4%DA%AF%D8%A7%D9%87-%DA%AF%DB%8C%D9%84%D8%A7%D9%86-%D9%88-%D8%B3%D8%A7%D8%B2%D9%85%D8%A7%D9%86-%D9%85%D9%86%D8%B7%D9%82%D9%87-%D8%A2?redirect=%2Ffa%2Fw%2F%25D9%2585%25D8%25AF%25DB%258C%25D8%25B1-%25D9%25BE%25DA%2598%25D9%2588%25D9%2587%25D8%25B4%25DB%258C-%25D8%25AF%25D8%25A7%25D9%2586%25D8%25B4%25DA%25AF%25D8%25A7%25D9%2587-%25D9%2585%25D9%2586%25D8%25B5%25D9%2588%25D8%25A8-%25D8%25B4%25D8%25AF%3Fredirect%3D%252Ffa%252Fw%252F%2525D9%252585%2525D8%2525AF%2525DB%25258C%2525D8%2525B1-%2525D9%2525BE%2525DA%252598%2525D9%252588%2525D9%252587%2525D8%2525B4%2525DB%25258C-%2525D8%2525AF%2525D8%2525A7%2525D9%252586%2525D8%2525B4%2525DA%2525AF%2525D8%2525A7%2525D9%252587-%2525D9%252585%2525D9%252586%2525D8%2525B5%2525D9%252588%2525D8%2525A8-%2525D8%2525B4%2525D8%2525AF%253Fredirect%253D%25252Ffa%25252Fw%25252F%252525D9%25252585%252525D8%252525AF%252525DB%2525258C%252525D8%252525B1-%252525D9%252525BE%252525DA%25252598%252525D9%25252588%252525D9%25252587%252525D8%252525B4%252525DB%2525258C-%252525D8%252525AF%252525D8%252525A7%252525D9%25252586%252525D8%252525B4%252525DA%252525AF%252525D8%252525A7%252525D9%25252587-%252525D9%25252585%252525D9%25252586%252525D8%252525B5%252525D9%25252588%252525D8%252525A8-%252525D8%252525B4%252525D8%252525AF%25253Fredirect%25253D%2525252F,verified,2026-08-12
guilan-discovery-unit-industry-f1b0bddffb9d,guilan,برگزاری نشست مشترک دانشگاه گیلان و سازمان منطقه آزاد انزلی برای تدوین سند توسعه صنایع خلاق - معاونت پژوهش و فناوری,industry,,,,https://resvp.guilan.ac.ir/fa/w/%D8%A8%D8%B1%DA%AF%D8%B2%D8%A7%D8%B1%DB%8C-%D9%86%D8%B4%D8%B3%D8%AA-%D9%85%D8%B4%D8%AA%D8%B1%DA%A9-%D8%AF%D8%A7%D9%86%D8%B4%DA%AF%D8%A7%D9%87-%DA%AF%DB%8C%D9%84%D8%A7%D9%86-%D9%88-%D8%B3%D8%A7%D8%B2%D9%85%D8%A7%D9%86-%D9%85%D9%86%D8%B7%D9%82%D9%87-%D8%A2?redirect=%2Ffa%2Fw%2F%25D8%25A8%25D8%25B1%25DA%25AF%25D8%25B2%25D8%25A7%25D8%25B1%25DB%258C-%25D9%2586%25D8%25B4%25D8%25B3%25D8%25AA-%25D9%2585%25D8%25B4%25D8%25AA%25D8%25B1%25DA%25A9-%25D8%25AF%25D8%25A7%25D9%2586%25D8%25B4%25DA%25AF%25D8%25A7%25D9%2587-%25DA%25AF%25DB%258C%25D9%2584%25D8%25A7%25D9%2586-%25D9%2588-%25D8%25B3%25D8%25A7%25D8%25B2%25D9%2585%25D8%25A7%25D9%2586-%25D9%2585%25D9%2586%25D8%25B7%25D9%2582%25D9%2587-%25D8%25A2%3Fredirect%3D%252Ffa%252Fw%252F%2525D9%252585%2525D8%2525AF%2525DB%25258C%2525D8%2525B1-%2525D9%2525BE%2525DA%252598%2525D9%252588%2525D9%252587%2525D8%2525B4%2525DB%25258C-%2525D8%2525AF%2525D8%2525A7%2525D9%252586%2525D8%2525B4%2525DA%2525AF%2525D8%2525A7%2525D9%252587-%2525D9%252585%2525D9%252586%2525D8%2525B5%2525D9%252588%2525D8%2525A8-%2525D8%2525B4%2525D8%2525AF%253Fredirect%253D%25252Ffa%25252Fw%25252F%252525D9%25252585%252525D8%252525AF%252525DB%2525258C%252525D8%252525B1-%252525D9%252525BE%252525DA%25252598%252525D9%25252588%252525D9%25252587%252525D8%252525B4%252525DB%2525258C-%252525D8%252525AF%252525D8%252525A7%252525D9%25252586%252525D8%252525B4%252525DA%252525AF%252525D8%252525A7%252525D9%25252587-%252525D9%25252585%252525D9%25252586%252525D8%252525B5%252525D9%25252588%252525D8%252525A8-%252525D8%252525B4%252525D8%252525AF%25253Fredirect%25253D%2525252F,verified,2026-08-12
guilan-discovery-unit-industry-67a4fab07fcf,guilan,برگزاری نشست مشترک دانشگاه گیلان و سازمان منطقه آزاد انزلی برای تدوین سند توسعه صنایع خلاق - معاونت پژوهش و فناوری,industry,,,,https://resvp.guilan.ac.ir/fa/w/%D8%A8%D8%B1%DA%AF%D8%B2%D8%A7%D8%B1%DB%8C-%D9%86%D8%B4%D8%B3%D8%AA-%D9%85%D8%B4%D8%AA%D8%B1%DA%A9-%D8%AF%D8%A7%D9%86%D8%B4%DA%AF%D8%A7%D9%87-%DA%AF%DB%8C%D9%84%D8%A7%D9%86-%D9%88-%D8%B3%D8%A7%D8%B2%D9%85%D8%A7%D9%86-%D9%85%D9%86%D8%B7%D9%82%D9%87-%D8%A2?redirect=%2Ffa%2Fw%2F%25D9%2585%25D8%25AF%25DB%258C%25D8%25B1-%25D9%25BE%25DA%2598%25D9%2588%25D9%2587%25D8%25B4%25DB%258C-%25D8%25AF%25D8%25A7%25D9%2586%25D8%25B4%25DA%25AF%25D8%25A7%25D9%2587-%25D9%2585%25D9%2586%25D8%25B5%25D9%2588%25D8%25A8-%25D8%25B4%25D8%25AF%3Fredirect%3D%252Ffa%252Fw%252F%2525D8%2525A8%2525D8%2525B1%2525DA%2525AF%2525D8%2525B2%2525D8%2525A7%2525D8%2525B1%2525DB%25258C-%2525D9%252586%2525D8%2525B4%2525D8%2525B3%2525D8%2525AA-%2525D9%252585%2525D8%2525B4%2525D8%2525AA%2525D8%2525B1%2525DA%2525A9-%2525D8%2525AF%2525D8%2525A7%2525D9%252586%2525D8%2525B4%2525DA%2525AF%2525D8%2525A7%2525D9%252587-%2525DA%2525AF%2525DB%25258C%2525D9%252584%2525D8%2525A7%2525D9%252586-%2525D9%252588-%2525D8%2525B3%2525D8%2525A7%2525D8%2525B2%2525D9%252585%2525D8%2525A7%2525D9%252586-%2525D9%252585%2525D9%252586%2525D8%2525B7%2525D9%252582%2525D9%252587-%2525D8%2525A2%253Fredirect%253D%25252Ffa%25252Fw%25252F%252525D9%25252585%252525D8%252525AF%252525DB%2525258C%252525D8%252525B1-%252525D9%252525BE%252525DA%25252598%252525D9%25252588%252525D9%25252587%252525D8%252525B4%252525DB%2525258C-%252525D8%252525AF%252525D8%252525A7%252525D9%25252586%252525D8%252525B4%252525DA%252525AF%252525D8%252525A7%252525D9%25252587-%252525D9%25252585%252525D9%25252586%252525D8%252525B5%252525D9%25252588%252525D8%252525A8-%252525D8%252525B4%252525D8%252525AF%25253Fredirect%25253D%2525252F,verified,2026-08-12
guilan-discovery-unit-industry-816242c83a0f,guilan,برگزاری نشست مشترک دانشگاه گیلان و سازمان منطقه آزاد انزلی برای تدوین سند توسعه صنایع خلاق - معاونت پژوهش و فناوری,industry,,,,https://resvp.guilan.ac.ir/fa/w/%D8%A8%D8%B1%DA%AF%D8%B2%D8%A7%D8%B1%DB%8C-%D9%86%D8%B4%D8%B3%D8%AA-%D9%85%D8%B4%D8%AA%D8%B1%DA%A9-%D8%AF%D8%A7%D9%86%D8%B4%DA%AF%D8%A7%D9%87-%DA%AF%DB%8C%D9%84%D8%A7%D9%86-%D9%88-%D8%B3%D8%A7%D8%B2%D9%85%D8%A7%D9%86-%D9%85%D9%86%D8%B7%D9%82%D9%87-%D8%A2?redirect=%2Ffa%2Fw%2F%25D8%25A8%25D8%25B1%25DA%25AF%25D8%25B2%25D8%25A7%25D8%25B1%25DB%258C-%25D9%2586%25D8%25B4%25D8%25B3%25D8%25AA-%25D9%2585%25D8%25B4%25D8%25AA%25D8%25B1%25DA%25A9-%25D8%25AF%25D8%25A7%25D9%2586%25D8%25B4%25DA%25AF%25D8%25A7%25D9%2587-%25DA%25AF%25DB%258C%25D9%2584%25D8%25A7%25D9%2586-%25D9%2588-%25D8%25B3%25D8%25A7%25D8%25B2%25D9%2585%25D8%25A7%25D9%2586-%25D9%2585%25D9%2586%25D8%25B7%25D9%2582%25D9%2587-%25D8%25A2%3Fredirect%3D%252Ffa%252Fw%252F%2525D9%252585%2525D8%2525AF%2525DB%25258C%2525D8%2525B1-%2525D9%2525BE%2525DA%252598%2525D9%252588%2525D9%252587%2525D8%2525B4%2525DB%25258C-%2525D8%2525AF%2525D8%2525A7%2525D9%252586%2525D8%2525B4%2525DA%2525AF%2525D8%2525A7%2525D9%252587-%2525D9%252585%2525D9%252586%2525D8%2525B5%2525D9%252588%2525D8%2525A8-%2525D8%2525B4%2525D8%2525AF%253Fredirect%253D%25252Ffa%25252Fw%25252F%252525D8%252525A8%252525D8%252525B1%252525DA%252525AF%252525D8%252525B2%252525D8%252525A7%252525D8%252525B1%252525DB%2525258C-%252525D9%25252586%252525D8%252525B4%252525D8%252525B3%252525D8%252525AA-%252525D9%25252585%252525D8%252525B4%252525D8%252525AA%252525D8%252525B1%252525DA%252525A9-%252525D8%252525AF%252525D8%252525A7%252525D9%25252586%252525D8%252525B4%252525DA%252525AF%252525D8%252525A7%252525D9%25252587-%252525DA%252525AF%252525DB%2525258C%252525D9%25252584%252525D8%252525A7%252525D9%25252586-%252525D9%25252588-%252525D8%252525B3%252525D8%252525A7%252525D8%252525B2%252525D9%25252585%252525D8%252525A7%252525D9%25252586-%252525D9%25252585%252525D9%25252586%252525D8%252525B7%252525D9%25252582%252525D9%25252587-%252525D8%252525A2%25253Fredirect%25253D%2525252F,verified,2026-08-12
guilan-discovery-unit-industry-c270c7882af0,guilan,برگزاری نشست مشترک دانشگاه گیلان و سازمان منطقه آزاد انزلی برای تدوین سند توسعه صنایع خلاق - معاونت پژوهش و فناوری,industry,,,,https://resvp.guilan.ac.ir/fa/w/%D8%A8%D8%B1%DA%AF%D8%B2%D8%A7%D8%B1%DB%8C-%D9%86%D8%B4%D8%B3%D8%AA-%D9%85%D8%B4%D8%AA%D8%B1%DA%A9-%D8%AF%D8%A7%D9%86%D8%B4%DA%AF%D8%A7%D9%87-%DA%AF%DB%8C%D9%84%D8%A7%D9%86-%D9%88-%D8%B3%D8%A7%D8%B2%D9%85%D8%A7%D9%86-%D9%85%D9%86%D8%B7%D9%82%D9%87-%D8%A2?redirect=%2Ffa%2Fw%2F%25D9%2585%25D8%25AF%25DB%258C%25D8%25B1-%25D9%25BE%25DA%2598%25D9%2588%25D9%2587%25D8%25B4%25DB%258C-%25D8%25AF%25D8%25A7%25D9%2586%25D8%25B4%25DA%25AF%25D8%25A7%25D9%2587-%25D9%2585%25D9%2586%25D8%25B5%25D9%2588%25D8%25A8-%25D8%25B4%25D8%25AF%3Fredirect%3D%252Ffa%252Fw%252F%2525D8%2525A8%2525D8%2525B1%2525DA%2525AF%2525D8%2525B2%2525D8%2525A7%2525D8%2525B1%2525DB%25258C-%2525D9%252586%2525D8%2525B4%2525D8%2525B3%2525D8%2525AA-%2525D9%252585%2525D8%2525B4%2525D8%2525AA%2525D8%2525B1%2525DA%2525A9-%2525D8%2525AF%2525D8%2525A7%2525D9%252586%2525D8%2525B4%2525DA%2525AF%2525D8%2525A7%2525D9%252587-%2525DA%2525AF%2525DB%25258C%2525D9%252584%2525D8%2525A7%2525D9%252586-%2525D9%252588-%2525D8%2525B3%2525D8%2525A7%2525D8%2525B2%2525D9%252585%2525D8%2525A7%2525D9%252586-%2525D9%252585%2525D9%252586%2525D8%2525B7%2525D9%252582%2525D9%252587-%2525D8%2525A2%253Fredirect%253D%25252Ffa%25252Fw%25252F%252525D8%252525A8%252525D8%252525B1%252525DA%252525AF%252525D8%252525B2%252525D8%252525A7%252525D8%252525B1%252525DB%2525258C-%252525D9%25252586%252525D8%252525B4%252525D8%252525B3%252525D8%252525AA-%252525D9%25252585%252525D8%252525B4%252525D8%252525AA%252525D8%252525B1%252525DA%252525A9-%252525D8%252525AF%252525D8%252525A7%252525D9%25252586%252525D8%252525B4%252525DA%252525AF%252525D8%252525A7%252525D9%25252587-%252525DA%252525AF%252525DB%2525258C%252525D9%25252584%252525D8%252525A7%252525D9%25252586-%252525D9%25252588-%252525D8%252525B3%252525D8%252525A7%252525D8%252525B2%252525D9%25252585%252525D8%252525A7%252525D9%25252586-%252525D9%25252585%252525D9%25252586%252525D8%252525B7%252525D9%25252582%252525D9%25252587-%252525D8%252525A2%25253Fredirect%25253D%2525252F,verified,2026-08-12
guilan-discovery-unit-industry-920c2ca4fea8,guilan,برگزاری نشست مشترک دانشگاه گیلان و سازمان منطقه آزاد انزلی برای تدوین سند توسعه صنایع خلاق - معاونت پژوهش و فناوری,industry,,,,https://resvp.guilan.ac.ir/fa/w/%D8%A8%D8%B1%DA%AF%D8%B2%D8%A7%D8%B1%DB%8C-%D9%86%D8%B4%D8%B3%D8%AA-%D9%85%D8%B4%D8%AA%D8%B1%DA%A9-%D8%AF%D8%A7%D9%86%D8%B4%DA%AF%D8%A7%D9%87-%DA%AF%DB%8C%D9%84%D8%A7%D9%86-%D9%88-%D8%B3%D8%A7%D8%B2%D9%85%D8%A7%D9%86-%D9%85%D9%86%D8%B7%D9%82%D9%87-%D8%A2?redirect=%2Ffa%2Fw%2F%25D9%2585%25D8%25AF%25DB%258C%25D8%25B1-%25D9%25BE%25DA%2598%25D9%2588%25D9%2587%25D8%25B4%25DB%258C-%25D8%25AF%25D8%25A7%25D9%2586%25D8%25B4%25DA%25AF%25D8%25A7%25D9%2587-%25D9%2585%25D9%2586%25D8%25B5%25D9%2588%25D8%25A8-%25D8%25B4%25D8%25AF%3Fredirect%3D%252Ffa%252Fw%252F%2525D9%252585%2525D8%2525AF%2525DB%25258C%2525D8%2525B1-%2525D9%2525BE%2525DA%252598%2525D9%252588%2525D9%252587%2525D8%2525B4%2525DB%25258C-%2525D8%2525AF%2525D8%2525A7%2525D9%252586%2525D8%2525B4%2525DA%2525AF%2525D8%2525A7%2525D9%252587-%2525D9%252585%2525D9%252586%2525D8%2525B5%2525D9%252588%2525D8%2525A8-%2525D8%2525B4%2525D8%2525AF%253Fredirect%253D%25252Ffa%25252Fw%25252F%252525D9%25252585%252525D8%252525AF%252525DB%2525258C%252525D8%252525B1-%252525D9%252525BE%252525DA%25252598%252525D9%25252588%252525D9%25252587%252525D8%252525B4%252525DB%2525258C-%252525D8%252525AF%252525D8%252525A7%252525D9%25252586%252525D8%252525B4%252525DA%252525AF%252525D8%252525A7%252525D9%25252587-%252525D9%25252585%252525D9%25252586%252525D8%252525B5%252525D9%25252588%252525D8%252525A8-%252525D8%252525B4%252525D8%252525AF,verified,2026-08-12
guilan-discovery-unit-industry-b8c6d4173e03,guilan,برگزاری نشست مشترک دانشگاه گیلان و سازمان منطقه آزاد انزلی برای تدوین سند توسعه صنایع خلاق - معاونت پژوهش و فناوری,industry,,,,https://resvp.guilan.ac.ir/fa/w/%D8%A8%D8%B1%DA%AF%D8%B2%D8%A7%D8%B1%DB%8C-%D9%86%D8%B4%D8%B3%D8%AA-%D9%85%D8%B4%D8%AA%D8%B1%DA%A9-%D8%AF%D8%A7%D9%86%D8%B4%DA%AF%D8%A7%D9%87-%DA%AF%DB%8C%D9%84%D8%A7%D9%86-%D9%88-%D8%B3%D8%A7%D8%B2%D9%85%D8%A7%D9%86-%D9%85%D9%86%D8%B7%D9%82%D9%87-%D8%A2?redirect=%2Ffa%2Fw%2F%25D8%25A8%25D8%25B1%25DA%25AF%25D8%25B2%25D8%25A7%25D8%25B1%25DB%258C-%25D9%2586%25D8%25B4%25D8%25B3%25D8%25AA-%25D9%2585%25D8%25B4%25D8%25AA%25D8%25B1%25DA%25A9-%25D8%25AF%25D8%25A7%25D9%2586%25D8%25B4%25DA%25AF%25D8%25A7%25D9%2587-%25DA%25AF%25DB%258C%25D9%2584%25D8%25A7%25D9%2586-%25D9%2588-%25D8%25B3%25D8%25A7%25D8%25B2%25D9%2585%25D8%25A7%25D9%2586-%25D9%2585%25D9%2586%25D8%25B7%25D9%2582%25D9%2587-%25D8%25A2%3Fredirect%3D%252Ffa%252Fw%252F%2525D9%252585%2525D8%2525AF%2525DB%25258C%2525D8%2525B1-%2525D9%2525BE%2525DA%252598%2525D9%252588%2525D9%252587%2525D8%2525B4%2525DB%25258C-%2525D8%2525AF%2525D8%2525A7%2525D9%252586%2525D8%2525B4%2525DA%2525AF%2525D8%2525A7%2525D9%252587-%2525D9%252585%2525D9%252586%2525D8%2525B5%2525D9%252588%2525D8%2525A8-%2525D8%2525B4%2525D8%2525AF%253Fredirect%253D%25252Ffa%25252Fw%25252F%252525D9%25252585%252525D8%252525AF%252525DB%2525258C%252525D8%252525B1-%252525D9%252525BE%252525DA%25252598%252525D9%25252588%252525D9%25252587%252525D8%252525B4%252525DB%2525258C-%252525D8%252525AF%252525D8%252525A7%252525D9%25252586%252525D8%252525B4%252525DA%252525AF%252525D8%252525A7%252525D9%25252587-%252525D9%25252585%252525D9%25252586%252525D8%252525B5%252525D9%25252588%252525D8%252525A8-%252525D8%252525B4%252525D8%252525AF,verified,2026-08-12
guilan-discovery-unit-industry-bc473346b943,guilan,برگزاری نشست مشترک دانشگاه گیلان و سازمان منطقه آزاد انزلی برای تدوین سند توسعه صنایع خلاق - معاونت پژوهش و فناوری,industry,,,,https://resvp.guilan.ac.ir/fa/w/%D8%A8%D8%B1%DA%AF%D8%B2%D8%A7%D8%B1%DB%8C-%D9%86%D8%B4%D8%B3%D8%AA-%D9%85%D8%B4%D8%AA%D8%B1%DA%A9-%D8%AF%D8%A7%D9%86%D8%B4%DA%AF%D8%A7%D9%87-%DA%AF%DB%8C%D9%84%D8%A7%D9%86-%D9%88-%D8%B3%D8%A7%D8%B2%D9%85%D8%A7%D9%86-%D9%85%D9%86%D8%B7%D9%82%D9%87-%D8%A2?redirect=%2Ffa%2Fw%2F%25D9%2585%25D8%25AF%25DB%258C%25D8%25B1-%25D9%25BE%25DA%2598%25D9%2588%25D9%2587%25D8%25B4%25DB%258C-%25D8%25AF%25D8%25A7%25D9%2586%25D8%25B4%25DA%25AF%25D8%25A7%25D9%2587-%25D9%2585%25D9%2586%25D8%25B5%25D9%2588%25D8%25A8-%25D8%25B4%25D8%25AF%3Fredirect%3D%252Ffa%252Fw%252F%2525D8%2525A8%2525D8%2525B1%2525DA%2525AF%2525D8%2525B2%2525D8%2525A7%2525D8%2525B1%2525DB%25258C-%2525D9%252586%2525D8%2525B4%2525D8%2525B3%2525D8%2525AA-%2525D9%252585%2525D8%2525B4%2525D8%2525AA%2525D8%2525B1%2525DA%2525A9-%2525D8%2525AF%2525D8%2525A7%2525D9%252586%2525D8%2525B4%2525DA%2525AF%2525D8%2525A7%2525D9%252587-%2525DA%2525AF%2525DB%25258C%2525D9%252584%2525D8%2525A7%2525D9%252586-%2525D9%252588-%2525D8%2525B3%2525D8%2525A7%2525D8%2525B2%2525D9%252585%2525D8%2525A7%2525D9%252586-%2525D9%252585%2525D9%252586%2525D8%2525B7%2525D9%252582%2525D9%252587-%2525D8%2525A2%253Fredirect%253D%25252Ffa%25252Fw%25252F%252525D9%25252585%252525D8%252525AF%252525DB%2525258C%252525D8%252525B1-%252525D9%252525BE%252525DA%25252598%252525D9%25252588%252525D9%25252587%252525D8%252525B4%252525DB%2525258C-%252525D8%252525AF%252525D8%252525A7%252525D9%25252586%252525D8%252525B4%252525DA%252525AF%252525D8%252525A7%252525D9%25252587-%252525D9%25252585%252525D9%25252586%252525D8%252525B5%252525D9%25252588%252525D8%252525A8-%252525D8%252525B4%252525D8%252525AF,verified,2026-08-12
guilan-discovery-unit-industry-f97f65550495,guilan,برگزاری نشست مشترک دانشگاه گیلان و سازمان منطقه آزاد انزلی برای تدوین سند توسعه صنایع خلاق - معاونت پژوهش و فناوری,industry,,,,https://resvp.guilan.ac.ir/fa/w/%D8%A8%D8%B1%DA%AF%D8%B2%D8%A7%D8%B1%DB%8C-%D9%86%D8%B4%D8%B3%D8%AA-%D9%85%D8%B4%D8%AA%D8%B1%DA%A9-%D8%AF%D8%A7%D9%86%D8%B4%DA%AF%D8%A7%D9%87-%DA%AF%DB%8C%D9%84%D8%A7%D9%86-%D9%88-%D8%B3%D8%A7%D8%B2%D9%85%D8%A7%D9%86-%D9%85%D9%86%D8%B7%D9%82%D9%87-%D8%A2?redirect=%2Ffa%2Fw%2F%25D8%25A8%25D8%25B1%25DA%25AF%25D8%25B2%25D8%25A7%25D8%25B1%25DB%258C-%25D9%2586%25D8%25B4%25D8%25B3%25D8%25AA-%25D9%2585%25D8%25B4%25D8%25AA%25D8%25B1%25DA%25A9-%25D8%25AF%25D8%25A7%25D9%2586%25D8%25B4%25DA%25AF%25D8%25A7%25D9%2587-%25DA%25AF%25DB%258C%25D9%2584%25D8%25A7%25D9%2586-%25D9%2588-%25D8%25B3%25D8%25A7%25D8%25B2%25D9%2585%25D8%25A7%25D9%2586-%25D9%2585%25D9%2586%25D8%25B7%25D9%2582%25D9%2587-%25D8%25A2%3Fredirect%3D%252Ffa%252Fw%252F%2525D8%2525A8%2525D8%2525B1%2525DA%2525AF%2525D8%2525B2%2525D8%2525A7%2525D8%2525B1%2525DB%25258C-%2525D9%252586%2525D8%2525B4%2525D8%2525B3%2525D8%2525AA-%2525D9%252585%2525D8%2525B4%2525D8%2525AA%2525D8%2525B1%2525DA%2525A9-%2525D8%2525AF%2525D8%2525A7%2525D9%252586%2525D8%2525B4%2525DA%2525AF%2525D8%2525A7%2525D9%252587-%2525DA%2525AF%2525DB%25258C%2525D9%252584%2525D8%2525A7%2525D9%252586-%2525D9%252588-%2525D8%2525B3%2525D8%2525A7%2525D8%2525B2%2525D9%252585%2525D8%2525A7%2525D9%252586-%2525D9%252585%2525D9%252586%2525D8%2525B7%2525D9%252582%2525D9%252587-%2525D8%2525A2%253Fredirect%253D%25252Ffa%25252Fw%25252F%252525D9%25252585%252525D8%252525AF%252525DB%2525258C%252525D8%252525B1-%252525D9%252525BE%252525DA%25252598%252525D9%25252588%252525D9%25252587%252525D8%252525B4%252525DB%2525258C-%252525D8%252525AF%252525D8%252525A7%252525D9%25252586%252525D8%252525B4%252525DA%252525AF%252525D8%252525A7%252525D9%25252587-%252525D9%25252585%252525D9%25252586%252525D8%252525B5%252525D9%25252588%252525D8%252525A8-%252525D8%252525B4%252525D8%252525AF,verified,2026-08-12
guilan-discovery-unit-industry-736f92121c40,guilan,برگزاری نشست مشترک دانشگاه گیلان و سازمان منطقه آزاد انزلی برای تدوین سند توسعه صنایع خلاق - معاونت پژوهش و فناوری,industry,,,,https://resvp.guilan.ac.ir/fa/w/%D8%A8%D8%B1%DA%AF%D8%B2%D8%A7%D8%B1%DB%8C-%D9%86%D8%B4%D8%B3%D8%AA-%D9%85%D8%B4%D8%AA%D8%B1%DA%A9-%D8%AF%D8%A7%D9%86%D8%B4%DA%AF%D8%A7%D9%87-%DA%AF%DB%8C%D9%84%D8%A7%D9%86-%D9%88-%D8%B3%D8%A7%D8%B2%D9%85%D8%A7%D9%86-%D9%85%D9%86%D8%B7%D9%82%D9%87-%D8%A2?redirect=%2Ffa%2Fw%2F%25D9%2585%25D8%25AF%25DB%258C%25D8%25B1-%25D9%25BE%25DA%2598%25D9%2588%25D9%2587%25D8%25B4%25DB%258C-%25D8%25AF%25D8%25A7%25D9%2586%25D8%25B4%25DA%25AF%25D8%25A7%25D9%2587-%25D9%2585%25D9%2586%25D8%25B5%25D9%2588%25D8%25A8-%25D8%25B4%25D8%25AF%3Fredirect%3D%252Ffa%252Fw%252F%2525D9%252585%2525D8%2525AF%2525DB%25258C%2525D8%2525B1-%2525D9%2525BE%2525DA%252598%2525D9%252588%2525D9%252587%2525D8%2525B4%2525DB%25258C-%2525D8%2525AF%2525D8%2525A7%2525D9%252586%2525D8%2525B4%2525DA%2525AF%2525D8%2525A7%2525D9%252587-%2525D9%252585%2525D9%252586%2525D8%2525B5%2525D9%252588%2525D8%2525A8-%2525D8%2525B4%2525D8%2525AF%253Fredirect%253D%25252Ffa%25252Fw%25252F%252525D8%252525A8%252525D8%252525B1%252525DA%252525AF%252525D8%252525B2%252525D8%252525A7%252525D8%252525B1%252525DB%2525258C-%252525D9%25252586%252525D8%252525B4%252525D8%252525B3%252525D8%252525AA-%252525D9%25252585%252525D8%252525B4%252525D8%252525AA%252525D8%252525B1%252525DA%252525A9-%252525D8%252525AF%252525D8%252525A7%252525D9%25252586%252525D8%252525B4%252525DA%252525AF%252525D8%252525A7%252525D9%25252587-%252525DA%252525AF%252525DB%2525258C%252525D9%25252584%252525D8%252525A7%252525D9%25252586-%252525D9%25252588-%252525D8%252525B3%252525D8%252525A7%252525D8%252525B2%252525D9%25252585%252525D8%252525A7%252525D9%25252586-%252525D9%25252585%252525D9%25252586%252525D8%252525B7%252525D9%25252582%252525D9%25252587-%252525D8%252525A2,verified,2026-08-12
guilan-discovery-unit-industry-8241287ddda7,guilan,برگزاری نشست مشترک دانشگاه گیلان و سازمان منطقه آزاد انزلی برای تدوین سند توسعه صنایع خلاق - معاونت پژوهش و فناوری,industry,,,,https://resvp.guilan.ac.ir/fa/w/%D8%A8%D8%B1%DA%AF%D8%B2%D8%A7%D8%B1%DB%8C-%D9%86%D8%B4%D8%B3%D8%AA-%D9%85%D8%B4%D8%AA%D8%B1%DA%A9-%D8%AF%D8%A7%D9%86%D8%B4%DA%AF%D8%A7%D9%87-%DA%AF%DB%8C%D9%84%D8%A7%D9%86-%D9%88-%D8%B3%D8%A7%D8%B2%D9%85%D8%A7%D9%86-%D9%85%D9%86%D8%B7%D9%82%D9%87-%D8%A2?redirect=%2Ffa%2Fw%2F%25D8%25A8%25D8%25B1%25DA%25AF%25D8%25B2%25D8%25A7%25D8%25B1%25DB%258C-%25D9%2586%25D8%25B4%25D8%25B3%25D8%25AA-%25D9%2585%25D8%25B4%25D8%25AA%25D8%25B1%25DA%25A9-%25D8%25AF%25D8%25A7%25D9%2586%25D8%25B4%25DA%25AF%25D8%25A7%25D9%2587-%25DA%25AF%25DB%258C%25D9%2584%25D8%25A7%25D9%2586-%25D9%2588-%25D8%25B3%25D8%25A7%25D8%25B2%25D9%2585%25D8%25A7%25D9%2586-%25D9%2585%25D9%2586%25D8%25B7%25D9%2582%25D9%2587-%25D8%25A2%3Fredirect%3D%252Ffa%252Fw%252F%2525D9%252585%2525D8%2525AF%2525DB%25258C%2525D8%2525B1-%2525D9%2525BE%2525DA%252598%2525D9%252588%2525D9%252587%2525D8%2525B4%2525DB%25258C-%2525D8%2525AF%2525D8%2525A7%2525D9%252586%2525D8%2525B4%2525DA%2525AF%2525D8%2525A7%2525D9%252587-%2525D9%252585%2525D9%252586%2525D8%2525B5%2525D9%252588%2525D8%2525A8-%2525D8%2525B4%2525D8%2525AF%253Fredirect%253D%25252Ffa%25252Fw%25252F%252525D8%252525A8%252525D8%252525B1%252525DA%252525AF%252525D8%252525B2%252525D8%252525A7%252525D8%252525B1%252525DB%2525258C-%252525D9%25252586%252525D8%252525B4%252525D8%252525B3%252525D8%252525AA-%252525D9%25252585%252525D8%252525B4%252525D8%252525AA%252525D8%252525B1%252525DA%252525A9-%252525D8%252525AF%252525D8%252525A7%252525D9%25252586%252525D8%252525B4%252525DA%252525AF%252525D8%252525A7%252525D9%25252587-%252525DA%252525AF%252525DB%2525258C%252525D9%25252584%252525D8%252525A7%252525D9%25252586-%252525D9%25252588-%252525D8%252525B3%252525D8%252525A7%252525D8%252525B2%252525D9%25252585%252525D8%252525A7%252525D9%25252586-%252525D9%25252585%252525D9%25252586%252525D8%252525B7%252525D9%25252582%252525D9%25252587-%252525D8%252525A2,verified,2026-08-12
guilan-discovery-unit-industry-8744d5ea0bfe,guilan,برگزاری نشست مشترک دانشگاه گیلان و سازمان منطقه آزاد انزلی برای تدوین سند توسعه صنایع خلاق - معاونت پژوهش و فناوری,industry,,,,https://resvp.guilan.ac.ir/fa/w/%D8%A8%D8%B1%DA%AF%D8%B2%D8%A7%D8%B1%DB%8C-%D9%86%D8%B4%D8%B3%D8%AA-%D9%85%D8%B4%D8%AA%D8%B1%DA%A9-%D8%AF%D8%A7%D9%86%D8%B4%DA%AF%D8%A7%D9%87-%DA%AF%DB%8C%D9%84%D8%A7%D9%86-%D9%88-%D8%B3%D8%A7%D8%B2%D9%85%D8%A7%D9%86-%D9%85%D9%86%D8%B7%D9%82%D9%87-%D8%A2?redirect=%2Ffa%2Fw%2F%25D9%2585%25D8%25AF%25DB%258C%25D8%25B1-%25D9%25BE%25DA%2598%25D9%2588%25D9%2587%25D8%25B4%25DB%258C-%25D8%25AF%25D8%25A7%25D9%2586%25D8%25B4%25DA%25AF%25D8%25A7%25D9%2587-%25D9%2585%25D9%2586%25D8%25B5%25D9%2588%25D8%25A8-%25D8%25B4%25D8%25AF%3Fredirect%3D%252Ffa%252Fw%252F%2525D8%2525A8%2525D8%2525B1%2525DA%2525AF%2525D8%2525B2%2525D8%2525A7%2525D8%2525B1%2525DB%25258C-%2525D9%252586%2525D8%2525B4%2525D8%2525B3%2525D8%2525AA-%2525D9%252585%2525D8%2525B4%2525D8%2525AA%2525D8%2525B1%2525DA%2525A9-%2525D8%2525AF%2525D8%2525A7%2525D9%252586%2525D8%2525B4%2525DA%2525AF%2525D8%2525A7%2525D9%252587-%2525DA%2525AF%2525DB%25258C%2525D9%252584%2525D8%2525A7%2525D9%252586-%2525D9%252588-%2525D8%2525B3%2525D8%2525A7%2525D8%2525B2%2525D9%252585%2525D8%2525A7%2525D9%252586-%2525D9%252585%2525D9%252586%2525D8%2525B7%2525D9%252582%2525D9%252587-%2525D8%2525A2%253Fredirect%253D%25252Ffa%25252Fw%25252F%252525D8%252525A8%252525D8%252525B1%252525DA%252525AF%252525D8%252525B2%252525D8%252525A7%252525D8%252525B1%252525DB%2525258C-%252525D9%25252586%252525D8%252525B4%252525D8%252525B3%252525D8%252525AA-%252525D9%25252585%252525D8%252525B4%252525D8%252525AA%252525D8%252525B1%252525DA%252525A9-%252525D8%252525AF%252525D8%252525A7%252525D9%25252586%252525D8%252525B4%252525DA%252525AF%252525D8%252525A7%252525D9%25252587-%252525DA%252525AF%252525DB%2525258C%252525D9%25252584%252525D8%252525A7%252525D9%25252586-%252525D9%25252588-%252525D8%252525B3%252525D8%252525A7%252525D8%252525B2%252525D9%25252585%252525D8%252525A7%252525D9%25252586-%252525D9%25252585%252525D9%25252586%252525D8%252525B7%252525D9%25252582%252525D9%25252587-%252525D8%252525A2,verified,2026-08-12
guilan-discovery-unit-industry-e61e95221da2,guilan,برگزاری نشست مشترک دانشگاه گیلان و سازمان منطقه آزاد انزلی برای تدوین سند توسعه صنایع خلاق - معاونت پژوهش و فناوری,industry,,,,https://resvp.guilan.ac.ir/fa/w/%D8%A8%D8%B1%DA%AF%D8%B2%D8%A7%D8%B1%DB%8C-%D9%86%D8%B4%D8%B3%D8%AA-%D9%85%D8%B4%D8%AA%D8%B1%DA%A9-%D8%AF%D8%A7%D9%86%D8%B4%DA%AF%D8%A7%D9%87-%DA%AF%DB%8C%D9%84%D8%A7%D9%86-%D9%88-%D8%B3%D8%A7%D8%B2%D9%85%D8%A7%D9%86-%D9%85%D9%86%D8%B7%D9%82%D9%87-%D8%A2?redirect=%2Ffa%2Fw%2F%25D9%2585%25D8%25AF%25DB%258C%25D8%25B1-%25D9%25BE%25DA%2598%25D9%2588%25D9%2587%25D8%25B4%25DB%258C-%25D8%25AF%25D8%25A7%25D9%2586%25D8%25B4%25DA%25AF%25D8%25A7%25D9%2587-%25D9%2585%25D9%2586%25D8%25B5%25D9%2588%25D8%25A8-%25D8%25B4%25D8%25AF%3Fredirect%3D%252Ffa%252Fw%252F%2525D9%252585%2525D8%2525AF%2525DB%25258C%2525D8%2525B1-%2525D9%2525BE%2525DA%252598%2525D9%252588%2525D9%252587%2525D8%2525B4%2525DB%25258C-%2525D8%2525AF%2525D8%2525A7%2525D9%252586%2525D8%2525B4%2525DA%2525AF%2525D8%2525A7%2525D9%252587-%2525D9%252585%2525D9%252586%2525D8%2525B5%2525D9%252588%2525D8%2525A8-%2525D8%2525B4%2525D8%2525AF%253Fredirect%253D%25252Ffa%25252Fw%25252F%252525D9%25252585%252525D8%252525AF%252525DB%2525258C%252525D8%252525B1-%252525D9%252525BE%252525DA%25252598%252525D9%25252588%252525D9%25252587%252525D8%252525B4%252525DB%2525258C-%252525D8%252525AF%252525D8%252525A7%252525D9%25252586%252525D8%252525B4%252525DA%252525AF%252525D8%252525A7%252525D9%25252587-%252525D9%25252585%252525D9%25252586%252525D8%252525B5%252525D9%25252588%252525D8%252525A8-%252525D8%252525B4%252525D8%252525AF%25253Fredirect%25253D%2525252Ffa%2525252Fw%2525252F%25252525D9%2525252585%25252525D8%25252525AF%25252525DB%252525258C%25252525D8%25252525B1-%25252525D9%25252525BE%25252525DA%2525252598%25252525D9%2525252588%25252525D9%2525252587%25252525D8%25252525B4%25252525DB%252525258C-%25252525D8%25252525AF%25252525D8%25252525A7%25252525D9%2525252586%25252525D8%25252525B4%25252525DA%25252525AF%25252525D8%25252525A7%25252525D9%2525252587-%25252525D9%2525252585%25252525D9%2525252586%25252525D8%25252525B5%25252525D9%2525252588%25252525D8%25252525A8-%25252525D8%25252525B4%25252525D8%25252525AF%2525253Fredirect%2525253D%252525252F,verified,2026-08-12
guilan-discovery-unit-industry-36370fee731b,guilan,برگزاری نشست مشترک دانشگاه گیلان و سازمان منطقه آزاد انزلی برای تدوین سند توسعه صنایع خلاق - معاونت پژوهش و فناوری,industry,,,,https://resvp.guilan.ac.ir/fa/w/%D8%A8%D8%B1%DA%AF%D8%B2%D8%A7%D8%B1%DB%8C-%D9%86%D8%B4%D8%B3%D8%AA-%D9%85%D8%B4%D8%AA%D8%B1%DA%A9-%D8%AF%D8%A7%D9%86%D8%B4%DA%AF%D8%A7%D9%87-%DA%AF%DB%8C%D9%84%D8%A7%D9%86-%D9%88-%D8%B3%D8%A7%D8%B2%D9%85%D8%A7%D9%86-%D9%85%D9%86%D8%B7%D9%82%D9%87-%D8%A2?redirect=%2Ffa%2Fw%2F%25D9%2585%25D8%25AF%25DB%258C%25D8%25B1-%25D9%25BE%25DA%2598%25D9%2588%25D9%2587%25D8%25B4%25DB%258C-%25D8%25AF%25D8%25A7%25D9%2586%25D8%25B4%25DA%25AF%25D8%25A7%25D9%2587-%25D9%2585%25D9%2586%25D8%25B5%25D9%2588%25D8%25A8-%25D8%25B4%25D8%25AF%3Fredirect%3D%252Ffa%252Fw%252F%2525D9%252585%2525D8%2525AF%2525DB%25258C%2525D8%2525B1-%2525D9%2525BE%2525DA%252598%2525D9%252588%2525D9%252587%2525D8%2525B4%2525DB%25258C-%2525D8%2525AF%2525D8%2525A7%2525D9%252586%2525D8%2525B4%2525DA%2525AF%2525D8%2525A7%2525D9%252587-%2525D9%252585%2525D9%252586%2525D8%2525B5%2525D9%252588%2525D8%2525A8-%2525D8%2525B4%2525D8%2525AF%253Fredirect%253D%25252Ffa%25252Fw%25252F%252525D9%25252585%252525D8%252525AF%252525DB%2525258C%252525D8%252525B1-%252525D9%252525BE%252525DA%25252598%252525D9%25252588%252525D9%25252587%252525D8%252525B4%252525DB%2525258C-%252525D8%252525AF%252525D8%252525A7%252525D9%25252586%252525D8%252525B4%252525DA%252525AF%252525D8%252525A7%252525D9%25252587-%252525D9%25252585%252525D9%25252586%252525D8%252525B5%252525D9%25252588%252525D8%252525A8-%252525D8%252525B4%252525D8%252525AF%25253Fredirect%25253D%2525252Ffa%2525252Fw%2525252F%25252525D9%2525252585%25252525D8%25252525AF%25252525DB%252525258C%25252525D8%25252525B1-%25252525D9%25252525BE%25252525DA%2525252598%25252525D9%2525252588%25252525D9%2525252587%25252525D8%25252525B4%25252525DB%252525258C-%25252525D8%25252525AF%25252525D8%25252525A7%25252525D9%2525252586%25252525D8%25252525B4%25252525DA%25252525AF%25252525D8%25252525A7%25252525D9%2525252587-%25252525D9%2525252585%25252525D9%2525252586%25252525D8%25252525B5%25252525D9%2525252588%25252525D8%25252525A8-%25252525D8%25252525B4%25252525D8%25252525AF,verified,2026-08-12
guilan-discovery-unit-industry-a8c1c8f37042,guilan,برگزاری نشست مشترک دانشگاه گیلان و سازمان منطقه آزاد انزلی برای تدوین سند توسعه صنایع خلاق - معاونت پژوهش و فناوری,industry,,,,https://resvp.guilan.ac.ir/fa/w/%D8%A8%D8%B1%DA%AF%D8%B2%D8%A7%D8%B1%DB%8C-%D9%86%D8%B4%D8%B3%D8%AA-%D9%85%D8%B4%D8%AA%D8%B1%DA%A9-%D8%AF%D8%A7%D9%86%D8%B4%DA%AF%D8%A7%D9%87-%DA%AF%DB%8C%D9%84%D8%A7%D9%86-%D9%88-%D8%B3%D8%A7%D8%B2%D9%85%D8%A7%D9%86-%D9%85%D9%86%D8%B7%D9%82%D9%87-%D8%A2?redirect=%2Ffa%2Fw%2F%25D8%25B1%25D8%25A6%25DB%258C%25D8%25B3-%25D9%2585%25D8%25B1%25DA%25A9%25D8%25B2-%25D8%25A7%25D8%25B3%25D9%2586%25D8%25A7%25D8%25AF%25D8%258C-%25DA%25A9%25D8%25AA%25D8%25A7%25D8%25A8%25D8%25AE%25D8%25A7%25D9%2586%25D9%2587-%25D9%2588-%25D9%2586%25D8%25B4%25D8%25B1-%25D8%25AF%25D8%25A7%25D9%2586%25D8%25B4%25DA%25AF%25D8%25A7%25D9%2587-%25D9%2585%25D9%2586%25D8%25B5%25D9%2588%25D8%25A8-%25D8%25B4%25D8%25AF-2%3Fredirect%3D%252Ffa%252Fw%252F%2525D9%252585%2525D8%2525AF%2525DB%25258C%2525D8%2525B1-%2525D9%2525BE%2525DA%252598%2525D9%252588%2525D9%252587%2525D8%2525B4%2525DB%25258C-%2525D8%2525AF%2525D8%2525A7%2525D9%252586%2525D8%2525B4%2525DA%2525AF%2525D8%2525A7%2525D9%252587-%2525D9%252585%2525D9%252586%2525D8%2525B5%2525D9%252588%2525D8%2525A8-%2525D8%2525B4%2525D8%2525AF%253Fredirect%253D%25252F,verified,2026-08-12
guilan-discovery-unit-industry-15800ac5bb9e,guilan,برگزاری نشست مشترک دانشگاه گیلان و سازمان منطقه آزاد انزلی برای تدوین سند توسعه صنایع خلاق - معاونت پژوهش و فناوری,industry,,,,https://resvp.guilan.ac.ir/fa/w/%D8%A8%D8%B1%DA%AF%D8%B2%D8%A7%D8%B1%DB%8C-%D9%86%D8%B4%D8%B3%D8%AA-%D9%85%D8%B4%D8%AA%D8%B1%DA%A9-%D8%AF%D8%A7%D9%86%D8%B4%DA%AF%D8%A7%D9%87-%DA%AF%DB%8C%D9%84%D8%A7%D9%86-%D9%88-%D8%B3%D8%A7%D8%B2%D9%85%D8%A7%D9%86-%D9%85%D9%86%D8%B7%D9%82%D9%87-%D8%A2?redirect=%2Ffa%2Fw%2F%25D8%25A7%25D9%2586%25D8%25AA%25D8%25B5%25D8%25A7%25D8%25A8-%25D8%25B3%25D8%25B1%25D9%25BE%25D8%25B1%25D8%25B3%25D8%25AA-%25D8%25AC%25D8%25AF%25DB%258C%25D8%25AF-%25D9%25BE%25DA%2598%25D9%2588%25D9%2587%25D8%25B4%25DA%25A9%25D8%25AF%25D9%2587-%25D8%25AD%25D9%2588%25D8%25B2%25D9%2587-%25D8%25AF%25D8%25B1%25DB%258C%25D8%25A7%25DB%258C-%25DA%25A9%25D8%25A7%25D8%25B3%25D9%25BE%25DB%258C%25D9%2586-1%3Fredirect%3D%252Ffa%252Fw%252F%2525D8%2525B1%2525D8%2525A6%2525DB%25258C%2525D8%2525B3-%2525D9%252585%2525D8%2525B1%2525DA%2525A9%2525D8%2525B2-%2525D8%2525A7%2525D8%2525B3%2525D9%252586%2525D8%2525A7%2525D8%2525AF%2525D8%25258C-%2525DA%2525A9%2525D8%2525AA%2525D8%2525A7%2525D8%2525A8%2525D8%2525AE%2525D8%2525A7%2525D9%252586%2525D9%252587-%2525D9%252588-%2525D9%252586%2525D8%2525B4%2525D8%2525B1-%2525D8%2525AF%2525D8%2525A7%2525D9%252586%2525D8%2525B4%2525DA%2525AF%2525D8%2525A7%2525D9%252587-%2525D9%252585%2525D9%252586%2525D8%2525B5%2525D9%252588%2525D8%2525A8-%2525D8%2525B4%2525D8%2525AF-2%253Fredirect%253D%25252Ffa%25252Fw%25252F%252525D8%252525B1%252525D8%252525A6%252525DB%2525258C%252525D8%252525B3-%252525D9%25252585%252525D8%252525B1%252525DA%252525A9%252525D8%252525B2-%252525D8%252525A7%252525D8%252525B3%252525D9%25252586%252525D8%252525A7%252525D8%252525AF%252525D8%2525258C-%252525DA%252525A9%252525D8%252525AA%252525D8%252525A7%252525D8%252525A8%252525D8%252525AE%252525D8%252525A7%252525D9%25252586%252525D9%25252587-%252525D9%25252588-%252525D9%25252586%252525D8%252525B4%252525D8%252525B1-%252525D8%252525AF%252525D8%252525A7%252525D9%25252586%252525D8%252525B4%252525DA%252525AF%252525D8%252525A7%252525D9%25252587-%252525D9%25252585%252525D9%25252586%252525D8%252525B5%252525D9%25252588%252525D8%252525A8-%252525D8%252525B4%252525D8%252525AF-2,verified,2026-08-12
guilan-discovery-unit-industry-8a5f3fec6c36,guilan,برگزاری نشست مشترک دانشگاه گیلان و سازمان منطقه آزاد انزلی برای تدوین سند توسعه صنایع خلاق - معاونت پژوهش و فناوری,industry,,,,https://resvp.guilan.ac.ir/fa/w/%D8%A8%D8%B1%DA%AF%D8%B2%D8%A7%D8%B1%DB%8C-%D9%86%D8%B4%D8%B3%D8%AA-%D9%85%D8%B4%D8%AA%D8%B1%DA%A9-%D8%AF%D8%A7%D9%86%D8%B4%DA%AF%D8%A7%D9%87-%DA%AF%DB%8C%D9%84%D8%A7%D9%86-%D9%88-%D8%B3%D8%A7%D8%B2%D9%85%D8%A7%D9%86-%D9%85%D9%86%D8%B7%D9%82%D9%87-%D8%A2?redirect=%2Ffa%2Fw%2F%25D8%25AC%25D9%2584%25D8%25B3%25D9%2587-%25D8%25B4%25D9%2588%25D8%25B1%25D8%25A7%25DB%258C-%25D9%2586%25D8%25B4%25D8%25B1-%25DA%25A9%25D8%25AA%25D8%25A7%25D8%25A8-%25D8%25AF%25D8%25A7%25D9%2586%25D8%25B4%25DA%25AF%25D8%25A7%25D9%2587-%25D8%25A8%25D8%25B1%25DA%25AF%25D8%25B2%25D8%25A7%25D8%25B1-%25D8%25B4%25D8%25AF-9%3Fredirect%3D%252Ffa%252Fw%252F%2525D8%2525B1%2525D8%2525A6%2525DB%25258C%2525D8%2525B3-%2525D9%252585%2525D8%2525B1%2525DA%2525A9%2525D8%2525B2-%2525D8%2525A7%2525D8%2525B3%2525D9%252586%2525D8%2525A7%2525D8%2525AF%2525D8%25258C-%2525DA%2525A9%2525D8%2525AA%2525D8%2525A7%2525D8%2525A8%2525D8%2525AE%2525D8%2525A7%2525D9%252586%2525D9%252587-%2525D9%252588-%2525D9%252586%2525D8%2525B4%2525D8%2525B1-%2525D8%2525AF%2525D8%2525A7%2525D9%252586%2525D8%2525B4%2525DA%2525AF%2525D8%2525A7%2525D9%252587-%2525D9%252585%2525D9%252586%2525D8%2525B5%2525D9%252588%2525D8%2525A8-%2525D8%2525B4%2525D8%2525AF-2%253Fredirect%253D%25252Ffa%25252Fw%25252F%252525D8%252525B1%252525D8%252525A6%252525DB%2525258C%252525D8%252525B3-%252525D9%25252585%252525D8%252525B1%252525DA%252525A9%252525D8%252525B2-%252525D8%252525A7%252525D8%252525B3%252525D9%25252586%252525D8%252525A7%252525D8%252525AF%252525D8%2525258C-%252525DA%252525A9%252525D8%252525AA%252525D8%252525A7%252525D8%252525A8%252525D8%252525AE%252525D8%252525A7%252525D9%25252586%252525D9%25252587-%252525D9%25252588-%252525D9%25252586%252525D8%252525B4%252525D8%252525B1-%252525D8%252525AF%252525D8%252525A7%252525D9%25252586%252525D8%252525B4%252525DA%252525AF%252525D8%252525A7%252525D9%25252587-%252525D9%25252585%252525D9%25252586%252525D8%252525B5%252525D9%25252588%252525D8%252525A8-%252525D8%252525B4%252525D8%252525AF-2,verified,2026-08-12
guilan-discovery-unit-industry-56bdbfa3ffdf,guilan,برگزاری نشست مشترک دانشگاه گیلان و سازمان منطقه آزاد انزلی برای تدوین سند توسعه صنایع خلاق - معاونت پژوهش و فناوری,industry,,,,https://resvp.guilan.ac.ir/fa/w/%D8%A8%D8%B1%DA%AF%D8%B2%D8%A7%D8%B1%DB%8C-%D9%86%D8%B4%D8%B3%D8%AA-%D9%85%D8%B4%D8%AA%D8%B1%DA%A9-%D8%AF%D8%A7%D9%86%D8%B4%DA%AF%D8%A7%D9%87-%DA%AF%DB%8C%D9%84%D8%A7%D9%86-%D9%88-%D8%B3%D8%A7%D8%B2%D9%85%D8%A7%D9%86-%D9%85%D9%86%D8%B7%D9%82%D9%87-%D8%A2?redirect=%2Ffa%2Fw%2F%25D8%25AC%25D9%2584%25D8%25B3%25D9%2587-%25D8%25B4%25D9%2588%25D8%25B1%25D8%25A7%25DB%258C-%25D9%2586%25D8%25B4%25D8%25B1-%25DA%25A9%25D8%25AA%25D8%25A7%25D8%25A8-%25D8%25AF%25D8%25A7%25D9%2586%25D8%25B4%25DA%25AF%25D8%25A7%25D9%2587-%25D8%25A8%25D8%25B1%25DA%25AF%25D8%25B2%25D8%25A7%25D8%25B1-%25D8%25B4%25D8%25AF-10%3Fredirect%3D%252Ffa%252Fw%252F%2525D8%2525B1%2525D8%2525A6%2525DB%25258C%2525D8%2525B3-%2525D9%252585%2525D8%2525B1%2525DA%2525A9%2525D8%2525B2-%2525D8%2525A7%2525D8%2525B3%2525D9%252586%2525D8%2525A7%2525D8%2525AF%2525D8%25258C-%2525DA%2525A9%2525D8%2525AA%2525D8%2525A7%2525D8%2525A8%2525D8%2525AE%2525D8%2525A7%2525D9%252586%2525D9%252587-%2525D9%252588-%2525D9%252586%2525D8%2525B4%2525D8%2525B1-%2525D8%2525AF%2525D8%2525A7%2525D9%252586%2525D8%2525B4%2525DA%2525AF%2525D8%2525A7%2525D9%252587-%2525D9%252585%2525D9%252586%2525D8%2525B5%2525D9%252588%2525D8%2525A8-%2525D8%2525B4%2525D8%2525AF-2%253Fredirect%253D%25252Ffa%25252Fw%25252F%252525D8%252525B1%252525D8%252525A6%252525DB%2525258C%252525D8%252525B3-%252525D9%25252585%252525D8%252525B1%252525DA%252525A9%252525D8%252525B2-%252525D8%252525A7%252525D8%252525B3%252525D9%25252586%252525D8%252525A7%252525D8%252525AF%252525D8%2525258C-%252525DA%252525A9%252525D8%252525AA%252525D8%252525A7%252525D8%252525A8%252525D8%252525AE%252525D8%252525A7%252525D9%25252586%252525D9%25252587-%252525D9%25252588-%252525D9%25252586%252525D8%252525B4%252525D8%252525B1-%252525D8%252525AF%252525D8%252525A7%252525D9%25252586%252525D8%252525B4%252525DA%252525AF%252525D8%252525A7%252525D9%25252587-%252525D9%25252585%252525D9%25252586%252525D8%252525B5%252525D9%25252588%252525D8%252525A8-%252525D8%252525B4%252525D8%252525AF-2,verified,2026-08-12
guilan-discovery-unit-industry-1bba3a2cc86b,guilan,برگزاری نشست مشترک دانشگاه گیلان و سازمان منطقه آزاد انزلی برای تدوین سند توسعه صنایع خلاق - معاونت پژوهش و فناوری,industry,,,,https://resvp.guilan.ac.ir/fa/w/%D8%A8%D8%B1%DA%AF%D8%B2%D8%A7%D8%B1%DB%8C-%D9%86%D8%B4%D8%B3%D8%AA-%D9%85%D8%B4%D8%AA%D8%B1%DA%A9-%D8%AF%D8%A7%D9%86%D8%B4%DA%AF%D8%A7%D9%87-%DA%AF%DB%8C%D9%84%D8%A7%D9%86-%D9%88-%D8%B3%D8%A7%D8%B2%D9%85%D8%A7%D9%86-%D9%85%D9%86%D8%B7%D9%82%D9%87-%D8%A2?redirect=%2Ffa%2Fw%2F%25D9%2585%25D8%25AF%25DB%258C%25D8%25B1-%25D9%25BE%25DA%2598%25D9%2588%25D9%2587%25D8%25B4%25DB%258C-%25D8%25AF%25D8%25A7%25D9%2586%25D8%25B4%25DA%25AF%25D8%25A7%25D9%2587-%25D9%2585%25D9%2586%25D8%25B5%25D9%2588%25D8%25A8-%25D8%25B4%25D8%25AF%3Fredirect%3D%252Ffa%252Fw%252F%2525D8%2525A7%2525D9%252586%2525D8%2525AA%2525D8%2525B5%2525D8%2525A7%2525D8%2525A8-%2525D8%2525B3%2525D8%2525B1%2525D9%2525BE%2525D8%2525B1%2525D8%2525B3%2525D8%2525AA-%2525D8%2525AC%2525D8%2525AF%2525DB%25258C%2525D8%2525AF-%2525D9%2525BE%2525DA%252598%2525D9%252588%2525D9%252587%2525D8%2525B4%2525DA%2525A9%2525D8%2525AF%2525D9%252587-%2525D8%2525AD%2525D9%252588%2525D8%2525B2%2525D9%252587-%2525D8%2525AF%2525D8%2525B1%2525DB%25258C%2525D8%2525A7%2525DB%25258C-%2525DA%2525A9%2525D8%2525A7%2525D8%2525B3%2525D9%2525BE%2525DB%25258C%2525D9%252586-1%253Fredirect%253D%25252Ffa%25252Fw%25252F%252525D8%252525B1%252525D8%252525A6%252525DB%2525258C%252525D8%252525B3-%252525D9%25252585%252525D8%252525B1%252525DA%252525A9%252525D8%252525B2-%252525D8%252525A7%252525D8%252525B3%252525D9%25252586%252525D8%252525A7%252525D8%252525AF%252525D8%2525258C-%252525DA%252525A9%252525D8%252525AA%252525D8%252525A7%252525D8%252525A8%252525D8%252525AE%252525D8%252525A7%252525D9%25252586%252525D9%25252587-%252525D9%25252588-%252525D9%25252586%252525D8%252525B4%252525D8%252525B1-%252525D8%252525AF%252525D8%252525A7%252525D9%25252586%252525D8%252525B4%252525DA%252525AF%252525D8%252525A7%252525D9%25252587-%252525D9%25252585%252525D9%25252586%252525D8%252525B5%252525D9%25252588%252525D8%252525A8-%252525D8%252525B4%252525D8%252525AF-2,verified,2026-08-12
guilan-discovery-unit-industry-1c0ea80d28ba,guilan,برگزاری نشست مشترک دانشگاه گیلان و سازمان منطقه آزاد انزلی برای تدوین سند توسعه صنایع خلاق - معاونت پژوهش و فناوری,industry,,,,https://resvp.guilan.ac.ir/fa/w/%D8%A8%D8%B1%DA%AF%D8%B2%D8%A7%D8%B1%DB%8C-%D9%86%D8%B4%D8%B3%D8%AA-%D9%85%D8%B4%D8%AA%D8%B1%DA%A9-%D8%AF%D8%A7%D9%86%D8%B4%DA%AF%D8%A7%D9%87-%DA%AF%DB%8C%D9%84%D8%A7%D9%86-%D9%88-%D8%B3%D8%A7%D8%B2%D9%85%D8%A7%D9%86-%D9%85%D9%86%D8%B7%D9%82%D9%87-%D8%A2?redirect=%2Ffa%2Fw%2F%25D8%25A8%25D8%25B1%25DA%25AF%25D8%25B2%25D8%25A7%25D8%25B1%25DB%258C-%25D9%2586%25D8%25B4%25D8%25B3%25D8%25AA-%25D9%2585%25D8%25B4%25D8%25AA%25D8%25B1%25DA%25A9-%25D8%25AF%25D8%25A7%25D9%2586%25D8%25B4%25DA%25AF%25D8%25A7%25D9%2587-%25DA%25AF%25DB%258C%25D9%2584%25D8%25A7%25D9%2586-%25D9%2588-%25D8%25B3%25D8%25A7%25D8%25B2%25D9%2585%25D8%25A7%25D9%2586-%25D9%2585%25D9%2586%25D8%25B7%25D9%2582%25D9%2587-%25D8%25A2%3Fredirect%3D%252Ffa%252Fw%252F%2525D8%2525A7%2525D9%252586%2525D8%2525AA%2525D8%2525B5%2525D8%2525A7%2525D8%2525A8-%2525D8%2525B3%2525D8%2525B1%2525D9%2525BE%2525D8%2525B1%2525D8%2525B3%2525D8%2525AA-%2525D8%2525AC%2525D8%2525AF%2525DB%25258C%2525D8%2525AF-%2525D9%2525BE%2525DA%252598%2525D9%252588%2525D9%252587%2525D8%2525B4%2525DA%2525A9%2525D8%2525AF%2525D9%252587-%2525D8%2525AD%2525D9%252588%2525D8%2525B2%2525D9%252587-%2525D8%2525AF%2525D8%2525B1%2525DB%25258C%2525D8%2525A7%2525DB%25258C-%2525DA%2525A9%2525D8%2525A7%2525D8%2525B3%2525D9%2525BE%2525DB%25258C%2525D9%252586-1,verified,2026-08-12
guilan-discovery-unit-industry-77b5f33856a6,guilan,برگزاری نشست مشترک دانشگاه گیلان و سازمان منطقه آزاد انزلی برای تدوین سند توسعه صنایع خلاق - معاونت پژوهش و فناوری,industry,,,,https://resvp.guilan.ac.ir/fa/w/%D8%A8%D8%B1%DA%AF%D8%B2%D8%A7%D8%B1%DB%8C-%D9%86%D8%B4%D8%B3%D8%AA-%D9%85%D8%B4%D8%AA%D8%B1%DA%A9-%D8%AF%D8%A7%D9%86%D8%B4%DA%AF%D8%A7%D9%87-%DA%AF%DB%8C%D9%84%D8%A7%D9%86-%D9%88-%D8%B3%D8%A7%D8%B2%D9%85%D8%A7%D9%86-%D9%85%D9%86%D8%B7%D9%82%D9%87-%D8%A2?redirect=%2Ffa%2Fw%2F%25D9%2585%25D8%25AF%25DB%258C%25D8%25B1-%25D9%25BE%25DA%2598%25D9%2588%25D9%2587%25D8%25B4%25DB%258C-%25D8%25AF%25D8%25A7%25D9%2586%25D8%25B4%25DA%25AF%25D8%25A7%25D9%2587-%25D9%2585%25D9%2586%25D8%25B5%25D9%2588%25D8%25A8-%25D8%25B4%25D8%25AF%3Fredirect%3D%252Ffa%252Fw%252F%2525D8%2525AC%2525D9%252584%2525D8%2525B3%2525D9%252587-%2525D8%2525B4%2525D9%252588%2525D8%2525B1%2525D8%2525A7%2525DB%25258C-%2525D9%252586%2525D8%2525B4%2525D8%2525B1-%2525DA%2525A9%2525D8%2525AA%2525D8%2525A7%2525D8%2525A8-%2525D8%2525AF%2525D8%2525A7%2525D9%252586%2525D8%2525B4%2525DA%2525AF%2525D8%2525A7%2525D9%252587-%2525D8%2525A8%2525D8%2525B1%2525DA%2525AF%2525D8%2525B2%2525D8%2525A7%2525D8%2525B1-%2525D8%2525B4%2525D8%2525AF-9%253Fredirect%253D%25252Ffa%25252Fw%25252F%252525D8%252525B1%252525D8%252525A6%252525DB%2525258C%252525D8%252525B3-%252525D9%25252585%252525D8%252525B1%252525DA%252525A9%252525D8%252525B2-%252525D8%252525A7%252525D8%252525B3%252525D9%25252586%252525D8%252525A7%252525D8%252525AF%252525D8%2525258C-%252525DA%252525A9%252525D8%252525AA%252525D8%252525A7%252525D8%252525A8%252525D8%252525AE%252525D8%252525A7%252525D9%25252586%252525D9%25252587-%252525D9%25252588-%252525D9%25252586%252525D8%252525B4%252525D8%252525B1-%252525D8%252525AF%252525D8%252525A7%252525D9%25252586%252525D8%252525B4%252525DA%252525AF%252525D8%252525A7%252525D9%25252587-%252525D9%25252585%252525D9%25252586%252525D8%252525B5%252525D9%25252588%252525D8%252525A8-%252525D8%252525B4%252525D8%252525AF-2,verified,2026-08-12
urmia-discovery-unit-industry-7f714569cb15,urmia,شیوه نامه اقدام در مورد طرح‌های برون دانشگاهی و سایر موارد مربوطه در مدیریت کارآفرینی و ارتباط با صنعت - معاونت پژوهش و فن‌آوری,industry,,,,https://pajuheshi.urmia.ac.ir/fa/download/2400/%D8%B4%DB%8C%D9%88%D9%87-%D9%86%D8%A7%D9%85%D9%87-%D8%A7%D9%82%D8%AF%D8%A7%D9%85-%D8%AF%D8%B1-%D9%85%D9%88%D8%B1%D8%AF-%D8%B7%D8%B1%D8%AD-%D9%87%D8%A7%DB%8C-%D8%A8%D8%B1%D9%88%D9%86-%D8%AF%D8%A7%D9%86%D8%B4%DA%AF%D8%A7%D9%87%DB%8C-%D9%88-%D8%B3%D8%A7%DB%8C%D8%B1-%D9%85%D9%88%D8%A7%D8%B1%D8%AF-%D9%85%D8%B1%D8%A8%D9%88%D8%B7%D9%87-%D8%AF%D8%B1-%D9%85%D8%AF%DB%8C%D8%B1%DB%8C%D8%AA-%DA%A9%D8%A7%D8%B1%D8%A2%D9%81%D8%B1%DB%8C%D9%86%DB%8C-%D9%88-%D8%A7%D8%B1%D8%AA%D8%A8%D8%A7%D8%B7-%D8%A8%D8%A7-%D8%B5%D9%86%D8%B9%D8%AA,verified,2026-08-12
urmia-discovery-unit-industry-8f9738a3e136,urmia,آئین نامه ارتقای مرتبه اعضای هیأت علمی مؤسسات آموزشی و پژوهشی و بندهای مرتبط با قسمت مدیریت کارآفرینی و ارتباط با صنعت - معاونت پژوهش و فن‌آوری,industry,,,,https://pajuheshi.urmia.ac.ir/fa/download/2399/%D8%A2%D8%A6%DB%8C%D9%86-%D9%86%D8%A7%D9%85%D9%87-%D8%A7%D8%B1%D8%AA%D9%82%D8%A7%DB%8C-%D9%85%D8%B1%D8%AA%D8%A8%D9%87-%D8%A7%D8%B9%D8%B6%D8%A7%DB%8C-%D9%87%DB%8C%D8%A3%D8%AA-%D8%B9%D9%84%D9%85%DB%8C-%D9%85%D8%A4%D8%B3%D8%B3%D8%A7%D8%AA-%D8%A2%D9%85%D9%88%D8%B2%D8%B4%DB%8C-%D9%88-%D9%BE%DA%98%D9%88%D9%87%D8%B4%DB%8C-%D9%88-%D8%A8%D9%86%D8%AF%D9%87%D8%A7%DB%8C-%D9%85%D8%B1%D8%AA%D8%A8%D8%B7-%D8%A8%D8%A7-%D9%82%D8%B3%D9%85%D8%AA-%D9%85%D8%AF%DB%8C%D8%B1%DB%8C%D8%AA-%DA%A9%D8%A7%D8%B1%D8%A2%D9%81%D8%B1%DB%8C%D9%86%DB%8C-%D9%88-%D8%A7%D8%B1%D8%AA%D8%A8%D8%A7%D8%B7-%D8%A8%D8%A7-%D8%B5%D9%86%D8%B9%D8%AA,verified,2026-08-12
urmia-discovery-unit-library-61eb31ad5281,urmia,کتابخانه مرکزی دانشگاه ارومیه,library,,,,https://cl.urmia.ac.ir/fa,verified,2026-08-12
urmia-discovery-unit-laboratory-95b813168c63,urmia,دانشگاه ارومیه | آزمایشگاه مرکزی,laboratory,,,,https://cntlab.urmia.ac.ir/,verified,2026-08-12
urmia-discovery-unit-technology-5978b131186b,urmia,آیین نامه توسعه کارآفرینی در دانشگاه‌ها و مراکز آموزش عالی - معاونت پژوهش و فن‌آوری,technology,,,,https://pajuheshi.urmia.ac.ir/fa/download/2398/%D8%A2%DB%8C%DB%8C%D9%86-%D9%86%D8%A7%D9%85%D9%87-%D8%AA%D9%88%D8%B3%D8%B9%D9%87-%DA%A9%D8%A7%D8%B1%D8%A2%D9%81%D8%B1%DB%8C%D9%86%DB%8C-%D8%AF%D8%B1-%D8%AF%D8%A7%D9%86%D8%B4%DA%AF%D8%A7%D9%87-%D9%87%D8%A7-%D9%88-%D9%85%D8%B1%D8%A7%DA%A9%D8%B2-%D8%A2%D9%85%D9%88%D8%B2%D8%B4-%D8%B9%D8%A7%D9%84%DB%8C,verified,2026-08-12
urmia-discovery-unit-laboratory-cd9f8944bd7b,urmia,BET آزمایشگاه مرکزی آنالیز سطح ویژه,laboratory,,,,https://cntlab.urmia.ac.ir/fa/services/64/bet-%D8%A2%D8%B2%D9%85%D8%A7%DB%8C%D8%B4%DA%AF%D8%A7%D9%87-%D9%85%D8%B1%DA%A9%D8%B2%DB%8C,verified,2026-08-12
urmia-discovery-unit-laboratory-17fd12cadcce,urmia,TEM آزمایشگاه مرکزی میکروسکوپ الکترونی,laboratory,,,,https://cntlab.urmia.ac.ir/fa/services/45/tem-%D8%A2%D8%B2%D9%85%D8%A7%DB%8C%D8%B4%DA%AF%D8%A7%D9%87-%D9%85%D8%B1%DA%A9%D8%B2%DB%8C,verified,2026-08-12
urmia-discovery-unit-laboratory-6025a5766d4c,urmia,GC MS آزمایشگاه مرکزی کروماتوگرافی گازی با طیف سنج جرمی,laboratory,,,,https://cntlab.urmia.ac.ir/fa/services/44/gc-ms-%D8%A2%D8%B2%D9%85%D8%A7%DB%8C%D8%B4%DA%AF%D8%A7%D9%87-%D9%85%D8%B1%DA%A9%D8%B2%DB%8C,verified,2026-08-12
urmia-discovery-unit-laboratory-655a043b68b0,urmia,GC آزمایشگاه مرکزی کروماتوگرافی گازی,laboratory,,,,https://cntlab.urmia.ac.ir/fa/services/28/gc-%D8%A2%D8%B2%D9%85%D8%A7%DB%8C%D8%B4%DA%AF%D8%A7%D9%87-%D9%85%D8%B1%DA%A9%D8%B2%DB%8C,verified,2026-08-12
urmia-discovery-unit-industry-0adb92d464c9,urmia,مدیریت فناوری و ارتباط با جامعه - معاونت پژوهش و فن‌آوری,industry,,,,https://pajuheshi.urmia.ac.ir/fa/page/440/%D9%85%D8%AF%DB%8C%D8%B1%DB%8C%D8%AA-%D9%81%D9%86%D8%A7%D9%88%D8%B1%DB%8C-%D9%88-%D8%A7%D8%B1%D8%AA%D8%A8%D8%A7%D8%B7-%D8%A8%D8%A7-%D8%AC%D8%A7%D9%85%D8%B9%D9%87,verified,2026-08-12
urmia-discovery-unit-library-a11f642b5236,urmia,آیین نامه نشریات علمی - معاونت پژوهش و فن‌آوری,library,,,,https://pajuheshi.urmia.ac.ir/fa/download/2416/%D8%A2%DB%8C%DB%8C%D9%86-%D9%86%D8%A7%D9%85%D9%87-%D9%86%D8%B4%D8%B1%DB%8C%D8%A7%D8%AA-%D8%B9%D9%84%D9%85%DB%8C,verified,2026-08-12
urmia-discovery-unit-research-59fad73a49ab,urmia,مدیریت امور پژوهشی - معاونت پژوهش و فن‌آوری,research,,,,https://pajuheshi.urmia.ac.ir/fa/page/439/%D9%85%D8%AF%DB%8C%D8%B1%DB%8C%D8%AA-%D8%A7%D9%85%D9%88%D8%B1-%D9%BE%DA%98%D9%88%D9%87%D8%B4%DB%8C,verified,2026-08-12
urmia-discovery-unit-industry-b2c895743d36,urmia,دانلودها - طرح ارتباط با صنعت,industry,,,,https://pajuheshi.urmia.ac.ir/fa/download/category/371/%D8%B7%D8%B1%D8%AD-%D8%A7%D8%B1%D8%AA%D8%A8%D8%A7%D8%B7-%D8%A8%D8%A7-%D8%B5%D9%86%D8%B9%D8%AA,verified,2026-08-12
urmia-discovery-unit-industry-8d46b8ba3322,urmia,طرح های ارتباط با صنعت - معاونت پژوهش و فن‌آوری,industry,,,,https://pajuheshi.urmia.ac.ir/fa/download/2738/%D8%B7%D8%B1%D8%AD-%D9%87%D8%A7%DB%8C-%D8%A7%D8%B1%D8%AA%D8%A8%D8%A7%D8%B7-%D8%A8%D8%A7-%D8%B5%D9%86%D8%B9%D8%AA,verified,2026-08-12
urmia-discovery-unit-industry-2813ad15f2f5,urmia,دانلودها - طرح ارتباط با صنعت,industry,,,,https://pajuheshi.urmia.ac.ir/fa/download/category/371,verified,2026-08-12
urmia-discovery-unit-research-29b76c0d1b57,urmia,دانلودها - آئین نامه های مدیریت امور پژوهشی,research,,,,https://pajuheshi.urmia.ac.ir/fa/download/category/335/%D8%A2%D8%A6%DB%8C%D9%86-%D9%86%D8%A7%D9%85%D9%87-%D9%87%D8%A7%DB%8C-%D9%85%D8%AF%DB%8C%D8%B1%DB%8C%D8%AA-%D8%A7%D9%85%D9%88%D8%B1-%D9%BE%DA%98%D9%88%D9%87%D8%B4%DB%8C,verified,2026-08-12
urmia-discovery-unit-research-42244c8061fb,urmia,دانلودها - آئین نامه های مدیریت امور پژوهشی,research,,,,https://pajuheshi.urmia.ac.ir/fa/download/category/335,verified,2026-08-12
urmia-discovery-unit-it-b8c00b2db044,urmia,دانلودها - آئین نامه های مدیریت فناوری اطلاعات,it,,organizationally-attributed,,https://pajuheshi.urmia.ac.ir/fa/download/category/334/%D8%A2%D8%A6%DB%8C%D9%86-%D9%86%D8%A7%D9%85%D9%87-%D9%87%D8%A7%DB%8C-%D9%85%D8%AF%DB%8C%D8%B1%DB%8C%D8%AA-%D9%81%D9%86%D8%A7%D9%88%D8%B1%DB%8C-%D8%A7%D8%B7%D9%84%D8%A7%D8%B9%D8%A7%D8%AA,verified,2026-08-12
semnan-discovery-unit-library-8a731158779c,semnan,فهرست کارگاه های کتابخانه مرکزی مهر و آبان 1401 | کتابخانه مرکزی و مرکز اسناد دانشگاه سمنان,library,,,,https://lib.semnan.ac.ir/%D9%81%D9%87%D8%B1%D8%B3%D8%AA-%DA%A9%D8%A7%D8%B1%DA%AF%D8%A7%D9%87-%D9%87%D8%A7%DB%8C-%DA%A9%D8%AA%D8%A7%D8%A8%D8%AE%D8%A7%D9%86%D9%87-%D9%85%D8%B1%DA%A9%D8%B2%DB%8C-%D9%85%D9%87%D8%B1-%D9%88-%D8%A2%D8%A8%D8%A7%D9%86-1401,verified,2026-08-12
semnan-discovery-unit-library-4732444fd5b0,semnan,فهرست کارگاه های کتابخانه مرکزی آبان 1399 | کتابخانه مرکزی و مرکز اسناد دانشگاه سمنان,library,,,,https://lib.semnan.ac.ir/%D9%81%D9%87%D8%B1%D8%B3%D8%AA-%DA%A9%D8%A7%D8%B1%DA%AF%D8%A7%D9%87-%D9%87%D8%A7%DB%8C-%DA%A9%D8%AA%D8%A7%D8%A8%D8%AE%D8%A7%D9%86%D9%87-%D9%85%D8%B1%DA%A9%D8%B2%DB%8C-%D8%A2%D8%A8%D8%A7%D9%86-1399,verified,2026-08-12
semnan-discovery-unit-library-d251a549870b,semnan,اطلاعیه ها | کتابخانه مرکزی و مرکز اسناد دانشگاه سمنان,library,,,,https://lib.semnan.ac.ir/%D8%A7%D8%B7%D9%84%D8%A7%D8%B9%DB%8C%D9%87-%D9%87%D8%A7/%D8%A8%D9%87-%D8%B1%D9%88%D8%B2-%D8%B1%D8%B3%D8%A7%D9%86%DB%8C-%D9%85%D9%86%D8%A7%D8%A8%D8%B9-%DA%86%D8%A7%D9%BE%DB%8C-%DA%A9%D8%AA%D8%A7%D8%A8%D8%AE%D8%A7%D9%86%D9%87-%D9%85%D8%B1%DA%A9%D8%B2%DB%8C%D8%8C-%D8%AE%D8%B1%DB%8C%D8%AF-1173-%D9%86%D8%B3%D8%AE%D9%87-(350-%D8%B9%D9%86%D9%88%D8%A7%D9%86)-%D8%AF%D8%B1-%D8%B3%D8%A7%D9%84-1404-%D9%88-%D8%AB%D8%A8%D8%AA-333-%D8%AF%D8%B1%D8%AE%D9%88%D8%A7%D8%B3%D8%AA-%D8%AC%D8%AF%DB%8C%D8%AF-%D8%AF%D8%B1-%D8%A7%D8%B1%D8%AF%DB%8C%D8%A8%D9%87%D8%B4%D8%AA-%D8%B3%D8%A7%D9%84-1405,verified,2026-08-12
semnan-discovery-unit-library-b541a8eafad1,semnan,همه اخبار | کتابخانه مرکزی و مرکز اسناد دانشگاه سمنان,library,,,,https://lib.semnan.ac.ir/%D9%87%D9%85%D9%87-%D8%A7%D8%AE%D8%A8%D8%A7%D8%B1/%D9%81%D9%87%D8%B1%D8%B3%D8%AA-%DA%A9%D8%AA%D8%A8-%D9%86%D8%A7%D8%B4%D8%B1%D8%A7%D9%86-%D8%B4%D8%B1%DA%A9%D8%AA-%DA%A9%D9%86%D9%86%D8%AF%D9%87-%D8%AF%D8%B1-%D9%87%D9%81%D8%AA%D9%85%DB%8C%D9%86-%D9%86%D9%85%D8%A7%DB%8C%D8%B4%DA%AF%D8%A7%D9%87-%D8%A8%DB%8C%D9%86-%D8%A7%D9%84%D9%85%D9%84%D9%84%DB%8C-%DA%A9%D8%AA%D8%A7%D8%A8-%D9%85%D8%AC%D8%A7%D8%B2%DB%8C-1405-%D8%AA%D9%87%D8%B1%D8%A7%D9%86-,verified,2026-08-12
semnan-discovery-unit-laboratory-f8333c997a0b,semnan,فرآیند سیستم آزمایشگاه مرکزی | مدیریت فناوری اطلاعات و امنیت فضای مجازی دانشگاه سمنان,laboratory,,,,https://it.semnan.ac.ir/%D9%81%D8%B1%D8%A2%DB%8C%D9%86%D8%AF-%D8%B3%DB%8C%D8%B3%D8%AA%D9%85-%D8%A2%D8%B2%D9%85%D8%A7%DB%8C%D8%B4%DA%AF%D8%A7%D9%87-%D9%85%D8%B1%DA%A9%D8%B2%DB%8C,verified,2026-08-12
semnan-discovery-unit-library-a220f30e1528,semnan,پارک علم و فناوری دانشگاه سمنان | استفاده از کتابخانه مرکزی دانشگاه سمنان,library,,,,https://sustp.semnan.ac.ir/%D8%A7%D8%B3%D8%AA%D9%81%D8%A7%D8%AF%D9%87-%D8%A7%D8%B2-%DA%A9%D8%AA%D8%A7%D8%A8%D8%AE%D8%A7%D9%86%D9%87-%D9%85%D8%B1%DA%A9%D8%B2%DB%8C-%D8%AF%D8%A7%D9%86%D8%B4%DA%AF%D8%A7%D9%87-%D8%B3%D9%85%D9%86%D8%A7%D9%86,verified,2026-08-12
semnan-discovery-unit-library-f1bfe4d4ec18,semnan,به روز رسانی منابع چاپی کتابخانه مرکزی، خرید 1173 نسخه (350 عنوان) در سال 1404 و ثبت 333 درخواست جدید در اردیبهشت سال 1405 | کتابخانه مرکزی و مرکز اسناد دانشگاه سمنان,library,,,,https://lib.semnan.ac.ir/%D9%87%D9%85%D9%87-%D8%A7%D8%AE%D8%A8%D8%A7%D8%B1/%D8%A8%D9%87-%D8%B1%D9%88%D8%B2-%D8%B1%D8%B3%D8%A7%D9%86%DB%8C-%D9%85%D9%86%D8%A7%D8%A8%D8%B9-%DA%86%D8%A7%D9%BE%DB%8C-%DA%A9%D8%AA%D8%A7%D8%A8%D8%AE%D8%A7%D9%86%D9%87-%D9%85%D8%B1%DA%A9%D8%B2%DB%8C%D8%8C-%D8%AE%D8%B1%DB%8C%D8%AF-1173-%D9%86%D8%B3%D8%AE%D9%87-(350-%D8%B9%D9%86%D9%88%D8%A7%D9%86)-%D8%AF%D8%B1-%D8%B3%D8%A7%D9%84-1404-%D9%88-%D8%AB%D8%A8%D8%AA-333-%D8%AF%D8%B1%D8%AE%D9%88%D8%A7%D8%B3%D8%AA-%D8%AC%D8%AF%DB%8C%D8%AF-%D8%AF%D8%B1-%D8%A7%D8%B1%D8%AF%DB%8C%D8%A8%D9%87%D8%B4%D8%AA-%D8%B3%D8%A7%D9%84-1405,verified,2026-08-12
semnan-discovery-unit-library-02ad93b2bf73,semnan,مدیریت کتابخانه مرکزی و مرکز اسناد | معاونت پژوهش و فناوری دانشگاه سمنان,library,,,,https://research.semnan.ac.ir/%d9%85%d8%af%db%8c%d8%b1%db%8c%d8%aa-%da%a9%d8%aa%d8%a7%d8%a8%d8%ae%d8%a7%d9%86%d9%87-%d9%85%d8%b1%da%a9%d8%b2%db%8c-%d9%88-%d9%85%d8%b1%da%a9%d8%b2-%d8%a7%d8%b3%d9%86%d8%a7%d8%af,verified,2026-08-12
semnan-discovery-unit-technology-0e5a1ec011b8,semnan,پارک علم و فناوری دانشگاه سمنان | دو پروژه کلیدی پارک دانشگاه سمنان، آغاز به کار صندوق پژوهش و فناوری غیردولتی دانشگاه سمنان و افتتاح کارخانه نوآوری، به بهره‌برداری رسید.,technology,,,,https://sustp.semnan.ac.ir/%D8%A7%D8%AE%D8%A8%D8%A7%D8%B1/%D8%AF%D9%88-%D9%BE%D8%B1%D9%88%DA%98%D9%87-%DA%A9%D9%84%DB%8C%D8%AF%DB%8C-%D9%BE%D8%A7%D8%B1%DA%A9-%D8%AF%D8%A7%D9%86%D8%B4%DA%AF%D8%A7%D9%87-%D8%B3%D9%85%D9%86%D8%A7%D9%86%D8%8C-%D8%A2%D8%BA%D8%A7%D8%B2-%D8%A8%D9%87-%DA%A9%D8%A7%D8%B1-%D8%B5%D9%86%D8%AF%D9%88%D9%82-%D9%BE%DA%98%D9%88%D9%87%D8%B4-%D9%88-%D9%81%D9%86%D8%A7%D9%88%D8%B1%DB%8C-%D8%BA%DB%8C%D8%B1%D8%AF%D9%88%D9%84%D8%AA%DB%8C-%D8%AF%D8%A7%D9%86%D8%B4%DA%AF%D8%A7%D9%87-%D8%B3%D9%85%D9%86%D8%A7%D9%86-%D9%88-%D8%A7%D9%81%D8%AA%D8%AA%D8%A7%D8%AD-%DA%A9%D8%A7%D8%B1%D8%AE%D8%A7%D9%86%D9%87-%D9%86%D9%88%D8%A2%D9%88%D8%B1%DB%8C%D8%8C-%D8%A8%D9%87-%D8%A8%D9%87%D8%B1%D9%87%E2%80%8C%D8%A8%D8%B1%D8%AF%D8%A7%D8%B1%DB%8C-%D8%B1%D8%B3%DB%8C%D8%AF%C2%B7,verified,2026-08-12
semnan-discovery-unit-library-34f91afa2e1d,semnan,امکان ثبت درخواست و خرید کتب مورد نیاز اعضای هیئت علمی ، دانشجویان و کارکنان از هفتمین نمایشگاه مجازی 1405کتاب تهران | کتابخانه مرکزی و مرکز اسناد دانشگاه سمنان,library,,,,https://lib.semnan.ac.ir/%d8%a7%d8%b7%d9%84%d8%a7%d8%b9%db%8c%d9%87%20%d9%87%d8%a7/%d8%a7%d9%85%da%a9%d8%a7%d9%86-%d8%ab%d8%a8%d8%aa-%d8%af%d8%b1%d8%ae%d9%88%d8%a7%d8%b3%d8%aa-%d9%88-%d8%ae%d8%b1%db%8c%d8%af-%da%a9%d8%aa%d8%a8-%d9%85%d9%88%d8%b1%d8%af-%d9%86%db%8c%d8%a7%d8%b2-%d8%a7%d8%b9%d8%b6%d8%a7%db%8c-%d9%87%db%8c%d8%a6%d8%aa-%d8%b9%d9%84%d9%85%db%8c-%d8%8c-%d8%af%d8%a7%d9%86%d8%b4%d8%ac%d9%88%db%8c%d8%a7%d9%86-%d9%88-%da%a9%d8%a7%d8%b1%da%a9%d9%86%d8%a7%d9%86-%d8%a7%d8%b2-%d9%87%d9%81%d8%aa%d9%85%db%8c%d9%86-%d9%86%d9%85%d8%a7%db%8c%d8%b4%da%af%d8%a7%d9%87-%d9%85%d8%ac%d8%a7%d8%b2%db%8c-1405%da%a9%d8%aa%d8%a7%d8%a8-%d8%aa%d9%87%d8%b1%d8%a7%d9%86,verified,2026-08-12
semnan-discovery-unit-library-9db3f55677bd,semnan,کارگاه آموزشی مجازی با عنوان آشنایی با نرم افزار مدیریت استناددهی اندنوت:Endnote | کتابخانه مرکزی و مرکز اسناد دانشگاه سمنان,library,,,,https://lib.semnan.ac.ir/%D9%87%D9%85%D9%87-%D8%A7%D8%AE%D8%A8%D8%A7%D8%B1/%DA%A9%D8%A7%D8%B1%DA%AF%D8%A7%D9%87-%D8%A2%D9%85%D9%88%D8%B2%D8%B4%DB%8C-%D9%85%D8%AC%D8%A7%D8%B2%DB%8C-%D8%A8%D8%A7-%D8%B9%D9%86%D9%88%D8%A7%D9%86-%D8%A2%D8%B4%D9%86%D8%A7%DB%8C%DB%8C-%D8%A8%D8%A7-%D9%86%D8%B1%D9%85-%D8%A7%D9%81%D8%B2%D8%A7%D8%B1-%D9%85%D8%AF%DB%8C%D8%B1%DB%8C%D8%AA-%D8%A7%D8%B3%D8%AA%D9%86%D8%A7%D8%AF%D8%AF%D9%87%DB%8C-%D8%A7%D9%86%D8%AF%D9%86%D9%88%D8%AA:Endnote,verified,2026-08-12
semnan-discovery-unit-industry-710642c86051,semnan,مرکز کارآفرینی و ارتباط با صنعت | معاونت پژوهش و فناوری دانشگاه سمنان,industry,,,,https://research.semnan.ac.ir/%D9%85%D8%B1%DA%A9%D8%B2-%DA%A9%D8%A7%D8%B1%D8%A2%D9%81%D8%B1%DB%8C%D9%86%DB%8C-%D9%88-%D8%A7%D8%B1%D8%AA%D8%A8%D8%A7%D8%B7-%D8%A8%D8%A7-%D8%B5%D9%86%D8%B9%D8%AA,verified,2026-08-12
semnan-discovery-unit-it-59c01537c28e,semnan,صفحه اصلی | مدیریت فناوری اطلاعات و امنیت فضای مجازی دانشگاه سمنان,it,,organizationally-attributed,,https://it.semnan.ac.ir/,verified,2026-08-12
sistan-baluchestan-discovery-unit-library-bcb28fa26d34,sistan-baluchestan,ساعت کار کتابخانه مرکزی و مرکز اسناد > دانشگاه سیستان و بلوچستان,library,,,,https://www.usb.ac.ir/News/ID/25298/%D8%B3%D8%A7%D8%B9%D8%AA-%DA%A9%D8%A7%D8%B1-%DA%A9%D8%AA%D8%A7%D8%A8%D8%AE%D8%A7%D9%86%D9%87-%D9%85%D8%B1%DA%A9%D8%B2%DB%8C-%D9%88-%D9%85%D8%B1%DA%A9%D8%B2-%D8%A7%D8%B3%D9%86%D8%A7%D8%AF,verified,2026-08-12
sistan-baluchestan-discovery-unit-library-ceefb969d06d,sistan-baluchestan,مرکز اسناد و کتابخانه مرکزی دانشگاه سیستان و بلوچستان,library,,,,https://www.usb.ac.ir/Lib,verified,2026-08-12
sistan-baluchestan-discovery-unit-library-46946e056e1d,sistan-baluchestan,بازدید رئیس دانشگاه از کتابخانه و مرکز اسناد دانشگاه سیستان و بلوچستان > دانشگاه سیستان و بلوچستان,library,,,,https://www.usb.ac.ir/News/ID/25252/%D8%A8%D8%A7%D8%B2%D8%AF%DB%8C%D8%AF-%D8%B1%D8%A6%DB%8C%D8%B3-%D8%AF%D8%A7%D9%86%D8%B4%DA%AF%D8%A7%D9%87-%D8%A7%D8%B2-%DA%A9%D8%AA%D8%A7%D8%A8%D8%AE%D8%A7%D9%86%D9%87-%D9%88-%D9%85%D8%B1%DA%A9%D8%B2-%D8%A7%D8%B3%D9%86%D8%A7%D8%AF-%D8%AF%D8%A7%D9%86%D8%B4%DA%AF%D8%A7%D9%87-%D8%B3%DB%8C%D8%B3%D8%AA%D8%A7%D9%86-%D9%88-%D8%A8%D9%84%D9%88%DA%86%D8%B3%D8%AA%D8%A7%D9%86,verified,2026-08-12
sistan-baluchestan-discovery-unit-library-35c55e0a8bbf,sistan-baluchestan,مرکز اسناد و کتابخانه مرکزی دانشگاه سیستان و بلوچستان,library,,,,https://www.usb.ac.ir/lib,verified,2026-08-12
sistan-baluchestan-discovery-unit-technology-5f29232f82d3,sistan-baluchestan,مجتمع فناوری و نوآوری,technology,,,,https://www.usb.ac.ir/itcusb,verified,2026-08-12
sistan-baluchestan-discovery-unit-industry-70f0137427d7,sistan-baluchestan,دانشگاه سیستان و بلوچستان > دانشکده ها > دانشکده مهندسی برق و کامپیوتر > ارتباط با صنعت و جامعه,industry,,,,https://www.usb.ac.ir/%D8%AF%D8%A7%D9%86%D8%B4%DA%A9%D8%AF%D9%87-%D9%87%D8%A7/%D8%AF%D8%A7%D9%86%D8%B4%DA%A9%D8%AF%D9%87-%D9%85%D9%87%D9%86%D8%AF%D8%B3%DB%8C-%D8%A8%D8%B1%D9%82-%D9%88-%DA%A9%D8%A7%D9%85%D9%BE%DB%8C%D9%88%D8%AA%D8%B1/%D8%A7%D8%B1%D8%AA%D8%A8%D8%A7%D8%B7-%D8%A8%D8%A7-%D8%B5%D9%86%D8%B9%D8%AA-%D9%88-%D8%AC%D8%A7%D9%85%D8%B9%D9%87,verified,2026-08-12
sistan-baluchestan-discovery-unit-industry-b2ad584021e3,sistan-baluchestan,دانشگاه سیستان و بلوچستان > دانشکده ها > دانشکده مهندسی شهید نیکبخت > ارتباط با صنعت و جامعه,industry,,,,https://www.usb.ac.ir/%D8%AF%D8%A7%D9%86%D8%B4%DA%A9%D8%AF%D9%87-%D9%87%D8%A7/%D8%AF%D8%A7%D9%86%D8%B4%DA%A9%D8%AF%D9%87-%D9%85%D9%87%D9%86%D8%AF%D8%B3%DB%8C-%D8%B4%D9%87%DB%8C%D8%AF-%D9%86%DB%8C%DA%A9%D8%A8%D8%AE%D8%AA/%D8%A7%D8%B1%D8%AA%D8%A8%D8%A7%D8%B7-%D8%A8%D8%A7-%D8%B5%D9%86%D8%B9%D8%AA-%D9%88-%D8%AC%D8%A7%D9%85%D8%B9%D9%87,verified,2026-08-12
sistan-baluchestan-discovery-unit-industry-30d98813c7d8,sistan-baluchestan,دانشگاه سیستان و بلوچستان > دانشکده ها > دانشکده صنعت و معدن خاش > ارتباط با صنعت و جامعه,industry,,,,https://www.usb.ac.ir/%D8%AF%D8%A7%D9%86%D8%B4%DA%A9%D8%AF%D9%87-%D9%87%D8%A7/%D8%AF%D8%A7%D9%86%D8%B4%DA%A9%D8%AF%D9%87-%D8%B5%D9%86%D8%B9%D8%AA-%D9%88-%D9%85%D8%B9%D8%AF%D9%86-%D8%AE%D8%A7%D8%B4/%D8%A7%D8%B1%D8%AA%D8%A8%D8%A7%D8%B7-%D8%A8%D8%A7-%D8%B5%D9%86%D8%B9%D8%AA-%D9%88-%D8%AC%D8%A7%D9%85%D8%B9%D9%87,verified,2026-08-12
sistan-baluchestan-discovery-unit-industry-582ce0756177,sistan-baluchestan,ارتباط با صنعت و جامعه,industry,,,,https://www.usb.ac.ir/%D8%AF%D8%A7%D9%86%D8%B4%DA%A9%D8%AF%D9%87-%D9%87%D8%A7/%D8%A7%D9%82%D8%AA%D8%B5%D8%A7%D8%AF-%D9%88-%D8%B9%D9%84%D9%88%D9%85-%D8%A7%D8%AF%D8%A7%D8%B1%DB%8C/%D8%A7%D8%B1%D8%AA%D8%A8%D8%A7%D8%B7-%D8%A8%D8%A7-%D8%B5%D9%86%D8%B9%D8%AA-%D9%88-%D8%AC%D8%A7%D9%85%D8%B9%D9%87,verified,2026-08-12
sistan-baluchestan-discovery-unit-industry-420ca110b14b,sistan-baluchestan,ارتباط با صنعت و جامعه,industry,,,,https://www.usb.ac.ir/%D8%AF%D8%A7%D9%86%D8%B4%DA%A9%D8%AF%D9%87-%D9%87%D8%A7/%D8%AF%D8%A7%D9%86%D8%B4%DA%A9%D8%AF%D9%87-%D9%87%D9%86%D8%B1-%D9%88-%D9%85%D8%B9%D9%85%D8%A7%D8%B1%DB%8C/%D8%A7%D8%B1%D8%AA%D8%A8%D8%A7%D8%B7-%D8%A8%D8%A7-%D8%B5%D9%86%D8%B9%D8%AA-%D9%88-%D8%AC%D8%A7%D9%85%D8%B9%D9%87,verified,2026-08-12
sistan-baluchestan-discovery-unit-industry-c0a8ce0cf478,sistan-baluchestan,ارتباط با صنعت و جامعه,industry,,,,https://www.usb.ac.ir/%D8%AF%D8%A7%D9%86%D8%B4%DA%A9%D8%AF%D9%87-%D9%87%D8%A7/%D8%AF%D8%A7%D9%86%D8%B4%DA%A9%D8%AF%D9%87-%D8%A7%D8%AF%D8%A8%DB%8C%D8%A7%D8%AA-%D9%88-%D8%B9%D9%84%D9%88%D9%85-%D8%A7%D9%86%D8%B3%D8%A7%D9%86%DB%8C/%D8%A7%D8%B1%D8%AA%D8%A8%D8%A7%D8%B7-%D8%A8%D8%A7-%D8%B5%D9%86%D8%B9%D8%AA-%D9%88-%D8%AC%D8%A7%D9%85%D8%B9%D9%87,verified,2026-08-12
sistan-baluchestan-discovery-unit-industry-169f212918cf,sistan-baluchestan,دانشگاه سیستان و بلوچستان > دانشکده ها > دانشکده الهیات، حقوق و معارف اسلامی > ارتباط با صنعت و جامعه,industry,,,,https://www.usb.ac.ir/%D8%AF%D8%A7%D9%86%D8%B4%DA%A9%D8%AF%D9%87-%D9%87%D8%A7/%D8%AF%D8%A7%D9%86%D8%B4%DA%A9%D8%AF%D9%87-%D8%A7%D9%84%D9%87%DB%8C%D8%A7%D8%AA-%D8%AD%D9%82%D9%88%D9%82-%D9%88-%D9%85%D8%B9%D8%A7%D8%B1%D9%81-%D8%A7%D8%B3%D9%84%D8%A7%D9%85%DB%8C/%D8%A7%D8%B1%D8%AA%D8%A8%D8%A7%D8%B7-%D8%A8%D8%A7-%D8%B5%D9%86%D8%B9%D8%AA-%D9%88-%D8%AC%D8%A7%D9%85%D8%B9%D9%87,verified,2026-08-12
sistan-baluchestan-discovery-unit-industry-e77f652dba9a,sistan-baluchestan,دانشگاه سیستان و بلوچستان > معاونت ها > معاونت پژوهشی و فناوری > دفتر ارتباط با صنعت,industry,,,,https://www.usb.ac.ir/Industry-Relations,verified,2026-08-12
sistan-baluchestan-discovery-unit-library-bb5044e066ea,sistan-baluchestan,Research Publications,library,,,,https://www.usb.ac.ir/en/Research/Research/Research-Publications,verified,2026-08-12
sistan-baluchestan-discovery-unit-laboratory-4fdbf75b0692,sistan-baluchestan,Laboratories,laboratory,,,,https://www.usb.ac.ir/en/Research/Research-Centers-and-Institue/Nanotechnology-Research-Institue/Facilities/Laboratories,verified,2026-08-12
sistan-baluchestan-discovery-unit-library-c1f013c4add8,sistan-baluchestan,Publications,library,,,,https://www.usb.ac.ir/en/Research/Research-Centers-and-Institue/Nanotechnology-Research-Institue/Publications,verified,2026-08-12
sistan-baluchestan-discovery-unit-library-3d92228f7c88,sistan-baluchestan,نشست صمیمانه کارمندان کتابخانه با حضور معاونت محترم پژوهشی دانشگاه به مناسبت هفته کتاب، کتابخوانی و روز کتابدار > دانشگاه سیستان و بلوچستان,library,,,,https://www.usb.ac.ir/News/ID/25341/%D9%86%D8%B4%D8%B3%D8%AA-%D8%B5%D9%85%DB%8C%D9%85%D8%A7%D9%86%D9%87-%DA%A9%D8%A7%D8%B1%D9%85%D9%86%D8%AF%D8%A7%D9%86-%DA%A9%D8%AA%D8%A7%D8%A8%D8%AE%D8%A7%D9%86%D9%87-%D8%A8%D8%A7-%D8%AD%D8%B6%D9%88%D8%B1-%D9%85%D8%B9%D8%A7%D9%88%D9%86-%D9%BE%DA%98%D9%88%D9%87%D8%B4%DB%8C-%D8%AF%D8%A7%D9%86%D8%B4%DA%AF%D8%A7%D9%87-%D8%A8%D9%87-%D9%85%D9%86%D8%A7%D8%B3%D8%A8%D8%AA-%D9%87%D9%81%D8%AA%D9%87-%DA%A9%D8%AA%D8%A7%D8%A8-%DA%A9%D8%AA%D8%A7%D8%A8%D8%AE%D9%88%D8%A7%D9%86%DB%8C-%D9%88-%DA%A9%D8%AA%D8%A7%D8%A8%D8%AF%D8%A7%D8%B1%DB%8C,verified,2026-08-12
sistan-baluchestan-discovery-unit-library-a424c9670bd4,sistan-baluchestan,ساعت کار کتابخانه مرکزی و مرکز اسناد > دانشگاه سیستان و بلوچستان,library,,,,https://www.usb.ac.ir/DesktopModules/DnnForge%20-%20NewsArticles/Print.aspx?tabid=1510&tabmoduleid=2202&articleId=25298&moduleId=2504&PortalID=0,verified,2026-08-12
sistan-baluchestan-discovery-unit-laboratory-cd457f6c1143,sistan-baluchestan,آزمایشگاه های تحقیقاتی,laboratory,,,,https://www.usb.ac.ir/%D8%AF%D8%A7%D9%86%D8%B4%DA%A9%D8%AF%D9%87-%D9%87%D8%A7/%D8%AF%D8%A7%D9%86%D8%B4%DA%A9%D8%AF%D9%87-%D9%85%D9%87%D9%86%D8%AF%D8%B3%DB%8C-%D8%A8%D8%B1%D9%82-%D9%88-%DA%A9%D8%A7%D9%85%D9%BE%DB%8C%D9%88%D8%AA%D8%B1/%D8%AF%D8%B1%D8%A8%D8%A7%D8%B1%D9%87-%D8%AF%D8%A7%D9%86%D8%B4%DA%A9%D8%AF%D9%87/%D8%A7%D9%85%DA%A9%D8%A7%D9%86%D8%A7%D8%AA/%D8%A2%D8%B2%D9%85%D8%A7%DB%8C%D8%B4%DA%AF%D8%A7%D9%87-%D9%87%D8%A7%DB%8C-%D8%AA%D8%AD%D9%82%DB%8C%D9%82%D8%A7%D8%AA%DB%8C,verified,2026-08-12
sistan-baluchestan-discovery-unit-technology-cafb4c28ecd8,sistan-baluchestan,Innovation and Technology Complex,technology,,,,https://www.usb.ac.ir/en/Research/Research/Innovation-and-Technology-Complex,verified,2026-08-12
sistan-baluchestan-discovery-unit-technology-834f3bd6afa4,sistan-baluchestan,Innovation & Entrepreneurship,technology,,,,https://www.usb.ac.ir/en/Research/Research-Centers-and-Institue/Innovation-Entrepreneurship,verified,2026-08-12
sistan-baluchestan-discovery-unit-technology-f4eb2262fc24,sistan-baluchestan,مرکز نوآوری اجتماعی احسان,technology,,,,https://www.usb.ac.ir/siusb,verified,2026-08-12
yazd-discovery-unit-laboratory-8c9725aff6c8,yazd,دانشگاه یزد - اداره آزمایشگاه مرکزی,laboratory,,,,https://yazd.ac.ir/offices/research/deputy/labs/introduction,verified,2026-08-12
yazd-discovery-unit-library-d3f2b7411ef0,yazd,دانشگاه یزد - شورای انتشارات,library,,,,https://yazd.ac.ir/offices/research/deputy/publications/council,verified,2026-08-12
yazd-discovery-unit-laboratory-1a978931f7fe,yazd,ارتقای جایگاه آزمایشگاه مرکزی دانشگاه یزد در شبکه آزمایشگاهی فناو,laboratory,,,,https://yazd.ac.ir/4006-5-7595,verified,2026-08-12
yazd-discovery-unit-library-2a67f661d02b,yazd,از کارمندان کتابخانه مرکزی دانشگاه یزد تجلیل شد - نهاد نمایندگی مقام معظم رهبری در دانشگاه یزد,library,,,,https://nahad.yazd.ac.ir/%d8%a7%d8%b2-%da%a9%d8%a7%d8%b1%d9%85%d9%86%d8%af%d8%a7%d9%86-%da%a9%d8%aa%d8%a7%d8%a8%d8%ae%d8%a7%d9%86%d9%87-%d9%85%d8%b1%da%a9%d8%b2%db%8c-%d8%af%d8%a7%d9%86%d8%b4%da%af%d8%a7%d9%87-%db%8c%d8%b2/,verified,2026-08-12
yazd-discovery-unit-industry-e9613ffd233c,yazd,دانشگاه یزد - مدیریت ارتباط با جامعه و صنعت,industry,,,,https://yazd.ac.ir/offices/research/deputy/technology/introduction,verified,2026-08-12
yazd-discovery-unit-library-74536cb5bcf5,yazd,دانشگاه یزد-غلامرضا یاوری,library,,,,https://yazd.ac.ir/offices/research/deputy/library/head,verified,2026-08-12
yazd-discovery-unit-laboratory-5af24948a7a9,yazd,دانشگاه یزد - خدمات آزمایشگاهی و تعرفه‌ها,laboratory,,,,https://yazd.ac.ir/offices/research/deputy/labs/services,verified,2026-08-12
yazd-discovery-unit-research-b4b145a732c9,yazd,دانشگاه یزد - مدیریت امور پژوهشی,research,,,,https://yazd.ac.ir/offices/research/deputy/research/introduction,verified,2026-08-12
yazd-discovery-unit-laboratory-781f7b0fe8a3,yazd,کسب رتبه چهارم آزمایشگاه مرکزی دانشگاه یزد در ارزیابی شبکه آزمایش,laboratory,,,,https://yazd.ac.ir/4006-5-9799,verified,2026-08-12
yazd-discovery-unit-laboratory-f9e04252f0b1,yazd,امکان سرویس دهی استانی آزمایشگاه مرکزی دانشگاه یزد,laboratory,,,,https://yazd.ac.ir/4006-5-3401,verified,2026-08-12
yazd-discovery-unit-it-0c9d83c9833f,yazd,دانشگاه یزد - مدیریت فناوری اطلاعات,it,,organizationally-attributed,,https://yazd.ac.ir/offices/research/deputy/it/introduction,verified,2026-08-12
yazd-discovery-unit-industry-f9dded2ef85c,yazd,کار گروه بررسی راهکارهای گسترش کارآمد فرصت مطالعاتی صنعت و جامعه - نهاد نمایندگی مقام معظم رهبری در دانشگاه یزد,industry,,,,https://nahad.yazd.ac.ir/%da%a9%d8%a7%d8%b1-%da%af%d8%b1%d9%88%d9%87-%d8%a8%d8%b1%d8%b1%d8%b3%db%8c-%d8%b1%d8%a7%d9%87%da%a9%d8%a7%d8%b1%d9%87%d8%a7%db%8c-%da%af%d8%b3%d8%aa%d8%b1%d8%b4-%da%a9%d8%a7%d8%b1%d8%a2%d9%85%d8%af/,verified,2026-08-12
yazd-discovery-unit-library-4a48461d83cd,yazd,تصویر جدیدی از رهبر انقلاب در کتابخانه شخصی ایشان - نهاد نمایندگی مقام معظم رهبری در دانشگاه یزد,library,,,,https://nahad.yazd.ac.ir/%d8%aa%d8%b5%d9%88%db%8c%d8%b1-%d8%ac%d8%af%db%8c%d8%af%db%8c-%d8%a7%d8%b2-%d8%b1%d9%87%d8%a8%d8%b1-%d8%a7%d9%86%d9%82%d9%84%d8%a7%d8%a8-%d8%af%d8%b1-%da%a9%d8%aa%d8%a7%d8%a8%d8%ae%d8%a7%d9%86%d9%87/,verified,2026-08-12
mohaghegh-ardabili-discovery-unit-research-7a40274ab0de,mohaghegh-ardabili,دانشگاه محقق اردبیلی - مدیریت پژوهشی,research,,,,https://uma.ac.ir/index.php?site=resrch&slct_pg_id=239&sid=8&slc_lang=fa,verified,2026-08-12
mohaghegh-ardabili-discovery-unit-research-27f0512d8971,mohaghegh-ardabili,دانشگاه محقق اردبیلی - مدیریت پژوهشی,research,,,,https://uma.ac.ir/index.php?sid=16&slc_lang=fa,verified,2026-08-12
mohaghegh-ardabili-discovery-unit-laboratory-5187113da196,mohaghegh-ardabili,دانشگاه محقق اردبیلی - آزمایشگاه مرکزی,laboratory,,,,https://uma.ac.ir/index.php?slc_lang=fa&sid=98,verified,2026-08-12
mohaghegh-ardabili-discovery-unit-library-2a36424de3ce,mohaghegh-ardabili,کتابخانه مرکزی و مرکز اطلاع رسانی – یک سایت دیگر با وردپرس فارسی,library,,,,https://lib.uma.ac.ir/,verified,2026-08-12
mohaghegh-ardabili-discovery-unit-research-7a3e80da0f19,mohaghegh-ardabili,وظایف مدیریت امور پژوهشی دانشگاه - دانشگاه محقق اردبیلی - مدیریت پژوهشی,research,,,,https://uma.ac.ir/find.php?content_id=758&url_title=%d9%88%d8%b8%d8%a7%db%8c%d9%81-%d9%85%d8%af%db%8c%d8%b1%db%8c%d8%aa-%d8%a7%d9%85%d9%88%d8%b1-%d9%be%da%98%d9%88%d9%87%d8%b4%db%8c-%d8%af%d8%a7%d9%86%d8%b4%da%af%d8%a7%d9%87&rewrite_url=1,verified,2026-08-12
mohaghegh-ardabili-discovery-unit-research-ad18d994dad9,mohaghegh-ardabili,وظایف مدیریت امور پژوهشی دانشگاه - دانشگاه محقق اردبیلی - مدیریت پژوهشی,research,,,,https://uma.ac.ir/page.php?slct_pg_id=701&url_title=%d9%88%d8%b8%d8%a7%db%8c%d9%81-%d9%85%d8%af%db%8c%d8%b1%db%8c%d8%aa-%d8%a7%d9%85%d9%88%d8%b1-%d9%be%da%98%d9%88%d9%87%d8%b4%db%8c-%d8%af%d8%a7%d9%86%d8%b4%da%af%d8%a7%d9%87&rewrite_url=1,verified,2026-08-12
mohaghegh-ardabili-discovery-unit-it-30b1079a2ea6,mohaghegh-ardabili,دانشگاه محقق اردبیلی - مدیریت فناوری اطلاعات و امنیت فضای مجازی,it,,organizationally-attributed,,https://uma.ac.ir/index.php?site=itcenter&slct_pg_id=238&sid=8&slc_lang=fa,verified,2026-08-12
mohaghegh-ardabili-discovery-unit-technology-49127d0a45ea,mohaghegh-ardabili,دانشگاه محقق اردبیلی - مرکز ارتباط علمی با جامعه و کارآفرینی,technology,,,,https://uma.ac.ir/index.php?site=karafarini&slct_pg_id=999&sid=8&slc_lang=fa,verified,2026-08-12
mohaghegh-ardabili-discovery-unit-research-9a217b8b6301,mohaghegh-ardabili,خدمات - دانشگاه محقق اردبیلی - مدیریت پژوهشی,research,,,,https://uma.ac.ir/page.php?slct_pg_id=14040&url_title=%d8%ae%d8%af%d9%85%d8%a7%d8%aa&rewrite_url=1,verified,2026-08-12
mohaghegh-ardabili-discovery-unit-research-1e690bad366c,mohaghegh-ardabili,مدیر امور پژوهشی - دانشگاه محقق اردبیلی - مدیریت پژوهشی,research,,,,https://uma.ac.ir/find.php?content_id=14&url_title=%d9%85%d8%af%db%8c%d8%b1-%d8%a7%d9%85%d9%88%d8%b1-%d9%be%da%98%d9%88%d9%87%d8%b4%db%8c&rewrite_url=1,verified,2026-08-12
mohaghegh-ardabili-discovery-unit-research-76d810c02b13,mohaghegh-ardabili,معرفی کارکنان اداره پشتیبانی امور پژوهشی - دانشگاه محقق اردبیلی - مدیریت پژوهشی,research,,,,https://uma.ac.ir/find.php?content_id=22328&url_title=%d9%85%d8%b9%d8%b1%d9%81%db%8c-%da%a9%d8%a7%d8%b1%da%a9%d9%86%d8%a7%d9%86-%d8%a7%d8%af%d8%a7%d8%b1%d9%87-%d9%be%d8%b4%d8%aa%db%8c%d8%a8%d8%a7%d9%86%db%8c-%d8%a7%d9%85%d9%88%d8%b1-%d9%be%da%98%d9%8,verified,2026-08-12
mohaghegh-ardabili-discovery-unit-research-1585a4c34131,mohaghegh-ardabili,معرفی افراد - دانشگاه محقق اردبیلی - مدیریت پژوهشی,research,,,,https://uma.ac.ir/page.php?slct_pg_id=257&url_title=%d9%85%d8%b9%d8%b1%d9%81%db%8c-%d8%a7%d9%81%d8%b1%d8%a7%d8%af&rewrite_url=1,verified,2026-08-12
mohaghegh-ardabili-discovery-unit-research-e83e472afd65,mohaghegh-ardabili,مدیر امور پژوهشی - دانشگاه محقق اردبیلی - مدیریت پژوهشی,research,,,,https://uma.ac.ir/page.php?slct_pg_id=258&url_title=%d9%85%d8%af%db%8c%d8%b1-%d8%a7%d9%85%d9%88%d8%b1-%d9%be%da%98%d9%88%d9%87%d8%b4%db%8c&rewrite_url=1,verified,2026-08-12
mohaghegh-ardabili-discovery-unit-research-a856ce5c59a7,mohaghegh-ardabili,ادارات و کارگروه‌ها - دانشگاه محقق اردبیلی - مدیریت پژوهشی,research,,,,https://uma.ac.ir/page.php?slct_pg_id=14036&url_title=%d8%a7%d8%af%d8%a7%d8%b1%d8%a7%d8%aa-%d9%88-%da%a9%d8%a7%d8%b1%da%af%d8%b1%d9%88%d9%87%e2%80%8c%d9%87%d8%a7&rewrite_url=1,verified,2026-08-12
mohaghegh-ardabili-discovery-unit-research-4082c8ff9af6,mohaghegh-ardabili,اداره ی پشتیبانی امور پژوهشی - دانشگاه محقق اردبیلی - مدیریت پژوهشی,research,,,,https://uma.ac.ir/page.php?slct_pg_id=5180&url_title=%d8%a7%d8%af%d8%a7%d8%b1%d9%87-%db%8c-%d9%be%d8%b4%d8%aa%db%8c%d8%a8%d8%a7%d9%86%db%8c-%d8%a7%d9%85%d9%88%d8%b1-%d9%be%da%98%d9%88%d9%87%d8%b4%db%8c&rewrite_url=1,verified,2026-08-12
mohaghegh-ardabili-discovery-unit-research-e7d2ca818b9b,mohaghegh-ardabili,معرفی کارکنان اداره پشتیبانی امور پژوهشی - دانشگاه محقق اردبیلی - مدیریت پژوهشی,research,,,,https://uma.ac.ir/find.php?content_id=22328&url_title=%d9%85%d8%b9%d8%b1%d9%81%db%8c-%da%a9%d8%a7%d8%b1%da%a9%d9%86%d8%a7%d9%86-%d8%a7%d8%af%d8%a7%d8%b1%d9%87-%d9%be%d8%b4%d8%aa%db%8c%d8%a8%d8%a7%d9%86%db%8c-%d8%a7%d9%85%d9%88%d8%b1-%d9%be%da%98%d9%88%d9%87%d8%b4%db%8c&rewrite_url=1,verified,2026-08-12
mohaghegh-ardabili-discovery-unit-research-6b4d8abd0b32,mohaghegh-ardabili,فرم‌های مدیریت پژوهشی - دانشگاه محقق اردبیلی - مدیریت پژوهشی,research,,,,https://uma.ac.ir/find.php?content_id=32072&url_title=%d9%81%d8%b1%d9%85%e2%80%8c%d9%87%d8%a7%db%8c-%d9%85%d8%af%db%8c%d8%b1%db%8c%d8%aa-%d9%be%da%98%d9%88%d9%87%d8%b4%db%8c&rewrite_url=1,verified,2026-08-12
mohaghegh-ardabili-discovery-unit-research-d6ac8d949a2f,mohaghegh-ardabili,دبیرخانه - دانشگاه محقق اردبیلی - مدیریت پژوهشی,research,,,,https://uma.ac.ir/find.php?content_id=22538&url_title=%d8%af%d8%a8%db%8c%d8%b1%d8%ae%d8%a7%d9%86%d9%87&rewrite_url=1,verified,2026-08-12
mohaghegh-ardabili-discovery-unit-research-165159946056,mohaghegh-ardabili,آیین‌نامه‌های پژوهشی - دانشگاه محقق اردبیلی - مدیریت پژوهشی,research,,,,https://uma.ac.ir/find.php?content_id=32005&url_title=%d8%a2%db%8c%db%8c%d9%86%e2%80%8c%d9%86%d8%a7%d9%85%d9%87%e2%80%8c%d9%87%d8%a7%db%8c-%d9%be%da%98%d9%88%d9%87%d8%b4%db%8c&rewrite_url=1,verified,2026-08-12
mohaghegh-ardabili-discovery-unit-research-2cd5de25980e,mohaghegh-ardabili,فرم‌ها - دانشگاه محقق اردبیلی - مدیریت پژوهشی,research,,,,https://uma.ac.ir/page.php?slct_pg_id=261&url_title=%d9%81%d8%b1%d9%85%e2%80%8c%d9%87%d8%a7&rewrite_url=1,verified,2026-08-12
mohaghegh-ardabili-discovery-unit-research-ac127d92b454,mohaghegh-ardabili,فرم ها - دانشگاه محقق اردبیلی - مدیریت پژوهشی,research,,,,https://uma.ac.ir/page.php?slct_pg_id=267&url_title=%d9%81%d8%b1%d9%85-%d9%87%d8%a7&rewrite_url=1,verified,2026-08-12
mohaghegh-ardabili-discovery-unit-research-68a0b287e302,mohaghegh-ardabili,آیین‌نامه‌ها - دانشگاه محقق اردبیلی - مدیریت پژوهشی,research,,,,https://uma.ac.ir/page.php?slct_pg_id=14042&url_title=%d8%a2%db%8c%db%8c%d9%86%e2%80%8c%d9%86%d8%a7%d9%85%d9%87%e2%80%8c%d9%87%d8%a7&rewrite_url=1,verified,2026-08-12
mohaghegh-ardabili-discovery-unit-research-8e256fb7e055,mohaghegh-ardabili,آیین‌نامه‌ها - دانشگاه محقق اردبیلی - مدیریت پژوهشی,research,,,,https://uma.ac.ir/page.php?slct_pg_id=268&url_title=%d8%a2%db%8c%db%8c%d9%86%e2%80%8c%d9%86%d8%a7%d9%85%d9%87%e2%80%8c%d9%87%d8%a7&rewrite_url=1,verified,2026-08-12
mohaghegh-ardabili-discovery-unit-library-473080d0ecfd,mohaghegh-ardabili,سامانه مدیریت نشریات علمی دانشگاه محقق اردبیلی,library,,,,https://journal.uma.ac.ir/,verified,2026-08-12
kurdistan-discovery-unit-technology-cfebdbb231e7,kurdistan,فرم‌ها و آیین‌نامه‌ها - معاونت پژوهشی و نوآوری,technology,,,,https://uok.ac.ir/web/research-and-innovation/research-forms-regulations/-/document_library/nqsj/view/412477?_com_liferay_document_library_web_portlet_DLPortlet_INSTANCE_nqsj_redirect=https%3A%2F%2Fuok.ac.ir%2Fweb%2Fresearch-and-innovation%2Fresearch-forms-regulations%3Fp_p_id%3Dcom_liferay_document_library_web_portlet_DLPortlet_INSTANCE_nqsj%26p_p_lifecycle%3D0%26p_p_state%3Dnormal%26p_p_mode%3Dview,verified,2026-08-12
kurdistan-discovery-unit-technology-93775fdfbda3,kurdistan,فرم‌ها و آیین‌نامه‌ها - معاونت پژوهشی و نوآوری,technology,,,,https://uok.ac.ir/web/research-and-innovation/research-forms-regulations/-/document_library/nqsj/view/412477?_com_liferay_document_library_web_portlet_DLPortlet_INSTANCE_nqsj_redirect=https%3A%2F%2Fuok.ac.ir%2Fweb%2Fresearch-and-innovation%2Fresearch-forms-regulations%3Fp_p_id%3Dcom_liferay_document_library_web_portlet_DLPortlet_INSTANCE_nqsj%26p_p_lifecycle%3D0%26p_p_state%3Dnormal%26p_p_mode%3Dview%26_com_liferay_document_library_web_portlet_DLPortlet_INSTANCE_nqsj_mvcRenderCommandName%3D%252Fdocument_library%252Fview%26_com_liferay_document_library_web_portlet_DLPortlet_INSTANCE_nqsj_redirect%3Dhttps%253A%252F%252Fuok.ac.ir%252Fweb%252Fresearch-and-innovation%252Fresearch-forms-regulations%252F-%252Fdocument_library%252Fnqsj%252Fview%252F412477%253F_com_liferay_document_library_web_portlet_DLPortlet_INSTANCE_nqsj_redirect%253Dhttps%25253A%25252F%25252Fuok.ac.ir%25252Fweb%25252Fresearch-and-innovation%25252Fresearch-forms-regulations%25253Fp_p_id%25253Dcom_liferay_document_library_web_portlet_DLPortlet_INSTANCE_nqsj%252526p_p_lifecycle%25253D0%252526p_p_state%25253Dnormal%252526p_p_mode%25253Dview,verified,2026-08-12
kurdistan-discovery-unit-technology-58bc0db1bddd,kurdistan,فرم‌ها و آیین‌نامه‌ها - معاونت پژوهشی و نوآوری,technology,,,,https://uok.ac.ir/web/research-and-innovation/research-forms-regulations/-/document_library/nqsj/view/412477?_com_liferay_document_library_web_portlet_DLPortlet_INSTANCE_nqsj_redirect=https%3A%2F%2Fuok.ac.ir%2Fweb%2Fresearch-and-innovation%2Fresearch-forms-regulations%3Fp_p_id%3Dcom_liferay_document_library_web_portlet_DLPortlet_INSTANCE_nqsj%26p_p_lifecycle%3D0%26p_p_state%3Dnormal%26p_p_mode%3Dview%26_com_liferay_document_library_web_portlet_DLPortlet_INSTANCE_nqsj_mvcRenderCommandName%3D%252Fdocument_library%252Fview%26_com_liferay_document_library_web_portlet_DLPortlet_INSTANCE_nqsj_redirect%3Dhttps%253A%252F%252Fuok.ac.ir%252Fweb%252Fresearch-and-innovation%252Fresearch-forms-regulations%252F-%252Fdocument_library%252Fnqsj%252Fview%252F412477%253F_com_liferay_document_library_web_portlet_DLPortlet_INSTANCE_nqsj_redirect%253Dhttps%25253A%25252F%25252Fuok.ac.ir%25252Fweb%25252Fresearch-and-innovation%25252Fresearch-forms-regulations%25253Fp_p_id%25253Dcom_liferay_document_library_web_portlet_DLPortlet_INSTANCE_nqsj%252526p_p_lifecycle%25253D0%252526p_p_state%25253Dnormal%252526p_p_mode%25253Dview%252526_com_liferay_document_library_web_portlet_DLPortlet_INSTANCE_nqsj_mvcRenderCommandName%25253D%2525252Fdocument_library%2525252Fview%252526_com_liferay_document_library_web_portlet_DLPortlet_INSTANCE_nqsj_redirect%25253Dhttps%2525253A%2525252F%2525252Fuok.ac.ir%2525252Fweb%2525252Fresearch-and-innovation%2525252Fresearch-forms-regulations%2525252F-%2525252Fdocument_library%2525252Fnqsj%2525252Fview%2525252F412477%2525253F_com_liferay_document_library_web_portlet_DLPortlet_INSTANCE_nqsj_redirect%2525253Dhttps%252525253A%252525252F%252525252Fuok.ac.ir%252525252Fweb%252525252Fresearch-and-innovation%252525252Fresearch-forms-regulations%252525253Fp_p_id%252525253Dcom_liferay_document_library_web_portlet_DLPortlet_INSTANCE_nqsj%2525252526p_p_lifecycle%252525253D0%2525252526p_p_state%252525253Dnormal%2525252526p_p_mode%252525253Dview,verified,2026-08-12
kurdistan-discovery-unit-technology-fe659de180ab,kurdistan,فرم‌ها و آیین‌نامه‌ها - معاونت پژوهشی و نوآوری,technology,,,,https://uok.ac.ir/fa/web/research-and-innovation/research-forms-regulations/-/document_library/nqsj/view/412477?_com_liferay_document_library_web_portlet_DLPortlet_INSTANCE_nqsj_redirect=https%3A%2F%2Fuok.ac.ir%2Ffa%2Fweb%2Fresearch-and-innovation%2Fresearch-forms-regulations%3Fp_p_id%3Dcom_liferay_document_library_web_portlet_DLPortlet_INSTANCE_nqsj%26p_p_lifecycle%3D0%26p_p_state%3Dnormal%26p_p_mode%3Dview,verified,2026-08-12
kurdistan-discovery-unit-technology-5f518364cbee,kurdistan,فرم‌ها و آیین‌نامه‌ها - معاونت پژوهشی و نوآوری,technology,,,,https://uok.ac.ir/fa/web/research-and-innovation/research-forms-regulations/-/document_library/nqsj/view/412477?_com_liferay_document_library_web_portlet_DLPortlet_INSTANCE_nqsj_redirect=https%3A%2F%2Fuok.ac.ir%2Ffa%2Fweb%2Fresearch-and-innovation%2Fresearch-forms-regulations%2F-%2Fdocument_library%2Fnqsj%2Fview%2F436461%3F_com_liferay_document_library_web_portlet_DLPortlet_INSTANCE_nqsj_redirect%3Dhttps%253A%252F%252Fuok.ac.ir%252Ffa%252Fweb%252Fresearch-and-innovation%252Fresearch-forms-regulations%252F-%252Fdocument_library%252Fnqsj%252Fview%252F436464%253F_com_liferay_document_library_web_portlet_DLPortlet_INSTANCE_nqsj_redirect%253Dhttps%25253A%25252F%25252Fuok.ac.ir%25252Ffa%25252Fweb%25252Fresearch-and-innovation%25252Fresearch-forms-regulations%25253Fp_p_id%25253Dcom_liferay_document_library_web_portlet_DLPortlet_INSTANCE_nqsj%252526p_p_lifecycle%25253D0%252526p_p_state%25253Dnormal%252526p_p_mode%25253Dview,verified,2026-08-12
kurdistan-discovery-unit-technology-acf033c6daff,kurdistan,فرم‌ها و آیین‌نامه‌ها - معاونت پژوهشی و نوآوری,technology,,,,https://uok.ac.ir/web/research-and-innovation/research-forms-regulations/-/document_library/nqsj/view/412477?_com_liferay_document_library_web_portlet_DLPortlet_INSTANCE_nqsj_redirect=https%3A%2F%2Fuok.ac.ir%2Fweb%2Fresearch-and-innovation%2Fresearch-forms-regulations%2F-%2Fdocument_library%2Fnqsj%2Fview%2F436461%3F_com_liferay_document_library_web_portlet_DLPortlet_INSTANCE_nqsj_redirect%3Dhttps%253A%252F%252Fuok.ac.ir%252Fweb%252Fresearch-and-innovation%252Fresearch-forms-regulations%252F-%252Fdocument_library%252Fnqsj%252Fview%252F486327%253F_com_liferay_document_library_web_portlet_DLPortlet_INSTANCE_nqsj_redirect%253Dhttps%25253A%25252F%25252Fuok.ac.ir%25252Fweb%25252Fresearch-and-innovation%25252Fresearch-forms-regulations%25253Fp_p_id%25253Dcom_liferay_document_library_web_portlet_DLPortlet_INSTANCE_nqsj%252526p_p_lifecycle%25253D0%252526p_p_state%25253Dnormal%252526p_p_mode%25253Dview,verified,2026-08-12
kurdistan-discovery-unit-technology-c9cb1e39d662,kurdistan,فرم‌ها و آیین‌نامه‌ها - معاونت پژوهشی و نوآوری,technology,,,,https://uok.ac.ir/fa/web/research-and-innovation/research-forms-regulations/-/document_library/nqsj/view/412477?_com_liferay_document_library_web_portlet_DLPortlet_INSTANCE_nqsj_redirect=https%3A%2F%2Fuok.ac.ir%2Ffa%2Fweb%2Fresearch-and-innovation%2Fresearch-forms-regulations%3Fp_p_id%3Dcom_liferay_document_library_web_portlet_DLPortlet_INSTANCE_nqsj%26p_p_lifecycle%3D0%26p_p_state%3Dnormal%26p_p_mode%3Dview%26_com_liferay_document_library_web_portlet_DLPortlet_INSTANCE_nqsj_mvcRenderCommandName%3D%252Fdocument_library%252Fview%26_com_liferay_document_library_web_portlet_DLPortlet_INSTANCE_nqsj_redirect%3Dhttps%253A%252F%252Fuok.ac.ir%252Ffa%252Fweb%252Fresearch-and-innovation%252Fresearch-forms-regulations%252F-%252Fdocument_library%252Fnqsj%252Fview%252F412477%253F_com_liferay_document_library_web_portlet_DLPortlet_INSTANCE_nqsj_redirect%253Dhttps%25253A%25252F%25252Fuok.ac.ir%25252Ffa%25252Fweb%25252Fresearch-and-innovation%25252Fresearch-forms-regulations%25253Fp_p_id%25253Dcom_liferay_document_library_web_portlet_DLPortlet_INSTANCE_nqsj%252526p_p_lifecycle%25253D0%252526p_p_state%25253Dnormal%252526p_p_mode%25253Dview,verified,2026-08-12
kurdistan-discovery-unit-technology-00c409a362af,kurdistan,فرم‌ها و آیین‌نامه‌ها - معاونت پژوهشی و نوآوری,technology,,,,https://uok.ac.ir/fa/web/research-and-innovation/research-forms-regulations/-/document_library/nqsj/view/412477?_com_liferay_document_library_web_portlet_DLPortlet_INSTANCE_nqsj_redirect=https%3A%2F%2Fuok.ac.ir%2Ffa%2Fweb%2Fresearch-and-innovation%2Fresearch-forms-regulations%3Fp_p_id%3Dcom_liferay_document_library_web_portlet_DLPortlet_INSTANCE_nqsj%26p_p_lifecycle%3D0%26p_p_state%3Dnormal%26p_p_mode%3Dview%26_com_liferay_document_library_web_portlet_DLPortlet_INSTANCE_nqsj_mvcRenderCommandName%3D%252Fdocument_library%252Fview%26_com_liferay_document_library_web_portlet_DLPortlet_INSTANCE_nqsj_redirect%3Dhttps%253A%252F%252Fuok.ac.ir%252Ffa%252Fweb%252Fresearch-and-innovation%252Fresearch-forms-regulations%252F-%252Fdocument_library%252Fnqsj%252Fview%252F412477%253F_com_liferay_document_library_web_portlet_DLPortlet_INSTANCE_nqsj_redirect%253Dhttps%25253A%25252F%25252Fuok.ac.ir%25252Ffa%25252Fweb%25252Fresearch-and-innovation%25252Fresearch-forms-regulations%25252F-%25252Fdocument_library%25252Fnqsj%25252Fview%25252F436461%25253F_com_liferay_document_library_web_portlet_DLPortlet_INSTANCE_nqsj_redirect%25253Dhttps%2525253A%2525252F%2525252Fuok.ac.ir%2525252Ffa%2525252Fweb%2525252Fresearch-and-innovation%2525252Fresearch-forms-regulations%2525252F-%2525252Fdocument_library%2525252Fnqsj%2525252Fview%2525252F436464%2525253F_com_liferay_document_library_web_portlet_DLPortlet_INSTANCE_nqsj_redirect%2525253Dhttps%252525253A%252525252F%252525252Fuok.ac.ir%252525252Ffa%252525252Fweb%252525252Fresearch-and-innovation%252525252Fresearch-forms-regulations%252525253Fp_p_id%252525253Dcom_liferay_document_library_web_portlet_DLPortlet_INSTANCE_nqsj%2525252526p_p_lifecycle%252525253D0%2525252526p_p_state%252525253Dnormal%2525252526p_p_mode%252525253Dview,verified,2026-08-12
kurdistan-discovery-unit-technology-3a55742c09c7,kurdistan,فرم‌ها و آیین‌نامه‌ها - معاونت پژوهشی و نوآوری,technology,,,,https://uok.ac.ir/web/research-and-innovation/research-forms-regulations/-/document_library/nqsj/view/412477?_com_liferay_document_library_web_portlet_DLPortlet_INSTANCE_nqsj_redirect=https%3A%2F%2Fuok.ac.ir%2Fweb%2Fresearch-and-innovation%2Fresearch-forms-regulations%3Fp_p_id%3Dcom_liferay_document_library_web_portlet_DLPortlet_INSTANCE_nqsj%26p_p_lifecycle%3D0%26p_p_state%3Dnormal%26p_p_mode%3Dview%26_com_liferay_document_library_web_portlet_DLPortlet_INSTANCE_nqsj_mvcRenderCommandName%3D%252Fdocument_library%252Fview%26_com_liferay_document_library_web_portlet_DLPortlet_INSTANCE_nqsj_redirect%3Dhttps%253A%252F%252Fuok.ac.ir%252Fweb%252Fresearch-and-innovation%252Fresearch-forms-regulations%252F-%252Fdocument_library%252Fnqsj%252Fview%252F412477%253F_com_liferay_document_library_web_portlet_DLPortlet_INSTANCE_nqsj_redirect%253Dhttps%25253A%25252F%25252Fuok.ac.ir%25252Fweb%25252Fresearch-and-innovation%25252Fresearch-forms-regulations%25252F-%25252Fdocument_library%25252Fnqsj%25252Fview%25252F436461%25253F_com_liferay_document_library_web_portlet_DLPortlet_INSTANCE_nqsj_redirect%25253Dhttps%2525253A%2525252F%2525252Fuok.ac.ir%2525252Fweb%2525252Fresearch-and-innovation%2525252Fresearch-forms-regulations%2525252F-%2525252Fdocument_library%2525252Fnqsj%2525252Fview%2525252F486327%2525253F_com_liferay_document_library_web_portlet_DLPortlet_INSTANCE_nqsj_redirect%2525253Dhttps%252525253A%252525252F%252525252Fuok.ac.ir%252525252Fweb%252525252Fresearch-and-innovation%252525252Fresearch-forms-regulations%252525253Fp_p_id%252525253Dcom_liferay_document_library_web_portlet_DLPortlet_INSTANCE_nqsj%2525252526p_p_lifecycle%252525253D0%2525252526p_p_state%252525253Dnormal%2525252526p_p_mode%252525253Dview,verified,2026-08-12
kurdistan-discovery-unit-technology-9ff7cd3410c8,kurdistan,فرم‌ها و آیین‌نامه‌ها - معاونت پژوهشی و نوآوری,technology,,,,https://uok.ac.ir/fa/web/research-and-innovation/research-forms-regulations/-/document_library/nqsj/view/412477?_com_liferay_document_library_web_portlet_DLPortlet_INSTANCE_nqsj_redirect=https%3A%2F%2Fuok.ac.ir%2Ffa%2Fweb%2Fresearch-and-innovation%2Fresearch-forms-regulations%3Fp_p_id%3Dcom_liferay_document_library_web_portlet_DLPortlet_INSTANCE_nqsj%26p_p_lifecycle%3D0%26p_p_state%3Dnormal%26p_p_mode%3Dview%26_com_liferay_document_library_web_portlet_DLPortlet_INSTANCE_nqsj_mvcRenderCommandName%3D%252Fdocument_library%252Fview%26_com_liferay_document_library_web_portlet_DLPortlet_INSTANCE_nqsj_redirect%3Dhttps%253A%252F%252Fuok.ac.ir%252Ffa%252Fweb%252Fresearch-and-innovation%252Fresearch-forms-regulations%252F-%252Fdocument_library%252Fnqsj%252Fview%252F412477%253F_com_liferay_document_library_web_portlet_DLPortlet_INSTANCE_nqsj_redirect%253Dhttps%25253A%25252F%25252Fuok.ac.ir%25252Ffa%25252Fweb%25252Fresearch-and-innovation%25252Fresearch-forms-regulations%25253Fp_p_id%25253Dcom_liferay_document_library_web_portlet_DLPortlet_INSTANCE_nqsj%252526p_p_lifecycle%25253D0%252526p_p_state%25253Dnormal%252526p_p_mode%25253Dview%252526_com_liferay_document_library_web_portlet_DLPortlet_INSTANCE_nqsj_mvcRenderCommandName%25253D%2525252Fdocument_library%2525252Fview%252526_com_liferay_document_library_web_portlet_DLPortlet_INSTANCE_nqsj_redirect%25253Dhttps%2525253A%2525252F%2525252Fuok.ac.ir%2525252Ffa%2525252Fweb%2525252Fresearch-and-innovation%2525252Fresearch-forms-regulations%2525252F-%2525252Fdocument_library%2525252Fnqsj%2525252Fview%2525252F412477%2525253F_com_liferay_document_library_web_portlet_DLPortlet_INSTANCE_nqsj_redirect%2525253Dhttps%252525253A%252525252F%252525252Fuok.ac.ir%252525252Ffa%252525252Fweb%252525252Fresearch-and-innovation%252525252Fresearch-forms-regulations%252525253Fp_p_id%252525253Dcom_liferay_document_library_web_portlet_DLPortlet_INSTANCE_nqsj%2525252526p_p_lifecycle%252525253D0%2525252526p_p_state%252525253Dnormal%2525252526p_p_mode%252525253Dview,verified,2026-08-12
kurdistan-discovery-unit-technology-598d27f50cac,kurdistan,فرم‌ها و آیین‌نامه‌ها - معاونت پژوهشی و نوآوری,technology,,,,https://uok.ac.ir/fa/web/research-and-innovation/research-forms-regulations/-/document_library/nqsj/view/412477?_com_liferay_document_library_web_portlet_DLPortlet_INSTANCE_nqsj_redirect=https%3A%2F%2Fuok.ac.ir%2Ffa%2Fweb%2Fresearch-and-innovation%2Fresearch-forms-regulations%3Fp_p_id%3Dcom_liferay_document_library_web_portlet_DLPortlet_INSTANCE_nqsj%26p_p_lifecycle%3D0%26p_p_state%3Dnormal%26p_p_mode%3Dview%26_com_liferay_document_library_web_portlet_DLPortlet_INSTANCE_nqsj_mvcRenderCommandName%3D%252Fdocument_library%252Fview%26_com_liferay_document_library_web_portlet_DLPortlet_INSTANCE_nqsj_redirect%3Dhttps%253A%252F%252Fuok.ac.ir%252Ffa%252Fweb%252Fresearch-and-innovation%252Fresearch-forms-regulations%252F-%252Fdocument_library%252Fnqsj%252Fview%252F412477%253F_com_liferay_document_library_web_portlet_DLPortlet_INSTANCE_nqsj_redirect%253Dhttps%25253A%25252F%25252Fuok.ac.ir%25252Ffa%25252Fweb%25252Fresearch-and-innovation%25252Fresearch-forms-regulations%25253Fp_p_id%25253Dcom_liferay_document_library_web_portlet_DLPortlet_INSTANCE_nqsj%252526p_p_lifecycle%25253D0%252526p_p_state%25253Dnormal%252526p_p_mode%25253Dview%252526_com_liferay_document_library_web_portlet_DLPortlet_INSTANCE_nqsj_mvcRenderCommandName%25253D%2525252Fdocument_library%2525252Fview%252526_com_liferay_document_library_web_portlet_DLPortlet_INSTANCE_nqsj_redirect%25253Dhttps%2525253A%2525252F%2525252Fuok.ac.ir%2525252Ffa%2525252Fweb%2525252Fresearch-and-innovation%2525252Fresearch-forms-regulations%2525252F-%2525252Fdocument_library%2525252Fnqsj%2525252Fview%2525252F412477%2525253F_com_liferay_document_library_web_portlet_DLPortlet_INSTANCE_nqsj_redirect%2525253Dhttps%252525253A%252525252F%252525252Fuok.ac.ir%252525252Ffa%252525252Fweb%252525252Fresearch-and-innovation%252525252Fresearch-forms-regulations%252525252F-%252525252Fdocument_library%252525252Fnqsj%252525252Fview%252525252F436461,verified,2026-08-12
kurdistan-discovery-unit-technology-5694a068c4fe,kurdistan,فرم‌ها و آیین‌نامه‌ها - معاونت پژوهشی و نوآوری,technology,,,,https://uok.ac.ir/web/research-and-innovation/research-forms-regulations/-/document_library/nqsj/view/412477?_com_liferay_document_library_web_portlet_DLPortlet_INSTANCE_nqsj_redirect=https%3A%2F%2Fuok.ac.ir%2Fweb%2Fresearch-and-innovation%2Fresearch-forms-regulations%3Fp_p_id%3Dcom_liferay_document_library_web_portlet_DLPortlet_INSTANCE_nqsj%26p_p_lifecycle%3D0%26p_p_state%3Dnormal%26p_p_mode%3Dview%26_com_liferay_document_library_web_portlet_DLPortlet_INSTANCE_nqsj_mvcRenderCommandName%3D%252Fdocument_library%252Fview%26_com_liferay_document_library_web_portlet_DLPortlet_INSTANCE_nqsj_redirect%3Dhttps%253A%252F%252Fuok.ac.ir%252Fweb%252Fresearch-and-innovation%252Fresearch-forms-regulations%252F-%252Fdocument_library%252Fnqsj%252Fview%252F412477%253F_com_liferay_document_library_web_portlet_DLPortlet_INSTANCE_nqsj_redirect%253Dhttps%25253A%25252F%25252Fuok.ac.ir%25252Fweb%25252Fresearch-and-innovation%25252Fresearch-forms-regulations%25253Fp_p_id%25253Dcom_liferay_document_library_web_portlet_DLPortlet_INSTANCE_nqsj%252526p_p_lifecycle%25253D0%252526p_p_state%25253Dnormal%252526p_p_mode%25253Dview%252526_com_liferay_document_library_web_portlet_DLPortlet_INSTANCE_nqsj_mvcRenderCommandName%25253D%2525252Fdocument_library%2525252Fview%252526_com_liferay_document_library_web_portlet_DLPortlet_INSTANCE_nqsj_redirect%25253Dhttps%2525253A%2525252F%2525252Fuok.ac.ir%2525252Fweb%2525252Fresearch-and-innovation%2525252Fresearch-forms-regulations%2525252F-%2525252Fdocument_library%2525252Fnqsj%2525252Fview%2525252F412477%2525253F_com_liferay_document_library_web_portlet_DLPortlet_INSTANCE_nqsj_redirect%2525253Dhttps%252525253A%252525252F%252525252Fuok.ac.ir%252525252Fweb%252525252Fresearch-and-innovation%252525252Fresearch-forms-regulations%252525252F-%252525252Fdocument_library%252525252Fnqsj%252525252Fview%252525252F436461,verified,2026-08-12
kurdistan-discovery-unit-technology-00bdbee3fa0e,kurdistan,فرم‌ها و آیین‌نامه‌ها - معاونت پژوهشی و نوآوری,technology,,,,https://uok.ac.ir/web/research-and-innovation/research-forms-regulations/-/document_library/nqsj/view/412477?_com_liferay_document_library_web_portlet_DLPortlet_INSTANCE_nqsj_redirect=https%3A%2F%2Fuok.ac.ir%2Fweb%2Fresearch-and-innovation%2Fresearch-forms-regulations%2F-%2Fdocument_library%2Fnqsj%2Fview%2F436461%3F_com_liferay_document_library_web_portlet_DLPortlet_INSTANCE_nqsj_redirect%3Dhttps%253A%252F%252Fuok.ac.ir%252Fweb%252Fresearch-and-innovation%252Fresearch-forms-regulations%252F-%252Fdocument_library%252Fnqsj%252Fview%252F11746224%253F_com_liferay_document_library_web_portlet_DLPortlet_INSTANCE_nqsj_redirect%253Dhttps%25253A%25252F%25252Fuok.ac.ir%25252Fweb%25252Fresearch-and-innovation%25252Fresearch-forms-regulations%25253Fp_p_id%25253Dcom_liferay_document_library_web_portlet_DLPortlet_INSTANCE_nqsj%252526p_p_lifecycle%25253D0%252526p_p_state%25253Dnormal%252526p_p_mode%25253Dview,verified,2026-08-12
kurdistan-discovery-unit-technology-9e3a42263c3c,kurdistan,فرم‌ها و آیین‌نامه‌ها - معاونت پژوهشی و نوآوری,technology,,,,https://uok.ac.ir/web/research-and-innovation/research-forms-regulations/-/document_library/nqsj/view/412477?_com_liferay_document_library_web_portlet_DLPortlet_INSTANCE_nqsj_redirect=https%3A%2F%2Fuok.ac.ir%2Fweb%2Fresearch-and-innovation%2Fresearch-forms-regulations%2F-%2Fdocument_library%2Fnqsj%2Fview%2F436461%3F_com_liferay_document_library_web_portlet_DLPortlet_INSTANCE_nqsj_redirect%3Dhttps%253A%252F%252Fuok.ac.ir%252Fweb%252Fresearch-and-innovation%252Fresearch-forms-regulations%252F-%252Fdocument_library%252Fnqsj%252Fview%252F436484%253F_com_liferay_document_library_web_portlet_DLPortlet_INSTANCE_nqsj_redirect%253Dhttps%25253A%25252F%25252Fuok.ac.ir%25252Fweb%25252Fresearch-and-innovation%25252Fresearch-forms-regulations%25253Fp_p_id%25253Dcom_liferay_document_library_web_portlet_DLPortlet_INSTANCE_nqsj%252526p_p_lifecycle%25253D0%252526p_p_state%25253Dnormal%252526p_p_mode%25253Dview,verified,2026-08-12
kurdistan-discovery-unit-technology-fc926e7bc81b,kurdistan,فرم‌ها و آیین‌نامه‌ها - معاونت پژوهشی و نوآوری,technology,,,,https://uok.ac.ir/web/research-and-innovation/research-forms-regulations/-/document_library/nqsj/view/412477?_com_liferay_document_library_web_portlet_DLPortlet_INSTANCE_nqsj_redirect=https%3A%2F%2Fuok.ac.ir%2Fweb%2Fresearch-and-innovation%2Fresearch-forms-regulations%2F-%2Fdocument_library%2Fnqsj%2Fview%2F436461%3F_com_liferay_document_library_web_portlet_DLPortlet_INSTANCE_nqsj_redirect%3Dhttps%253A%252F%252Fuok.ac.ir%252Fweb%252Fresearch-and-innovation%252Fresearch-forms-regulations%252F-%252Fdocument_library%252Fnqsj%252Fview%252F436493%253F_com_liferay_document_library_web_portlet_DLPortlet_INSTANCE_nqsj_redirect%253Dhttps%25253A%25252F%25252Fuok.ac.ir%25252Fweb%25252Fresearch-and-innovation%25252Fresearch-forms-regulations%25253Fp_p_id%25253Dcom_liferay_document_library_web_portlet_DLPortlet_INSTANCE_nqsj%252526p_p_lifecycle%25253D0%252526p_p_state%25253Dnormal%252526p_p_mode%25253Dview,verified,2026-08-12
kurdistan-discovery-unit-technology-a17d7e2ffa86,kurdistan,فرم‌ها و آیین‌نامه‌ها - معاونت پژوهشی و نوآوری,technology,,,,https://uok.ac.ir/web/research-and-innovation/research-forms-regulations/-/document_library/nqsj/view/412477?_com_liferay_document_library_web_portlet_DLPortlet_INSTANCE_nqsj_redirect=https%3A%2F%2Fuok.ac.ir%2Fweb%2Fresearch-and-innovation%2Fresearch-forms-regulations%3Fp_p_id%3Dcom_liferay_document_library_web_portlet_DLPortlet_INSTANCE_nqsj%26p_p_lifecycle%3D0%26p_p_state%3Dnormal%26p_p_mode%3Dview%26_com_liferay_document_library_web_portlet_DLPortlet_INSTANCE_nqsj_mvcRenderCommandName%3D%252Fdocument_library%252Fview%26_com_liferay_document_library_web_portlet_DLPortlet_INSTANCE_nqsj_redirect%3Dhttps%253A%252F%252Fuok.ac.ir%252Fweb%252Fresearch-and-innovation%252Fresearch-forms-regulations%252F-%252Fdocument_library%252Fnqsj%252Fview%252F412477%253F_com_liferay_document_library_web_portlet_DLPortlet_INSTANCE_nqsj_redirect%253Dhttps%25253A%25252F%25252Fuok.ac.ir%25252Fweb%25252Fresearch-and-innovation%25252Fresearch-forms-regulations%25252F-%25252Fdocument_library%25252Fnqsj%25252Fview%25252F436461%25253F_com_liferay_document_library_web_portlet_DLPortlet_INSTANCE_nqsj_redirect%25253Dhttps%2525253A%2525252F%2525252Fuok.ac.ir%2525252Fweb%2525252Fresearch-and-innovation%2525252Fresearch-forms-regulations%2525252F-%2525252Fdocument_library%2525252Fnqsj%2525252Fview%2525252F11746224%2525253F_com_liferay_document_library_web_portlet_DLPortlet_INSTANCE_nqsj_redirect%2525253Dhttps%252525253A%252525252F%252525252Fuok.ac.ir%252525252Fweb%252525252Fresearch-and-innovation%252525252Fresearch-forms-regulations%252525253Fp_p_id%252525253Dcom_liferay_document_library_web_portlet_DLPortlet_INSTANCE_nqsj%2525252526p_p_lifecycle%252525253D0%2525252526p_p_state%252525253Dnormal%2525252526p_p_mode%252525253Dview,verified,2026-08-12
kurdistan-discovery-unit-technology-aa71d6ee1b8e,kurdistan,فرم‌ها و آیین‌نامه‌ها - معاونت پژوهشی و نوآوری,technology,,,,https://uok.ac.ir/web/research-and-innovation/research-forms-regulations/-/document_library/nqsj/view/412477?_com_liferay_document_library_web_portlet_DLPortlet_INSTANCE_nqsj_redirect=https%3A%2F%2Fuok.ac.ir%2Fweb%2Fresearch-and-innovation%2Fresearch-forms-regulations%3Fp_p_id%3Dcom_liferay_document_library_web_portlet_DLPortlet_INSTANCE_nqsj%26p_p_lifecycle%3D0%26p_p_state%3Dnormal%26p_p_mode%3Dview%26_com_liferay_document_library_web_portlet_DLPortlet_INSTANCE_nqsj_mvcRenderCommandName%3D%252Fdocument_library%252Fview%26_com_liferay_document_library_web_portlet_DLPortlet_INSTANCE_nqsj_redirect%3Dhttps%253A%252F%252Fuok.ac.ir%252Fweb%252Fresearch-and-innovation%252Fresearch-forms-regulations%252F-%252Fdocument_library%252Fnqsj%252Fview%252F412477%253F_com_liferay_document_library_web_portlet_DLPortlet_INSTANCE_nqsj_redirect%253Dhttps%25253A%25252F%25252Fuok.ac.ir%25252Fweb%25252Fresearch-and-innovation%25252Fresearch-forms-regulations%25252F-%25252Fdocument_library%25252Fnqsj%25252Fview%25252F436461%25253F_com_liferay_document_library_web_portlet_DLPortlet_INSTANCE_nqsj_redirect%25253Dhttps%2525253A%2525252F%2525252Fuok.ac.ir%2525252Fweb%2525252Fresearch-and-innovation%2525252Fresearch-forms-regulations%2525252F-%2525252Fdocument_library%2525252Fnqsj%2525252Fview%2525252F436484%2525253F_com_liferay_document_library_web_portlet_DLPortlet_INSTANCE_nqsj_redirect%2525253Dhttps%252525253A%252525252F%252525252Fuok.ac.ir%252525252Fweb%252525252Fresearch-and-innovation%252525252Fresearch-forms-regulations%252525253Fp_p_id%252525253Dcom_liferay_document_library_web_portlet_DLPortlet_INSTANCE_nqsj%2525252526p_p_lifecycle%252525253D0%2525252526p_p_state%252525253Dnormal%2525252526p_p_mode%252525253Dview,verified,2026-08-12
kurdistan-discovery-unit-technology-e3c05a0ad6bd,kurdistan,فرم‌ها و آیین‌نامه‌ها - معاونت پژوهشی و نوآوری,technology,,,,https://uok.ac.ir/web/research-and-innovation/research-forms-regulations/-/document_library/nqsj/view/412477?_com_liferay_document_library_web_portlet_DLPortlet_INSTANCE_nqsj_redirect=https%3A%2F%2Fuok.ac.ir%2Fweb%2Fresearch-and-innovation%2Fresearch-forms-regulations%3Fp_p_id%3Dcom_liferay_document_library_web_portlet_DLPortlet_INSTANCE_nqsj%26p_p_lifecycle%3D0%26p_p_state%3Dnormal%26p_p_mode%3Dview%26_com_liferay_document_library_web_portlet_DLPortlet_INSTANCE_nqsj_mvcRenderCommandName%3D%252Fdocument_library%252Fview%26_com_liferay_document_library_web_portlet_DLPortlet_INSTANCE_nqsj_redirect%3Dhttps%253A%252F%252Fuok.ac.ir%252Fweb%252Fresearch-and-innovation%252Fresearch-forms-regulations%252F-%252Fdocument_library%252Fnqsj%252Fview%252F412477%253F_com_liferay_document_library_web_portlet_DLPortlet_INSTANCE_nqsj_redirect%253Dhttps%25253A%25252F%25252Fuok.ac.ir%25252Fweb%25252Fresearch-and-innovation%25252Fresearch-forms-regulations%25252F-%25252Fdocument_library%25252Fnqsj%25252Fview%25252F436461%25253F_com_liferay_document_library_web_portlet_DLPortlet_INSTANCE_nqsj_redirect%25253Dhttps%2525253A%2525252F%2525252Fuok.ac.ir%2525252Fweb%2525252Fresearch-and-innovation%2525252Fresearch-forms-regulations%2525252F-%2525252Fdocument_library%2525252Fnqsj%2525252Fview%2525252F436493%2525253F_com_liferay_document_library_web_portlet_DLPortlet_INSTANCE_nqsj_redirect%2525253Dhttps%252525253A%252525252F%252525252Fuok.ac.ir%252525252Fweb%252525252Fresearch-and-innovation%252525252Fresearch-forms-regulations%252525253Fp_p_id%252525253Dcom_liferay_document_library_web_portlet_DLPortlet_INSTANCE_nqsj%2525252526p_p_lifecycle%252525253D0%2525252526p_p_state%252525253Dnormal%2525252526p_p_mode%252525253Dview,verified,2026-08-12
kurdistan-discovery-unit-technology-237c47ec13e7,kurdistan,فرم‌ها و آیین‌نامه‌ها - معاونت پژوهشی و نوآوری,technology,,,,https://uok.ac.ir/web/research-and-innovation/research-forms-regulations/-/document_library/nqsj/view/412477?_com_liferay_document_library_web_portlet_DLPortlet_INSTANCE_nqsj_redirect=https%3A%2F%2Fuok.ac.ir%2Fweb%2Fresearch-and-innovation%2Fresearch-forms-regulations%2F-%2Fdocument_library%2Fnqsj%2Fview%2F436461%3F_com_liferay_document_library_web_portlet_DLPortlet_INSTANCE_nqsj_redirect%3Dhttps%253A%252F%252Fuok.ac.ir%252Fweb%252Fresearch-and-innovation%252Fresearch-forms-regulations%252F-%252Fdocument_library%252Fnqsj%252Fview%252F436478%253F_com_liferay_document_library_web_portlet_DLPortlet_INSTANCE_nqsj_redirect%253Dhttps%25253A%25252F%25252Fuok.ac.ir%25252Fweb%25252Fresearch-and-innovation%25252Fresearch-forms-regulations%25253Fp_p_id%25253Dcom_liferay_document_library_web_portlet_DLPortlet_INSTANCE_nqsj%252526p_p_lifecycle%25253D0%252526p_p_state%25253Dnormal%252526p_p_mode%25253Dview,verified,2026-08-12
kurdistan-discovery-unit-technology-c7a2a5536186,kurdistan,فرم‌ها و آیین‌نامه‌ها - معاونت پژوهشی و نوآوری,technology,,,,https://uok.ac.ir/web/research-and-innovation/research-forms-regulations/-/document_library/nqsj/view/412477?_com_liferay_document_library_web_portlet_DLPortlet_INSTANCE_nqsj_redirect=https%3A%2F%2Fuok.ac.ir%2Fweb%2Fresearch-and-innovation%2Fresearch-forms-regulations%2F-%2Fdocument_library%2Fnqsj%2Fview%2F436461%3F_com_liferay_document_library_web_portlet_DLPortlet_INSTANCE_nqsj_redirect%3Dhttps%253A%252F%252Fuok.ac.ir%252Fweb%252Fresearch-and-innovation%252Fresearch-forms-regulations%252F-%252Fdocument_library%252Fnqsj%252Fview%252F436474%253F_com_liferay_document_library_web_portlet_DLPortlet_INSTANCE_nqsj_redirect%253Dhttps%25253A%25252F%25252Fuok.ac.ir%25252Fweb%25252Fresearch-and-innovation%25252Fresearch-forms-regulations%25253Fp_p_id%25253Dcom_liferay_document_library_web_portlet_DLPortlet_INSTANCE_nqsj%252526p_p_lifecycle%25253D0%252526p_p_state%25253Dnormal%252526p_p_mode%25253Dview,verified,2026-08-12
kurdistan-discovery-unit-technology-7818622eedef,kurdistan,فرم‌ها و آیین‌نامه‌ها - معاونت پژوهشی و نوآوری,technology,,,,https://uok.ac.ir/web/research-and-innovation/research-forms-regulations/-/document_library/nqsj/view/412477?_com_liferay_document_library_web_portlet_DLPortlet_INSTANCE_nqsj_redirect=https%3A%2F%2Fuok.ac.ir%2Fweb%2Fresearch-and-innovation%2Fresearch-forms-regulations%2F-%2Fdocument_library%2Fnqsj%2Fview%2F436461%3F_com_liferay_document_library_web_portlet_DLPortlet_INSTANCE_nqsj_redirect%3Dhttps%253A%252F%252Fuok.ac.ir%252Fweb%252Fresearch-and-innovation%252Fresearch-forms-regulations%252F-%252Fdocument_library%252Fnqsj%252Fview%252F436470%253F_com_liferay_document_library_web_portlet_DLPortlet_INSTANCE_nqsj_redirect%253Dhttps%25253A%25252F%25252Fuok.ac.ir%25252Fweb%25252Fresearch-and-innovation%25252Fresearch-forms-regulations%25253Fp_p_id%25253Dcom_liferay_document_library_web_portlet_DLPortlet_INSTANCE_nqsj%252526p_p_lifecycle%25253D0%252526p_p_state%25253Dnormal%252526p_p_mode%25253Dview,verified,2026-08-12
kurdistan-discovery-unit-technology-1e678e09ff21,kurdistan,فرم‌ها و آیین‌نامه‌ها - معاونت پژوهشی و نوآوری,technology,,,,https://uok.ac.ir/web/research-and-innovation/research-forms-regulations/-/document_library/nqsj/view/412477?_com_liferay_document_library_web_portlet_DLPortlet_INSTANCE_nqsj_redirect=https%3A%2F%2Fuok.ac.ir%2Fweb%2Fresearch-and-innovation%2Fresearch-forms-regulations%3Fp_p_id%3Dcom_liferay_document_library_web_portlet_DLPortlet_INSTANCE_nqsj%26p_p_lifecycle%3D0%26p_p_state%3Dnormal%26p_p_mode%3Dview%26_com_liferay_document_library_web_portlet_DLPortlet_INSTANCE_nqsj_mvcRenderCommandName%3D%252Fdocument_library%252Fview%26_com_liferay_document_library_web_portlet_DLPortlet_INSTANCE_nqsj_redirect%3Dhttps%253A%252F%252Fuok.ac.ir%252Fweb%252Fresearch-and-innovation%252Fresearch-forms-regulations%252F-%252Fdocument_library%252Fnqsj%252Fview%252F412477%253F_com_liferay_document_library_web_portlet_DLPortlet_INSTANCE_nqsj_redirect%253Dhttps%25253A%25252F%25252Fuok.ac.ir%25252Fweb%25252Fresearch-and-innovation%25252Fresearch-forms-regulations%25252F-%25252Fdocument_library%25252Fnqsj%25252Fview%25252F436461%25253F_com_liferay_document_library_web_portlet_DLPortlet_INSTANCE_nqsj_redirect%25253Dhttps%2525253A%2525252F%2525252Fuok.ac.ir%2525252Fweb%2525252Fresearch-and-innovation%2525252Fresearch-forms-regulations%2525252F-%2525252Fdocument_library%2525252Fnqsj%2525252Fview%2525252F436478%2525253F_com_liferay_document_library_web_portlet_DLPortlet_INSTANCE_nqsj_redirect%2525253Dhttps%252525253A%252525252F%252525252Fuok.ac.ir%252525252Fweb%252525252Fresearch-and-innovation%252525252Fresearch-forms-regulations%252525253Fp_p_id%252525253Dcom_liferay_document_library_web_portlet_DLPortlet_INSTANCE_nqsj%2525252526p_p_lifecycle%252525253D0%2525252526p_p_state%252525253Dnormal%2525252526p_p_mode%252525253Dview,verified,2026-08-12
kurdistan-discovery-unit-technology-ff3a72f293a0,kurdistan,فرم‌ها و آیین‌نامه‌ها - معاونت پژوهشی و نوآوری,technology,,,,https://uok.ac.ir/web/research-and-innovation/research-forms-regulations/-/document_library/nqsj/view/412477?_com_liferay_document_library_web_portlet_DLPortlet_INSTANCE_nqsj_redirect=https%3A%2F%2Fuok.ac.ir%2Fweb%2Fresearch-and-innovation%2Fresearch-forms-regulations%3Fp_p_id%3Dcom_liferay_document_library_web_portlet_DLPortlet_INSTANCE_nqsj%26p_p_lifecycle%3D0%26p_p_state%3Dnormal%26p_p_mode%3Dview%26_com_liferay_document_library_web_portlet_DLPortlet_INSTANCE_nqsj_mvcRenderCommandName%3D%252Fdocument_library%252Fview%26_com_liferay_document_library_web_portlet_DLPortlet_INSTANCE_nqsj_redirect%3Dhttps%253A%252F%252Fuok.ac.ir%252Fweb%252Fresearch-and-innovation%252Fresearch-forms-regulations%252F-%252Fdocument_library%252Fnqsj%252Fview%252F412477%253F_com_liferay_document_library_web_portlet_DLPortlet_INSTANCE_nqsj_redirect%253Dhttps%25253A%25252F%25252Fuok.ac.ir%25252Fweb%25252Fresearch-and-innovation%25252Fresearch-forms-regulations%25252F-%25252Fdocument_library%25252Fnqsj%25252Fview%25252F436461%25253F_com_liferay_document_library_web_portlet_DLPortlet_INSTANCE_nqsj_redirect%25253Dhttps%2525253A%2525252F%2525252Fuok.ac.ir%2525252Fweb%2525252Fresearch-and-innovation%2525252Fresearch-forms-regulations%2525252F-%2525252Fdocument_library%2525252Fnqsj%2525252Fview%2525252F436474%2525253F_com_liferay_document_library_web_portlet_DLPortlet_INSTANCE_nqsj_redirect%2525253Dhttps%252525253A%252525252F%252525252Fuok.ac.ir%252525252Fweb%252525252Fresearch-and-innovation%252525252Fresearch-forms-regulations%252525253Fp_p_id%252525253Dcom_liferay_document_library_web_portlet_DLPortlet_INSTANCE_nqsj%2525252526p_p_lifecycle%252525253D0%2525252526p_p_state%252525253Dnormal%2525252526p_p_mode%252525253Dview,verified,2026-08-12
kurdistan-discovery-unit-technology-2bb9aa362027,kurdistan,فرم‌ها و آیین‌نامه‌ها - معاونت پژوهشی و نوآوری,technology,,,,https://uok.ac.ir/web/research-and-innovation/research-forms-regulations/-/document_library/nqsj/view/412477?_com_liferay_document_library_web_portlet_DLPortlet_INSTANCE_nqsj_redirect=https%3A%2F%2Fuok.ac.ir%2Fweb%2Fresearch-and-innovation%2Fresearch-forms-regulations%3Fp_p_id%3Dcom_liferay_document_library_web_portlet_DLPortlet_INSTANCE_nqsj%26p_p_lifecycle%3D0%26p_p_state%3Dnormal%26p_p_mode%3Dview%26_com_liferay_document_library_web_portlet_DLPortlet_INSTANCE_nqsj_mvcRenderCommandName%3D%252Fdocument_library%252Fview%26_com_liferay_document_library_web_portlet_DLPortlet_INSTANCE_nqsj_redirect%3Dhttps%253A%252F%252Fuok.ac.ir%252Fweb%252Fresearch-and-innovation%252Fresearch-forms-regulations%252F-%252Fdocument_library%252Fnqsj%252Fview%252F412477%253F_com_liferay_document_library_web_portlet_DLPortlet_INSTANCE_nqsj_redirect%253Dhttps%25253A%25252F%25252Fuok.ac.ir%25252Fweb%25252Fresearch-and-innovation%25252Fresearch-forms-regulations%25252F-%25252Fdocument_library%25252Fnqsj%25252Fview%25252F436461%25253F_com_liferay_document_library_web_portlet_DLPortlet_INSTANCE_nqsj_redirect%25253Dhttps%2525253A%2525252F%2525252Fuok.ac.ir%2525252Fweb%2525252Fresearch-and-innovation%2525252Fresearch-forms-regulations%2525252F-%2525252Fdocument_library%2525252Fnqsj%2525252Fview%2525252F436470%2525253F_com_liferay_document_library_web_portlet_DLPortlet_INSTANCE_nqsj_redirect%2525253Dhttps%252525253A%252525252F%252525252Fuok.ac.ir%252525252Fweb%252525252Fresearch-and-innovation%252525252Fresearch-forms-regulations%252525253Fp_p_id%252525253Dcom_liferay_document_library_web_portlet_DLPortlet_INSTANCE_nqsj%2525252526p_p_lifecycle%252525253D0%2525252526p_p_state%252525253Dnormal%2525252526p_p_mode%252525253Dview,verified,2026-08-12
kurdistan-discovery-unit-technology-9a3705493ff1,kurdistan,فرم‌ها و آیین‌نامه‌ها - معاونت پژوهشی و نوآوری,technology,,,,https://uok.ac.ir/fa/web/research-and-innovation/research-forms-regulations/-/document_library/nqsj/view/412477?_com_liferay_document_library_web_portlet_DLPortlet_INSTANCE_nqsj_redirect=https%3A%2F%2Fuok.ac.ir%2Ffa%2Fweb%2Fresearch-and-innovation%2Fresearch-forms-regulations%2F-%2Fdocument_library%2Fnqsj%2Fview%2F436461%3F_com_liferay_document_library_web_portlet_DLPortlet_INSTANCE_nqsj_redirect%3Dhttps%253A%252F%252Fuok.ac.ir%252Ffa%252Fweb%252Fresearch-and-innovation%252Fresearch-forms-regulations%252F-%252Fdocument_library%252Fnqsj%252Fview%252F486327%253F_com_liferay_document_library_web_portlet_DLPortlet_INSTANCE_nqsj_redirect%253Dhttps%25253A%25252F%25252Fuok.ac.ir%25252Ffa%25252Fweb%25252Fresearch-and-innovation%25252Fresearch-forms-regulations%25253Fp_p_id%25253Dcom_liferay_document_library_web_portlet_DLPortlet_INSTANCE_nqsj%252526p_p_lifecycle%25253D0%252526p_p_state%25253Dnormal%252526p_p_mode%25253Dview,verified,2026-08-12
kurdistan-discovery-unit-technology-cb84f2b43be7,kurdistan,فرم‌ها و آیین‌نامه‌ها - معاونت پژوهشی و نوآوری,technology,,,,https://uok.ac.ir/fa/web/research-and-innovation/research-forms-regulations/-/document_library/nqsj/view/412477?_com_liferay_document_library_web_portlet_DLPortlet_INSTANCE_nqsj_redirect=https%3A%2F%2Fuok.ac.ir%2Ffa%2Fweb%2Fresearch-and-innovation%2Fresearch-forms-regulations%2F-%2Fdocument_library%2Fnqsj%2Fview%2F436461%3F_com_liferay_document_library_web_portlet_DLPortlet_INSTANCE_nqsj_redirect%3Dhttps%253A%252F%252Fuok.ac.ir%252Ffa%252Fweb%252Fresearch-and-innovation%252Fresearch-forms-regulations%252F-%252Fdocument_library%252Fnqsj%252Fview%252F11746224%253F_com_liferay_document_library_web_portlet_DLPortlet_INSTANCE_nqsj_redirect%253Dhttps%25253A%25252F%25252Fuok.ac.ir%25252Ffa%25252Fweb%25252Fresearch-and-innovation%25252Fresearch-forms-regulations%25253Fp_p_id%25253Dcom_liferay_document_library_web_portlet_DLPortlet_INSTANCE_nqsj%252526p_p_lifecycle%25253D0%252526p_p_state%25253Dnormal%252526p_p_mode%25253Dview,verified,2026-08-12
kurdistan-discovery-unit-technology-c7fce636930d,kurdistan,فرم‌ها و آیین‌نامه‌ها - معاونت پژوهشی و نوآوری,technology,,,,https://uok.ac.ir/fa/web/research-and-innovation/research-forms-regulations/-/document_library/nqsj/view/412477?_com_liferay_document_library_web_portlet_DLPortlet_INSTANCE_nqsj_redirect=https%3A%2F%2Fuok.ac.ir%2Ffa%2Fweb%2Fresearch-and-innovation%2Fresearch-forms-regulations%2F-%2Fdocument_library%2Fnqsj%2Fview%2F436461%3F_com_liferay_document_library_web_portlet_DLPortlet_INSTANCE_nqsj_redirect%3Dhttps%253A%252F%252Fuok.ac.ir%252Ffa%252Fweb%252Fresearch-and-innovation%252Fresearch-forms-regulations%252F-%252Fdocument_library%252Fnqsj%252Fview%252F436484%253F_com_liferay_document_library_web_portlet_DLPortlet_INSTANCE_nqsj_redirect%253Dhttps%25253A%25252F%25252Fuok.ac.ir%25252Ffa%25252Fweb%25252Fresearch-and-innovation%25252Fresearch-forms-regulations%25253Fp_p_id%25253Dcom_liferay_document_library_web_portlet_DLPortlet_INSTANCE_nqsj%252526p_p_lifecycle%25253D0%252526p_p_state%25253Dnormal%252526p_p_mode%25253Dview,verified,2026-08-12
kurdistan-discovery-unit-technology-a4d3ffe44431,kurdistan,فرم‌ها و آیین‌نامه‌ها - معاونت پژوهشی و نوآوری,technology,,,,https://uok.ac.ir/fa/web/research-and-innovation/research-forms-regulations/-/document_library/nqsj/view/412477?_com_liferay_document_library_web_portlet_DLPortlet_INSTANCE_nqsj_redirect=https%3A%2F%2Fuok.ac.ir%2Ffa%2Fweb%2Fresearch-and-innovation%2Fresearch-forms-regulations%3Fp_p_id%3Dcom_liferay_document_library_web_portlet_DLPortlet_INSTANCE_nqsj%26p_p_lifecycle%3D0%26p_p_state%3Dnormal%26p_p_mode%3Dview%26_com_liferay_document_library_web_portlet_DLPortlet_INSTANCE_nqsj_mvcRenderCommandName%3D%252Fdocument_library%252Fview%26_com_liferay_document_library_web_portlet_DLPortlet_INSTANCE_nqsj_redirect%3Dhttps%253A%252F%252Fuok.ac.ir%252Ffa%252Fweb%252Fresearch-and-innovation%252Fresearch-forms-regulations%252F-%252Fdocument_library%252Fnqsj%252Fview%252F412477%253F_com_liferay_document_library_web_portlet_DLPortlet_INSTANCE_nqsj_redirect%253Dhttps%25253A%25252F%25252Fuok.ac.ir%25252Ffa%25252Fweb%25252Fresearch-and-innovation%25252Fresearch-forms-regulations%25252F-%25252Fdocument_library%25252Fnqsj%25252Fview%25252F436461%25253F_com_liferay_document_library_web_portlet_DLPortlet_INSTANCE_nqsj_redirect%25253Dhttps%2525253A%2525252F%2525252Fuok.ac.ir%2525252Ffa%2525252Fweb%2525252Fresearch-and-innovation%2525252Fresearch-forms-regulations%2525252F-%2525252Fdocument_library%2525252Fnqsj%2525252Fview%2525252F486327%2525253F_com_liferay_document_library_web_portlet_DLPortlet_INSTANCE_nqsj_redirect%2525253Dhttps%252525253A%252525252F%252525252Fuok.ac.ir%252525252Ffa%252525252Fweb%252525252Fresearch-and-innovation%252525252Fresearch-forms-regulations%252525253Fp_p_id%252525253Dcom_liferay_document_library_web_portlet_DLPortlet_INSTANCE_nqsj%2525252526p_p_lifecycle%252525253D0%2525252526p_p_state%252525253Dnormal%2525252526p_p_mode%252525253Dview,verified,2026-08-12
kurdistan-discovery-unit-technology-3787096a2fb5,kurdistan,فرم‌ها و آیین‌نامه‌ها - معاونت پژوهشی و نوآوری,technology,,,,https://uok.ac.ir/fa/web/research-and-innovation/research-forms-regulations/-/document_library/nqsj/view/412477?_com_liferay_document_library_web_portlet_DLPortlet_INSTANCE_nqsj_redirect=https%3A%2F%2Fuok.ac.ir%2Ffa%2Fweb%2Fresearch-and-innovation%2Fresearch-forms-regulations%3Fp_p_id%3Dcom_liferay_document_library_web_portlet_DLPortlet_INSTANCE_nqsj%26p_p_lifecycle%3D0%26p_p_state%3Dnormal%26p_p_mode%3Dview%26_com_liferay_document_library_web_portlet_DLPortlet_INSTANCE_nqsj_mvcRenderCommandName%3D%252Fdocument_library%252Fview%26_com_liferay_document_library_web_portlet_DLPortlet_INSTANCE_nqsj_redirect%3Dhttps%253A%252F%252Fuok.ac.ir%252Ffa%252Fweb%252Fresearch-and-innovation%252Fresearch-forms-regulations%252F-%252Fdocument_library%252Fnqsj%252Fview%252F412477%253F_com_liferay_document_library_web_portlet_DLPortlet_INSTANCE_nqsj_redirect%253Dhttps%25253A%25252F%25252Fuok.ac.ir%25252Ffa%25252Fweb%25252Fresearch-and-innovation%25252Fresearch-forms-regulations%25252F-%25252Fdocument_library%25252Fnqsj%25252Fview%25252F436461%25253F_com_liferay_document_library_web_portlet_DLPortlet_INSTANCE_nqsj_redirect%25253Dhttps%2525253A%2525252F%2525252Fuok.ac.ir%2525252Ffa%2525252Fweb%2525252Fresearch-and-innovation%2525252Fresearch-forms-regulations%2525252F-%2525252Fdocument_library%2525252Fnqsj%2525252Fview%2525252F11746224%2525253F_com_liferay_document_library_web_portlet_DLPortlet_INSTANCE_nqsj_redirect%2525253Dhttps%252525253A%252525252F%252525252Fuok.ac.ir%252525252Ffa%252525252Fweb%252525252Fresearch-and-innovation%252525252Fresearch-forms-regulations%252525253Fp_p_id%252525253Dcom_liferay_document_library_web_portlet_DLPortlet_INSTANCE_nqsj%2525252526p_p_lifecycle%252525253D0%2525252526p_p_state%252525253Dnormal%2525252526p_p_mode%252525253Dview,verified,2026-08-12
kurdistan-discovery-unit-technology-7b32d7535992,kurdistan,فرم‌ها و آیین‌نامه‌ها - معاونت پژوهشی و نوآوری,technology,,,,https://uok.ac.ir/fa/web/research-and-innovation/research-forms-regulations/-/document_library/nqsj/view/412477?_com_liferay_document_library_web_portlet_DLPortlet_INSTANCE_nqsj_redirect=https%3A%2F%2Fuok.ac.ir%2Ffa%2Fweb%2Fresearch-and-innovation%2Fresearch-forms-regulations%3Fp_p_id%3Dcom_liferay_document_library_web_portlet_DLPortlet_INSTANCE_nqsj%26p_p_lifecycle%3D0%26p_p_state%3Dnormal%26p_p_mode%3Dview%26_com_liferay_document_library_web_portlet_DLPortlet_INSTANCE_nqsj_mvcRenderCommandName%3D%252Fdocument_library%252Fview%26_com_liferay_document_library_web_portlet_DLPortlet_INSTANCE_nqsj_redirect%3Dhttps%253A%252F%252Fuok.ac.ir%252Ffa%252Fweb%252Fresearch-and-innovation%252Fresearch-forms-regulations%252F-%252Fdocument_library%252Fnqsj%252Fview%252F412477%253F_com_liferay_document_library_web_portlet_DLPortlet_INSTANCE_nqsj_redirect%253Dhttps%25253A%25252F%25252Fuok.ac.ir%25252Ffa%25252Fweb%25252Fresearch-and-innovation%25252Fresearch-forms-regulations%25252F-%25252Fdocument_library%25252Fnqsj%25252Fview%25252F436461%25253F_com_liferay_document_library_web_portlet_DLPortlet_INSTANCE_nqsj_redirect%25253Dhttps%2525253A%2525252F%2525252Fuok.ac.ir%2525252Ffa%2525252Fweb%2525252Fresearch-and-innovation%2525252Fresearch-forms-regulations%2525252F-%2525252Fdocument_library%2525252Fnqsj%2525252Fview%2525252F436484%2525253F_com_liferay_document_library_web_portlet_DLPortlet_INSTANCE_nqsj_redirect%2525253Dhttps%252525253A%252525252F%252525252Fuok.ac.ir%252525252Ffa%252525252Fweb%252525252Fresearch-and-innovation%252525252Fresearch-forms-regulations%252525253Fp_p_id%252525253Dcom_liferay_document_library_web_portlet_DLPortlet_INSTANCE_nqsj%2525252526p_p_lifecycle%252525253D0%2525252526p_p_state%252525253Dnormal%2525252526p_p_mode%252525253Dview,verified,2026-08-12
kurdistan-discovery-unit-technology-329da36c6d60,kurdistan,فرم‌ها و آیین‌نامه‌ها - معاونت پژوهشی و نوآوری,technology,,,,https://uok.ac.ir/web/research-and-innovation/research-forms-regulations?p_p_id=com_liferay_document_library_web_portlet_DLPortlet_INSTANCE_nqsj&p_p_lifecycle=0&p_p_state=normal&p_p_mode=view&_com_liferay_document_library_web_portlet_DLPortlet_INSTANCE_nqsj_mvcRenderCommandName=%2Fdocument_library%2Fview&_com_liferay_document_library_web_portlet_DLPortlet_INSTANCE_nqsj_redirect=https%3A%2F%2Fuok.ac.ir%2Fweb%2Fresearch-and-innovation%2Fresearch-forms-regulations%2F-%2Fdocument_library%2Fnqsj%2Fview%2F412477%3F_com_liferay_document_library_web_portlet_DLPortlet_INSTANCE_nqsj_redirect%3Dhttps%253A%252F%252Fuok.ac.ir%252Fweb%252Fresearch-and-innovation%252Fresearch-forms-regulations%253Fp_p_id%253Dcom_liferay_document_library_web_portlet_DLPortlet_INSTANCE_nqsj%2526p_p_lifecycle%253D0%2526p_p_state%253Dnormal%2526p_p_mode%253Dview,verified,2026-08-12
kurdistan-discovery-unit-technology-3e6060e6c23b,kurdistan,فرم‌ها و آیین‌نامه‌ها - معاونت پژوهشی و نوآوری,technology,,,,https://uok.ac.ir/web/research-and-innovation/research-forms-regulations?p_p_id=com_liferay_document_library_web_portlet_DLPortlet_INSTANCE_nqsj&p_p_lifecycle=0&p_p_state=normal&p_p_mode=view&_com_liferay_document_library_web_portlet_DLPortlet_INSTANCE_nqsj_mvcRenderCommandName=%2Fdocument_library%2Fview&_com_liferay_document_library_web_portlet_DLPortlet_INSTANCE_nqsj_redirect=https%3A%2F%2Fuok.ac.ir%2Fweb%2Fresearch-and-innovation%2Fresearch-forms-regulations%2F-%2Fdocument_library%2Fnqsj%2Fview%2F412477%3F_com_liferay_document_library_web_portlet_DLPortlet_INSTANCE_nqsj_redirect%3Dhttps%253A%252F%252Fuok.ac.ir%252Fweb%252Fresearch-and-innovation%252Fresearch-forms-regulations%253Fp_p_id%253Dcom_liferay_document_library_web_portlet_DLPortlet_INSTANCE_nqsj%2526p_p_lifecycle%253D0%2526p_p_state%253Dnormal%2526p_p_mode%253Dview%2526_com_liferay_document_library_web_portlet_DLPortlet_INSTANCE_nqsj_mvcRenderCommandName%253D%25252Fdocument_library%25252Fview%2526_com_liferay_document_library_web_portlet_DLPortlet_INSTANCE_nqsj_redirect%253Dhttps%25253A%25252F%25252Fuok.ac.ir%25252Fweb%25252Fresearch-and-innovation%25252Fresearch-forms-regulations%25252F-%25252Fdocument_library%25252Fnqsj%25252Fview%25252F412477%25253F_com_liferay_document_library_web_portlet_DLPortlet_INSTANCE_nqsj_redirect%25253Dhttps%2525253A%2525252F%2525252Fuok.ac.ir%2525252Fweb%2525252Fresearch-and-innovation%2525252Fresearch-forms-regulations%2525253Fp_p_id%2525253Dcom_liferay_document_library_web_portlet_DLPortlet_INSTANCE_nqsj%25252526p_p_lifecycle%2525253D0%25252526p_p_state%2525253Dnormal%25252526p_p_mode%2525253Dview,verified,2026-08-12
kurdistan-discovery-unit-technology-c9db311c1ac5,kurdistan,فرم‌ها و آیین‌نامه‌ها - معاونت پژوهشی و نوآوری,technology,,,,https://uok.ac.ir/web/research-and-innovation/research-forms-regulations?p_p_id=com_liferay_document_library_web_portlet_DLPortlet_INSTANCE_nqsj&p_p_lifecycle=0&p_p_state=normal&p_p_mode=view&_com_liferay_document_library_web_portlet_DLPortlet_INSTANCE_nqsj_mvcRenderCommandName=%2Fdocument_library%2Fview&_com_liferay_document_library_web_portlet_DLPortlet_INSTANCE_nqsj_redirect=https%3A%2F%2Fuok.ac.ir%2Fweb%2Fresearch-and-innovation%2Fresearch-forms-regulations%2F-%2Fdocument_library%2Fnqsj%2Fview%2F412477%3F_com_liferay_document_library_web_portlet_DLPortlet_INSTANCE_nqsj_redirect%3Dhttps%253A%252F%252Fuok.ac.ir%252Fweb%252Fresearch-and-innovation%252Fresearch-forms-regulations%253Fp_p_id%253Dcom_liferay_document_library_web_portlet_DLPortlet_INSTANCE_nqsj%2526p_p_lifecycle%253D0%2526p_p_state%253Dnormal%2526p_p_mode%253Dview%2526_com_liferay_document_library_web_portlet_DLPortlet_INSTANCE_nqsj_mvcRenderCommandName%253D%25252Fdocument_library%25252Fview%2526_com_liferay_document_library_web_portlet_DLPortlet_INSTANCE_nqsj_redirect%253Dhttps%25253A%25252F%25252Fuok.ac.ir%25252Fweb%25252Fresearch-and-innovation%25252Fresearch-forms-regulations%25252F-%25252Fdocument_library%25252Fnqsj%25252Fview%25252F412477%25253F_com_liferay_document_library_web_portlet_DLPortlet_INSTANCE_nqsj_redirect%25253Dhttps%2525253A%2525252F%2525252Fuok.ac.ir%2525252Fweb%2525252Fresearch-and-innovation%2525252Fresearch-forms-regulations%2525253Fp_p_id%2525253Dcom_liferay_document_library_web_portlet_DLPortlet_INSTANCE_nqsj%25252526p_p_lifecycle%2525253D0%25252526p_p_state%2525253Dnormal%25252526p_p_mode%2525253Dview%25252526_com_liferay_document_library_web_portlet_DLPortlet_INSTANCE_nqsj_mvcRenderCommandName%2525253D%252525252Fdocument_library%252525252Fview%25252526_com_liferay_document_library_web_portlet_DLPortlet_INSTANCE_nqsj_redirect%2525253Dhttps%252525253A%252525252F%252525252Fuok.ac.ir%252525252Fweb%252525252Fresearch-and-innovation%252525252Fresearch-forms-regulations%252525252F-%252525252Fdocument_library%252525252Fnqsj%252525252Fview%252525252F412477,verified,2026-08-12
kurdistan-discovery-unit-technology-690084fb8777,kurdistan,فرم‌ها و آیین‌نامه‌ها - معاونت پژوهشی و نوآوری,technology,,,,https://uok.ac.ir/fa/web/research-and-innovation/research-forms-regulations?p_p_id=com_liferay_document_library_web_portlet_DLPortlet_INSTANCE_nqsj&p_p_lifecycle=0&p_p_state=normal&p_p_mode=view&_com_liferay_document_library_web_portlet_DLPortlet_INSTANCE_nqsj_mvcRenderCommandName=%2Fdocument_library%2Fview&_com_liferay_document_library_web_portlet_DLPortlet_INSTANCE_nqsj_redirect=https%3A%2F%2Fuok.ac.ir%2Ffa%2Fweb%2Fresearch-and-innovation%2Fresearch-forms-regulations%2F-%2Fdocument_library%2Fnqsj%2Fview%2F412477%3F_com_liferay_document_library_web_portlet_DLPortlet_INSTANCE_nqsj_redirect%3Dhttps%253A%252F%252Fuok.ac.ir%252Ffa%252Fweb%252Fresearch-and-innovation%252Fresearch-forms-regulations%253Fp_p_id%253Dcom_liferay_document_library_web_portlet_DLPortlet_INSTANCE_nqsj%2526p_p_lifecycle%253D0%2526p_p_state%253Dnormal%2526p_p_mode%253Dview,verified,2026-08-12
kurdistan-discovery-unit-technology-3ab0722f60e7,kurdistan,فرم‌ها و آیین‌نامه‌ها - معاونت پژوهشی و نوآوری,technology,,,,https://uok.ac.ir/fa/web/research-and-innovation/research-forms-regulations?p_p_id=com_liferay_document_library_web_portlet_DLPortlet_INSTANCE_nqsj&p_p_lifecycle=0&p_p_state=normal&p_p_mode=view&_com_liferay_document_library_web_portlet_DLPortlet_INSTANCE_nqsj_mvcRenderCommandName=%2Fdocument_library%2Fview&_com_liferay_document_library_web_portlet_DLPortlet_INSTANCE_nqsj_redirect=https%3A%2F%2Fuok.ac.ir%2Ffa%2Fweb%2Fresearch-and-innovation%2Fresearch-forms-regulations%2F-%2Fdocument_library%2Fnqsj%2Fview%2F412477%3F_com_liferay_document_library_web_portlet_DLPortlet_INSTANCE_nqsj_redirect%3Dhttps%253A%252F%252Fuok.ac.ir%252Ffa%252Fweb%252Fresearch-and-innovation%252Fresearch-forms-regulations%252F-%252Fdocument_library%252Fnqsj%252Fview%252F436461%253F_com_liferay_document_library_web_portlet_DLPortlet_INSTANCE_nqsj_redirect%253Dhttps%25253A%25252F%25252Fuok.ac.ir%25252Ffa%25252Fweb%25252Fresearch-and-innovation%25252Fresearch-forms-regulations%25252F-%25252Fdocument_library%25252Fnqsj%25252Fview%25252F436464%25253F_com_liferay_document_library_web_portlet_DLPortlet_INSTANCE_nqsj_redirect%25253Dhttps%2525253A%2525252F%2525252Fuok.ac.ir%2525252Ffa%2525252Fweb%2525252Fresearch-and-innovation%2525252Fresearch-forms-regulations%2525253Fp_p_id%2525253Dcom_liferay_document_library_web_portlet_DLPortlet_INSTANCE_nqsj%25252526p_p_lifecycle%2525253D0%25252526p_p_state%2525253Dnormal%25252526p_p_mode%2525253Dview,verified,2026-08-12
kurdistan-discovery-unit-technology-6bda83196cce,kurdistan,فرم‌ها و آیین‌نامه‌ها - معاونت پژوهشی و نوآوری,technology,,,,https://uok.ac.ir/web/research-and-innovation/research-forms-regulations?p_p_id=com_liferay_document_library_web_portlet_DLPortlet_INSTANCE_nqsj&p_p_lifecycle=0&p_p_state=normal&p_p_mode=view&_com_liferay_document_library_web_portlet_DLPortlet_INSTANCE_nqsj_mvcRenderCommandName=%2Fdocument_library%2Fview&_com_liferay_document_library_web_portlet_DLPortlet_INSTANCE_nqsj_redirect=https%3A%2F%2Fuok.ac.ir%2Fweb%2Fresearch-and-innovation%2Fresearch-forms-regulations%2F-%2Fdocument_library%2Fnqsj%2Fview%2F412477%3F_com_liferay_document_library_web_portlet_DLPortlet_INSTANCE_nqsj_redirect%3Dhttps%253A%252F%252Fuok.ac.ir%252Fweb%252Fresearch-and-innovation%252Fresearch-forms-regulations%252F-%252Fdocument_library%252Fnqsj%252Fview%252F436461%253F_com_liferay_document_library_web_portlet_DLPortlet_INSTANCE_nqsj_redirect%253Dhttps%25253A%25252F%25252Fuok.ac.ir%25252Fweb%25252Fresearch-and-innovation%25252Fresearch-forms-regulations%25252F-%25252Fdocument_library%25252Fnqsj%25252Fview%25252F486327%25253F_com_liferay_document_library_web_portlet_DLPortlet_INSTANCE_nqsj_redirect%25253Dhttps%2525253A%2525252F%2525252Fuok.ac.ir%2525252Fweb%2525252Fresearch-and-innovation%2525252Fresearch-forms-regulations%2525253Fp_p_id%2525253Dcom_liferay_document_library_web_portlet_DLPortlet_INSTANCE_nqsj%25252526p_p_lifecycle%2525253D0%25252526p_p_state%2525253Dnormal%25252526p_p_mode%2525253Dview,verified,2026-08-12
kurdistan-discovery-unit-technology-d5e23c8acf0c,kurdistan,فرم‌ها و آیین‌نامه‌ها - معاونت پژوهشی و نوآوری,technology,,,,https://uok.ac.ir/fa/web/research-and-innovation/research-forms-regulations?p_p_id=com_liferay_document_library_web_portlet_DLPortlet_INSTANCE_nqsj&p_p_lifecycle=0&p_p_state=normal&p_p_mode=view&_com_liferay_document_library_web_portlet_DLPortlet_INSTANCE_nqsj_mvcRenderCommandName=%2Fdocument_library%2Fview&_com_liferay_document_library_web_portlet_DLPortlet_INSTANCE_nqsj_redirect=https%3A%2F%2Fuok.ac.ir%2Ffa%2Fweb%2Fresearch-and-innovation%2Fresearch-forms-regulations%2F-%2Fdocument_library%2Fnqsj%2Fview%2F412477%3F_com_liferay_document_library_web_portlet_DLPortlet_INSTANCE_nqsj_redirect%3Dhttps%253A%252F%252Fuok.ac.ir%252Ffa%252Fweb%252Fresearch-and-innovation%252Fresearch-forms-regulations%253Fp_p_id%253Dcom_liferay_document_library_web_portlet_DLPortlet_INSTANCE_nqsj%2526p_p_lifecycle%253D0%2526p_p_state%253Dnormal%2526p_p_mode%253Dview%2526_com_liferay_document_library_web_portlet_DLPortlet_INSTANCE_nqsj_mvcRenderCommandName%253D%25252Fdocument_library%25252Fview%2526_com_liferay_document_library_web_portlet_DLPortlet_INSTANCE_nqsj_redirect%253Dhttps%25253A%25252F%25252Fuok.ac.ir%25252Ffa%25252Fweb%25252Fresearch-and-innovation%25252Fresearch-forms-regulations%25252F-%25252Fdocument_library%25252Fnqsj%25252Fview%25252F412477%25253F_com_liferay_document_library_web_portlet_DLPortlet_INSTANCE_nqsj_redirect%25253Dhttps%2525253A%2525252F%2525252Fuok.ac.ir%2525252Ffa%2525252Fweb%2525252Fresearch-and-innovation%2525252Fresearch-forms-regulations%2525253Fp_p_id%2525253Dcom_liferay_document_library_web_portlet_DLPortlet_INSTANCE_nqsj%25252526p_p_lifecycle%2525253D0%25252526p_p_state%2525253Dnormal%25252526p_p_mode%2525253Dview,verified,2026-08-12
kurdistan-discovery-unit-technology-01912df84cc8,kurdistan,فرم‌ها و آیین‌نامه‌ها - معاونت پژوهشی و نوآوری,technology,,,,https://uok.ac.ir/fa/web/research-and-innovation/research-forms-regulations?p_p_id=com_liferay_document_library_web_portlet_DLPortlet_INSTANCE_nqsj&p_p_lifecycle=0&p_p_state=normal&p_p_mode=view&_com_liferay_document_library_web_portlet_DLPortlet_INSTANCE_nqsj_mvcRenderCommandName=%2Fdocument_library%2Fview&_com_liferay_document_library_web_portlet_DLPortlet_INSTANCE_nqsj_redirect=https%3A%2F%2Fuok.ac.ir%2Ffa%2Fweb%2Fresearch-and-innovation%2Fresearch-forms-regulations%2F-%2Fdocument_library%2Fnqsj%2Fview%2F412477%3F_com_liferay_document_library_web_portlet_DLPortlet_INSTANCE_nqsj_redirect%3Dhttps%253A%252F%252Fuok.ac.ir%252Ffa%252Fweb%252Fresearch-and-innovation%252Fresearch-forms-regulations%253Fp_p_id%253Dcom_liferay_document_library_web_portlet_DLPortlet_INSTANCE_nqsj%2526p_p_lifecycle%253D0%2526p_p_state%253Dnormal%2526p_p_mode%253Dview%2526_com_liferay_document_library_web_portlet_DLPortlet_INSTANCE_nqsj_mvcRenderCommandName%253D%25252Fdocument_library%25252Fview%2526_com_liferay_document_library_web_portlet_DLPortlet_INSTANCE_nqsj_redirect%253Dhttps%25253A%25252F%25252Fuok.ac.ir%25252Ffa%25252Fweb%25252Fresearch-and-innovation%25252Fresearch-forms-regulations%25252F-%25252Fdocument_library%25252Fnqsj%25252Fview%25252F412477%25253F_com_liferay_document_library_web_portlet_DLPortlet_INSTANCE_nqsj_redirect%25253Dhttps%2525253A%2525252F%2525252Fuok.ac.ir%2525252Ffa%2525252Fweb%2525252Fresearch-and-innovation%2525252Fresearch-forms-regulations%2525252F-%2525252Fdocument_library%2525252Fnqsj%2525252Fview%2525252F436461%2525253F_com_liferay_document_library_web_portlet_DLPortlet_INSTANCE_nqsj_redirect%2525253Dhttps%252525253A%252525252F%252525252Fuok.ac.ir%252525252Ffa%252525252Fweb%252525252Fresearch-and-innovation%252525252Fresearch-forms-regulations%252525252F-%252525252Fdocument_library%252525252Fnqsj%252525252Fview%252525252F436464,verified,2026-08-12
kurdistan-discovery-unit-technology-f64c224d7662,kurdistan,فرم‌ها و آیین‌نامه‌ها - معاونت پژوهشی و نوآوری,technology,,,,https://uok.ac.ir/web/research-and-innovation/research-forms-regulations?p_p_id=com_liferay_document_library_web_portlet_DLPortlet_INSTANCE_nqsj&p_p_lifecycle=0&p_p_state=normal&p_p_mode=view&_com_liferay_document_library_web_portlet_DLPortlet_INSTANCE_nqsj_mvcRenderCommandName=%2Fdocument_library%2Fview&_com_liferay_document_library_web_portlet_DLPortlet_INSTANCE_nqsj_redirect=https%3A%2F%2Fuok.ac.ir%2Fweb%2Fresearch-and-innovation%2Fresearch-forms-regulations%2F-%2Fdocument_library%2Fnqsj%2Fview%2F412477%3F_com_liferay_document_library_web_portlet_DLPortlet_INSTANCE_nqsj_redirect%3Dhttps%253A%252F%252Fuok.ac.ir%252Fweb%252Fresearch-and-innovation%252Fresearch-forms-regulations%253Fp_p_id%253Dcom_liferay_document_library_web_portlet_DLPortlet_INSTANCE_nqsj%2526p_p_lifecycle%253D0%2526p_p_state%253Dnormal%2526p_p_mode%253Dview%2526_com_liferay_document_library_web_portlet_DLPortlet_INSTANCE_nqsj_mvcRenderCommandName%253D%25252Fdocument_library%25252Fview%2526_com_liferay_document_library_web_portlet_DLPortlet_INSTANCE_nqsj_redirect%253Dhttps%25253A%25252F%25252Fuok.ac.ir%25252Fweb%25252Fresearch-and-innovation%25252Fresearch-forms-regulations%25252F-%25252Fdocument_library%25252Fnqsj%25252Fview%25252F412477%25253F_com_liferay_document_library_web_portlet_DLPortlet_INSTANCE_nqsj_redirect%25253Dhttps%2525253A%2525252F%2525252Fuok.ac.ir%2525252Fweb%2525252Fresearch-and-innovation%2525252Fresearch-forms-regulations%2525252F-%2525252Fdocument_library%2525252Fnqsj%2525252Fview%2525252F436461%2525253F_com_liferay_document_library_web_portlet_DLPortlet_INSTANCE_nqsj_redirect%2525253Dhttps%252525253A%252525252F%252525252Fuok.ac.ir%252525252Fweb%252525252Fresearch-and-innovation%252525252Fresearch-forms-regulations%252525252F-%252525252Fdocument_library%252525252Fnqsj%252525252Fview%252525252F486327,verified,2026-08-12
kurdistan-discovery-unit-technology-a2bf2442a621,kurdistan,فرم‌ها و آیین‌نامه‌ها - معاونت پژوهشی و نوآوری,technology,,,,https://uok.ac.ir/fa/web/research-and-innovation/research-forms-regulations?p_p_id=com_liferay_document_library_web_portlet_DLPortlet_INSTANCE_nqsj&p_p_lifecycle=0&p_p_state=normal&p_p_mode=view&_com_liferay_document_library_web_portlet_DLPortlet_INSTANCE_nqsj_mvcRenderCommandName=%2Fdocument_library%2Fview&_com_liferay_document_library_web_portlet_DLPortlet_INSTANCE_nqsj_redirect=https%3A%2F%2Fuok.ac.ir%2Ffa%2Fweb%2Fresearch-and-innovation%2Fresearch-forms-regulations%2F-%2Fdocument_library%2Fnqsj%2Fview%2F412477%3F_com_liferay_document_library_web_portlet_DLPortlet_INSTANCE_nqsj_redirect%3Dhttps%253A%252F%252Fuok.ac.ir%252Ffa%252Fweb%252Fresearch-and-innovation%252Fresearch-forms-regulations%253Fp_p_id%253Dcom_liferay_document_library_web_portlet_DLPortlet_INSTANCE_nqsj%2526p_p_lifecycle%253D0%2526p_p_state%253Dnormal%2526p_p_mode%253Dview%2526_com_liferay_document_library_web_portlet_DLPortlet_INSTANCE_nqsj_mvcRenderCommandName%253D%25252Fdocument_library%25252Fview%2526_com_liferay_document_library_web_portlet_DLPortlet_INSTANCE_nqsj_redirect%253Dhttps%25253A%25252F%25252Fuok.ac.ir%25252Ffa%25252Fweb%25252Fresearch-and-innovation%25252Fresearch-forms-regulations%25252F-%25252Fdocument_library%25252Fnqsj%25252Fview%25252F412477%25253F_com_liferay_document_library_web_portlet_DLPortlet_INSTANCE_nqsj_redirect%25253Dhttps%2525253A%2525252F%2525252Fuok.ac.ir%2525252Ffa%2525252Fweb%2525252Fresearch-and-innovation%2525252Fresearch-forms-regulations%2525253Fp_p_id%2525253Dcom_liferay_document_library_web_portlet_DLPortlet_INSTANCE_nqsj%25252526p_p_lifecycle%2525253D0%25252526p_p_state%2525253Dnormal%25252526p_p_mode%2525253Dview%25252526_com_liferay_document_library_web_portlet_DLPortlet_INSTANCE_nqsj_mvcRenderCommandName%2525253D%252525252Fdocument_library%252525252Fview,verified,2026-08-12
kurdistan-discovery-unit-technology-9d95847490d7,kurdistan,فرم‌ها و آیین‌نامه‌ها - معاونت پژوهشی و نوآوری,technology,,,,https://uok.ac.ir/web/research-and-innovation/research-forms-regulations?p_p_id=com_liferay_document_library_web_portlet_DLPortlet_INSTANCE_nqsj&p_p_lifecycle=0&p_p_state=normal&p_p_mode=view&_com_liferay_document_library_web_portlet_DLPortlet_INSTANCE_nqsj_mvcRenderCommandName=%2Fdocument_library%2Fview&_com_liferay_document_library_web_portlet_DLPortlet_INSTANCE_nqsj_redirect=https%3A%2F%2Fuok.ac.ir%2Fweb%2Fresearch-and-innovation%2Fresearch-forms-regulations%2F-%2Fdocument_library%2Fnqsj%2Fview%2F412477%3F_com_liferay_document_library_web_portlet_DLPortlet_INSTANCE_nqsj_redirect%3Dhttps%253A%252F%252Fuok.ac.ir%252Fweb%252Fresearch-and-innovation%252Fresearch-forms-regulations%252F-%252Fdocument_library%252Fnqsj%252Fview%252F436461%253F_com_liferay_document_library_web_portlet_DLPortlet_INSTANCE_nqsj_redirect%253Dhttps%25253A%25252F%25252Fuok.ac.ir%25252Fweb%25252Fresearch-and-innovation%25252Fresearch-forms-regulations%25252F-%25252Fdocument_library%25252Fnqsj%25252Fview%25252F11746224%25253F_com_liferay_document_library_web_portlet_DLPortlet_INSTANCE_nqsj_redirect%25253Dhttps%2525253A%2525252F%2525252Fuok.ac.ir%2525252Fweb%2525252Fresearch-and-innovation%2525252Fresearch-forms-regulations%2525253Fp_p_id%2525253Dcom_liferay_document_library_web_portlet_DLPortlet_INSTANCE_nqsj%25252526p_p_lifecycle%2525253D0%25252526p_p_state%2525253Dnormal%25252526p_p_mode%2525253Dview,verified,2026-08-12
kurdistan-discovery-unit-technology-d107068cb111,kurdistan,فرم‌ها و آیین‌نامه‌ها - معاونت پژوهشی و نوآوری,technology,,,,https://uok.ac.ir/web/research-and-innovation/research-forms-regulations?p_p_id=com_liferay_document_library_web_portlet_DLPortlet_INSTANCE_nqsj&p_p_lifecycle=0&p_p_state=normal&p_p_mode=view&_com_liferay_document_library_web_portlet_DLPortlet_INSTANCE_nqsj_mvcRenderCommandName=%2Fdocument_library%2Fview&_com_liferay_document_library_web_portlet_DLPortlet_INSTANCE_nqsj_redirect=https%3A%2F%2Fuok.ac.ir%2Fweb%2Fresearch-and-innovation%2Fresearch-forms-regulations%2F-%2Fdocument_library%2Fnqsj%2Fview%2F412477%3F_com_liferay_document_library_web_portlet_DLPortlet_INSTANCE_nqsj_redirect%3Dhttps%253A%252F%252Fuok.ac.ir%252Fweb%252Fresearch-and-innovation%252Fresearch-forms-regulations%252F-%252Fdocument_library%252Fnqsj%252Fview%252F436461%253F_com_liferay_document_library_web_portlet_DLPortlet_INSTANCE_nqsj_redirect%253Dhttps%25253A%25252F%25252Fuok.ac.ir%25252Fweb%25252Fresearch-and-innovation%25252Fresearch-forms-regulations%25252F-%25252Fdocument_library%25252Fnqsj%25252Fview%25252F436484%25253F_com_liferay_document_library_web_portlet_DLPortlet_INSTANCE_nqsj_redirect%25253Dhttps%2525253A%2525252F%2525252Fuok.ac.ir%2525252Fweb%2525252Fresearch-and-innovation%2525252Fresearch-forms-regulations%2525253Fp_p_id%2525253Dcom_liferay_document_library_web_portlet_DLPortlet_INSTANCE_nqsj%25252526p_p_lifecycle%2525253D0%25252526p_p_state%2525253Dnormal%25252526p_p_mode%2525253Dview,verified,2026-08-12
kurdistan-discovery-unit-technology-dcb55d6b97a7,kurdistan,فرم‌ها و آیین‌نامه‌ها - معاونت پژوهشی و نوآوری,technology,,,,https://uok.ac.ir/web/research-and-innovation/research-forms-regulations?p_p_id=com_liferay_document_library_web_portlet_DLPortlet_INSTANCE_nqsj&p_p_lifecycle=0&p_p_state=normal&p_p_mode=view&_com_liferay_document_library_web_portlet_DLPortlet_INSTANCE_nqsj_mvcRenderCommandName=%2Fdocument_library%2Fview&_com_liferay_document_library_web_portlet_DLPortlet_INSTANCE_nqsj_redirect=https%3A%2F%2Fuok.ac.ir%2Fweb%2Fresearch-and-innovation%2Fresearch-forms-regulations%2F-%2Fdocument_library%2Fnqsj%2Fview%2F412477%3F_com_liferay_document_library_web_portlet_DLPortlet_INSTANCE_nqsj_redirect%3Dhttps%253A%252F%252Fuok.ac.ir%252Fweb%252Fresearch-and-innovation%252Fresearch-forms-regulations%252F-%252Fdocument_library%252Fnqsj%252Fview%252F436461%253F_com_liferay_document_library_web_portlet_DLPortlet_INSTANCE_nqsj_redirect%253Dhttps%25253A%25252F%25252Fuok.ac.ir%25252Fweb%25252Fresearch-and-innovation%25252Fresearch-forms-regulations%25252F-%25252Fdocument_library%25252Fnqsj%25252Fview%25252F436493%25253F_com_liferay_document_library_web_portlet_DLPortlet_INSTANCE_nqsj_redirect%25253Dhttps%2525253A%2525252F%2525252Fuok.ac.ir%2525252Fweb%2525252Fresearch-and-innovation%2525252Fresearch-forms-regulations%2525253Fp_p_id%2525253Dcom_liferay_document_library_web_portlet_DLPortlet_INSTANCE_nqsj%25252526p_p_lifecycle%2525253D0%25252526p_p_state%2525253Dnormal%25252526p_p_mode%2525253Dview,verified,2026-08-12
kurdistan-discovery-unit-technology-42769def4809,kurdistan,فرم‌ها و آیین‌نامه‌ها - معاونت پژوهشی و نوآوری,technology,,,,https://uok.ac.ir/web/research-and-innovation/research-forms-regulations?p_p_id=com_liferay_document_library_web_portlet_DLPortlet_INSTANCE_nqsj&p_p_lifecycle=0&p_p_state=normal&p_p_mode=view&_com_liferay_document_library_web_portlet_DLPortlet_INSTANCE_nqsj_mvcRenderCommandName=%2Fdocument_library%2Fview&_com_liferay_document_library_web_portlet_DLPortlet_INSTANCE_nqsj_redirect=https%3A%2F%2Fuok.ac.ir%2Fweb%2Fresearch-and-innovation%2Fresearch-forms-regulations%2F-%2Fdocument_library%2Fnqsj%2Fview%2F412477%3F_com_liferay_document_library_web_portlet_DLPortlet_INSTANCE_nqsj_redirect%3Dhttps%253A%252F%252Fuok.ac.ir%252Fweb%252Fresearch-and-innovation%252Fresearch-forms-regulations%253Fp_p_id%253Dcom_liferay_document_library_web_portlet_DLPortlet_INSTANCE_nqsj%2526p_p_lifecycle%253D0%2526p_p_state%253Dnormal%2526p_p_mode%253Dview%2526_com_liferay_document_library_web_portlet_DLPortlet_INSTANCE_nqsj_mvcRenderCommandName%253D%25252Fdocument_library%25252Fview%2526_com_liferay_document_library_web_portlet_DLPortlet_INSTANCE_nqsj_redirect%253Dhttps%25253A%25252F%25252Fuok.ac.ir%25252Fweb%25252Fresearch-and-innovation%25252Fresearch-forms-regulations%25252F-%25252Fdocument_library%25252Fnqsj%25252Fview%25252F412477%25253F_com_liferay_document_library_web_portlet_DLPortlet_INSTANCE_nqsj_redirect%25253Dhttps%2525253A%2525252F%2525252Fuok.ac.ir%2525252Fweb%2525252Fresearch-and-innovation%2525252Fresearch-forms-regulations%2525252F-%2525252Fdocument_library%2525252Fnqsj%2525252Fview%2525252F436461%2525253F_com_liferay_document_library_web_portlet_DLPortlet_INSTANCE_nqsj_redirect%2525253Dhttps%252525253A%252525252F%252525252Fuok.ac.ir%252525252Fweb%252525252Fresearch-and-innovation%252525252Fresearch-forms-regulations%252525252F-%252525252Fdocument_library%252525252Fnqsj%252525252Fview%252525252F11746224,verified,2026-08-12
kurdistan-discovery-unit-technology-d1ce81574aa2,kurdistan,فرم‌ها و آیین‌نامه‌ها - معاونت پژوهشی و نوآوری,technology,,,,https://uok.ac.ir/web/research-and-innovation/research-forms-regulations?p_p_id=com_liferay_document_library_web_portlet_DLPortlet_INSTANCE_nqsj&p_p_lifecycle=0&p_p_state=normal&p_p_mode=view&_com_liferay_document_library_web_portlet_DLPortlet_INSTANCE_nqsj_mvcRenderCommandName=%2Fdocument_library%2Fview&_com_liferay_document_library_web_portlet_DLPortlet_INSTANCE_nqsj_redirect=https%3A%2F%2Fuok.ac.ir%2Fweb%2Fresearch-and-innovation%2Fresearch-forms-regulations%2F-%2Fdocument_library%2Fnqsj%2Fview%2F412477%3F_com_liferay_document_library_web_portlet_DLPortlet_INSTANCE_nqsj_redirect%3Dhttps%253A%252F%252Fuok.ac.ir%252Fweb%252Fresearch-and-innovation%252Fresearch-forms-regulations%253Fp_p_id%253Dcom_liferay_document_library_web_portlet_DLPortlet_INSTANCE_nqsj%2526p_p_lifecycle%253D0%2526p_p_state%253Dnormal%2526p_p_mode%253Dview%2526_com_liferay_document_library_web_portlet_DLPortlet_INSTANCE_nqsj_mvcRenderCommandName%253D%25252Fdocument_library%25252Fview%2526_com_liferay_document_library_web_portlet_DLPortlet_INSTANCE_nqsj_redirect%253Dhttps%25253A%25252F%25252Fuok.ac.ir%25252Fweb%25252Fresearch-and-innovation%25252Fresearch-forms-regulations%25252F-%25252Fdocument_library%25252Fnqsj%25252Fview%25252F412477%25253F_com_liferay_document_library_web_portlet_DLPortlet_INSTANCE_nqsj_redirect%25253Dhttps%2525253A%2525252F%2525252Fuok.ac.ir%2525252Fweb%2525252Fresearch-and-innovation%2525252Fresearch-forms-regulations%2525252F-%2525252Fdocument_library%2525252Fnqsj%2525252Fview%2525252F436461%2525253F_com_liferay_document_library_web_portlet_DLPortlet_INSTANCE_nqsj_redirect%2525253Dhttps%252525253A%252525252F%252525252Fuok.ac.ir%252525252Fweb%252525252Fresearch-and-innovation%252525252Fresearch-forms-regulations%252525252F-%252525252Fdocument_library%252525252Fnqsj%252525252Fview%252525252F436484,verified,2026-08-12
kurdistan-discovery-unit-technology-8dd83261c224,kurdistan,فرم‌ها و آیین‌نامه‌ها - معاونت پژوهشی و نوآوری,technology,,,,https://uok.ac.ir/web/research-and-innovation/research-forms-regulations?p_p_id=com_liferay_document_library_web_portlet_DLPortlet_INSTANCE_nqsj&p_p_lifecycle=0&p_p_state=normal&p_p_mode=view&_com_liferay_document_library_web_portlet_DLPortlet_INSTANCE_nqsj_mvcRenderCommandName=%2Fdocument_library%2Fview&_com_liferay_document_library_web_portlet_DLPortlet_INSTANCE_nqsj_redirect=https%3A%2F%2Fuok.ac.ir%2Fweb%2Fresearch-and-innovation%2Fresearch-forms-regulations%2F-%2Fdocument_library%2Fnqsj%2Fview%2F412477%3F_com_liferay_document_library_web_portlet_DLPortlet_INSTANCE_nqsj_redirect%3Dhttps%253A%252F%252Fuok.ac.ir%252Fweb%252Fresearch-and-innovation%252Fresearch-forms-regulations%253Fp_p_id%253Dcom_liferay_document_library_web_portlet_DLPortlet_INSTANCE_nqsj%2526p_p_lifecycle%253D0%2526p_p_state%253Dnormal%2526p_p_mode%253Dview%2526_com_liferay_document_library_web_portlet_DLPortlet_INSTANCE_nqsj_mvcRenderCommandName%253D%25252Fdocument_library%25252Fview%2526_com_liferay_document_library_web_portlet_DLPortlet_INSTANCE_nqsj_redirect%253Dhttps%25253A%25252F%25252Fuok.ac.ir%25252Fweb%25252Fresearch-and-innovation%25252Fresearch-forms-regulations%25252F-%25252Fdocument_library%25252Fnqsj%25252Fview%25252F412477%25253F_com_liferay_document_library_web_portlet_DLPortlet_INSTANCE_nqsj_redirect%25253Dhttps%2525253A%2525252F%2525252Fuok.ac.ir%2525252Fweb%2525252Fresearch-and-innovation%2525252Fresearch-forms-regulations%2525252F-%2525252Fdocument_library%2525252Fnqsj%2525252Fview%2525252F436461%2525253F_com_liferay_document_library_web_portlet_DLPortlet_INSTANCE_nqsj_redirect%2525253Dhttps%252525253A%252525252F%252525252Fuok.ac.ir%252525252Fweb%252525252Fresearch-and-innovation%252525252Fresearch-forms-regulations%252525252F-%252525252Fdocument_library%252525252Fnqsj%252525252Fview%252525252F436493,verified,2026-08-12
kurdistan-discovery-unit-technology-a3842dcebf33,kurdistan,فرم‌ها و آیین‌نامه‌ها - معاونت پژوهشی و نوآوری,technology,,,,https://uok.ac.ir/web/research-and-innovation/research-forms-regulations?p_p_id=com_liferay_document_library_web_portlet_DLPortlet_INSTANCE_nqsj&p_p_lifecycle=0&p_p_state=normal&p_p_mode=view&_com_liferay_document_library_web_portlet_DLPortlet_INSTANCE_nqsj_mvcRenderCommandName=%2Fdocument_library%2Fview&_com_liferay_document_library_web_portlet_DLPortlet_INSTANCE_nqsj_redirect=https%3A%2F%2Fuok.ac.ir%2Fweb%2Fresearch-and-innovation%2Fresearch-forms-regulations%2F-%2Fdocument_library%2Fnqsj%2Fview%2F412477%3F_com_liferay_document_library_web_portlet_DLPortlet_INSTANCE_nqsj_redirect%3Dhttps%253A%252F%252Fuok.ac.ir%252Fweb%252Fresearch-and-innovation%252Fresearch-forms-regulations%252F-%252Fdocument_library%252Fnqsj%252Fview%252F436461%253F_com_liferay_document_library_web_portlet_DLPortlet_INSTANCE_nqsj_redirect%253Dhttps%25253A%25252F%25252Fuok.ac.ir%25252Fweb%25252Fresearch-and-innovation%25252Fresearch-forms-regulations%25252F-%25252Fdocument_library%25252Fnqsj%25252Fview%25252F436478%25253F_com_liferay_document_library_web_portlet_DLPortlet_INSTANCE_nqsj_redirect%25253Dhttps%2525253A%2525252F%2525252Fuok.ac.ir%2525252Fweb%2525252Fresearch-and-innovation%2525252Fresearch-forms-regulations%2525253Fp_p_id%2525253Dcom_liferay_document_library_web_portlet_DLPortlet_INSTANCE_nqsj%25252526p_p_lifecycle%2525253D0%25252526p_p_state%2525253Dnormal%25252526p_p_mode%2525253Dview,verified,2026-08-12
kurdistan-discovery-unit-technology-03381b06a6cc,kurdistan,فرم‌ها و آیین‌نامه‌ها - معاونت پژوهشی و نوآوری,technology,,,,https://uok.ac.ir/web/research-and-innovation/research-forms-regulations?p_p_id=com_liferay_document_library_web_portlet_DLPortlet_INSTANCE_nqsj&p_p_lifecycle=0&p_p_state=normal&p_p_mode=view&_com_liferay_document_library_web_portlet_DLPortlet_INSTANCE_nqsj_mvcRenderCommandName=%2Fdocument_library%2Fview&_com_liferay_document_library_web_portlet_DLPortlet_INSTANCE_nqsj_redirect=https%3A%2F%2Fuok.ac.ir%2Fweb%2Fresearch-and-innovation%2Fresearch-forms-regulations%2F-%2Fdocument_library%2Fnqsj%2Fview%2F412477%3F_com_liferay_document_library_web_portlet_DLPortlet_INSTANCE_nqsj_redirect%3Dhttps%253A%252F%252Fuok.ac.ir%252Fweb%252Fresearch-and-innovation%252Fresearch-forms-regulations%252F-%252Fdocument_library%252Fnqsj%252Fview%252F436461%253F_com_liferay_document_library_web_portlet_DLPortlet_INSTANCE_nqsj_redirect%253Dhttps%25253A%25252F%25252Fuok.ac.ir%25252Fweb%25252Fresearch-and-innovation%25252Fresearch-forms-regulations%25252F-%25252Fdocument_library%25252Fnqsj%25252Fview%25252F436474%25253F_com_liferay_document_library_web_portlet_DLPortlet_INSTANCE_nqsj_redirect%25253Dhttps%2525253A%2525252F%2525252Fuok.ac.ir%2525252Fweb%2525252Fresearch-and-innovation%2525252Fresearch-forms-regulations%2525253Fp_p_id%2525253Dcom_liferay_document_library_web_portlet_DLPortlet_INSTANCE_nqsj%25252526p_p_lifecycle%2525253D0%25252526p_p_state%2525253Dnormal%25252526p_p_mode%2525253Dview,verified,2026-08-12
kurdistan-discovery-unit-technology-d3199e839413,kurdistan,فرم‌ها و آیین‌نامه‌ها - معاونت پژوهشی و نوآوری,technology,,,,https://uok.ac.ir/web/research-and-innovation/research-forms-regulations?p_p_id=com_liferay_document_library_web_portlet_DLPortlet_INSTANCE_nqsj&p_p_lifecycle=0&p_p_state=normal&p_p_mode=view&_com_liferay_document_library_web_portlet_DLPortlet_INSTANCE_nqsj_mvcRenderCommandName=%2Fdocument_library%2Fview&_com_liferay_document_library_web_portlet_DLPortlet_INSTANCE_nqsj_redirect=https%3A%2F%2Fuok.ac.ir%2Fweb%2Fresearch-and-innovation%2Fresearch-forms-regulations%2F-%2Fdocument_library%2Fnqsj%2Fview%2F412477%3F_com_liferay_document_library_web_portlet_DLPortlet_INSTANCE_nqsj_redirect%3Dhttps%253A%252F%252Fuok.ac.ir%252Fweb%252Fresearch-and-innovation%252Fresearch-forms-regulations%252F-%252Fdocument_library%252Fnqsj%252Fview%252F436461%253F_com_liferay_document_library_web_portlet_DLPortlet_INSTANCE_nqsj_redirect%253Dhttps%25253A%25252F%25252Fuok.ac.ir%25252Fweb%25252Fresearch-and-innovation%25252Fresearch-forms-regulations%25252F-%25252Fdocument_library%25252Fnqsj%25252Fview%25252F436470%25253F_com_liferay_document_library_web_portlet_DLPortlet_INSTANCE_nqsj_redirect%25253Dhttps%2525253A%2525252F%2525252Fuok.ac.ir%2525252Fweb%2525252Fresearch-and-innovation%2525252Fresearch-forms-regulations%2525253Fp_p_id%2525253Dcom_liferay_document_library_web_portlet_DLPortlet_INSTANCE_nqsj%25252526p_p_lifecycle%2525253D0%25252526p_p_state%2525253Dnormal%25252526p_p_mode%2525253Dview,verified,2026-08-12
kurdistan-discovery-unit-technology-e691ad64ffcc,kurdistan,فرم‌ها و آیین‌نامه‌ها - معاونت پژوهشی و نوآوری,technology,,,,https://uok.ac.ir/web/research-and-innovation/research-forms-regulations?p_p_id=com_liferay_document_library_web_portlet_DLPortlet_INSTANCE_nqsj&p_p_lifecycle=0&p_p_state=normal&p_p_mode=view&_com_liferay_document_library_web_portlet_DLPortlet_INSTANCE_nqsj_mvcRenderCommandName=%2Fdocument_library%2Fview&_com_liferay_document_library_web_portlet_DLPortlet_INSTANCE_nqsj_redirect=https%3A%2F%2Fuok.ac.ir%2Fweb%2Fresearch-and-innovation%2Fresearch-forms-regulations%2F-%2Fdocument_library%2Fnqsj%2Fview%2F412477%3F_com_liferay_document_library_web_portlet_DLPortlet_INSTANCE_nqsj_redirect%3Dhttps%253A%252F%252Fuok.ac.ir%252Fweb%252Fresearch-and-innovation%252Fresearch-forms-regulations%253Fp_p_id%253Dcom_liferay_document_library_web_portlet_DLPortlet_INSTANCE_nqsj%2526p_p_lifecycle%253D0%2526p_p_state%253Dnormal%2526p_p_mode%253Dview%2526_com_liferay_document_library_web_portlet_DLPortlet_INSTANCE_nqsj_mvcRenderCommandName%253D%25252Fdocument_library%25252Fview%2526_com_liferay_document_library_web_portlet_DLPortlet_INSTANCE_nqsj_redirect%253Dhttps%25253A%25252F%25252Fuok.ac.ir%25252Fweb%25252Fresearch-and-innovation%25252Fresearch-forms-regulations%25252F-%25252Fdocument_library%25252Fnqsj%25252Fview%25252F412477%25253F_com_liferay_document_library_web_portlet_DLPortlet_INSTANCE_nqsj_redirect%25253Dhttps%2525253A%2525252F%2525252Fuok.ac.ir%2525252Fweb%2525252Fresearch-and-innovation%2525252Fresearch-forms-regulations%2525252F-%2525252Fdocument_library%2525252Fnqsj%2525252Fview%2525252F436461%2525253F_com_liferay_document_library_web_portlet_DLPortlet_INSTANCE_nqsj_redirect%2525253Dhttps%252525253A%252525252F%252525252Fuok.ac.ir%252525252Fweb%252525252Fresearch-and-innovation%252525252Fresearch-forms-regulations%252525252F-%252525252Fdocument_library%252525252Fnqsj%252525252Fview%252525252F436478,verified,2026-08-12
kurdistan-discovery-unit-technology-4e150b7da5d4,kurdistan,فرم‌ها و آیین‌نامه‌ها - معاونت پژوهشی و نوآوری,technology,,,,https://uok.ac.ir/web/research-and-innovation/research-forms-regulations?p_p_id=com_liferay_document_library_web_portlet_DLPortlet_INSTANCE_nqsj&p_p_lifecycle=0&p_p_state=normal&p_p_mode=view&_com_liferay_document_library_web_portlet_DLPortlet_INSTANCE_nqsj_mvcRenderCommandName=%2Fdocument_library%2Fview&_com_liferay_document_library_web_portlet_DLPortlet_INSTANCE_nqsj_redirect=https%3A%2F%2Fuok.ac.ir%2Fweb%2Fresearch-and-innovation%2Fresearch-forms-regulations%2F-%2Fdocument_library%2Fnqsj%2Fview%2F412477%3F_com_liferay_document_library_web_portlet_DLPortlet_INSTANCE_nqsj_redirect%3Dhttps%253A%252F%252Fuok.ac.ir%252Fweb%252Fresearch-and-innovation%252Fresearch-forms-regulations%253Fp_p_id%253Dcom_liferay_document_library_web_portlet_DLPortlet_INSTANCE_nqsj%2526p_p_lifecycle%253D0%2526p_p_state%253Dnormal%2526p_p_mode%253Dview%2526_com_liferay_document_library_web_portlet_DLPortlet_INSTANCE_nqsj_mvcRenderCommandName%253D%25252Fdocument_library%25252Fview%2526_com_liferay_document_library_web_portlet_DLPortlet_INSTANCE_nqsj_redirect%253Dhttps%25253A%25252F%25252Fuok.ac.ir%25252Fweb%25252Fresearch-and-innovation%25252Fresearch-forms-regulations%25252F-%25252Fdocument_library%25252Fnqsj%25252Fview%25252F412477%25253F_com_liferay_document_library_web_portlet_DLPortlet_INSTANCE_nqsj_redirect%25253Dhttps%2525253A%2525252F%2525252Fuok.ac.ir%2525252Fweb%2525252Fresearch-and-innovation%2525252Fresearch-forms-regulations%2525252F-%2525252Fdocument_library%2525252Fnqsj%2525252Fview%2525252F436461%2525253F_com_liferay_document_library_web_portlet_DLPortlet_INSTANCE_nqsj_redirect%2525253Dhttps%252525253A%252525252F%252525252Fuok.ac.ir%252525252Fweb%252525252Fresearch-and-innovation%252525252Fresearch-forms-regulations%252525252F-%252525252Fdocument_library%252525252Fnqsj%252525252Fview%252525252F436474,verified,2026-08-12
kurdistan-discovery-unit-technology-73c8a5259c97,kurdistan,فرم‌ها و آیین‌نامه‌ها - معاونت پژوهشی و نوآوری,technology,,,,https://uok.ac.ir/web/research-and-innovation/research-forms-regulations?p_p_id=com_liferay_document_library_web_portlet_DLPortlet_INSTANCE_nqsj&p_p_lifecycle=0&p_p_state=normal&p_p_mode=view&_com_liferay_document_library_web_portlet_DLPortlet_INSTANCE_nqsj_mvcRenderCommandName=%2Fdocument_library%2Fview&_com_liferay_document_library_web_portlet_DLPortlet_INSTANCE_nqsj_redirect=https%3A%2F%2Fuok.ac.ir%2Fweb%2Fresearch-and-innovation%2Fresearch-forms-regulations%2F-%2Fdocument_library%2Fnqsj%2Fview%2F412477%3F_com_liferay_document_library_web_portlet_DLPortlet_INSTANCE_nqsj_redirect%3Dhttps%253A%252F%252Fuok.ac.ir%252Fweb%252Fresearch-and-innovation%252Fresearch-forms-regulations%253Fp_p_id%253Dcom_liferay_document_library_web_portlet_DLPortlet_INSTANCE_nqsj%2526p_p_lifecycle%253D0%2526p_p_state%253Dnormal%2526p_p_mode%253Dview%2526_com_liferay_document_library_web_portlet_DLPortlet_INSTANCE_nqsj_mvcRenderCommandName%253D%25252Fdocument_library%25252Fview%2526_com_liferay_document_library_web_portlet_DLPortlet_INSTANCE_nqsj_redirect%253Dhttps%25253A%25252F%25252Fuok.ac.ir%25252Fweb%25252Fresearch-and-innovation%25252Fresearch-forms-regulations%25252F-%25252Fdocument_library%25252Fnqsj%25252Fview%25252F412477%25253F_com_liferay_document_library_web_portlet_DLPortlet_INSTANCE_nqsj_redirect%25253Dhttps%2525253A%2525252F%2525252Fuok.ac.ir%2525252Fweb%2525252Fresearch-and-innovation%2525252Fresearch-forms-regulations%2525252F-%2525252Fdocument_library%2525252Fnqsj%2525252Fview%2525252F436461%2525253F_com_liferay_document_library_web_portlet_DLPortlet_INSTANCE_nqsj_redirect%2525253Dhttps%252525253A%252525252F%252525252Fuok.ac.ir%252525252Fweb%252525252Fresearch-and-innovation%252525252Fresearch-forms-regulations%252525252F-%252525252Fdocument_library%252525252Fnqsj%252525252Fview%252525252F436470,verified,2026-08-12
kurdistan-discovery-unit-technology-9b5c7bdf2be8,kurdistan,فرم‌ها و آیین‌نامه‌ها - معاونت پژوهشی و نوآوری,technology,,,,https://uok.ac.ir/fa/web/research-and-innovation/research-forms-regulations/-/document_library/nqsj/view/436461?_com_liferay_document_library_web_portlet_DLPortlet_INSTANCE_nqsj_redirect=https%3A%2F%2Fuok.ac.ir%2Ffa%2Fweb%2Fresearch-and-innovation%2Fresearch-forms-regulations%2F-%2Fdocument_library%2Fnqsj%2Fview%2F486327%3F_com_liferay_document_library_web_portlet_DLPortlet_INSTANCE_nqsj_redirect%3Dhttps%253A%252F%252Fuok.ac.ir%252Ffa%252Fweb%252Fresearch-and-innovation%252Fresearch-forms-regulations%253Fp_p_id%253Dcom_liferay_document_library_web_portlet_DLPortlet_INSTANCE_nqsj%2526p_p_lifecycle%253D0%2526p_p_state%253Dnormal%2526p_p_mode%253Dview,verified,2026-08-12
kurdistan-discovery-unit-technology-d2365239c164,kurdistan,فرم‌ها و آیین‌نامه‌ها - معاونت پژوهشی و نوآوری,technology,,,,https://uok.ac.ir/fa/web/research-and-innovation/research-forms-regulations/-/document_library/nqsj/view/436461?_com_liferay_document_library_web_portlet_DLPortlet_INSTANCE_nqsj_redirect=https%3A%2F%2Fuok.ac.ir%2Ffa%2Fweb%2Fresearch-and-innovation%2Fresearch-forms-regulations%2F-%2Fdocument_library%2Fnqsj%2Fview%2F11746224%3F_com_liferay_document_library_web_portlet_DLPortlet_INSTANCE_nqsj_redirect%3Dhttps%253A%252F%252Fuok.ac.ir%252Ffa%252Fweb%252Fresearch-and-innovation%252Fresearch-forms-regulations%253Fp_p_id%253Dcom_liferay_document_library_web_portlet_DLPortlet_INSTANCE_nqsj%2526p_p_lifecycle%253D0%2526p_p_state%253Dnormal%2526p_p_mode%253Dview,verified,2026-08-12
kurdistan-discovery-unit-technology-cc3c1c431fbe,kurdistan,فرم‌ها و آیین‌نامه‌ها - معاونت پژوهشی و نوآوری,technology,,,,https://uok.ac.ir/fa/web/research-and-innovation/research-forms-regulations/-/document_library/nqsj/view/436461?_com_liferay_document_library_web_portlet_DLPortlet_INSTANCE_nqsj_redirect=https%3A%2F%2Fuok.ac.ir%2Ffa%2Fweb%2Fresearch-and-innovation%2Fresearch-forms-regulations%2F-%2Fdocument_library%2Fnqsj%2Fview%2F436484%3F_com_liferay_document_library_web_portlet_DLPortlet_INSTANCE_nqsj_redirect%3Dhttps%253A%252F%252Fuok.ac.ir%252Ffa%252Fweb%252Fresearch-and-innovation%252Fresearch-forms-regulations%253Fp_p_id%253Dcom_liferay_document_library_web_portlet_DLPortlet_INSTANCE_nqsj%2526p_p_lifecycle%253D0%2526p_p_state%253Dnormal%2526p_p_mode%253Dview,verified,2026-08-12
kurdistan-discovery-unit-technology-34a6614e3824,kurdistan,فرم‌ها و آیین‌نامه‌ها - معاونت پژوهشی و نوآوری,technology,,,,https://uok.ac.ir/fa/web/research-and-innovation/research-forms-regulations?p_p_id=com_liferay_document_library_web_portlet_DLPortlet_INSTANCE_nqsj&p_p_lifecycle=0&p_p_state=normal&p_p_mode=view&_com_liferay_document_library_web_portlet_DLPortlet_INSTANCE_nqsj_mvcRenderCommandName=%2Fdocument_library%2Fview&_com_liferay_document_library_web_portlet_DLPortlet_INSTANCE_nqsj_redirect=https%3A%2F%2Fuok.ac.ir%2Ffa%2Fweb%2Fresearch-and-innovation%2Fresearch-forms-regulations%2F-%2Fdocument_library%2Fnqsj%2Fview%2F412477%3F_com_liferay_document_library_web_portlet_DLPortlet_INSTANCE_nqsj_redirect%3Dhttps%253A%252F%252Fuok.ac.ir%252Ffa%252Fweb%252Fresearch-and-innovation%252Fresearch-forms-regulations%252F-%252Fdocument_library%252Fnqsj%252Fview%252F436461%253F_com_liferay_document_library_web_portlet_DLPortlet_INSTANCE_nqsj_redirect%253Dhttps%25253A%25252F%25252Fuok.ac.ir%25252Ffa%25252Fweb%25252Fresearch-and-innovation%25252Fresearch-forms-regulations%25252F-%25252Fdocument_library%25252Fnqsj%25252Fview%25252F486327%25253F_com_liferay_document_library_web_portlet_DLPortlet_INSTANCE_nqsj_redirect%25253Dhttps%2525253A%2525252F%2525252Fuok.ac.ir%2525252Ffa%2525252Fweb%2525252Fresearch-and-innovation%2525252Fresearch-forms-regulations%2525253Fp_p_id%2525253Dcom_liferay_document_library_web_portlet_DLPortlet_INSTANCE_nqsj%25252526p_p_lifecycle%2525253D0%25252526p_p_state%2525253Dnormal%25252526p_p_mode%2525253Dview,verified,2026-08-12
kurdistan-discovery-unit-technology-32a88c879063,kurdistan,فرم‌ها و آیین‌نامه‌ها - معاونت پژوهشی و نوآوری,technology,,,,https://uok.ac.ir/fa/web/research-and-innovation/research-forms-regulations?p_p_id=com_liferay_document_library_web_portlet_DLPortlet_INSTANCE_nqsj&p_p_lifecycle=0&p_p_state=normal&p_p_mode=view&_com_liferay_document_library_web_portlet_DLPortlet_INSTANCE_nqsj_mvcRenderCommandName=%2Fdocument_library%2Fview&_com_liferay_document_library_web_portlet_DLPortlet_INSTANCE_nqsj_redirect=https%3A%2F%2Fuok.ac.ir%2Ffa%2Fweb%2Fresearch-and-innovation%2Fresearch-forms-regulations%2F-%2Fdocument_library%2Fnqsj%2Fview%2F412477%3F_com_liferay_document_library_web_portlet_DLPortlet_INSTANCE_nqsj_redirect%3Dhttps%253A%252F%252Fuok.ac.ir%252Ffa%252Fweb%252Fresearch-and-innovation%252Fresearch-forms-regulations%252F-%252Fdocument_library%252Fnqsj%252Fview%252F436461%253F_com_liferay_document_library_web_portlet_DLPortlet_INSTANCE_nqsj_redirect%253Dhttps%25253A%25252F%25252Fuok.ac.ir%25252Ffa%25252Fweb%25252Fresearch-and-innovation%25252Fresearch-forms-regulations%25252F-%25252Fdocument_library%25252Fnqsj%25252Fview%25252F11746224%25253F_com_liferay_document_library_web_portlet_DLPortlet_INSTANCE_nqsj_redirect%25253Dhttps%2525253A%2525252F%2525252Fuok.ac.ir%2525252Ffa%2525252Fweb%2525252Fresearch-and-innovation%2525252Fresearch-forms-regulations%2525253Fp_p_id%2525253Dcom_liferay_document_library_web_portlet_DLPortlet_INSTANCE_nqsj%25252526p_p_lifecycle%2525253D0%25252526p_p_state%2525253Dnormal%25252526p_p_mode%2525253Dview,verified,2026-08-12
kurdistan-discovery-unit-technology-a1ba45423c8d,kurdistan,فرم‌ها و آیین‌نامه‌ها - معاونت پژوهشی و نوآوری,technology,,,,https://uok.ac.ir/fa/web/research-and-innovation/research-forms-regulations?p_p_id=com_liferay_document_library_web_portlet_DLPortlet_INSTANCE_nqsj&p_p_lifecycle=0&p_p_state=normal&p_p_mode=view&_com_liferay_document_library_web_portlet_DLPortlet_INSTANCE_nqsj_mvcRenderCommandName=%2Fdocument_library%2Fview&_com_liferay_document_library_web_portlet_DLPortlet_INSTANCE_nqsj_redirect=https%3A%2F%2Fuok.ac.ir%2Ffa%2Fweb%2Fresearch-and-innovation%2Fresearch-forms-regulations%2F-%2Fdocument_library%2Fnqsj%2Fview%2F412477%3F_com_liferay_document_library_web_portlet_DLPortlet_INSTANCE_nqsj_redirect%3Dhttps%253A%252F%252Fuok.ac.ir%252Ffa%252Fweb%252Fresearch-and-innovation%252Fresearch-forms-regulations%252F-%252Fdocument_library%252Fnqsj%252Fview%252F436461%253F_com_liferay_document_library_web_portlet_DLPortlet_INSTANCE_nqsj_redirect%253Dhttps%25253A%25252F%25252Fuok.ac.ir%25252Ffa%25252Fweb%25252Fresearch-and-innovation%25252Fresearch-forms-regulations%25252F-%25252Fdocument_library%25252Fnqsj%25252Fview%25252F436484%25253F_com_liferay_document_library_web_portlet_DLPortlet_INSTANCE_nqsj_redirect%25253Dhttps%2525253A%2525252F%2525252Fuok.ac.ir%2525252Ffa%2525252Fweb%2525252Fresearch-and-innovation%2525252Fresearch-forms-regulations%2525253Fp_p_id%2525253Dcom_liferay_document_library_web_portlet_DLPortlet_INSTANCE_nqsj%25252526p_p_lifecycle%2525253D0%25252526p_p_state%2525253Dnormal%25252526p_p_mode%2525253Dview,verified,2026-08-12
kurdistan-discovery-unit-technology-1017835f5ebe,kurdistan,فرم‌ها و آیین‌نامه‌ها - معاونت پژوهشی و نوآوری,technology,,,,https://uok.ac.ir/fa/web/research-and-innovation/research-forms-regulations?p_p_id=com_liferay_document_library_web_portlet_DLPortlet_INSTANCE_nqsj&p_p_lifecycle=0&p_p_state=normal&p_p_mode=view&_com_liferay_document_library_web_portlet_DLPortlet_INSTANCE_nqsj_mvcRenderCommandName=%2Fdocument_library%2Fview&_com_liferay_document_library_web_portlet_DLPortlet_INSTANCE_nqsj_redirect=https%3A%2F%2Fuok.ac.ir%2Ffa%2Fweb%2Fresearch-and-innovation%2Fresearch-forms-regulations%2F-%2Fdocument_library%2Fnqsj%2Fview%2F412477%3F_com_liferay_document_library_web_portlet_DLPortlet_INSTANCE_nqsj_redirect%3Dhttps%253A%252F%252Fuok.ac.ir%252Ffa%252Fweb%252Fresearch-and-innovation%252Fresearch-forms-regulations%253Fp_p_id%253Dcom_liferay_document_library_web_portlet_DLPortlet_INSTANCE_nqsj%2526p_p_lifecycle%253D0%2526p_p_state%253Dnormal%2526p_p_mode%253Dview%2526_com_liferay_document_library_web_portlet_DLPortlet_INSTANCE_nqsj_mvcRenderCommandName%253D%25252Fdocument_library%25252Fview%2526_com_liferay_document_library_web_portlet_DLPortlet_INSTANCE_nqsj_redirect%253Dhttps%25253A%25252F%25252Fuok.ac.ir%25252Ffa%25252Fweb%25252Fresearch-and-innovation%25252Fresearch-forms-regulations%25252F-%25252Fdocument_library%25252Fnqsj%25252Fview%25252F412477%25253F_com_liferay_document_library_web_portlet_DLPortlet_INSTANCE_nqsj_redirect%25253Dhttps%2525253A%2525252F%2525252Fuok.ac.ir%2525252Ffa%2525252Fweb%2525252Fresearch-and-innovation%2525252Fresearch-forms-regulations%2525252F-%2525252Fdocument_library%2525252Fnqsj%2525252Fview%2525252F436461%2525253F_com_liferay_document_library_web_portlet_DLPortlet_INSTANCE_nqsj_redirect%2525253Dhttps%252525253A%252525252F%252525252Fuok.ac.ir%252525252Ffa%252525252Fweb%252525252Fresearch-and-innovation%252525252Fresearch-forms-regulations%252525252F-%252525252Fdocument_library%252525252Fnqsj%252525252Fview%252525252F486327,verified,2026-08-12
kurdistan-discovery-unit-technology-4da920c748e8,kurdistan,فرم‌ها و آیین‌نامه‌ها - معاونت پژوهشی و نوآوری,technology,,,,https://uok.ac.ir/fa/web/research-and-innovation/research-forms-regulations?p_p_id=com_liferay_document_library_web_portlet_DLPortlet_INSTANCE_nqsj&p_p_lifecycle=0&p_p_state=normal&p_p_mode=view&_com_liferay_document_library_web_portlet_DLPortlet_INSTANCE_nqsj_mvcRenderCommandName=%2Fdocument_library%2Fview&_com_liferay_document_library_web_portlet_DLPortlet_INSTANCE_nqsj_redirect=https%3A%2F%2Fuok.ac.ir%2Ffa%2Fweb%2Fresearch-and-innovation%2Fresearch-forms-regulations%2F-%2Fdocument_library%2Fnqsj%2Fview%2F412477%3F_com_liferay_document_library_web_portlet_DLPortlet_INSTANCE_nqsj_redirect%3Dhttps%253A%252F%252Fuok.ac.ir%252Ffa%252Fweb%252Fresearch-and-innovation%252Fresearch-forms-regulations%253Fp_p_id%253Dcom_liferay_document_library_web_portlet_DLPortlet_INSTANCE_nqsj%2526p_p_lifecycle%253D0%2526p_p_state%253Dnormal%2526p_p_mode%253Dview%2526_com_liferay_document_library_web_portlet_DLPortlet_INSTANCE_nqsj_mvcRenderCommandName%253D%25252Fdocument_library%25252Fview%2526_com_liferay_document_library_web_portlet_DLPortlet_INSTANCE_nqsj_redirect%253Dhttps%25253A%25252F%25252Fuok.ac.ir%25252Ffa%25252Fweb%25252Fresearch-and-innovation%25252Fresearch-forms-regulations%25252F-%25252Fdocument_library%25252Fnqsj%25252Fview%25252F412477%25253F_com_liferay_document_library_web_portlet_DLPortlet_INSTANCE_nqsj_redirect%25253Dhttps%2525253A%2525252F%2525252Fuok.ac.ir%2525252Ffa%2525252Fweb%2525252Fresearch-and-innovation%2525252Fresearch-forms-regulations%2525252F-%2525252Fdocument_library%2525252Fnqsj%2525252Fview%2525252F436461%2525253F_com_liferay_document_library_web_portlet_DLPortlet_INSTANCE_nqsj_redirect%2525253Dhttps%252525253A%252525252F%252525252Fuok.ac.ir%252525252Ffa%252525252Fweb%252525252Fresearch-and-innovation%252525252Fresearch-forms-regulations%252525252F-%252525252Fdocument_library%252525252Fnqsj%252525252Fview%252525252F11746224,verified,2026-08-12
kurdistan-discovery-unit-technology-51a3c84b41d7,kurdistan,فرم‌ها و آیین‌نامه‌ها - معاونت پژوهشی و نوآوری,technology,,,,https://uok.ac.ir/fa/web/research-and-innovation/research-forms-regulations?p_p_id=com_liferay_document_library_web_portlet_DLPortlet_INSTANCE_nqsj&p_p_lifecycle=0&p_p_state=normal&p_p_mode=view&_com_liferay_document_library_web_portlet_DLPortlet_INSTANCE_nqsj_mvcRenderCommandName=%2Fdocument_library%2Fview&_com_liferay_document_library_web_portlet_DLPortlet_INSTANCE_nqsj_redirect=https%3A%2F%2Fuok.ac.ir%2Ffa%2Fweb%2Fresearch-and-innovation%2Fresearch-forms-regulations%2F-%2Fdocument_library%2Fnqsj%2Fview%2F412477%3F_com_liferay_document_library_web_portlet_DLPortlet_INSTANCE_nqsj_redirect%3Dhttps%253A%252F%252Fuok.ac.ir%252Ffa%252Fweb%252Fresearch-and-innovation%252Fresearch-forms-regulations%253Fp_p_id%253Dcom_liferay_document_library_web_portlet_DLPortlet_INSTANCE_nqsj%2526p_p_lifecycle%253D0%2526p_p_state%253Dnormal%2526p_p_mode%253Dview%2526_com_liferay_document_library_web_portlet_DLPortlet_INSTANCE_nqsj_mvcRenderCommandName%253D%25252Fdocument_library%25252Fview%2526_com_liferay_document_library_web_portlet_DLPortlet_INSTANCE_nqsj_redirect%253Dhttps%25253A%25252F%25252Fuok.ac.ir%25252Ffa%25252Fweb%25252Fresearch-and-innovation%25252Fresearch-forms-regulations%25252F-%25252Fdocument_library%25252Fnqsj%25252Fview%25252F412477%25253F_com_liferay_document_library_web_portlet_DLPortlet_INSTANCE_nqsj_redirect%25253Dhttps%2525253A%2525252F%2525252Fuok.ac.ir%2525252Ffa%2525252Fweb%2525252Fresearch-and-innovation%2525252Fresearch-forms-regulations%2525252F-%2525252Fdocument_library%2525252Fnqsj%2525252Fview%2525252F436461%2525253F_com_liferay_document_library_web_portlet_DLPortlet_INSTANCE_nqsj_redirect%2525253Dhttps%252525253A%252525252F%252525252Fuok.ac.ir%252525252Ffa%252525252Fweb%252525252Fresearch-and-innovation%252525252Fresearch-forms-regulations%252525252F-%252525252Fdocument_library%252525252Fnqsj%252525252Fview%252525252F436484,verified,2026-08-12
shahid-chamran-ahvaz-discovery-unit-industry-23741e28b8ca,shahid-chamran-ahvaz,صفحه اصلی - گروه کارآفرینی و ارتباط با صنعت,industry,,,,https://industry.scu.ac.ir/,verified,2026-08-12
shahid-chamran-ahvaz-discovery-unit-library-e35ad7a43f2d,shahid-chamran-ahvaz,کتابخانه مرکزی دانشگاه شهید چمران اهواز - معاونت پژوهشی و فناوری,library,,,,https://industry.scu.ac.ir/fa/web/research/w/%DA%A9%D8%AA%D8%A7%D8%A8%D8%AE%D8%A7%D9%86%D9%87-%D9%85%D8%B1%DA%A9%D8%B2%DB%8C-%D8%AF%D8%A7%D9%86%D8%B4%DA%AF%D8%A7%D9%87-%D8%B4%D9%87%DB%8C%D8%AF-%DA%86%D9%85%D8%B1%D8%A7%D9%86-%D8%A7%D9%87%D9%88%D8%A7%D8%B2-1?redirect=%2Fweb%2Fresearch,verified,2026-08-12
shahid-chamran-ahvaz-discovery-unit-library-d9a24528019f,shahid-chamran-ahvaz,کتابخانه مرکزی دانشگاه شهید چمران اهواز - معاونت پژوهشی و فناوری,library,,,,https://industry.scu.ac.ir/fa/web/research/w/%DA%A9%D8%AA%D8%A7%D8%A8%D8%AE%D8%A7%D9%86%D9%87-%D9%85%D8%B1%DA%A9%D8%B2%DB%8C-%D8%AF%D8%A7%D9%86%D8%B4%DA%AF%D8%A7%D9%87-%D8%B4%D9%87%DB%8C%D8%AF-%DA%86%D9%85%D8%B1%D8%A7%D9%86-%D8%A7%D9%87%D9%88%D8%A7%D8%B2-1?redirect=%2Ffa%2Fweb%2Fresearch,verified,2026-08-12
shahid-chamran-ahvaz-discovery-unit-library-a019dfe3ec87,shahid-chamran-ahvaz,کتابخانه مرکزی دانشگاه شهید چمران اهواز - معاونت پژوهشی و فناوری,library,,,,https://scu.ac.ir/fa/web/research/w/%DA%A9%D8%AA%D8%A7%D8%A8%D8%AE%D8%A7%D9%86%D9%87-%D9%85%D8%B1%DA%A9%D8%B2%DB%8C-%D8%AF%D8%A7%D9%86%D8%B4%DA%AF%D8%A7%D9%87-%D8%B4%D9%87%DB%8C%D8%AF-%DA%86%D9%85%D8%B1%D8%A7%D9%86-%D8%A7%D9%87%D9%88%D8%A7%D8%B2-1?redirect=%2Fweb%2Fresearch,verified,2026-08-12
shahid-chamran-ahvaz-discovery-unit-library-aa648237734b,shahid-chamran-ahvaz,صفحه اصلی - کتابخانه ، مرکز اطلاع رسانی و اسناد,library,,,,http://research.scu.ac.ir/web/lib,verified,2026-08-12
shahid-chamran-ahvaz-discovery-unit-laboratory-07d8cadd61b3,shahid-chamran-ahvaz,صفحه اصلی - مدیریت امور آزمایشگاه ها,laboratory,,,,https://scu.ac.ir/web/laboratory,verified,2026-08-12
shahid-chamran-ahvaz-discovery-unit-it-d43b070f187e,shahid-chamran-ahvaz,صفحه اصلی - مدیریت فناوری اطلاعات و ارتباطات,it,,organizationally-attributed,,https://it.scu.ac.ir/,verified,2026-08-12
shahid-chamran-ahvaz-discovery-unit-it-a67158136d5f,shahid-chamran-ahvaz,بازدید معاونت پژوهش و فناوری دانشگاه از مدیریت فناوری اطلاعات - مدیریت فناوری اطلاعات و ارتباطات,it,,organizationally-attributed,,https://it.scu.ac.ir/fa/w/%D8%A8%D8%A7%D8%B2%D8%AF%DB%8C%D8%AF-%D9%85%D8%B9%D8%A7%D9%88%D9%86%D8%AA-%D9%BE%DA%98%D9%88%D9%87%D8%B4-%D9%88-%D9%81%D9%86%D8%A7%D9%88%D8%B1%DB%8C-%D8%AF%D8%A7%D9%86%D8%B4%DA%AF%D8%A7%D9%87-%D8%A7%D8%B2-%D9%85%D8%AF%DB%8C%D8%B1%DB%8C%D8%AA-%D9%81%D9%86?redirect=%2F,verified,2026-08-12
shahid-chamran-ahvaz-discovery-unit-library-74f3cb6d69c9,shahid-chamran-ahvaz,کتابخانه ، مرکز اطلاع رسانی و اسناد - معاونت پژوهشی و فناوری,library,,,,https://industry.scu.ac.ir/fa/web/research/w/%DA%A9%D8%AA%D8%A7%D8%A8%D8%AE%D8%A7%D9%86%D9%87-%D8%8C-%D9%85%D8%B1%DA%A9%D8%B2-%D8%A7%D8%B7%D9%84%D8%A7%D8%B9-%D8%B1%D8%B3%D8%A7%D9%86%DB%8C-%D9%88-%D8%A7%D8%B3%D9%86%D8%A7%D8%AF?redirect=%2Fweb%2Fresearch,verified,2026-08-12
shahid-chamran-ahvaz-discovery-unit-library-c0502cc23fb1,shahid-chamran-ahvaz,کتابخانه ، مرکز اطلاع رسانی و اسناد - معاونت پژوهشی و فناوری,library,,,,https://industry.scu.ac.ir/fa/web/research/w/%DA%A9%D8%AA%D8%A7%D8%A8%D8%AE%D8%A7%D9%86%D9%87-%D8%8C-%D9%85%D8%B1%DA%A9%D8%B2-%D8%A7%D8%B7%D9%84%D8%A7%D8%B9-%D8%B1%D8%B3%D8%A7%D9%86%DB%8C-%D9%88-%D8%A7%D8%B3%D9%86%D8%A7%D8%AF?redirect=%2Ffa%2Fweb%2Fresearch,verified,2026-08-12
shahid-chamran-ahvaz-discovery-unit-library-2fa3f85a8799,shahid-chamran-ahvaz,کتابخانه ، مرکز اطلاع رسانی و اسناد - معاونت پژوهشی و فناوری,library,,,,https://research.scu.ac.ir/fa/w/%DA%A9%D8%AA%D8%A7%D8%A8%D8%AE%D8%A7%D9%86%D9%87-%D8%8C-%D9%85%D8%B1%DA%A9%D8%B2-%D8%A7%D8%B7%D9%84%D8%A7%D8%B9-%D8%B1%D8%B3%D8%A7%D9%86%DB%8C-%D9%88-%D8%A7%D8%B3%D9%86%D8%A7%D8%AF?redirect=%2F,verified,2026-08-12
shahid-chamran-ahvaz-discovery-unit-library-ca9affb71028,shahid-chamran-ahvaz,صفحه اصلی - اداره چاپ و انتشارات,library,,,,https://press.scu.ac.ir/,verified,2026-08-12
shahid-chamran-ahvaz-discovery-unit-research-f4b9c68ca522,shahid-chamran-ahvaz,چارت سازمانی معاونت - معاونت پژوهشی و فناوری,research,,,,https://research.scu.ac.ir/%DA%86%D8%A7%D8%B1%D8%AA-%D8%B3%D8%A7%D8%B2%D9%85%D8%A7%D9%86%DB%8C-%D9%85%D8%B9%D8%A7%D9%88%D9%86%D8%AA,verified,2026-08-12
shahid-chamran-ahvaz-discovery-unit-research-4f9988184730,shahid-chamran-ahvaz,چارت سازمانی معاونت - معاونت پژوهشی و فناوری,research,,,,https://industry.scu.ac.ir/web/research/%DA%86%D8%A7%D8%B1%D8%AA-%D8%B3%D8%A7%D8%B2%D9%85%D8%A7%D9%86%DB%8C-%D9%85%D8%B9%D8%A7%D9%88%D9%86%D8%AA,verified,2026-08-12
shahid-chamran-ahvaz-discovery-unit-research-c01a1b8c6de8,shahid-chamran-ahvaz,چارت سازمانی معاونت - معاونت پژوهشی و فناوری,research,,,,https://industry.scu.ac.ir/fa/web/research/%DA%86%D8%A7%D8%B1%D8%AA-%D8%B3%D8%A7%D8%B2%D9%85%D8%A7%D9%86%DB%8C-%D9%85%D8%B9%D8%A7%D9%88%D9%86%D8%AA,verified,2026-08-12
shahid-chamran-ahvaz-discovery-unit-technology-b9ca3c5329f6,shahid-chamran-ahvaz,صفحه اصلی - مرکز رشد واحد های فناور,technology,,,,https://scu.ac.ir/web/roshd,verified,2026-08-12
shahid-chamran-ahvaz-discovery-unit-it-1f615750f941,shahid-chamran-ahvaz,راهنمای تنظیمات گوشی هایی با اندروید 13 - مدیریت فناوری اطلاعات و ارتباطات,it,,organizationally-attributed,,https://it.scu.ac.ir/fa/w/%D8%B1%D8%A7%D9%87%D9%86%D9%85%D8%A7%DB%8C-%D8%AA%D9%86%D8%B8%DB%8C%D9%85%D8%A7%D8%AA-%DA%AF%D9%88%D8%B4%DB%8C-%D9%87%D8%A7%DB%8C%DB%8C-%D8%A8%D8%A7-%D8%A7%D9%86%D8%AF%D8%B1%D9%88%DB%8C%D8%AF-13?redirect=%2F,verified,2026-08-12
shahid-chamran-ahvaz-discovery-unit-research-7c0c0624db33,shahid-chamran-ahvaz,چارت سازمانی معاونت - معاونت پژوهشی و فناوری,research,,,,https://research.scu.ac.ir/fa/%DA%86%D8%A7%D8%B1%D8%AA-%D8%B3%D8%A7%D8%B2%D9%85%D8%A7%D9%86%DB%8C-%D9%85%D8%B9%D8%A7%D9%88%D9%86%D8%AA,verified,2026-08-12
shahid-chamran-ahvaz-discovery-unit-research-69b3791b6e44,shahid-chamran-ahvaz,چارت سازمانی معاونت - معاونت پژوهشی و فناوری,research,,,,https://scu.ac.ir/web/research/%DA%86%D8%A7%D8%B1%D8%AA-%D8%B3%D8%A7%D8%B2%D9%85%D8%A7%D9%86%DB%8C-%D9%85%D8%B9%D8%A7%D9%88%D9%86%D8%AA,verified,2026-08-12
shahid-chamran-ahvaz-discovery-unit-research-e1bd9562ba19,shahid-chamran-ahvaz,چارت سازمانی معاونت - معاونت پژوهشی و فناوری,research,,,,https://scu.ac.ir/fa/web/research/%DA%86%D8%A7%D8%B1%D8%AA-%D8%B3%D8%A7%D8%B2%D9%85%D8%A7%D9%86%DB%8C-%D9%85%D8%B9%D8%A7%D9%88%D9%86%D8%AA,verified,2026-08-12
shahid-chamran-ahvaz-discovery-unit-research-c894e96f697f,shahid-chamran-ahvaz,سامانه مدیریت امور پژوهشی - مدیریت امور پژوهش و فناوری,research,,,,https://scu.ac.ir/fa/web/rms/w/%D8%B3%D8%A7%D9%85%D8%A7%D9%86%D9%87-%D9%85%D8%AF%DB%8C%D8%B1%DB%8C%D8%AA-%D8%A7%D9%85%D9%88%D8%B1-%D9%BE%DA%98%D9%88%D9%87%D8%B4%DB%8C?redirect=%2Fweb%2Frms,verified,2026-08-12
shahid-chamran-ahvaz-discovery-unit-library-929bb5a9980e,shahid-chamran-ahvaz,کتابخانه ، مرکز اطلاع رسانی و اسناد,library,,,,https://research.scu.ac.ir/fa/w/%DA%A9%D8%AA%D8%A7%D8%A8%D8%AE%D8%A7%D9%86%D9%87-%D8%8C-%D9%85%D8%B1%DA%A9%D8%B2-%D8%A7%D8%B7%D9%84%D8%A7%D8%B9-%D8%B1%D8%B3%D8%A7%D9%86%DB%8C-%D9%88-%D8%A7%D8%B3%D9%86%D8%A7%D8%AF?redirect=%2Ffa%2F%25D8%25B5%25D9%2581%25D8%25AD%25D9%2587-%25D8%25A7%25D8%25B5%25D9%2584%25DB%258C,verified,2026-08-12
kashan-discovery-unit-laboratory-b6ff30ab7574,kashan,شبکه آزمایشگاهی فناوری‌های راهبردی,laboratory,,,,https://research.kashanu.ac.ir/fa/tag/2605/%D8%B4%D8%A8%DA%A9%D9%87+%D8%A2%D8%B2%D9%85%D8%A7%DB%8C%D8%B4%DA%AF%D8%A7%D9%87%DB%8C+%D9%81%D9%86%D8%A7%D9%88%D8%B1%DB%8C%E2%80%8C%D9%87%D8%A7%DB%8C+%D8%B1%D8%A7%D9%87%D8%A8%D8%B1%D8%AF%DB%8C,verified,2026-08-12
kashan-discovery-unit-laboratory-94bb0003a86e,kashan,آزمایشگاه مرکزی,laboratory,,,,https://research.kashanu.ac.ir/fa/tag/312/%D8%A2%D8%B2%D9%85%D8%A7%DB%8C%D8%B4%DA%AF%D8%A7%D9%87+%D9%85%D8%B1%DA%A9%D8%B2%DB%8C,verified,2026-08-12
kashan-discovery-unit-laboratory-5ff4c9a4a761,kashan,Central Laboratory,laboratory,,,,https://research.kashanu.ac.ir/fa/tag/561/Central+Laboratory,verified,2026-08-12
kashan-discovery-unit-research-61f508289c4b,kashan,ساختار سازمانی مدیریت امور پژوهشی,research,,,,https://research-affairs.kashanu.ac.ir/fa/organizationChart/709/%D8%B3%D8%A7%D8%AE%D8%AA%D8%A7%D8%B1-%D8%B3%D8%A7%D8%B2%D9%85%D8%A7%D9%86%DB%8C-%D9%85%D8%AF%DB%8C%D8%B1%DB%8C%D8%AA-%D8%A7%D9%85%D9%88%D8%B1-%D9%BE%DA%98%D9%88%D9%87%D8%B4%DB%8C,verified,2026-08-12
kashan-discovery-unit-laboratory-f0f0449783e2,kashan,آزمایشگاه مرکزی دانشگاه کاشان عضو فعال شبکه آزمایشگاهی فناوری‌های راهبردی قرار گرفت,laboratory,,,,https://research.kashanu.ac.ir/fa/news/11103/%D8%A2%D8%B2%D9%85%D8%A7%DB%8C%D8%B4%DA%AF%D8%A7%D9%87-%D9%85%D8%B1%DA%A9%D8%B2%DB%8C-%D8%AF%D8%A7%D9%86%D8%B4%DA%AF%D8%A7%D9%87-%DA%A9%D8%A7%D8%B4%D8%A7%D9%86-%D8%B9%D8%B6%D9%88-%D9%81%D8%B9%D8%A7%D9%84-%D8%B4%D8%A8%DA%A9%D9%87-%D8%A2%D8%B2%D9%85%D8%A7%DB%8C%D8%B4%DA%AF%D8%A7%D9%87%DB%8C-%D9%81%D9%86%D8%A7%D9%88%D8%B1%DB%8C-%D9%87%D8%A7%DB%8C-%D8%B1%D8%A7%D9%87%D8%A8%D8%B1%D8%AF%DB%8C-%D9%82%D8%B1%D8%A7%D8%B1-%DA%AF%D8%B1%D9%81%D8%AA,verified,2026-08-12
kashan-discovery-unit-library-65b8f1f216ad,kashan,ساختار سازمانی کتابخانه مرکزی تامین منابع علمی و انتشارات دانشگاه,library,,,,https://library.kashanu.ac.ir/fa/organizationChart/659,verified,2026-08-12
kashan-discovery-unit-research-a0eecb7cf16e,kashan,Research Units,research,,,,https://research.kashanu.ac.ir/fa/tag/777/Research+Units,verified,2026-08-12
kashan-discovery-unit-laboratory-65c5960362d0,kashan,Iran High-Tech Laboratory Network,laboratory,,,,https://research.kashanu.ac.ir/fa/tag/2606/Iran+High-Tech+Laboratory+Network,verified,2026-08-12
kashan-discovery-unit-research-b823dc54fc70,kashan,واحدهای پژوهشی,research,,,,https://research.kashanu.ac.ir/fa/tag/782/%D9%88%D8%A7%D8%AD%D8%AF%D9%87%D8%A7%DB%8C+%D9%BE%DA%98%D9%88%D9%87%D8%B4%DB%8C,verified,2026-08-12
kashan-discovery-unit-library-2e37a346c6d8,kashan,کتابخانه مرکزی دانشگاه کاشان,library,,,,https://library.kashanu.ac.ir/fa,verified,2026-08-12
kashan-discovery-unit-research-ee1cd7ee8170,kashan,واحدهای پژوهشی - معاونت پژوهشی و ارتباطات علمی,research,,,,https://research.kashanu.ac.ir/fa/page/3716/%D9%88%D8%A7%D8%AD%D8%AF%D9%87%D8%A7%DB%8C-%D9%BE%DA%98%D9%88%D9%87%D8%B4%DB%8C,verified,2026-08-12
kashan-discovery-unit-research-d7139775cc46,kashan,مدیریت امور پژوهشی,research,,,,https://research-affairs.kashanu.ac.ir/fa,verified,2026-08-12
kashan-discovery-unit-research-20ffe39c282e,kashan,معرفی مدیریت امور پژوهشی - مدیریت امور پژوهشی,research,,,,https://research-affairs.kashanu.ac.ir/fa/page/8426/%D9%85%D8%B9%D8%B1%D9%81%DB%8C-%D9%85%D8%AF%DB%8C%D8%B1%DB%8C%D8%AA-%D8%A7%D9%85%D9%88%D8%B1-%D9%BE%DA%98%D9%88%D9%87%D8%B4%DB%8C,verified,2026-08-12
kashan-discovery-unit-library-8f94a5574e50,kashan,سامانه مدیریت نشریات علمی دانشگاه کاشان,library,,,,https://journals.kashanu.ac.ir/,verified,2026-08-12
shahrekord-discovery-unit-industry-07fa4677dbd1,shahrekord,گروه کارآفرینی، ارتباط با صنعت و جامعه,industry,,,,https://www.sku.ac.ir/Managements/ManagementDivisionForm.aspx?ID=3041,verified,2026-08-12
shahrekord-discovery-unit-industry-7b4cb51264da,shahrekord,گروه کارآفرینی، ارتباط با صنعت و جامعه,industry,,,,https://www.sku.ac.ir/Office/Industry,verified,2026-08-12
shahrekord-discovery-unit-library-958dec801272,shahrekord,اداره انتشارات و مجلات علمی,library,,,,https://www.sku.ac.ir/Office/Publication,verified,2026-08-12
shahrekord-discovery-unit-laboratory-31128671f815,shahrekord,اداره آزمایشگاه مرکزی,laboratory,,,,https://sarv.sku.ac.ir/CLab,verified,2026-08-12
shahrekord-discovery-unit-laboratory-a0e84c029fa6,shahrekord,اداره آزمایشگاه مرکزی,laboratory,,,,https://sarv.sku.ac.ir/Clab,verified,2026-08-12
shahrekord-discovery-unit-technology-58c72231491f,shahrekord,آیین افتتاحیه اولین دوره حضوری مدرسه کارآفرینی دانشگاه شهرکرد,technology,,,,https://www.sku.ac.ir/Vice-President/research/News/5657/%D8%A2%DB%8C%DB%8C%D9%86-%D8%A7%D9%81%D8%AA%D8%AA%D8%A7%D8%AD%DB%8C%D9%87-%D8%A7%D9%88%D9%84%DB%8C%D9%86-%D8%AF%D9%88%D8%B1%D9%87-%D8%AD%D8%B6%D9%88%D8%B1%DB%8C-%D9%85%D8%AF%D8%B1%D8%B3%D9%87-%DA%A9%D8%A7%D8%B1%D8%A2%D9%81%D8%B1%DB%8C%D9%86%DB%8C-%D8%AF%D8%A7%D9%86%D8%B4%DA%AF%D8%A7%D9%87-%D8%B4%D9%87%D8%B1%DA%A9%D8%B1%D8%AF,verified,2026-08-12
shahrekord-discovery-unit-laboratory-4c3dffd68522,shahrekord,اختتامیه دهمین دوره بزرگداشت روز ملی آزمایشگاه و زادروز حکیم اسماعیل جرجانی در دانشگاه شهرکرد,laboratory,,,,https://www.sku.ac.ir/Vice-President/research/News/5806/%D8%A7%D8%AE%D8%AA%D8%AA%D8%A7%D9%85%DB%8C%D9%87-%D8%AF%D9%87%D9%85%DB%8C%D9%86-%D8%AF%D9%88%D8%B1%D9%87-%D8%A8%D8%B2%D8%B1%DA%AF%D8%AF%D8%A7%D8%B4%D8%AA-%D8%B1%D9%88%D8%B2-%D9%85%D9%84%DB%8C-%D8%A2%D8%B2%D9%85%D8%A7%DB%8C%D8%B4%DA%AF%D8%A7%D9%87-%D9%88-%D8%B2%D8%A7%D8%AF%D8%B1%D9%88%D8%B2-%D8%AD%DA%A9%DB%8C%D9%85-%D8%A7%D8%B3%D9%85%D8%A7%D8%B9%DB%8C%D9%84-%D8%AC%D8%B1%D8%AC%D8%A7%D9%86%DB%8C-%D8%AF%D8%B1-%D8%AF%D8%A7%D9%86%D8%B4%DA%AF%D8%A7%D9%87-%D8%B4%D9%87%D8%B1%DA%A9%D8%B1%D8%AF,verified,2026-08-12
shahrekord-discovery-unit-library-3a6185b1710d,shahrekord,Central Library and Documentation Center,library,,,,https://sku.ac.ir/en/Vice-President/research/Office/1002/Central-Library-and-Documentation-Center,verified,2026-08-12
shahrekord-discovery-unit-technology-3b1cc5db7024,shahrekord,مرکز رشد دانشگاه شهرکرد,technology,,,,https://www.sku.ac.ir/roshd,verified,2026-08-12
shahrekord-discovery-unit-laboratory-d9391f6906a2,shahrekord,سامانه رزرو منابع,laboratory,,,,https://sarv.sku.ac.ir/,verified,2026-08-12
shahrekord-discovery-unit-it-f98a7e2c0848,shahrekord,حضور اعضای شورای راهبری فناوری اطلاعات وزارت علوم، تحقیقات و فناوری در دانشگاه شهرکرد,it,,organizationally-attributed,,https://www.sku.ac.ir/Vice-President/research/News/5644/%D8%AD%D8%B6%D9%88%D8%B1-%D8%A7%D8%B9%D8%B6%D8%A7%DB%8C-%D8%B4%D9%88%D8%B1%D8%A7%DB%8C-%D8%B1%D8%A7%D9%87%D8%A8%D8%B1%DB%8C-%D9%81%D9%86%D8%A7%D9%88%D8%B1%DB%8C-%D8%A7%D8%B7%D9%84%D8%A7%D8%B9%D8%A7%D8%AA-%D9%88%D8%B2%D8%A7%D8%B1%D8%AA-%D8%B9%D9%84%D9%88%D9%85%D8%8C-%D8%AA%D8%AD%D9%82%DB%8C%D9%82%D8%A7%D8%AA-%D9%88-%D9%81%D9%86%D8%A7%D9%88%D8%B1%DB%8C-%D8%AF%D8%B1-%D8%AF%D8%A7%D9%86%D8%B4%DA%AF%D8%A7%D9%87-%D8%B4%D9%87%D8%B1%DA%A9%D8%B1%D8%AF,verified,2026-08-12
shahrekord-discovery-unit-library-5f090fabd953,shahrekord,سامانه مدیریت نشریات علمی دانشگاه شهرکرد,library,,,,https://journals.sku.ac.ir/,verified,2026-08-12
shahrekord-discovery-unit-library-18df74fd3f6a,shahrekord,سامانه مدیریت نشریات علمی دانشگاه شهرکرد,library,,,,https://journals.sku.ac.ir/contact.us,verified,2026-08-12
shahrekord-discovery-unit-library-acfa69a43205,shahrekord,سامانه مدیریت نشریات علمی دانشگاه شهرکرد,library,,,,https://journals.sku.ac.ir/rss,verified,2026-08-12
qom-discovery-unit-library-448fa3d7be8d,qom,معاونت پژوهشی دانشگاه قم - کتابخانه مرکزی و مرکز اسناد,library,,,,https://research.qom.ac.ir/%da%a9%d8%aa%d8%a7%d8%a8%d8%ae%d8%a7%d9%86%d9%87-%d9%85%d8%b1%da%a9%d8%b2%db%8c-%d9%88-%d9%85%d8%b1%da%a9%d8%b2-%d8%a7%d8%b3%d9%86%d8%a7%d8%af,verified,2026-08-12
qom-discovery-unit-industry-9db73eeeb543,qom,معاونت پژوهشی دانشگاه قم - پیوندهای مفید ارتباط با صنعت,industry,,,,https://research.qom.ac.ir/%D9%BE%DB%8C%D9%88%D9%86%D8%AF%D9%87%D8%A7%DB%8C-%D9%85%D9%81%DB%8C%D8%AF-%D8%A7%D8%B1%D8%AA%D8%A8%D8%A7%D8%B7-%D8%A8%D8%A7-%D8%B5%D9%86%D8%B9%D8%AA,verified,2026-08-12
qom-discovery-unit-research-68c7aa0b77c7,qom,معاونت پژوهشی دانشگاه قم - واحدهای پژوهشی و فناوری,research,,,,https://research.qom.ac.ir/%D9%88%D8%A7%D8%AD%D8%AF%D9%87%D8%A7%DB%8C-%D9%BE%DA%98%D9%88%D9%87%D8%B4%DB%8C-%D9%88-%D9%81%D9%86%D8%A7%D9%88%D8%B1%DB%8C,verified,2026-08-12
alzahra-discovery-unit-laboratory-5e98b6099073,alzahra,آزمایشگاه مرکزی - معاونت پژوهشي و فناوري,laboratory,,,,https://research.alzahra.ac.ir/%D8%A2%D8%B2%D9%85%D8%A7%DB%8C%D8%B4%DA%AF%D8%A7%D9%87-%D9%85%D8%B1%DA%A9%D8%B2%DB%8C,verified,2026-08-12
alzahra-discovery-unit-industry-1eec5e51039a,alzahra,معارفه رئیس گروه ارتباط با صنعت و جامعه - معاونت پژوهشي و فناوري,industry,,,,https://alzahra.ac.ir/fa/web/research/w/%D9%85%D8%B9%D8%A7%D8%B1%D9%81%D9%87-%D8%B1%D8%A6%DB%8C%D8%B3-%DA%AF%D8%B1%D9%88%D9%87-%D8%A7%D8%B1%D8%AA%D8%A8%D8%A7%D8%B7-%D8%A8%D8%A7-%D8%B5%D9%86%D8%B9%D8%AA-%D9%88-%D8%AC%D8%A7%D9%85%D8%B9%D9%87?p_l_back_url=%2Fweb%2Fresearch%2F%25D8%25A7%25D8%25B1%25D8%25B4%25DB%258C%25D9%2588-%25D8%25A7%25D8%25AE%25D8%25A8%25D8%25A7%25D8%25B1-%25D8%25AA%25D8%25B5%25D9%2588%25DB%258C%25D8%25B1%25DB%258C%3Fsort%3DdisplayDate-,verified,2026-08-12
alzahra-discovery-unit-industry-2bd0b73f9457,alzahra,معارفه رئیس گروه ارتباط با صنعت و جامعه - معاونت پژوهشي و فناوري,industry,,,,https://alzahra.ac.ir/fa/web/research/w/%D9%85%D8%B9%D8%A7%D8%B1%D9%81%D9%87-%D8%B1%D8%A6%DB%8C%D8%B3-%DA%AF%D8%B1%D9%88%D9%87-%D8%A7%D8%B1%D8%AA%D8%A8%D8%A7%D8%B7-%D8%A8%D8%A7-%D8%B5%D9%86%D8%B9%D8%AA-%D9%88-%D8%AC%D8%A7%D9%85%D8%B9%D9%87?p_l_back_url=%2Fweb%2Fresearch%2F%25D8%25A7%25D8%25B1%25D8%25B4%25DB%258C%25D9%2588-%25D8%25A7%25D8%25AE%25D8%25A8%25D8%25A7%25D8%25B1-%25D8%25AA%25D8%25B5%25D9%2588%25DB%258C%25D8%25B1%25DB%258C%3Fsort%3DdisplayDate-%26category%3D13371716,verified,2026-08-12
alzahra-discovery-unit-industry-0c2b602bb2f4,alzahra,معارفه رئیس گروه ارتباط با صنعت و جامعه - معاونت پژوهشي و فناوري,industry,,,,https://alzahra.ac.ir/fa/web/research/w/%D9%85%D8%B9%D8%A7%D8%B1%D9%81%D9%87-%D8%B1%D8%A6%DB%8C%D8%B3-%DA%AF%D8%B1%D9%88%D9%87-%D8%A7%D8%B1%D8%AA%D8%A8%D8%A7%D8%B7-%D8%A8%D8%A7-%D8%B5%D9%86%D8%B9%D8%AA-%D9%88-%D8%AC%D8%A7%D9%85%D8%B9%D9%87?p_l_back_url=%2Fweb%2Fresearch%2F%25D8%25A7%25D8%25B1%25D8%25B4%25DB%258C%25D9%2588-%25D8%25A7%25D8%25AE%25D8%25A8%25D8%25A7%25D8%25B1-%25D8%25AA%25D8%25B5%25D9%2588%25DB%258C%25D8%25B1%25DB%258C%3Fsort%3DdisplayDate-%26category%3D13617254,verified,2026-08-12
alzahra-discovery-unit-library-ce74729d0416,alzahra,ارشیو تازه های انتشارات - معاونت پژوهشي و فناوري,library,,,,https://alzahra.ac.ir/web/research/%D8%A7%D8%B1%D8%B4%DB%8C%D9%88-%D8%AA%D8%A7%D8%B2%D9%87-%D9%87%D8%A7%DB%8C-%D8%A7%D9%86%D8%AA%D8%B4%D8%A7%D8%B1%D8%A7%D8%AA?sort=displayDate-,verified,2026-08-12
alzahra-discovery-unit-library-d12d88abc68e,alzahra,ارشیو تازه های انتشارات - معاونت پژوهشي و فناوري,library,,,,https://alzahra.ac.ir/web/research/%D8%A7%D8%B1%D8%B4%DB%8C%D9%88-%D8%AA%D8%A7%D8%B2%D9%87-%D9%87%D8%A7%DB%8C-%D8%A7%D9%86%D8%AA%D8%B4%D8%A7%D8%B1%D8%A7%D8%AA?sort=displayDate-&category=13371726,verified,2026-08-12
alzahra-discovery-unit-library-67d81c3d5053,alzahra,رونمایی از دو کتاب انتشارات دانشگاه الزهرا - معاونت پژوهشي و فناوري,library,,,,https://alzahra.ac.ir/fa/web/research/w/%D8%B1%D9%88%D9%86%D9%85%D8%A7%DB%8C%DB%8C-%D8%A7%D8%B2-%D8%AF%D9%88-%DA%A9%D8%AA%D8%A7%D8%A8-%D8%A7%D9%86%D8%AA%D8%B4%D8%A7%D8%B1%D8%A7%D8%AA-%D8%AF%D8%A7%D9%86%D8%B4%DA%AF%D8%A7%D9%87-%D8%A7%D9%84%D8%B2%D9%87%D8%B1%D8%A7?p_l_back_url=%2Fweb%2Fresearch%2F%25D8%25A7%25D8%25B1%25D8%25B4%25DB%258C%25D9%2588-%25D8%25AA%25D8%25A7%25D8%25B2%25D9%2587-%25D9%2587%25D8%25A7%25DB%258C-%25D8%25A7%25D9%2586%25D8%25AA%25D8%25B4%25D8%25A7%25D8%25B1%25D8%25A7%25D8%25AA%3Fsort%3DdisplayDate-,verified,2026-08-12
alzahra-discovery-unit-library-568252e44587,alzahra,رونمایی از دو کتاب انتشارات دانشگاه الزهرا - معاونت پژوهشي و فناوري,library,,,,https://alzahra.ac.ir/fa/web/research/w/%D8%B1%D9%88%D9%86%D9%85%D8%A7%DB%8C%DB%8C-%D8%A7%D8%B2-%D8%AF%D9%88-%DA%A9%D8%AA%D8%A7%D8%A8-%D8%A7%D9%86%D8%AA%D8%B4%D8%A7%D8%B1%D8%A7%D8%AA-%D8%AF%D8%A7%D9%86%D8%B4%DA%AF%D8%A7%D9%87-%D8%A7%D9%84%D8%B2%D9%87%D8%B1%D8%A7?p_l_back_url=%2Fweb%2Fresearch%2F%25D8%25A7%25D8%25B1%25D8%25B4%25DB%258C%25D9%2588-%25D8%25AA%25D8%25A7%25D8%25B2%25D9%2587-%25D9%2587%25D8%25A7%25DB%258C-%25D8%25A7%25D9%2586%25D8%25AA%25D8%25B4%25D8%25A7%25D8%25B1%25D8%25A7%25D8%25AA%3Fsort%3DdisplayDate-%26category%3D13371726,verified,2026-08-12
alzahra-discovery-unit-library-39bcfa8073b3,alzahra,تودیع و معارفه رئیس انتشارات و تالیفات علمی معاونت پژوهش و فناوری دانشگاه - معاونت پژوهشي و فناوري,library,,,,https://alzahra.ac.ir/fa/web/research/w/%D8%AA%D9%88%D8%AF%DB%8C%D8%B9-%D9%88-%D9%85%D8%B9%D8%A7%D8%B1%D9%81%D9%87-%D8%B1%D8%A6%DB%8C%D8%B3-%D8%A7%D9%86%D8%AA%D8%B4%D8%A7%D8%B1%D8%A7%D8%AA-%D9%88-%D8%AA%D8%A7%D9%84%DB%8C%D9%81%D8%A7%D8%AA-%D8%B9%D9%84%D9%85%DB%8C-%D9%85%D8%B9%D8%A7%D9%88%D9%86?p_l_back_url=%2Fweb%2Fresearch%2F%25D8%25A7%25D8%25B1%25D8%25B4%25DB%258C%25D9%2588-%25D8%25A7%25D8%25AE%25D8%25A8%25D8%25A7%25D8%25B1-%25D8%25AA%25D8%25B5%25D9%2588%25DB%258C%25D8%25B1%25DB%258C%3Fsort%3DdisplayDate-,verified,2026-08-12
alzahra-discovery-unit-technology-b22a5e49c4fe,alzahra,تودیع و معارفه رئیس مرکز نوآوری و شکوفایی دانشگاه - معاونت پژوهشي و فناوري,technology,,,,https://alzahra.ac.ir/fa/web/research/w/%D8%AC%D9%84%D8%B3%D9%87-%D8%AA%D9%88%D8%AF%DB%8C%D8%B9-%D9%88-%D9%85%D8%B9%D8%A7%D8%B1%D9%81%D9%87-%D9%85%D8%AF%DB%8C%D8%B1-%D9%85%D8%B1%DA%A9%D8%B2-%D9%86%D9%88%D8%A2%D9%88%D8%B1%DB%8C-%D9%88-%D8%B4%DA%A9%D9%88%D9%81%D8%A7%DB%8C%DB%8C?p_l_back_url=%2Fweb%2Fresearch%2F%25D8%25A7%25D8%25B1%25D8%25B4%25DB%258C%25D9%2588-%25D8%25A7%25D8%25AE%25D8%25A8%25D8%25A7%25D8%25B1-%25D8%25AA%25D8%25B5%25D9%2588%25DB%258C%25D8%25B1%25DB%258C%3Fsort%3DdisplayDate-,verified,2026-08-12
alzahra-discovery-unit-library-7c8c5c87d410,alzahra,حضور انتشارات دانشگاه الزهرا(س) در نمایشگاه بین المللی کتاب سال 1404 - معاونت پژوهشي و فناوري,library,,,,https://alzahra.ac.ir/fa/web/research/w/%D8%AD%D8%B6%D9%88%D8%B1-%D8%A7%D9%86%D8%AA%D8%B4%D8%A7%D8%B1%D8%A7%D8%AA-%D8%AF%D8%A7%D9%86%D8%B4%DA%AF%D8%A7%D9%87-%D8%A7%D9%84%D8%B2%D9%87%D8%B1%D8%A7-%D8%B3-%D8%AF%D8%B1-%D9%86%D9%85%D8%A7%DB%8C%D8%B4%DA%AF%D8%A7%D9%87-%D8%A8%DB%8C%D9%86-%D8%A7-1?p_l_back_url=%2Fweb%2Fresearch%2F%25D8%25A7%25D8%25B1%25D8%25B4%25DB%258C%25D9%2588-%25D8%25A7%25D8%25AE%25D8%25A8%25D8%25A7%25D8%25B1-%25D8%25AA%25D8%25B5%25D9%2588%25DB%258C%25D8%25B1%25DB%258C%3Fsort%3DdisplayDate-,verified,2026-08-12
alzahra-discovery-unit-library-eacf4d96a2c1,alzahra,تودیع و معارفه رئیس انتشارات و تالیفات علمی معاونت پژوهش و فناوری دانشگاه - معاونت پژوهشي و فناوري,library,,,,https://alzahra.ac.ir/fa/web/research/w/%D8%AA%D9%88%D8%AF%DB%8C%D8%B9-%D9%88-%D9%85%D8%B9%D8%A7%D8%B1%D9%81%D9%87-%D8%B1%D8%A6%DB%8C%D8%B3-%D8%A7%D9%86%D8%AA%D8%B4%D8%A7%D8%B1%D8%A7%D8%AA-%D9%88-%D8%AA%D8%A7%D9%84%DB%8C%D9%81%D8%A7%D8%AA-%D8%B9%D9%84%D9%85%DB%8C-%D9%85%D8%B9%D8%A7%D9%88%D9%86?p_l_back_url=%2Fweb%2Fresearch%2F%25D8%25A7%25D8%25B1%25D8%25B4%25DB%258C%25D9%2588-%25D8%25A7%25D8%25AE%25D8%25A8%25D8%25A7%25D8%25B1-%25D8%25AA%25D8%25B5%25D9%2588%25DB%258C%25D8%25B1%25DB%258C%3Fsort%3DdisplayDate-%26category%3D13371716,verified,2026-08-12
alzahra-discovery-unit-library-a209a9d67715,alzahra,تودیع و معارفه رئیس انتشارات و تالیفات علمی معاونت پژوهش و فناوری دانشگاه - معاونت پژوهشي و فناوري,library,,,,https://alzahra.ac.ir/fa/web/research/w/%D8%AA%D9%88%D8%AF%DB%8C%D8%B9-%D9%88-%D9%85%D8%B9%D8%A7%D8%B1%D9%81%D9%87-%D8%B1%D8%A6%DB%8C%D8%B3-%D8%A7%D9%86%D8%AA%D8%B4%D8%A7%D8%B1%D8%A7%D8%AA-%D9%88-%D8%AA%D8%A7%D9%84%DB%8C%D9%81%D8%A7%D8%AA-%D8%B9%D9%84%D9%85%DB%8C-%D9%85%D8%B9%D8%A7%D9%88%D9%86?p_l_back_url=%2Fweb%2Fresearch%2F%25D8%25A7%25D8%25B1%25D8%25B4%25DB%258C%25D9%2588-%25D8%25A7%25D8%25AE%25D8%25A8%25D8%25A7%25D8%25B1-%25D8%25AA%25D8%25B5%25D9%2588%25DB%258C%25D8%25B1%25DB%258C%3Fsort%3DdisplayDate-%26category%3D13617254,verified,2026-08-12
alzahra-discovery-unit-technology-bd7d892a5262,alzahra,تودیع و معارفه رئیس مرکز نوآوری و شکوفایی دانشگاه - معاونت پژوهشي و فناوري,technology,,,,https://alzahra.ac.ir/fa/web/research/w/%D8%AC%D9%84%D8%B3%D9%87-%D8%AA%D9%88%D8%AF%DB%8C%D8%B9-%D9%88-%D9%85%D8%B9%D8%A7%D8%B1%D9%81%D9%87-%D9%85%D8%AF%DB%8C%D8%B1-%D9%85%D8%B1%DA%A9%D8%B2-%D9%86%D9%88%D8%A2%D9%88%D8%B1%DB%8C-%D9%88-%D8%B4%DA%A9%D9%88%D9%81%D8%A7%DB%8C%DB%8C?p_l_back_url=%2Fweb%2Fresearch%2F%25D8%25A7%25D8%25B1%25D8%25B4%25DB%258C%25D9%2588-%25D8%25A7%25D8%25AE%25D8%25A8%25D8%25A7%25D8%25B1-%25D8%25AA%25D8%25B5%25D9%2588%25DB%258C%25D8%25B1%25DB%258C%3Fsort%3DdisplayDate-%26category%3D13371716,verified,2026-08-12
alzahra-discovery-unit-technology-81c7812db117,alzahra,تودیع و معارفه رئیس مرکز نوآوری و شکوفایی دانشگاه - معاونت پژوهشي و فناوري,technology,,,,https://alzahra.ac.ir/fa/web/research/w/%D8%AC%D9%84%D8%B3%D9%87-%D8%AA%D9%88%D8%AF%DB%8C%D8%B9-%D9%88-%D9%85%D8%B9%D8%A7%D8%B1%D9%81%D9%87-%D9%85%D8%AF%DB%8C%D8%B1-%D9%85%D8%B1%DA%A9%D8%B2-%D9%86%D9%88%D8%A2%D9%88%D8%B1%DB%8C-%D9%88-%D8%B4%DA%A9%D9%88%D9%81%D8%A7%DB%8C%DB%8C?p_l_back_url=%2Fweb%2Fresearch%2F%25D8%25A7%25D8%25B1%25D8%25B4%25DB%258C%25D9%2588-%25D8%25A7%25D8%25AE%25D8%25A8%25D8%25A7%25D8%25B1-%25D8%25AA%25D8%25B5%25D9%2588%25DB%258C%25D8%25B1%25DB%258C%3Fsort%3DdisplayDate-%26category%3D13617254,verified,2026-08-12
alzahra-discovery-unit-library-9cbf1b750078,alzahra,حضور انتشارات دانشگاه الزهرا(س) در نمایشگاه بین المللی کتاب سال 1404 - معاونت پژوهشي و فناوري,library,,,,https://alzahra.ac.ir/fa/web/research/w/%D8%AD%D8%B6%D9%88%D8%B1-%D8%A7%D9%86%D8%AA%D8%B4%D8%A7%D8%B1%D8%A7%D8%AA-%D8%AF%D8%A7%D9%86%D8%B4%DA%AF%D8%A7%D9%87-%D8%A7%D9%84%D8%B2%D9%87%D8%B1%D8%A7-%D8%B3-%D8%AF%D8%B1-%D9%86%D9%85%D8%A7%DB%8C%D8%B4%DA%AF%D8%A7%D9%87-%D8%A8%DB%8C%D9%86-%D8%A7-1?p_l_back_url=%2Fweb%2Fresearch%2F%25D8%25A7%25D8%25B1%25D8%25B4%25DB%258C%25D9%2588-%25D8%25A7%25D8%25AE%25D8%25A8%25D8%25A7%25D8%25B1-%25D8%25AA%25D8%25B5%25D9%2588%25DB%258C%25D8%25B1%25DB%258C%3Fsort%3DdisplayDate-%26category%3D13617254,verified,2026-08-12
alzahra-discovery-unit-library-ff0286a3598b,alzahra,"""نشریات دانشگاه الزهرا بر مدار بین المللی سازی"" - معاونت پژوهشي و فناوري",library,,,,https://research.alzahra.ac.ir/fa/w/-%D9%86%D8%B4%D8%B1%DB%8C%D8%A7%D8%AA-%D8%AF%D8%A7%D9%86%D8%B4%DA%AF%D8%A7%D9%87-%D8%A7%D9%84%D8%B2%D9%87%D8%B1%D8%A7-%D8%A8%D8%B1-%D9%85%D8%AF%D8%A7%D8%B1-%D8%A8%DB%8C%D9%86-%D8%A7%D9%84%D9%85%D9%84%D9%84%DB%8C-%D8%B3%D8%A7%D8%B2%DB%8C-?redirect=%2F,verified,2026-08-12
alzahra-discovery-unit-industry-744c5b82d4bf,alzahra,انتخاب چهار عضو هیات علمی دانشگاه الزهرا(س) به عنوان پژوهشگران برتر در حوزه ارتباط با جامعه و صنعت - معاونت پژوهشي و فناوري,industry,,,,https://research.alzahra.ac.ir/fa/w/%D8%A7%D9%86%D8%AA%D8%AE%D8%A7%D8%A8-%DA%86%D9%87%D8%A7%D8%B1-%D8%B9%D8%B6%D9%88-%D9%87%DB%8C%D8%A7%D8%AA-%D8%B9%D9%84%D9%85%DB%8C-%D8%AF%D8%A7%D9%86%D8%B4%DA%AF%D8%A7%D9%87-%D8%A7%D9%84%D8%B2%D9%87%D8%B1%D8%A7-%D8%B3-%D8%A8%D9%87-%D8%B9%D9%86%D9%88%D8%A7?redirect=%2F,verified,2026-08-12
alzahra-discovery-unit-industry-d8d2048313e7,alzahra,طرح های ارتباط با صنعت - معاونت پژوهشي و فناوري,industry,,,,https://research.alzahra.ac.ir/%D8%B7%D8%B1%D8%AD-%D9%87%D8%A7%DB%8C-%D8%A7%D8%B1%D8%AA%D8%A8%D8%A7%D8%B7-%D8%A8%D8%A7-%D8%B5%D9%86%D8%B9%D8%AA,verified,2026-08-12
alzahra-discovery-unit-library-f1fbb4e1fabf,alzahra,تودیع و معارفه رئیس انتشارات و تالیفات علمی معاونت پژوهش و فناوری دانشگاه - معاونت پژوهشي و فناوري,library,,,,https://research.alzahra.ac.ir/fa/w/%D8%AA%D9%88%D8%AF%DB%8C%D8%B9-%D9%88-%D9%85%D8%B9%D8%A7%D8%B1%D9%81%D9%87-%D8%B1%D8%A6%DB%8C%D8%B3-%D8%A7%D9%86%D8%AA%D8%B4%D8%A7%D8%B1%D8%A7%D8%AA-%D9%88-%D8%AA%D8%A7%D9%84%DB%8C%D9%81%D8%A7%D8%AA-%D8%B9%D9%84%D9%85%DB%8C-%D9%85%D8%B9%D8%A7%D9%88%D9%86?redirect=%2F,verified,2026-08-12
alzahra-discovery-unit-industry-d4169390d899,alzahra,معارفه رئیس گروه ارتباط با صنعت و جامعه - معاونت پژوهشي و فناوري,industry,,,,https://research.alzahra.ac.ir/fa/w/%D9%85%D8%B9%D8%A7%D8%B1%D9%81%D9%87-%D8%B1%D8%A6%DB%8C%D8%B3-%DA%AF%D8%B1%D9%88%D9%87-%D8%A7%D8%B1%D8%AA%D8%A8%D8%A7%D8%B7-%D8%A8%D8%A7-%D8%B5%D9%86%D8%B9%D8%AA-%D9%88-%D8%AC%D8%A7%D9%85%D8%B9%D9%87?redirect=%2F,verified,2026-08-12
alzahra-discovery-unit-technology-fea5b24aee78,alzahra,تودیع و معارفه رئیس مرکز نوآوری و شکوفایی دانشگاه - معاونت پژوهشي و فناوري,technology,,,,https://research.alzahra.ac.ir/fa/w/%D8%AC%D9%84%D8%B3%D9%87-%D8%AA%D9%88%D8%AF%DB%8C%D8%B9-%D9%88-%D9%85%D8%B9%D8%A7%D8%B1%D9%81%D9%87-%D9%85%D8%AF%DB%8C%D8%B1-%D9%85%D8%B1%DA%A9%D8%B2-%D9%86%D9%88%D8%A2%D9%88%D8%B1%DB%8C-%D9%88-%D8%B4%DA%A9%D9%88%D9%81%D8%A7%DB%8C%DB%8C?redirect=%2F,verified,2026-08-12
alzahra-discovery-unit-library-e1eab1e1dcf3,alzahra,پورتال کتابخانه مرکزی,library,,,,https://centrallib.alzahra.ac.ir/,verified,2026-08-12
mazandaran-discovery-unit-library-03eaaf312e32,mazandaran,کتابخانه مرکزی و مرکز اسناد - research,library,,,,https://umz.ac.ir/fa/web/research/library,verified,2026-08-12
mazandaran-discovery-unit-library-fa1b2cb40154,mazandaran,بازدید عضو کمیسیون اصل ۹۰ مجلس شورای اسلامی از کتابخانه مرکزی و مرکز اسناد دانشگاه مازندران - دانشگاه مازندران,library,,,,https://research.umz.ac.ir/fa/web/umz/w/%D8%A8%D8%A7%D8%B2%D8%AF%DB%8C%D8%AF-%D8%B9%D8%B6%D9%88-%DA%A9%D9%85%DB%8C%D8%B3%DB%8C%D9%88%D9%86-%D8%A7%D8%B5%D9%84-%DB%B9%DB%B0-%D9%85%D8%AC%D9%84%D8%B3-%D8%B4%D9%88%D8%B1%D8%A7%DB%8C-%D8%A7%D8%B3%D9%84%D8%A7%D9%85%DB%8C-%D8%A7%D8%B2-%DA%A9%D8%AA%D8%A7?p_l_back_url=%2Ffa%2Fweb%2Fumz%2Fsearch%3Fq%3D*%26tag%3D%25D8%25AE%25D8%25A8%25D8%25B1%2520%25D9%2585%25D8%25B9%25D8%25A7%25D9%2588%25D9%2586%25D8%25AA%2520%25D9%25BE%25DA%2598%25D9%2588%25D9%2587%25D8%25B4%25DB%258C%26delta%3D40,verified,2026-08-12
mazandaran-discovery-unit-library-d73e7352a861,mazandaran,بازدید عضو کمیسیون اصل ۹۰ مجلس شورای اسلامی از کتابخانه مرکزی و مرکز اسناد دانشگاه مازندران - دانشگاه مازندران,library,,,,https://research.umz.ac.ir/fa/web/umz/w/%D8%A8%D8%A7%D8%B2%D8%AF%DB%8C%D8%AF-%D8%B9%D8%B6%D9%88-%DA%A9%D9%85%DB%8C%D8%B3%DB%8C%D9%88%D9%86-%D8%A7%D8%B5%D9%84-%DB%B9%DB%B0-%D9%85%D8%AC%D9%84%D8%B3-%D8%B4%D9%88%D8%B1%D8%A7%DB%8C-%D8%A7%D8%B3%D9%84%D8%A7%D9%85%DB%8C-%D8%A7%D8%B2-%DA%A9%D8%AA%D8%A7?p_l_back_url=%2Ffa%2Fweb%2Fumz%2Fsearch%3Fq%3D*%26tag%3D%25D8%25AE%25D8%25A8%25D8%25B1%2520%25D9%2585%25D8%25B9%25D8%25A7%25D9%2588%25D9%2586%25D8%25AA%2520%25D9%25BE%25DA%2598%25D9%2588%25D9%2587%25D8%25B4%25DB%258C%26delta%3D60,verified,2026-08-12
mazandaran-discovery-unit-library-4b444d4cd396,mazandaran,بازدید عضو کمیسیون اصل ۹۰ مجلس شورای اسلامی از کتابخانه مرکزی و مرکز اسناد دانشگاه مازندران - دانشگاه مازندران,library,,,,https://research.umz.ac.ir/fa/web/umz/w/%D8%A8%D8%A7%D8%B2%D8%AF%DB%8C%D8%AF-%D8%B9%D8%B6%D9%88-%DA%A9%D9%85%DB%8C%D8%B3%DB%8C%D9%88%D9%86-%D8%A7%D8%B5%D9%84-%DB%B9%DB%B0-%D9%85%D8%AC%D9%84%D8%B3-%D8%B4%D9%88%D8%B1%D8%A7%DB%8C-%D8%A7%D8%B3%D9%84%D8%A7%D9%85%DB%8C-%D8%A7%D8%B2-%DA%A9%D8%AA%D8%A7?p_l_back_url=%2Ffa%2Fweb%2Fumz%2Fsearch%3Fq%3D*%26tag%3D%25D8%25AE%25D8%25A8%25D8%25B1%2520%25D9%2585%25D8%25B9%25D8%25A7%25D9%2588%25D9%2586%25D8%25AA%2520%25D9%25BE%25DA%2598%25D9%2588%25D9%2587%25D8%25B4%25DB%258C%26delta%3D60%26tag%3D%25D8%25AE%25D8%25A8%25D8%25B1%2B%25D8%25AF%25D8%25A7%25D9%2586%25D8%25B4%25DA%25A9%25D8%25AF%25D9%2587%2B%25D9%2581%25D9%2586%25DB%258C%2B%25D9%2588%2B%25D9%2585%25D9%2587%25D9%2586%25D8%25AF%25D8%25B3%25DB%258C,verified,2026-08-12
mazandaran-discovery-unit-library-514ac1f60e7f,mazandaran,بازدید عضو کمیسیون اصل ۹۰ مجلس شورای اسلامی از کتابخانه مرکزی و مرکز اسناد دانشگاه مازندران - دانشگاه مازندران,library,,,,https://research.umz.ac.ir/fa/web/umz/w/%D8%A8%D8%A7%D8%B2%D8%AF%DB%8C%D8%AF-%D8%B9%D8%B6%D9%88-%DA%A9%D9%85%DB%8C%D8%B3%DB%8C%D9%88%D9%86-%D8%A7%D8%B5%D9%84-%DB%B9%DB%B0-%D9%85%D8%AC%D9%84%D8%B3-%D8%B4%D9%88%D8%B1%D8%A7%DB%8C-%D8%A7%D8%B3%D9%84%D8%A7%D9%85%DB%8C-%D8%A7%D8%B2-%DA%A9%D8%AA%D8%A7?p_l_back_url=%2Ffa%2Fweb%2Fumz%2Fsearch%3Fq%3D*%26tag%3D%25D8%25AE%25D8%25A8%25D8%25B1%2520%25D9%2585%25D8%25B9%25D8%25A7%25D9%2588%25D9%2586%25D8%25AA%2520%25D9%25BE%25DA%2598%25D9%2588%25D9%2587%25D8%25B4%25DB%258C%26delta%3D60%26tag%3D%25D8%25AE%25D8%25A8%25D8%25B1%2B%25D8%25AF%25D8%25A7%25D9%2586%25D8%25B4%25DA%25A9%25D8%25AF%25D9%2587%2B%25D9%2581%25D9%2586%25DB%258C%2B%25D9%2588%2B%25D9%2585%25D9%2587%25D9%2586%25D8%25AF%25D8%25B3%25DB%258C%26tag%3D%25D8%25AE%25D8%25A8%25D8%25B1%2B%25D8%25AF%25D8%25A7%25D9%2586%25D8%25B4%25DA%25A9%25D8%25AF%25D9%2587%2B%25D8%25A7%25D9%2584%25D9%2587%25DB%258C%25D8%25A7%25D8%25AA,verified,2026-08-12
mazandaran-discovery-unit-library-5040cc1d8b93,mazandaran,بازدید عضو کمیسیون اصل ۹۰ مجلس شورای اسلامی از کتابخانه مرکزی و مرکز اسناد دانشگاه مازندران - دانشگاه مازندران,library,,,,https://research.umz.ac.ir/fa/web/umz/w/%D8%A8%D8%A7%D8%B2%D8%AF%DB%8C%D8%AF-%D8%B9%D8%B6%D9%88-%DA%A9%D9%85%DB%8C%D8%B3%DB%8C%D9%88%D9%86-%D8%A7%D8%B5%D9%84-%DB%B9%DB%B0-%D9%85%D8%AC%D9%84%D8%B3-%D8%B4%D9%88%D8%B1%D8%A7%DB%8C-%D8%A7%D8%B3%D9%84%D8%A7%D9%85%DB%8C-%D8%A7%D8%B2-%DA%A9%D8%AA%D8%A7?p_l_back_url=%2Ffa%2Fweb%2Fumz%2Fsearch%3Fq%3D*%26tag%3D%25D8%25AE%25D8%25A8%25D8%25B1%2520%25D9%2585%25D8%25B9%25D8%25A7%25D9%2588%25D9%2586%25D8%25AA%2520%25D9%25BE%25DA%2598%25D9%2588%25D9%2587%25D8%25B4%25DB%258C%26delta%3D60%26tag%3D%25D8%25AE%25D8%25A8%25D8%25B1%2B%25D8%25AF%25D8%25A7%25D9%2586%25D8%25B4%25DA%25A9%25D8%25AF%25D9%2587%2B%25D9%2581%25D9%2586%25DB%258C%2B%25D9%2588%2B%25D9%2585%25D9%2587%25D9%2586%25D8%25AF%25D8%25B3%25DB%258C%26tag%3D%25D8%25AE%25D8%25A8%25D8%25B1%2B%25D8%25AF%25D8%25A7%25D9%2586%25D8%25B4%25DA%25A9%25D8%25AF%25D9%2587%2B%25D8%25A7%25D9%2584%25D9%2587%25DB%258C%25D8%25A7%25D8%25AA%26tag%3D%25D8%25AE%25D8%25A8%25D8%25B1%2B%25D8%25AF%25D8%25A7%25D9%2586%25D8%25B4%25DA%25A9%25D8%25AF%25D9%2587%2B%25D8%25A7%25D9%2582%25D8%25AA%25D8%25B5%25D8%25A7%25D8%25AF,verified,2026-08-12
mazandaran-discovery-unit-library-95dd230060b2,mazandaran,بازدید عضو کمیسیون اصل ۹۰ مجلس شورای اسلامی از کتابخانه مرکزی و مرکز اسناد دانشگاه مازندران - دانشگاه مازندران,library,,,,https://research.umz.ac.ir/fa/web/umz/w/%D8%A8%D8%A7%D8%B2%D8%AF%DB%8C%D8%AF-%D8%B9%D8%B6%D9%88-%DA%A9%D9%85%DB%8C%D8%B3%DB%8C%D9%88%D9%86-%D8%A7%D8%B5%D9%84-%DB%B9%DB%B0-%D9%85%D8%AC%D9%84%D8%B3-%D8%B4%D9%88%D8%B1%D8%A7%DB%8C-%D8%A7%D8%B3%D9%84%D8%A7%D9%85%DB%8C-%D8%A7%D8%B2-%DA%A9%D8%AA%D8%A7?p_l_back_url=%2Ffa%2Fweb%2Fumz%2Fsearch%3Fq%3D*%26tag%3D%25D8%25AE%25D8%25A8%25D8%25B1%2520%25D9%2585%25D8%25B9%25D8%25A7%25D9%2588%25D9%2586%25D8%25AA%2520%25D9%25BE%25DA%2598%25D9%2588%25D9%2587%25D8%25B4%25DB%258C%26delta%3D60%26tag%3D%25D8%25AE%25D8%25A8%25D8%25B1%2B%25D8%25AF%25D8%25A7%25D9%2586%25D8%25B4%25DA%25A9%25D8%25AF%25D9%2587%2B%25D9%2581%25D9%2586%25DB%258C%2B%25D9%2588%2B%25D9%2585%25D9%2587%25D9%2586%25D8%25AF%25D8%25B3%25DB%258C%26tag%3D%25D8%25AE%25D8%25A8%25D8%25B1%2B%25D8%25AF%25D8%25A7%25D9%2586%25D8%25B4%25DA%25A9%25D8%25AF%25D9%2587%2B%25D8%25A7%25D9%2584%25D9%2587%25DB%258C%25D8%25A7%25D8%25AA%26tag%3D%25D8%25AE%25D8%25A8%25D8%25B1%2B%25D8%25AF%25D8%25A7%25D9%2586%25D8%25B4%25DA%25A9%25D8%25AF%25D9%2587%2B%25D9%2581%25D9%2586%25DB%258C,verified,2026-08-12
mazandaran-discovery-unit-library-2a89e5f03dbe,mazandaran,بازدید عضو کمیسیون اصل ۹۰ مجلس شورای اسلامی از کتابخانه مرکزی و مرکز اسناد دانشگاه مازندران - دانشگاه مازندران,library,,,,https://research.umz.ac.ir/fa/web/umz/w/%D8%A8%D8%A7%D8%B2%D8%AF%DB%8C%D8%AF-%D8%B9%D8%B6%D9%88-%DA%A9%D9%85%DB%8C%D8%B3%DB%8C%D9%88%D9%86-%D8%A7%D8%B5%D9%84-%DB%B9%DB%B0-%D9%85%D8%AC%D9%84%D8%B3-%D8%B4%D9%88%D8%B1%D8%A7%DB%8C-%D8%A7%D8%B3%D9%84%D8%A7%D9%85%DB%8C-%D8%A7%D8%B2-%DA%A9%D8%AA%D8%A7?p_l_back_url=%2Ffa%2Fweb%2Fumz%2Fsearch%3Fq%3D*%26tag%3D%25D8%25AE%25D8%25A8%25D8%25B1%2520%25D9%2585%25D8%25B9%25D8%25A7%25D9%2588%25D9%2586%25D8%25AA%2520%25D9%25BE%25DA%2598%25D9%2588%25D9%2587%25D8%25B4%25DB%258C%26delta%3D60%26tag%3D%25D8%25AE%25D8%25A8%25D8%25B1%2B%25D8%25AF%25D8%25A7%25D9%2586%25D8%25B4%25DA%25A9%25D8%25AF%25D9%2587%2B%25D9%2581%25D9%2586%25DB%258C%2B%25D9%2588%2B%25D9%2585%25D9%2587%25D9%2586%25D8%25AF%25D8%25B3%25DB%258C%26tag%3D%25D8%25AE%25D8%25A8%25D8%25B1%2B%25D8%25AF%25D8%25A7%25D9%2586%25D8%25B4%25DA%25A9%25D8%25AF%25D9%2587%2B%25D8%25A7%25D9%2584%25D9%2587%25DB%258C%25D8%25A7%25D8%25AA%26tag%3D%25D8%25A7%25D8%25B7%25D9%2584%25D8%25A7%25D8%25B9%25DB%258C%25D9%2587%2B%25D9%2585%25D8%25B9%25D8%25A7%25D9%2588%25D9%2586%25D8%25AA%2B%25D8%25A2%25D9%2585%25D9%2588%25D8%25B2%25D8%25B4%25DB%258C,verified,2026-08-12
mazandaran-discovery-unit-library-8eaf327ff15e,mazandaran,بازدید عضو کمیسیون اصل ۹۰ مجلس شورای اسلامی از کتابخانه مرکزی و مرکز اسناد دانشگاه مازندران - دانشگاه مازندران,library,,,,https://research.umz.ac.ir/fa/web/umz/w/%D8%A8%D8%A7%D8%B2%D8%AF%DB%8C%D8%AF-%D8%B9%D8%B6%D9%88-%DA%A9%D9%85%DB%8C%D8%B3%DB%8C%D9%88%D9%86-%D8%A7%D8%B5%D9%84-%DB%B9%DB%B0-%D9%85%D8%AC%D9%84%D8%B3-%D8%B4%D9%88%D8%B1%D8%A7%DB%8C-%D8%A7%D8%B3%D9%84%D8%A7%D9%85%DB%8C-%D8%A7%D8%B2-%DA%A9%D8%AA%D8%A7?p_l_back_url=%2Ffa%2Fweb%2Fumz%2Fsearch%3Fq%3D*%26tag%3D%25D8%25AE%25D8%25A8%25D8%25B1%2520%25D9%2585%25D8%25B9%25D8%25A7%25D9%2588%25D9%2586%25D8%25AA%2520%25D9%25BE%25DA%2598%25D9%2588%25D9%2587%25D8%25B4%25DB%258C%26delta%3D20%26start%3D2,verified,2026-08-12
mazandaran-discovery-unit-laboratory-28c3ff426fb3,mazandaran,صفحه نخست - آزمایشگاه مرکزی,laboratory,,,,https://lab.umz.ac.ir/,verified,2026-08-12
mazandaran-discovery-unit-laboratory-71777a240042,mazandaran,آیین نامه ها و فرم ها - آزمایشگاه مرکزی,laboratory,,,,https://lab.umz.ac.ir/%D8%A2%DB%8C%DB%8C%D9%86-%D9%86%D8%A7%D9%85%D9%87-%D9%87%D8%A7-%D9%88-%D9%81%D8%B1%D9%85-%D9%87%D8%A7,verified,2026-08-12
imam-khomeini-international-discovery-unit-industry-d07d402b6e6a,imam-khomeini-international,فرصت مطالعاتی جامعه و صنعت - معاونت پژوهشی و فناوری,industry,,,,https://ikiu.ac.ir/fa/web/deputy-of-research-technology/forsate-motaleati-jamee-va-sanat,verified,2026-08-12
imam-khomeini-international-discovery-unit-research-e5fbc4a95047,imam-khomeini-international,واحدهای پژوهشی - معاونت پژوهشی و فناوری,research,,,,https://ikiu.ac.ir/web/deputy-of-research-technology/%D9%88%D8%A7%D8%AD%D8%AF%D9%87%D8%A7%DB%8C-%D9%BE%DA%98%D9%88%D9%87%D8%B4%DB%8C,verified,2026-08-12
imam-khomeini-international-discovery-unit-research-46fe8bfc5b3e,imam-khomeini-international,چارت سازمانی معاونت پژوهشی و فناوری - معاونت پژوهشی و فناوری,research,,,,https://research.ikiu.ac.ir/fa/%DA%86%D8%A7%D8%B1%D8%AA-%D8%B3%D8%A7%D8%B2%D9%85%D8%A7%D9%86%DB%8C-%D9%85%D8%B9%D8%A7%D9%88%D9%86%D8%AA-%D9%BE%DA%98%D9%88%D9%87%D8%B4%DB%8C-%D9%88-%D9%81%D9%86%D8%A7%D9%88%D8%B1%DB%8C,verified,2026-08-12
imam-khomeini-international-discovery-unit-research-5c2e7b85ee80,imam-khomeini-international,چارت سازمانی معاونت پژوهشی و فناوری - معاونت پژوهشی و فناوری,research,,,,https://ikiu.ac.ir/web/deputy-of-research-technology/%DA%86%D8%A7%D8%B1%D8%AA-%D8%B3%D8%A7%D8%B2%D9%85%D8%A7%D9%86%DB%8C-%D9%85%D8%B9%D8%A7%D9%88%D9%86%D8%AA-%D9%BE%DA%98%D9%88%D9%87%D8%B4%DB%8C-%D9%88-%D9%81%D9%86%D8%A7%D9%88%D8%B1%DB%8C,verified,2026-08-12
imam-khomeini-international-discovery-unit-research-cc17d7ea9b21,imam-khomeini-international,چارت سازمانی معاونت پژوهشی و فناوری - معاونت پژوهشی و فناوری,research,,,,https://ikiu.ac.ir/fa/web/deputy-of-research-technology/%DA%86%D8%A7%D8%B1%D8%AA-%D8%B3%D8%A7%D8%B2%D9%85%D8%A7%D9%86%DB%8C-%D9%85%D8%B9%D8%A7%D9%88%D9%86%D8%AA-%D9%BE%DA%98%D9%88%D9%87%D8%B4%DB%8C-%D9%88-%D9%81%D9%86%D8%A7%D9%88%D8%B1%DB%8C,verified,2026-08-12
persian-gulf-discovery-unit-library-c9be887bda67,persian-gulf,عرض تسلیت به سرکارخانم دکتر طاهریان، رئیس کتابخانه مرکزی و انتشارات دانشگاه خلیج فارس – کتابخانه دانشگاه خلیج فارس,library,,,,https://lib.pgu.ac.ir/%d8%b9%d8%b1%d8%b6-%d8%aa%d8%b3%d9%84%db%8c%d8%aa-%d8%a8%d9%87-%d8%b3%d8%b1%da%a9%d8%a7%d8%b1%d8%ae%d8%a7%d9%86%d9%85-%d8%af%da%a9%d8%aa%d8%b1-%d8%b7%d8%a7%d9%87%d8%b1%db%8c%d8%a7%d9%86%d8%8c-%d8%b1/,verified,2026-08-12
persian-gulf-discovery-unit-library-156ad83082e6,persian-gulf,کارگاه‌ آموزشی «آشنایی با خدمات کتابخانه مرکزی و نحوه دسترسی به منابع علمی الکترونیک» – کتابخانه دانشگاه خلیج فارس,library,,,,https://lib.pgu.ac.ir/%da%a9%d8%a7%d8%b1%da%af%d8%a7%d9%87-%d8%a2%d9%85%d9%88%d8%b2%d8%b4%db%8c-%d8%a2%d8%b4%d9%86%d8%a7%db%8c%db%8c-%d8%a8%d8%a7-%d8%ae%d8%af%d9%85%d8%a7%d8%aa-%da%a9%d8%aa%d8%a7%d8%a8%d8%ae/,verified,2026-08-12
persian-gulf-discovery-unit-library-ca1fda827c8c,persian-gulf,توسعه همکاری‌های راهبردی دانشگاه خلیج فارس و اتاق بازرگانی بوشهر؛ عضویت رییس اتاق بازرگانی در کتابخانه مرکزی دانشگاه خلیج فارس | دانشگاه خلیج فارس,library,,,,https://pgu.ac.ir/fa/news/4875,verified,2026-08-12
persian-gulf-discovery-unit-technology-30afed225d74,persian-gulf,انتشار محصول جدید تیم فناور مرکز کارآفرینی و نوآوری دانشگاه خلیج فارس | دانشگاه خلیج فارس,technology,,,,https://pgu.ac.ir/fa/news/4954,verified,2026-08-12
persian-gulf-discovery-unit-library-aa96ab67b8ee,persian-gulf,کتابخانه دانشگاه خلیج فارس – کتابخانه الکترونیک و دیجیتال,library,,,,https://lib.pgu.ac.ir/,verified,2026-08-12
persian-gulf-discovery-unit-library-fbeca60ff443,persian-gulf,ارزیابی کیفیت خدمات کتابخانه مرکزی دانشگاه خلیج فارس – کتابخانه دانشگاه خلیج فارس,library,,,,https://lib.pgu.ac.ir/%d8%a7%d8%b1%d8%b2%db%8c%d8%a7%d8%a8%db%8c-%da%a9%db%8c%d9%81%db%8c%d8%aa-%d8%ae%d8%af%d9%85%d8%a7%d8%aa-%da%a9%d8%aa%d8%a7%d8%a8%d8%ae%d8%a7%d9%86%d9%87-%d9%85%d8%b1%da%a9%d8%b2%db%8c-%d8%af%d8%a7/,verified,2026-08-12
persian-gulf-discovery-unit-library-5e0eadf52e4a,persian-gulf,رونمایی کتاب‌های انتشارات دانشگاه خلیج فارس با حضور نویسندگان – کتابخانه دانشگاه خلیج فارس,library,,,,https://lib.pgu.ac.ir/%d8%b1%d9%88%d9%86%d9%85%d8%a7%db%8c%db%8c-%da%a9%d8%aa%d8%a7%d8%a8%d9%87%d8%a7%db%8c-%d8%a7%d9%86%d8%aa%d8%b4%d8%a7%d8%b1%d8%a7%d8%aa-%d8%af%d8%a7%d9%86%d8%b4%da%af%d8%a7%d9%87-%d8%ae%d9%84/,verified,2026-08-12
persian-gulf-discovery-unit-library-d65789a0e8a8,persian-gulf,ارائه فهرست جدید انتشارات مرکز نشر دانشگاهی – کتابخانه دانشگاه خلیج فارس,library,,,,https://lib.pgu.ac.ir/%d8%a7%d8%b1%d8%a7%d8%a6%d9%87-%d9%81%d9%87%d8%b1%d8%b3%d8%aa-%d8%ac%d8%af%db%8c%d8%af-%d8%a7%d9%86%d8%aa%d8%b4%d8%a7%d8%b1%d8%a7%d8%aa-%d9%85%d8%b1%da%a9%d8%b2-%d9%86%d8%b4%d8%b1-%d8%af%d8%a7%d9%86/,verified,2026-08-12
persian-gulf-discovery-unit-library-18ea60339278,persian-gulf,فهرست کتب جدیدالانتشار انتشارات دانشگاه فرهنگیان – کتابخانه دانشگاه خلیج فارس,library,,,,https://lib.pgu.ac.ir/%d8%a7%d9%86%d8%aa%d8%b4%d8%a7%d8%b1%d8%a7%d8%aa-%d8%af%d8%a7%d9%86%d8%b4%da%af%d8%a7%d9%87-%d9%81%d8%b1%d9%87%d9%86%da%af%db%8c%d8%a7%d9%86/,verified,2026-08-12
persian-gulf-discovery-unit-library-22f8a90d12b1,persian-gulf,ساعات کاری کتابخانه – کتابخانه دانشگاه خلیج فارس,library,,,,https://lib.pgu.ac.ir/%d8%b3%d8%a7%d8%b9%d8%a7%d8%aa-%da%a9%d8%a7%d8%b1%db%8c-%da%a9%d8%aa%d8%a7%d8%a8%d8%ae%d8%a7%d9%86%d9%87/,verified,2026-08-12
persian-gulf-discovery-unit-library-df2240e93863,persian-gulf,تعطیلی کتابخانه در ایام تابستان – کتابخانه دانشگاه خلیج فارس,library,,,,https://lib.pgu.ac.ir/%d8%aa%d8%b9%d8%b7%db%8c%d9%84%db%8c-%da%a9%d8%aa%d8%a7%d8%a8%d8%ae%d8%a7%d9%86%d9%87-%d8%af%d8%b1-%d8%a7%db%8c%d8%a7%d9%85-%d8%aa%d8%a7%d8%a8%d8%b3%d8%aa%d8%a7%d9%86/,verified,2026-08-12
persian-gulf-discovery-unit-library-d44f81e5dd1c,persian-gulf,اولین همایش کتابخانه‌های مرکزی دانشگاه‌های سراسر کشور – کتابخانه دانشگاه خلیج فارس,library,,,,https://lib.pgu.ac.ir/%d8%a7%d9%88%d9%84%db%8c%d9%86-%d9%87%d9%85%d8%a7%db%8c%d8%b4-%da%a9%d8%aa%d8%a7%d8%a8%d8%ae%d8%a7%d9%86%d9%87%e2%80%8c%d9%87%d8%a7%db%8c-%d9%85%d8%b1%da%a9%d8%b2%db%8c-%d8%af%d8%a7%d9%86%d8%b4%da%af/,verified,2026-08-12
persian-gulf-discovery-unit-library-bef0bbeb64cd,persian-gulf,همایش کتابخانه‌های مرکزی دانشگاه‌های سراسر کشور (زیر مجموعه وزارت عتف) – کتابخانه دانشگاه خلیج فارس,library,,,,https://lib.pgu.ac.ir/%d9%87%d9%85%d8%a7%db%8c%d8%b4-%da%a9%d8%aa%d8%a7%d8%a8%d8%ae%d8%a7%d9%86%d9%87%e2%80%8c%d9%87%d8%a7%db%8c-%d9%85%d8%b1%da%a9%d8%b2%db%8c-%d8%af%d8%a7%d9%86%d8%b4%da%af%d8%a7%d9%87%e2%80%8c%d9%87/,verified,2026-08-12
persian-gulf-discovery-unit-library-767c9bbb8fbe,persian-gulf,همایش بین کتابخانه‌های مرکزی دانشگاه‌های زیرمجموعه وزارت عتف برگزار گردید. – کتابخانه دانشگاه خلیج فارس,library,,,,https://lib.pgu.ac.ir/%d9%87%d9%85%d8%a7%db%8c%d8%b4-%d8%a8%db%8c%d9%86-%da%a9%d8%aa%d8%a7%d8%a8%d8%ae%d8%a7%d9%86%d9%87%e2%80%8c%d9%87%d8%a7%db%8c-%d9%85%d8%b1%da%a9%d8%b2%db%8c-%d8%af%d8%a7%d9%86%d8%b4%da%af%d8%a7%d9%87/,verified,2026-08-12
persian-gulf-discovery-unit-library-8e35eaeedbef,persian-gulf,آیین رونمایی از وبسایت کتابخانه‌های دانشگاهی و رونمایی از جلد نخست کتاب همایش ملی کتابخانه‌های مرکزی دانشگاه‌های سراسر کشور – کتابخانه دانشگاه خلیج فارس,library,,,,https://lib.pgu.ac.ir/%d8%a2%db%8c%db%8c%d9%86-%d8%b1%d9%88%d9%86%d9%85%d8%a7%db%8c%db%8c-%d8%a7%d8%b2-%d9%88%d8%a8%d8%b3%d8%a7%db%8c%d8%aa-%da%a9%d8%aa%d8%a7%d8%a8%d8%ae%d8%a7%d9%86%d9%87%e2%80%8c%d9%87%d8%a7%db%8c-%d8%af/,verified,2026-08-12
persian-gulf-discovery-unit-library-35ab8004d240,persian-gulf,نخستین نشست آموزشی شبکه کتابخانه‌های دانشگاهی کشور – کتابخانه دانشگاه خلیج فارس,library,,,,https://lib.pgu.ac.ir/%d9%86%d8%ae%d8%b3%d8%aa%db%8c%d9%86-%d9%86%d8%b4%d8%b3%d8%aa-%d8%a2%d9%85%d9%88%d8%b2%d8%b4%db%8c-%d8%b4%d8%a8%da%a9%d9%87-%da%a9%d8%aa%d8%a7%d8%a8%d8%ae%d8%a7%d9%86%d9%87%e2%80%8c%d9%87%d8%a7%db%8c/,verified,2026-08-12
persian-gulf-discovery-unit-library-887a290c5e66,persian-gulf,کتابخانه‌های عمومی و کسب و کارهای کوچک – کتابخانه دانشگاه خلیج فارس,library,,,,https://lib.pgu.ac.ir/%da%a9%d8%aa%d8%a7%d8%a8%d8%ae%d8%a7%d9%86%d9%87%d9%87%d8%a7%db%8c-%d8%b9%d9%85%d9%88%d9%85%db%8c-%d9%88-%da%a9%d8%b3%d8%a8-%d9%88-%da%a9%d8%a7%d8%b1%d9%87%d8%a7%db%8c-%da%a9%d9%88%da%86/,verified,2026-08-12
persian-gulf-discovery-unit-library-26125c5de5de,persian-gulf,گردهمایی مدیران و معاونان کتابخانه‌های دانشگاه‌ها و پژوهشگاه‌های سراسرکشور، در دانشگاه تربیت مدرس – کتابخانه دانشگاه خلیج فارس,library,,,,https://lib.pgu.ac.ir/%da%af%d8%b1%d8%af%d9%87%d9%85%d8%a7%db%8c%db%8c-%d9%85%d8%af%db%8c%d8%b1%d8%a7%d9%86-%d9%88-%d9%85%d8%b9%d8%a7%d9%88%d9%86%d8%a7%d9%86-%da%a9%d8%aa%d8%a7%d8%a8%d8%ae%d8%a7%d9%86%d9%87%d9%87/,verified,2026-08-12
zanjan-discovery-unit-laboratory-f9f0a0bd4533,zanjan,آزمایشگاه مرکزی و اداره تجهیزات آزمایشگاهی - دانشگاه زنجان | University of zanjan,laboratory,,,,https://clab.znu.ac.ir/,verified,2026-08-12
zanjan-discovery-unit-library-6941ae86ebb8,zanjan,کتابخانه مرکزی و مرکز اسناد دانشگاه زنجان,library,,,,http://library.znu.ac.ir/simorghportal/tabid/34/ctl/Privacy/Default.aspx,verified,2026-08-12
zanjan-discovery-unit-library-c83e2a87bdfa,zanjan,کتابخانه مرکزی و مرکز اسناد دانشگاه زنجان,library,,,,http://library.znu.ac.ir/simorghportal/tabid/34/ctl/Terms/Default.aspx,verified,2026-08-12
zanjan-discovery-unit-research-af100cd69fe7,zanjan,مدیریت امور پژوهشی - دانشگاه زنجان | University of zanjan,research,,,,https://resmng.znu.ac.ir/,verified,2026-08-12
zanjan-discovery-unit-library-f9407973195c,zanjan,مدیریت امور پژوهشی - دانشگاه زنجان | University of zanjan,library,,,,https://resmng.znu.ac.ir/rules/scientific-publications-country,verified,2026-08-12
zanjan-discovery-unit-research-c4b2a593588c,zanjan,مدیریت امور پژوهشی - دانشگاه زنجان | University of zanjan,research,,,,https://resmng.znu.ac.ir/page/home-resmng,verified,2026-08-12
zanjan-discovery-unit-it-4005e06a8362,zanjan,گروه توسعه فناوری اطلاعات، امنیت و هوشمندسازی - دانشگاه زنجان | University of zanjan,it,,organizationally-attributed,,https://it.znu.ac.ir/,verified,2026-08-12
zanjan-discovery-unit-research-3479dd5aa79e,zanjan,سامانه مدیریت پژوهش(سمپ) دانشگاه زنجان,research,,,,https://samp.znu.ac.ir/,verified,2026-08-12
zanjan-discovery-unit-library-4b81ad0821af,zanjan,مدیریت امور پژوهشی - دانشگاه زنجان | University of zanjan,library,,,,https://resmng.znu.ac.ir/page/domestic-scientific-journals-rsr,verified,2026-08-12
zanjan-discovery-unit-library-de5c8260124b,zanjan,معاونت پژوهش و فناوری - دانشگاه زنجان | University of zanjan,library,,,,https://research.znu.ac.ir/services/publishing-workflow-book-authoring-rsr,verified,2026-08-12
zanjan-discovery-unit-technology-572302c9ccd7,zanjan,معاونت پژوهش و فناوری - دانشگاه زنجان | University of zanjan,technology,,,,https://research.znu.ac.ir/services/tech-transfer-rsr,verified,2026-08-12
zanjan-discovery-unit-technology-0f46e1be168d,zanjan,مدیریت امور فناوری و ارتباط با جامعه - دانشگاه زنجان | University of zanjan,technology,,,,https://tacs.znu.ac.ir/rules/ekhtera,verified,2026-08-12
ilam-discovery-unit-industry-b02f9626e2af,ilam,.:: ارتباط با صنعت و جامعه ::.,industry,,,,https://www.ilam.ac.ir/dep/sanat/,verified,2026-08-12
ilam-discovery-unit-industry-6f3708284a0d,ilam,.:: ارتباط با صنعت و جامعه ::.,industry,,,,https://www.ilam.ac.ir/dep/sanat/page/ihwffwyzw-%D9%84%D9%8A%D8%B3%D8%AA-%D9%81%D8%B1%D8%B5%D8%AA%E2%80%8C-%D9%85%D8%B7%D8%A7%D9%84%D8%B9%D8%A7%D8%AA%D9%8A-%D8%AC%D8%A7%D9%85%D8%B9%D9%87-%D9%88-%D8%B5%D9%86%D8%B9%D8%AA-%D8%AF%D8%A7%D9%86%D8%B4%DA%AF%D8%A7%D9%87-%D8%A7%D9%8A%D9%84%D8%A7%D9%85,verified,2026-08-12
ilam-discovery-unit-library-8f59f1b9a8cd,ilam,فرايند ثبت نام و تسويه در کتابخانه مرکزي,library,,,,https://www.ilam.ac.ir/forms/show/?ihwfsquyk-%D9%81%D8%B1%D8%A7%DB%8C%D9%86%D8%AF-%D8%AB%D8%A8%D8%AA-%D9%86%D8%A7%D9%85-%D9%88-%D8%AA%D8%B3%D9%88%DB%8C%D9%87-%D8%AF%D8%B1-%DA%A9%D8%AA%D8%A7%D8%A8%D8%AE%D8%A7%D9%86%D9%87-%D9%85%D8%B1%DA%A9%D8%B2%DB%8C,verified,2026-08-12
ilam-discovery-unit-industry-5710b55e58d0,ilam,.:: ارتباط با صنعت و جامعه ::.,industry,,,,https://www.ilam.ac.ir/dep403/sanat,verified,2026-08-12
ilam-discovery-unit-industry-01f55bbdfbda,ilam,.:: ارتباط با صنعت و جامعه ::.,industry,,,,https://www.ilam.ac.ir/dep/sanat/page/ihwfszxyw-%D8%B4%D9%8A%D9%88%D9%87%E2%80%8C%D9%86%D8%A7%D9%85%D9%87-%D8%A7%D8%AC%D8%B1%D8%A7%D9%8A%D9%8A-%D9%81%D8%B1%D8%B5%D8%AA-%D9%85%D8%B7%D8%A7%D9%84%D8%B9%D8%A7%D8%AA%D9%8A-%D8%AF%D8%A7%D8%AE%D9%84%D9%8A-,verified,2026-08-12
ilam-discovery-unit-industry-a3047a771a79,ilam,.:: ارتباط با صنعت و جامعه ::.,industry,,,,https://www.ilam.ac.ir/dep/sanat/page/ihwfszfkz-%D8%B4%D9%8A%D9%88%D9%87%E2%80%8C%D9%86%D8%A7%D9%85%D9%87-%D9%81%D8%B1%D8%B5%D8%AA-%D9%85%D8%B7%D8%A7%D9%84%D8%B9%D8%A7%D8%AA%D9%8A-%D8%A7%D8%B9%D8%B6%D8%A7%D9%8A-%D9%87%D9%8A%D8%A6%D8%AA-%D8%B9%D9%84%D9%85%D9%8A,verified,2026-08-12
hakim-sabzevari-discovery-unit-library-f37b20528260,hakim-sabzevari,افتتاح اتاق فکر دانشجویی کتابخانهٔ مرکزی – پایگاه اطلاع رسانی کتابخانه مرکزی، موزه و مرکز اسناد,library,,,,http://www.hsu.ac.ir/lib/2024/05/26/%d8%a7%d9%81%d8%aa%d8%aa%d8%a7%d8%ad-%d8%a7%d8%aa%d8%a7%d9%82-%d9%81%da%a9%d8%b1-%d8%af%d8%a7%d9%86%d8%b4%d8%ac%d9%88%db%8c%db%8c-%da%a9%d8%aa%d8%a7%d8%a8%d8%ae%d8%a7%d9%86%d9%87%d9%94-%d9%85%d8%b1/,verified,2026-08-12
hakim-sabzevari-discovery-unit-library-c1803b823348,hakim-sabzevari,افتتاح اتاق فکر دانشجویی کتابخانهٔ مرکزی – پایگاه اطلاع رسانی کتابخانه مرکزی، موزه و مرکز اسناد,library,,,,https://www.hsu.ac.ir/lib/2024/05/26/%d8%a7%d9%81%d8%aa%d8%aa%d8%a7%d8%ad-%d8%a7%d8%aa%d8%a7%d9%82-%d9%81%da%a9%d8%b1-%d8%af%d8%a7%d9%86%d8%b4%d8%ac%d9%88%db%8c%db%8c-%da%a9%d8%aa%d8%a7%d8%a8%d8%ae%d8%a7%d9%86%d9%87%d9%94-%d9%85%d8%b1/,verified,2026-08-12
hakim-sabzevari-discovery-unit-library-85ac8c05ddaf,hakim-sabzevari,افتتاح اتاق فکر دانشجویی کتابخانهٔ مرکزی، موزه و مرکز اسناد و نشست بررسی راهکارهای اعتلای جایگاه کتابخوانی – دانشگاه حکیم سبزواری,library,,,,https://www.hsu.ac.ir/%D8%A7%D9%81%D8%AA%D8%AA%D8%A7%D8%AD-%D8%A7%D8%AA%D8%A7%D9%82-%D9%81%DA%A9%D8%B1-%D8%AF%D8%A7%D9%86%D8%B4%D8%AC%D9%88%DB%8C%DB%8C-%DA%A9%D8%AA%D8%A7%D8%A8%D8%AE%D8%A7%D9%86%D9%87%D9%94-%D9%85%D8%B1/,verified,2026-08-12
hakim-sabzevari-discovery-unit-library-2660b029061e,hakim-sabzevari,بازديد سرزده رئيس دانشگاه از کتابخانه مرکزي – دانشگاه حکیم سبزواری,library,,,,https://www.hsu.ac.ir/%d8%a8%d8%a7%d8%b2%d8%af%d9%8a%d8%af-%d8%b3%d8%b1%d8%b2%d8%af%d9%87-%d8%b1%d8%a6%d9%8a%d8%b3-%d8%af%d8%a7%d9%86%d8%b4%da%af%d8%a7%d9%87-%d8%a7%d8%b2-%da%a9%d8%aa%d8%a7%d8%a8%d8%ae%d8%a7%d9%86%d9%87/,verified,2026-08-12
hakim-sabzevari-discovery-unit-library-de225c72fb56,hakim-sabzevari,گفتگو با رئیس کتابخانه مرکزی به مناسبت هفته کتاب و کتابخوانی – دانشگاه حکیم سبزواری,library,,,,https://www.hsu.ac.ir/%da%af%d9%81%d8%aa%da%af%d9%88-%d8%a8%d8%a7-%d8%b1%d8%a6%db%8c%d8%b3-%da%a9%d8%aa%d8%a7%d8%a8%d8%ae%d8%a7%d9%86%d9%87-%d9%85%d8%b1%da%a9%d8%b2%db%8c-%d8%a8%d9%87-%d9%85%d9%86%d8%a7%d8%b3%d8%a8%d8%aa/,verified,2026-08-12
hakim-sabzevari-discovery-unit-technology-ff63fa780b83,hakim-sabzevari,ارائه علمی_عملیاتی درس کارآفرینی در دانشگاه حکیم سبزواری – دانشگاه حکیم سبزواری,technology,,,,https://www.hsu.ac.ir/%d8%a7%d8%b1%d8%a7%d8%a6%d9%87-%d8%b9%d9%84%d9%85%db%8c_%d8%b9%d9%85%d9%84%db%8c%d8%a7%d8%aa%db%8c-%d8%af%d8%b1%d8%b3-%da%a9%d8%a7%d8%b1%d8%a2%d9%81%d8%b1%db%8c%d9%86%db%8c-%d8%af%d8%b1-%d8%af%d8%a7/,verified,2026-08-12
hakim-sabzevari-discovery-unit-library-b829286b321d,hakim-sabzevari,کتابخانه سروقدی بر غنای تصویری خود افزود – دانشگاه حکیم سبزواری,library,,,,https://www.hsu.ac.ir/%da%a9%d8%aa%d8%a7%d8%a8%d8%ae%d8%a7%d9%86%d9%87-%d8%b3%d8%b1%d9%88%d9%82%d8%af%db%8c-%d8%a8%d8%b1-%d8%ba%d9%86%d8%a7%db%8c-%d8%aa%d8%b5%d9%88%db%8c%d8%b1%db%8c-%d8%ae%d9%88%d8%af-%d8%a7%d9%81%d8%b2/,verified,2026-08-12
hakim-sabzevari-discovery-unit-library-d0cada4a1db0,hakim-sabzevari,کتابخانه ها – دانشگاه حکیم سبزواری,library,,,,https://www.hsu.ac.ir/%da%a9%d8%aa%d8%a7%d8%a8%d8%ae%d8%a7%d9%86%d9%87-%d9%87%d8%a7/,verified,2026-08-12
hakim-sabzevari-discovery-unit-library-97ab84f8e5a0,hakim-sabzevari,شروع به کار کتابخانه صوتي زبان فرانسه – دانشگاه حکیم سبزواری,library,,,,https://www.hsu.ac.ir/%d8%b4%d8%b1%d9%88%d8%b9-%d8%a8%d9%87-%da%a9%d8%a7%d8%b1-%da%a9%d8%aa%d8%a7%d8%a8%d8%ae%d8%a7%d9%86%d9%87-%d8%b5%d9%88%d8%aa%d9%8a-%d8%b2%d8%a8%d8%a7%d9%86-%d9%81%d8%b1%d8%a7%d9%86%d8%b3%d9%87/,verified,2026-08-12
arak-discovery-unit-library-0758cbc731d8,arak,آیین تکریم و معارفه مدیران سابق و جدید کتابخانه مرکزی و مرکز اسناد دانشگاه اراک برگزار شد. - معاونت پژوهشی و فناوری,library,,,,https://araku.ac.ir/fa/web/research/w/%D8%A2%DB%8C%DB%8C%D9%86-%D8%AA%DA%A9%D8%B1%DB%8C%D9%85-%D9%88-%D9%85%D8%B9%D8%A7%D8%B1%D9%81%D9%87-%D9%85%D8%AF%DB%8C%D8%B1%D8%A7%D9%86-%D8%B3%D8%A7%D8%A8%D9%82-%D9%88-%D8%AC%D8%AF%DB%8C%D8%AF-%DA%A9%D8%AA%D8%A7%D8%A8%D8%AE%D8%A7%D9%86%D9%87-%D9%85%D8%B1?redirect=%2Ffa%2Fweb%2Fresearch%2Fhome,verified,2026-08-12
arak-discovery-unit-library-f20d4154d885,arak,آیین تکریم و معارفه مدیران سابق و جدید کتابخانه مرکزی و مرکز اسناد دانشگاه اراک برگزار شد. - معاونت پژوهشی و فناوری,library,,,,https://araku.ac.ir/fa/web/research/w/%D8%A2%DB%8C%DB%8C%D9%86-%D8%AA%DA%A9%D8%B1%DB%8C%D9%85-%D9%88-%D9%85%D8%B9%D8%A7%D8%B1%D9%81%D9%87-%D9%85%D8%AF%DB%8C%D8%B1%D8%A7%D9%86-%D8%B3%D8%A7%D8%A8%D9%82-%D9%88-%D8%AC%D8%AF%DB%8C%D8%AF-%DA%A9%D8%AA%D8%A7%D8%A8%D8%AE%D8%A7%D9%86%D9%87-%D9%85%D8%B1?redirect=%2Fweb%2Fresearch%2Fhome,verified,2026-08-12
arak-discovery-unit-technology-7ba74ee59329,arak,برگزاری نشست مشترک دانشگاه اراک و شرکت دانش‌بنیان و مادر تخصصی ماشین‌سازی اراک - معاونت پژوهشی و فناوری,technology,,,,https://research.araku.ac.ir/fa/w/%D8%A8%D8%B1%DA%AF%D8%B2%D8%A7%D8%B1%DB%8C-%D9%86%D8%B4%D8%B3%D8%AA-%D9%85%D8%B4%D8%AA%D8%B1%DA%A9-%D8%AF%D8%A7%D9%86%D8%B4%DA%AF%D8%A7%D9%87-%D8%A7%D8%B1%D8%A7%DA%A9-%D9%88-%D8%B4%D8%B1%DA%A9%D8%AA-%D8%AF%D8%A7%D9%86%D8%B4%E2%80%8C%D8%A8%D9%86%DB%8C?redirect=%2Fhome,verified,2026-08-12
arak-discovery-unit-technology-91dc74c6d272,arak,برگزاری نشست مشترک دانشگاه اراک و شرکت دانش‌بنیان و مادر تخصصی ماشین‌سازی اراک - معاونت پژوهشی و فناوری,technology,,,,https://araku.ac.ir/fa/web/research/w/%D8%A8%D8%B1%DA%AF%D8%B2%D8%A7%D8%B1%DB%8C-%D9%86%D8%B4%D8%B3%D8%AA-%D9%85%D8%B4%D8%AA%D8%B1%DA%A9-%D8%AF%D8%A7%D9%86%D8%B4%DA%AF%D8%A7%D9%87-%D8%A7%D8%B1%D8%A7%DA%A9-%D9%88-%D8%B4%D8%B1%DA%A9%D8%AA-%D8%AF%D8%A7%D9%86%D8%B4%E2%80%8C%D8%A8%D9%86%DB%8C?redirect=%2Ffa%2Fweb%2Fresearch%2Fhome,verified,2026-08-12
arak-discovery-unit-technology-7d42e074df28,arak,برگزاری نشست مشترک دانشگاه اراک و شرکت دانش‌بنیان و مادر تخصصی ماشین‌سازی اراک - معاونت پژوهشی و فناوری,technology,,,,https://araku.ac.ir/fa/web/research/w/%D8%A8%D8%B1%DA%AF%D8%B2%D8%A7%D8%B1%DB%8C-%D9%86%D8%B4%D8%B3%D8%AA-%D9%85%D8%B4%D8%AA%D8%B1%DA%A9-%D8%AF%D8%A7%D9%86%D8%B4%DA%AF%D8%A7%D9%87-%D8%A7%D8%B1%D8%A7%DA%A9-%D9%88-%D8%B4%D8%B1%DA%A9%D8%AA-%D8%AF%D8%A7%D9%86%D8%B4%E2%80%8C%D8%A8%D9%86%DB%8C?redirect=%2Fweb%2Fresearch%2Fhome,verified,2026-08-12
arak-discovery-unit-laboratory-2cf460b612b9,arak,صفحه اصلی - آزمایشگاه مرکزی,laboratory,,,,https://new.araku.ac.ir/web/lab,verified,2026-08-12
arak-discovery-unit-library-cc3965289225,arak,صفحه اصلی - کتابخانه مرکزی و مرکز اسناد,library,,,,https://research.araku.ac.ir/web/library/home,verified,2026-08-12
arak-discovery-unit-library-4b8dbdab8b2c,arak,ارتباط با ما - کتابخانه مرکزی و مرکز اسناد,library,,,,https://research.araku.ac.ir/web/library/%D8%A7%D8%B1%D8%AA%D8%A8%D8%A7%D8%B7-%D8%A8%D8%A7-%D9%85%D8%A7,verified,2026-08-12
arak-discovery-unit-library-efab42d2f3f5,arak,آیین تکریم و معارفه مدیران سابق و جدید کتابخانه مرکزی و مرکز اسناد دانشگاه اراک برگزار شد. - معاونت پژوهشی و فناوری,library,,,,https://araku.ac.ir/web/research/w/%D8%A2%DB%8C%DB%8C%D9%86-%D8%AA%DA%A9%D8%B1%DB%8C%D9%85-%D9%88-%D9%85%D8%B9%D8%A7%D8%B1%D9%81%D9%87-%D9%85%D8%AF%DB%8C%D8%B1%D8%A7%D9%86-%D8%B3%D8%A7%D8%A8%D9%82-%D9%88-%D8%AC%D8%AF%DB%8C%D8%AF-%DA%A9%D8%AA%D8%A7%D8%A8%D8%AE%D8%A7%D9%86%D9%87-%D9%85%D8%B1?redirect=%2Fweb%2Fresearch,verified,2026-08-12
arak-discovery-unit-library-9d53384ef842,arak,آیین تکریم و معارفه مدیران سابق و جدید کتابخانه مرکزی و مرکز اسناد دانشگاه اراک برگزار شد. - معاونت پژوهشی و فناوری,library,,,,https://araku.ac.ir/web/research/w/%D8%A2%DB%8C%DB%8C%D9%86-%D8%AA%DA%A9%D8%B1%DB%8C%D9%85-%D9%88-%D9%85%D8%B9%D8%A7%D8%B1%D9%81%D9%87-%D9%85%D8%AF%DB%8C%D8%B1%D8%A7%D9%86-%D8%B3%D8%A7%D8%A8%D9%82-%D9%88-%D8%AC%D8%AF%DB%8C%D8%AF-%DA%A9%D8%AA%D8%A7%D8%A8%D8%AE%D8%A7%D9%86%D9%87-%D9%85%D8%B1?redirect=%2Ffa%2Fweb%2Fresearch%2Fhome,verified,2026-08-12
arak-discovery-unit-library-158db9c8f817,arak,آیین تکریم و معارفه مدیران سابق و جدید کتابخانه مرکزی و مرکز اسناد دانشگاه اراک برگزار شد. - معاونت پژوهشی و فناوری,library,,,,https://araku.ac.ir/web/research/w/%D8%A2%DB%8C%DB%8C%D9%86-%D8%AA%DA%A9%D8%B1%DB%8C%D9%85-%D9%88-%D9%85%D8%B9%D8%A7%D8%B1%D9%81%D9%87-%D9%85%D8%AF%DB%8C%D8%B1%D8%A7%D9%86-%D8%B3%D8%A7%D8%A8%D9%82-%D9%88-%D8%AC%D8%AF%DB%8C%D8%AF-%DA%A9%D8%AA%D8%A7%D8%A8%D8%AE%D8%A7%D9%86%D9%87-%D9%85%D8%B1?redirect=%2Fweb%2Fresearch%2Fhome,verified,2026-08-12
arak-discovery-unit-industry-5724b9f3bb67,arak,صفحه اصلی - مدیریت ارتباط با صنعت و جامعه,industry,,,,https://new.araku.ac.ir/web/indust,verified,2026-08-12
arak-discovery-unit-research-6a3488c0e6b8,arak,چارت سازمانی - معاونت پژوهشی و فناوری,research,,,,https://research.araku.ac.ir/%DA%86%D8%A7%D8%B1%D8%AA-%D8%B3%D8%A7%D8%B2%D9%85%D8%A7%D9%86%DB%8C,verified,2026-08-12
arak-discovery-unit-research-63803423f861,arak,صفحه اصلی - مدیریت امور پژوهشی,research,,,,https://araku.ac.ir/web/rsh,verified,2026-08-12
arak-discovery-unit-research-700c8e394721,arak,چارت سازمانی - معاونت پژوهشی و فناوری,research,,,,https://araku.ac.ir/fa/web/research/%DA%86%D8%A7%D8%B1%D8%AA-%D8%B3%D8%A7%D8%B2%D9%85%D8%A7%D9%86%DB%8C,verified,2026-08-12
arak-discovery-unit-research-85e5518d2a15,arak,چارت سازمانی - معاونت پژوهشی و فناوری,research,,,,https://araku.ac.ir/web/research/%DA%86%D8%A7%D8%B1%D8%AA-%D8%B3%D8%A7%D8%B2%D9%85%D8%A7%D9%86%DB%8C,verified,2026-08-12
arak-discovery-unit-technology-c5fc9fc12bf5,arak,برگزاری نشست مشترک دانشگاه اراک و شرکت دانش‌بنیان و مادر تخصصی ماشین‌سازی اراک - معاونت پژوهشی و فناوری,technology,,,,https://araku.ac.ir/web/research/w/%D8%A8%D8%B1%DA%AF%D8%B2%D8%A7%D8%B1%DB%8C-%D9%86%D8%B4%D8%B3%D8%AA-%D9%85%D8%B4%D8%AA%D8%B1%DA%A9-%D8%AF%D8%A7%D9%86%D8%B4%DA%AF%D8%A7%D9%87-%D8%A7%D8%B1%D8%A7%DA%A9-%D9%88-%D8%B4%D8%B1%DA%A9%D8%AA-%D8%AF%D8%A7%D9%86%D8%B4%E2%80%8C%D8%A8%D9%86%DB%8C?redirect=%2Fweb%2Fresearch,verified,2026-08-12
arak-discovery-unit-technology-311fc4324493,arak,برگزاری نشست مشترک دانشگاه اراک و شرکت دانش‌بنیان و مادر تخصصی ماشین‌سازی اراک - معاونت پژوهشی و فناوری,technology,,,,https://araku.ac.ir/web/research/w/%D8%A8%D8%B1%DA%AF%D8%B2%D8%A7%D8%B1%DB%8C-%D9%86%D8%B4%D8%B3%D8%AA-%D9%85%D8%B4%D8%AA%D8%B1%DA%A9-%D8%AF%D8%A7%D9%86%D8%B4%DA%AF%D8%A7%D9%87-%D8%A7%D8%B1%D8%A7%DA%A9-%D9%88-%D8%B4%D8%B1%DA%A9%D8%AA-%D8%AF%D8%A7%D9%86%D8%B4%E2%80%8C%D8%A8%D9%86%DB%8C?redirect=%2Ffa%2Fweb%2Fresearch%2Fhome,verified,2026-08-12
arak-discovery-unit-technology-3574cb5f0436,arak,برگزاری نشست مشترک دانشگاه اراک و شرکت دانش‌بنیان و مادر تخصصی ماشین‌سازی اراک - معاونت پژوهشی و فناوری,technology,,,,https://araku.ac.ir/web/research/w/%D8%A8%D8%B1%DA%AF%D8%B2%D8%A7%D8%B1%DB%8C-%D9%86%D8%B4%D8%B3%D8%AA-%D9%85%D8%B4%D8%AA%D8%B1%DA%A9-%D8%AF%D8%A7%D9%86%D8%B4%DA%AF%D8%A7%D9%87-%D8%A7%D8%B1%D8%A7%DA%A9-%D9%88-%D8%B4%D8%B1%DA%A9%D8%AA-%D8%AF%D8%A7%D9%86%D8%B4%E2%80%8C%D8%A8%D9%86%DB%8C?redirect=%2Fweb%2Fresearch%2Fhome,verified,2026-08-12
arak-discovery-unit-research-7ba74ee59329,arak,برگزاری نشست مشترک دانشگاه اراک و شرکت دانش‌بنیان و مادر تخصصی ماشین‌سازی اراک - معاونت پژوهشی و فناوری,research,,,,https://research.araku.ac.ir/fa/w/%D8%A8%D8%B1%DA%AF%D8%B2%D8%A7%D8%B1%DB%8C-%D9%86%D8%B4%D8%B3%D8%AA-%D9%85%D8%B4%D8%AA%D8%B1%DA%A9-%D8%AF%D8%A7%D9%86%D8%B4%DA%AF%D8%A7%D9%87-%D8%A7%D8%B1%D8%A7%DA%A9-%D9%88-%D8%B4%D8%B1%DA%A9%D8%AA-%D8%AF%D8%A7%D9%86%D8%B4%E2%80%8C%D8%A8%D9%86%DB%8C?redirect=%2Fhome,verified,2026-08-12
arak-discovery-unit-research-91dc74c6d272,arak,برگزاری نشست مشترک دانشگاه اراک و شرکت دانش‌بنیان و مادر تخصصی ماشین‌سازی اراک - معاونت پژوهشی و فناوری,research,,,,https://araku.ac.ir/fa/web/research/w/%D8%A8%D8%B1%DA%AF%D8%B2%D8%A7%D8%B1%DB%8C-%D9%86%D8%B4%D8%B3%D8%AA-%D9%85%D8%B4%D8%AA%D8%B1%DA%A9-%D8%AF%D8%A7%D9%86%D8%B4%DA%AF%D8%A7%D9%87-%D8%A7%D8%B1%D8%A7%DA%A9-%D9%88-%D8%B4%D8%B1%DA%A9%D8%AA-%D8%AF%D8%A7%D9%86%D8%B4%E2%80%8C%D8%A8%D9%86%DB%8C?redirect=%2Ffa%2Fweb%2Fresearch%2Fhome,verified,2026-08-12
arak-discovery-unit-research-7d42e074df28,arak,برگزاری نشست مشترک دانشگاه اراک و شرکت دانش‌بنیان و مادر تخصصی ماشین‌سازی اراک - معاونت پژوهشی و فناوری,research,,,,https://araku.ac.ir/fa/web/research/w/%D8%A8%D8%B1%DA%AF%D8%B2%D8%A7%D8%B1%DB%8C-%D9%86%D8%B4%D8%B3%D8%AA-%D9%85%D8%B4%D8%AA%D8%B1%DA%A9-%D8%AF%D8%A7%D9%86%D8%B4%DA%AF%D8%A7%D9%87-%D8%A7%D8%B1%D8%A7%DA%A9-%D9%88-%D8%B4%D8%B1%DA%A9%D8%AA-%D8%AF%D8%A7%D9%86%D8%B4%E2%80%8C%D8%A8%D9%86%DB%8C?redirect=%2Fweb%2Fresearch%2Fhome,verified,2026-08-12
azarbaijan-shahid-madani-discovery-unit-technology-8d330a554fde,azarbaijan-shahid-madani,اعلام برنامه کارگاه های توانمندسازی در حوزه فناوری و نوآوری حوزه معاونت پژوهش و فناوری - معاونت پژوهش و فناوری دانشگاه شهید مدنی آذربایجان,technology,,,,https://research.azaruniv.ac.ir/News/93/%d8%a7%d8%b9%d9%84%d8%a7%d9%85-%d8%a8%d8%b1%d9%86%d8%a7%d9%85%d9%87-%da%a9%d8%a7%d8%b1%da%af%d8%a7%d9%87-%d9%87%d8%a7%db%8c-%d8%aa%d9%88%d8%a7%d9%86%d9%85%d9%86%d8%af%d8%b3%d8%a7%d8%b2%db%8c-%d8%af%d8%b1-%d8%ad%d9%88%d8%b2%d9%87-%d9%81%d9%86%d8%a7%d9%88%d8%b1%db%8c-%d9%88-%d9%86%d9%88%d8%a2%d9%88%d8%b1%db%8c-%d8%ad%d9%88%d8%b2%d9%87-%d9%85%d8%b9%d8%a7%d9%88%d9%86%d8%aa-%d9%be%da%98%d9%88%d9%87%d8%b4-%d9%88-%d9%81%d9%86%d8%a7%d9%88%d8%b1%db%8c.html,verified,2026-08-12
azarbaijan-shahid-madani-discovery-unit-industry-9ac6b4f5fc3a,azarbaijan-shahid-madani,برنامه کلاسی دروس مهارتی مرکز ارتقا شایستگی حرفه ای دانشجویان (SCD) و گروه کارآفرینی و ارتباط با جامعه و صنعت دانشگاه - معاونت پژوهش و فناوری دانشگاه شهید مدنی آذربایجان,industry,,,,https://research.azaruniv.ac.ir/News/95/%d8%a8%d8%b1%d9%86%d8%a7%d9%85%d9%87-%da%a9%d9%84%d8%a7%d8%b3%db%8c-%d8%af%d8%b1%d9%88%d8%b3-%d9%85%d9%87%d8%a7%d8%b1%d8%aa%db%8c-%d9%85%d8%b1%da%a9%d8%b2-%d8%a7%d8%b1%d8%aa%d9%82%d8%a7-%d8%b4%d8%a7%db%8c%d8%b3%d8%aa%da%af%db%8c-%d8%ad%d8%b1%d9%81%d9%87-%d8%a7%db%8c-%d8%af%d8%a7%d9%86%d8%b4%d8%ac%d9%88%db%8c%d8%a7%d9%86-(SCD)-%d9%88-%da%af%d8%b1%d9%88%d9%87-%da%a9%d8%a7%d8%b1%d8%a2%d9%81%d8%b1%db%8c%d9%86%db%8c-%d9%88-%d8%a7%d8%b1%d8%aa%d8%a8%d8%a7%d8%b7-%d8%a8%d8%a7-%d8%ac%d8%a7%d9%85%d8%b9%d9%87-%d9%88-%d8%b5%d9%86%d8%b9%d8%aa-%d8%af%d8%a7%d9%86%d8%b4%da%af%d8%a7%d9%87.html,verified,2026-08-12
azarbaijan-shahid-madani-discovery-unit-technology-1c2efc1cca37,azarbaijan-shahid-madani,حسین گون کور، سرکنسول کشور ترکیه در تبریز، در روز چهارشنبه ۲۶ تیر ماه، از مرکز رشد واحدهای فناور و مرکز نوآوری دانشگاه، واقع در پردیس تبریز این دانشگاه، بازدید نمود. - معاونت پژوهش و فناوری دانشگاه شهید مدنی آذربایجان,technology,,,,https://research.azaruniv.ac.ir/News/134/%d8%ad%d8%b3%db%8c%d9%86-%da%af%d9%88%d9%86-%da%a9%d9%88%d8%b1%d8%8c-%d8%b3%d8%b1%da%a9%d9%86%d8%b3%d9%88%d9%84-%da%a9%d8%b4%d9%88%d8%b1-%d8%aa%d8%b1%da%a9%db%8c%d9%87-%d8%af%d8%b1-%d8%aa%d8%a8%d8%b1%db%8c%d8%b2%d8%8c-%d8%af%d8%b1-%d8%b1%d9%88%d8%b2-%da%86%d9%87%d8%a7%d8%b1%d8%b4%d9%86%d8%a8%d9%87-%db%b2%db%b6-%d8%aa%db%8c%d8%b1-%d9%85%d8%a7%d9%87%d8%8c-%d8%a7%d8%b2-%d9%85%d8%b1%da%a9%d8%b2-%d8%b1%d8%b4%d8%af-%d9%88%d8%a7%d8%ad%d8%af%d9%87%d8%a7%db%8c-%d9%81%d9%86%d8%a7%d9%88%d8%b1-%d9%88-%d9%85%d8%b1%da%a9%d8%b2-%d9%86%d9%88%d8%a2%d9%88%d8%b1%db%8c-%d8%af%d8%a7%d9%86%d8%b4%da%af%d8%a7%d9%87%d8%8c-%d9%88%d8%a7%d9%82%d8%b9-%d8%af%d8%b1-%d9%be%d8%b1%d8%af%db%8c%d8%b3-%d8%aa%d8%a8%d8%b1%db%8c%d8%b2-%d8%a7%db%8c%d9%86-%d8%af%d8%a7%d9%86%d8%b4%da%af%d8%a7%d9%87%d8%8c-%d8%a8%d8%a7%d8%b2%d8%af%db%8c%d8%af-%d9%86%d9%85%d9%88%d8%af-.html,verified,2026-08-12
azarbaijan-shahid-madani-discovery-unit-laboratory-e836723118fa,azarbaijan-shahid-madani,"کارگاه آموزشی""بهداشت ایمنی و محیط زیست""(HSE) توسط آزمایشگاه مرکزی برگزار می شود. - معاونت پژوهش و فناوری دانشگاه شهید مدنی آذربایجان",laboratory,,,,https://research.azaruniv.ac.ir/News/124/%da%a9%d8%a7%d8%b1%da%af%d8%a7%d9%87-%d8%a2%d9%85%d9%88%d8%b2%d8%b4%db%8c-%d8%a8%d9%87%d8%af%d8%a7%d8%b4%d8%aa--%d8%a7%db%8c%d9%85%d9%86%db%8c-%d9%88-%d9%85%d8%ad%db%8c%d8%b7-%d8%b2%db%8c%d8%b3%d8%aa-(HSE)-%d8%aa%d9%88%d8%b3%d8%b7-%d8%a2%d8%b2%d9%85%d8%a7%db%8c%d8%b4%da%af%d8%a7%d9%87-%d9%85%d8%b1%da%a9%d8%b2%db%8c-%d8%a8%d8%b1%da%af%d8%b2%d8%a7%d8%b1-%d9%85%db%8c-%d8%b4%d9%88%d8%af-.html,verified,2026-08-12
azarbaijan-shahid-madani-discovery-unit-library-0ca0319582fb,azarbaijan-shahid-madani,با حضور رئیس دانشگاه شهید مدنی آذربایجان، کتابخانه های دانشکده های ادبیات و الهیات به سیستم مکانیزاسیون مبتنی بر تکنولوژی RFID مجهزشد. - معاونت پژوهش و فناوری دانشگاه شهید مدنی آذربایجان,library,,,,https://research.azaruniv.ac.ir/News/122/%d8%a8%d8%a7-%d8%ad%d8%b6%d9%88%d8%b1-%d8%b1%d8%a6%db%8c%d8%b3-%d8%af%d8%a7%d9%86%d8%b4%da%af%d8%a7%d9%87-%d8%b4%d9%87%db%8c%d8%af-%d9%85%d8%af%d9%86%db%8c-%d8%a2%d8%b0%d8%b1%d8%a8%d8%a7%db%8c%d8%ac%d8%a7%d9%86%d8%8c-%da%a9%d8%aa%d8%a7%d8%a8%d8%ae%d8%a7%d9%86%d9%87-%d9%87%d8%a7%db%8c--%d8%af%d8%a7%d9%86%d8%b4%da%a9%d8%af%d9%87-%d9%87%d8%a7%db%8c-%d8%a7%d8%af%d8%a8%db%8c%d8%a7%d8%aa-%d9%88-%d8%a7%d9%84%d9%87%db%8c%d8%a7%d8%aa-%d8%a8%d9%87-%d8%b3%db%8c%d8%b3%d8%aa%d9%85-%d9%85%da%a9%d8%a7%d9%86%db%8c%d8%b2%d8%a7%d8%b3%db%8c%d9%88%d9%86-%d9%85%d8%a8%d8%aa%d9%86%db%8c-%d8%a8%d8%b1-%d8%aa%da%a9%d9%86%d9%88%d9%84%d9%88%da%98%db%8c-RFID--%d9%85%d8%ac%d9%87%d8%b2%d8%b4%d8%af-.html,verified,2026-08-12
azarbaijan-shahid-madani-discovery-unit-industry-47e82635e2a2,azarbaijan-shahid-madani,معاونت پژوهش و فناوری دانشگاه شهید مدنی آذربایجان، اولین دوره مدرسه تابستانی خود را برگزار می کند. - معاونت پژوهش و فناوری دانشگاه شهید مدنی آذربایجان,industry,,,,https://research.azaruniv.ac.ir/News/136/%d9%85%d8%b9%d8%a7%d9%88%d9%86%d8%aa-%d9%be%da%98%d9%88%d9%87%d8%b4-%d9%88-%d9%81%d9%86%d8%a7%d9%88%d8%b1%db%8c-%d8%af%d8%a7%d9%86%d8%b4%da%af%d8%a7%d9%87-%d8%b4%d9%87%db%8c%d8%af-%d9%85%d8%af%d9%86%db%8c-%d8%a2%d8%b0%d8%b1%d8%a8%d8%a7%db%8c%d8%ac%d8%a7%d9%86%d8%8c-%d8%a7%d9%88%d9%84%db%8c%d9%86-%d8%af%d9%88%d8%b1%d9%87-%d9%85%d8%af%d8%b1%d8%b3%d9%87-%d8%aa%d8%a7%d8%a8%d8%b3%d8%aa%d8%a7%d9%86%db%8c-%d8%ae%d9%88%d8%af-%d8%b1%d8%a7-%d8%a8%d8%b1%da%af%d8%b2%d8%a7%d8%b1-%d9%85%db%8c-%da%a9%d9%86%d8%af-.html,verified,2026-08-12
azarbaijan-shahid-madani-discovery-unit-industry-415be73b08b9,azarbaijan-shahid-madani,معاونت پژوهش و فناوری دانشگاه مدرسه تابستانی سال 98 را برگزار کرد. - معاونت پژوهش و فناوری دانشگاه شهید مدنی آذربایجان,industry,,,,https://research.azaruniv.ac.ir/News/139/%d9%85%d8%b9%d8%a7%d9%88%d9%86%d8%aa-%d9%be%da%98%d9%88%d9%87%d8%b4-%d9%88-%d9%81%d9%86%d8%a7%d9%88%d8%b1%db%8c-%d8%af%d8%a7%d9%86%d8%b4%da%af%d8%a7%d9%87-%d9%85%d8%af%d8%b1%d8%b3%d9%87-%d8%aa%d8%a7%d8%a8%d8%b3%d8%aa%d8%a7%d9%86%db%8c-%d8%b3%d8%a7%d9%84-98-%d8%b1%d8%a7-%d8%a8%d8%b1%da%af%d8%b2%d8%a7%d8%b1-%da%a9%d8%b1%d8%af-.html,verified,2026-08-12
azarbaijan-shahid-madani-discovery-unit-technology-fa2bcd1b6980,azarbaijan-shahid-madani,کارگاه آموزشی «مفاهیم ایده پردازی و خلاقیت و روش های اعتبار سنجی ایده ها» - معاونت پژوهش و فناوری دانشگاه شهید مدنی آذربایجان,technology,,,,https://research.azaruniv.ac.ir/News/98/%da%a9%d8%a7%d8%b1%da%af%d8%a7%d9%87-%d8%a2%d9%85%d9%88%d8%b2%d8%b4%db%8c-%c2%ab%d9%85%d9%81%d8%a7%d9%87%db%8c%d9%85-%d8%a7%db%8c%d8%af%d9%87-%d9%be%d8%b1%d8%af%d8%a7%d8%b2%db%8c-%d9%88-%d8%ae%d9%84%d8%a7%d9%82%db%8c%d8%aa-%d9%88-%d8%b1%d9%88%d8%b4-%d9%87%d8%a7%db%8c-%d8%a7%d8%b9%d8%aa%d8%a8%d8%a7%d8%b1-%d8%b3%d9%86%d8%ac%db%8c-%d8%a7%db%8c%d8%af%d9%87-%d9%87%d8%a7%c2%bb-.html,verified,2026-08-12
azarbaijan-shahid-madani-discovery-unit-industry-cff409a36a89,azarbaijan-shahid-madani,اعضای هیأت علمی دانشگاه در قالب کلینیک صنعت، معدن و تجارت دانشگاه، در راستای تقویت ارتباط دانشگاه با جامعه و صنعت در روز سه شنبه مورخ 28/03/98 از کارخانه شیر پگاه استان بازدید نمودند. - معاونت پژوهش و فناوری دانشگاه شهید مدنی آذربایجان,industry,,,,https://research.azaruniv.ac.ir/News/132/%d8%a7%d8%b9%d8%b6%d8%a7%db%8c-%d9%87%db%8c%d8%a3%d8%aa-%d8%b9%d9%84%d9%85%db%8c-%d8%af%d8%a7%d9%86%d8%b4%da%af%d8%a7%d9%87-%d8%af%d8%b1-%d9%82%d8%a7%d9%84%d8%a8-%da%a9%d9%84%db%8c%d9%86%db%8c%da%a9-%d8%b5%d9%86%d8%b9%d8%aa%d8%8c-%d9%85%d8%b9%d8%af%d9%86-%d9%88-%d8%aa%d8%ac%d8%a7%d8%b1%d8%aa-%d8%af%d8%a7%d9%86%d8%b4%da%af%d8%a7%d9%87%d8%8c--%d8%af%d8%b1-%d8%b1%d8%a7%d8%b3%d8%aa%d8%a7%db%8c-%d8%aa%d9%82%d9%88%db%8c%d8%aa-%d8%a7%d8%b1%d8%aa%d8%a8%d8%a7%d8%b7-%d8%af%d8%a7%d9%86%d8%b4%da%af%d8%a7%d9%87-%d8%a8%d8%a7-%d8%ac%d8%a7%d9%85%d8%b9%d9%87-%d9%88-%d8%b5%d9%86%d8%b9%d8%aa-%d8%af%d8%b1-%d8%b1%d9%88%d8%b2-%d8%b3%d9%87-%d8%b4%d9%86%d8%a8%d9%87-%d9%85%d9%88%d8%b1%d8%ae-28-03-98-%d8%a7%d8%b2-%da%a9%d8%a7%d8%b1%d8%ae%d8%a7%d9%86%d9%87-%d8%b4%db%8c%d8%b1-%d9%be%da%af%d8%a7%d9%87-%d8%a7%d8%b3%d8%aa%d8%a7%d9%86-%d8%a8%d8%a7%d8%b2%d8%af%db%8c%d8%af-%d9%86%d9%85%d9%88%d8%af%d9%86%d8%af-.html,verified,2026-08-12
azarbaijan-shahid-madani-discovery-unit-industry-2c75911ccb59,azarbaijan-shahid-madani,گزارش دومین نشست مدیران ارتباط با صنعت دانشگاه ها و پژوهشگاه های کشور - معاونت پژوهش و فناوری دانشگاه شهید مدنی آذربایجان,industry,,,,https://research.azaruniv.ac.ir/News/123/%da%af%d8%b2%d8%a7%d8%b1%d8%b4-%d8%af%d9%88%d9%85%db%8c%d9%86-%d9%86%d8%b4%d8%b3%d8%aa-%d9%85%d8%af%db%8c%d8%b1%d8%a7%d9%86-%d8%a7%d8%b1%d8%aa%d8%a8%d8%a7%d8%b7-%d8%a8%d8%a7-%d8%b5%d9%86%d8%b9%d8%aa-%d8%af%d8%a7%d9%86%d8%b4%da%af%d8%a7%d9%87-%d9%87%d8%a7-%d9%88-%d9%be%da%98%d9%88%d9%87%d8%b4%da%af%d8%a7%d9%87-%d9%87%d8%a7%db%8c-%da%a9%d8%b4%d9%88%d8%b1.html,verified,2026-08-12
azarbaijan-shahid-madani-discovery-unit-library-0defbd6dcede,azarbaijan-shahid-madani,نشریات علمی - پژوهشی دارای مجوز از وزارتین و ISC - مديريت امور پژوهشي دانشگاه شهيد مدني آذربايجان,library,,,,https://resadm.azaruniv.ac.ir/Page/23/%D9%86%D8%B4%D8%B1%DB%8C%D8%A7%D8%AA-%D8%B9%D9%84%D9%85%DB%8C---%D9%BE%DA%98%D9%88%D9%87%D8%B4%DB%8C-%D8%AF%D8%A7%D8%B1%D8%A7%DB%8C-%D9%85%D8%AC%D9%88%D8%B2-%D8%A7%D8%B2-%D9%88%D8%B2%D8%A7%D8%B1%D8%AA%DB%8C%D9%86-%D9%88--ISC.html,verified,2026-08-12
birjand-discovery-unit-technology-52ec1c1f7e4b,birjand,عملکرد معاونت پژوهش، فناوری و نوآوری - معاونت پژوهش، فناوری و نوآوری,technology,,,,https://birjand.ac.ir/research/fa/page/4451/%D8%B9%D9%85%D9%84%DA%A9%D8%B1%D8%AF-%D9%85%D8%B9%D8%A7%D9%88%D9%86%D8%AA-%D9%BE%DA%98%D9%88%D9%87%D8%B4-%D9%81%D9%86%D8%A7%D9%88%D8%B1%DB%8C-%D9%88-%D9%86%D9%88%D8%A2%D9%88%D8%B1%DB%8C,verified,2026-08-12
birjand-discovery-unit-technology-e72e2b603782,birjand,کلیپ عملکرد سه ساله شبکه آزمایشگاهی و کارگاهی، مدیریت کتابخانه مرکزی و مرکز نشر و زیست بوم فناوری و نوآوری و کارآفرینی,technology,,,,https://birjand.ac.ir/research/fa/news/16255/%DA%A9%D9%84%DB%8C%D9%BE-%D8%B9%D9%85%D9%84%DA%A9%D8%B1%D8%AF-%D8%B3%D9%87-%D8%B3%D8%A7%D9%84%D9%87-%D8%B4%D8%A8%DA%A9%D9%87-%D8%A2%D8%B2%D9%85%D8%A7%DB%8C%D8%B4%DA%AF%D8%A7%D9%87%DB%8C-%D9%88-%DA%A9%D8%A7%D8%B1%DA%AF%D8%A7%D9%87%DB%8C-%D9%85%D8%AF%DB%8C%D8%B1%DB%8C%D8%AA-%DA%A9%D8%AA%D8%A7%D8%A8%D8%AE%D8%A7%D9%86%D9%87-%D9%85%D8%B1%DA%A9%D8%B2%DB%8C-%D9%88-%D9%85%D8%B1%DA%A9%D8%B2-%D9%86%D8%B4%D8%B1-%D9%88-%D8%B2%DB%8C%D8%B3%D8%AA-%D8%A8%D9%88%D9%85-%D9%81%D9%86%D8%A7%D9%88%D8%B1%DB%8C-%D9%88-%D9%86%D9%88%D8%A2%D9%88%D8%B1%DB%8C-%D9%88-%DA%A9%D8%A7%D8%B1%D8%A2%D9%81%D8%B1%DB%8C%D9%86%DB%8C,verified,2026-08-12
birjand-discovery-unit-laboratory-8bafe5b6bd29,birjand,کلیپ عملکرد سه ساله شبکه آزمایشگاهی و کارگاهی، مدیریت کتابخانه مرکزی و مرکز نشر و زیست بوم فناوری و نوآوری و کارآفرینی,laboratory,,,,https://birjand.ac.ir/research/fa/news/16255,verified,2026-08-12
birjand-discovery-unit-technology-2005a42a15fa,birjand,گزارش عملگرد معاونت پژوهش، فناوری و نوآوری,technology,,,,https://birjand.ac.ir/research/fa/content/252/%DA%AF%D8%B2%D8%A7%D8%B1%D8%B4-%D8%B9%D9%85%D9%84%DA%AF%D8%B1%D8%AF-%D9%85%D8%B9%D8%A7%D9%88%D9%86%D8%AA-%D9%BE%DA%98%D9%88%D9%87%D8%B4-%D9%81%D9%86%D8%A7%D9%88%D8%B1%DB%8C-%D9%88-%D9%86%D9%88%D8%A2%D9%88%D8%B1%DB%8C,verified,2026-08-12
birjand-discovery-unit-industry-f58565ad39eb,birjand,عملکرد سه ساله مدیریت امور پژوهشی، مدیریت کارآفرینی و ارتباط با صنعت و مدیریت فاوا,industry,,,,https://birjand.ac.ir/research/fa/news/16254/%D8%B9%D9%85%D9%84%DA%A9%D8%B1%D8%AF-%D8%B3%D9%87-%D8%B3%D8%A7%D9%84%D9%87-%D9%85%D8%AF%DB%8C%D8%B1%DB%8C%D8%AA-%D8%A7%D9%85%D9%88%D8%B1-%D9%BE%DA%98%D9%88%D9%87%D8%B4%DB%8C-%D9%85%D8%AF%DB%8C%D8%B1%DB%8C%D8%AA-%DA%A9%D8%A7%D8%B1%D8%A2%D9%81%D8%B1%DB%8C%D9%86%DB%8C-%D9%88-%D8%A7%D8%B1%D8%AA%D8%A8%D8%A7%D8%B7-%D8%A8%D8%A7-%D8%B5%D9%86%D8%B9%D8%AA-%D9%88-%D9%85%D8%AF%DB%8C%D8%B1%DB%8C%D8%AA-%D9%81%D8%A7%D9%88%D8%A7,verified,2026-08-12
birjand-discovery-unit-technology-8bafe5b6bd29,birjand,کلیپ عملکرد سه ساله شبکه آزمایشگاهی و کارگاهی، مدیریت کتابخانه مرکزی و مرکز نشر و زیست بوم فناوری و نوآوری و کارآفرینی,technology,,,,https://birjand.ac.ir/research/fa/news/16255,verified,2026-08-12
birjand-discovery-unit-technology-a13701fe7004,birjand,کلیپ عملکرد یک ساله معاونت پژوهش، فناوری و نوآوری,technology,,,,https://birjand.ac.ir/research/fa/news/16256/%DA%A9%D9%84%DB%8C%D9%BE-%D8%B9%D9%85%D9%84%DA%A9%D8%B1%D8%AF-%DB%8C%DA%A9-%D8%B3%D8%A7%D9%84%D9%87-%D9%85%D8%B9%D8%A7%D9%88%D9%86%D8%AA-%D9%BE%DA%98%D9%88%D9%87%D8%B4-%D9%81%D9%86%D8%A7%D9%88%D8%B1%DB%8C-%D9%88-%D9%86%D9%88%D8%A2%D9%88%D8%B1%DB%8C,verified,2026-08-12
birjand-discovery-unit-laboratory-fedf97147540,birjand,رونمایی سامانه شبکه آزمایشگاهی و کارگاهی,laboratory,,,,https://birjand.ac.ir/research/fa/news/16259/%D8%B1%D9%88%D9%86%D9%85%D8%A7%DB%8C%DB%8C-%D8%B3%D8%A7%D9%85%D8%A7%D9%86%D9%87-%D8%B4%D8%A8%DA%A9%D9%87-%D8%A2%D8%B2%D9%85%D8%A7%DB%8C%D8%B4%DA%AF%D8%A7%D9%87%DB%8C-%D9%88-%DA%A9%D8%A7%D8%B1%DA%AF%D8%A7%D9%87%DB%8C,verified,2026-08-12
birjand-discovery-unit-library-e72e2b603782,birjand,کلیپ عملکرد سه ساله شبکه آزمایشگاهی و کارگاهی، مدیریت کتابخانه مرکزی و مرکز نشر و زیست بوم فناوری و نوآوری و کارآفرینی,library,,,,https://birjand.ac.ir/research/fa/news/16255/%DA%A9%D9%84%DB%8C%D9%BE-%D8%B9%D9%85%D9%84%DA%A9%D8%B1%D8%AF-%D8%B3%D9%87-%D8%B3%D8%A7%D9%84%D9%87-%D8%B4%D8%A8%DA%A9%D9%87-%D8%A2%D8%B2%D9%85%D8%A7%DB%8C%D8%B4%DA%AF%D8%A7%D9%87%DB%8C-%D9%88-%DA%A9%D8%A7%D8%B1%DA%AF%D8%A7%D9%87%DB%8C-%D9%85%D8%AF%DB%8C%D8%B1%DB%8C%D8%AA-%DA%A9%D8%AA%D8%A7%D8%A8%D8%AE%D8%A7%D9%86%D9%87-%D9%85%D8%B1%DA%A9%D8%B2%DB%8C-%D9%88-%D9%85%D8%B1%DA%A9%D8%B2-%D9%86%D8%B4%D8%B1-%D9%88-%D8%B2%DB%8C%D8%B3%D8%AA-%D8%A8%D9%88%D9%85-%D9%81%D9%86%D8%A7%D9%88%D8%B1%DB%8C-%D9%88-%D9%86%D9%88%D8%A2%D9%88%D8%B1%DB%8C-%D9%88-%DA%A9%D8%A7%D8%B1%D8%A2%D9%81%D8%B1%DB%8C%D9%86%DB%8C,verified,2026-08-12
birjand-discovery-unit-laboratory-e72e2b603782,birjand,کلیپ عملکرد سه ساله شبکه آزمایشگاهی و کارگاهی، مدیریت کتابخانه مرکزی و مرکز نشر و زیست بوم فناوری و نوآوری و کارآفرینی,laboratory,,,,https://birjand.ac.ir/research/fa/news/16255/%DA%A9%D9%84%DB%8C%D9%BE-%D8%B9%D9%85%D9%84%DA%A9%D8%B1%D8%AF-%D8%B3%D9%87-%D8%B3%D8%A7%D9%84%D9%87-%D8%B4%D8%A8%DA%A9%D9%87-%D8%A2%D8%B2%D9%85%D8%A7%DB%8C%D8%B4%DA%AF%D8%A7%D9%87%DB%8C-%D9%88-%DA%A9%D8%A7%D8%B1%DA%AF%D8%A7%D9%87%DB%8C-%D9%85%D8%AF%DB%8C%D8%B1%DB%8C%D8%AA-%DA%A9%D8%AA%D8%A7%D8%A8%D8%AE%D8%A7%D9%86%D9%87-%D9%85%D8%B1%DA%A9%D8%B2%DB%8C-%D9%88-%D9%85%D8%B1%DA%A9%D8%B2-%D9%86%D8%B4%D8%B1-%D9%88-%D8%B2%DB%8C%D8%B3%D8%AA-%D8%A8%D9%88%D9%85-%D9%81%D9%86%D8%A7%D9%88%D8%B1%DB%8C-%D9%88-%D9%86%D9%88%D8%A2%D9%88%D8%B1%DB%8C-%D9%88-%DA%A9%D8%A7%D8%B1%D8%A2%D9%81%D8%B1%DB%8C%D9%86%DB%8C,verified,2026-08-12
birjand-discovery-unit-research-1f21385a3988,birjand,مدیریت امور پژوهشی - معاونت پژوهش، فناوری و نوآوری,research,,,,https://birjand.ac.ir/research/fa/page/171/%D9%85%D8%AF%DB%8C%D8%B1%DB%8C%D8%AA-%D8%A7%D9%85%D9%88%D8%B1-%D9%BE%DA%98%D9%88%D9%87%D8%B4%DB%8C,verified,2026-08-12
birjand-discovery-unit-research-233ea405db5a,birjand,فرآیندهای مدیریت امور پژوهشی - معاونت پژوهش، فناوری و نوآوری,research,,,,https://birjand.ac.ir/research/fa/page/1284/%D9%81%D8%B1%D8%A2%DB%8C%D9%86%D8%AF%D9%87%D8%A7%DB%8C-%D9%85%D8%AF%DB%8C%D8%B1%DB%8C%D8%AA-%D8%A7%D9%85%D9%88%D8%B1-%D9%BE%DA%98%D9%88%D9%87%D8%B4%DB%8C,verified,2026-08-12
birjand-discovery-unit-library-f4ff8c003ede,birjand,دستورالعمل تدوین، چاپ و انتشار نشریات علمی دانشگاه بیرجند - معاونت پژوهش، فناوری و نوآوری,library,,,,https://birjand.ac.ir/research/fa/regulation/323/%D8%AF%D8%B3%D8%AA%D9%88%D8%B1%D8%A7%D9%84%D8%B9%D9%85%D9%84-%D8%AA%D8%AF%D9%88%DB%8C%D9%86-%DA%86%D8%A7%D9%BE-%D9%88-%D8%A7%D9%86%D8%AA%D8%B4%D8%A7%D8%B1-%D9%86%D8%B4%D8%B1%DB%8C%D8%A7%D8%AA-%D8%B9%D9%84%D9%85%DB%8C-%D8%AF%D8%A7%D9%86%D8%B4%DA%AF%D8%A7%D9%87-%D8%A8%DB%8C%D8%B1%D8%AC%D9%86%D8%AF,verified,2026-08-12
birjand-discovery-unit-technology-b5920a69ae29,birjand,مدیریت ها - معاونت پژوهش، فناوری و نوآوری,technology,,,,https://birjand.ac.ir/research/fa/page/170/%D9%85%D8%AF%DB%8C%D8%B1%DB%8C%D8%AA-%D9%87%D8%A7,verified,2026-08-12
birjand-discovery-unit-technology-1f21385a3988,birjand,مدیریت امور پژوهشی - معاونت پژوهش، فناوری و نوآوری,technology,,,,https://birjand.ac.ir/research/fa/page/171/%D9%85%D8%AF%DB%8C%D8%B1%DB%8C%D8%AA-%D8%A7%D9%85%D9%88%D8%B1-%D9%BE%DA%98%D9%88%D9%87%D8%B4%DB%8C,verified,2026-08-12
birjand-discovery-unit-technology-233ea405db5a,birjand,فرآیندهای مدیریت امور پژوهشی - معاونت پژوهش، فناوری و نوآوری,technology,,,,https://birjand.ac.ir/research/fa/page/1284/%D9%81%D8%B1%D8%A2%DB%8C%D9%86%D8%AF%D9%87%D8%A7%DB%8C-%D9%85%D8%AF%DB%8C%D8%B1%DB%8C%D8%AA-%D8%A7%D9%85%D9%88%D8%B1-%D9%BE%DA%98%D9%88%D9%87%D8%B4%DB%8C,verified,2026-08-12
birjand-discovery-unit-technology-aa3f9468a790,birjand,فرآیند فرصت مطالعاتی بلند مدت (۶ ماهه) - معاونت پژوهش، فناوری و نوآوری,technology,,,,https://birjand.ac.ir/research/fa/page/2775/%D9%81%D8%B1%D8%A2%DB%8C%D9%86%D8%AF-%D9%81%D8%B1%D8%B5%D8%AA-%D9%85%D8%B7%D8%A7%D9%84%D8%B9%D8%A7%D8%AA%DB%8C-%D8%A8%D9%84%D9%86%D8%AF-%D9%85%D8%AF%D8%AA-%DB%B6-%D9%85%D8%A7%D9%87%D9%87-,verified,2026-08-12
birjand-discovery-unit-technology-27f832274459,birjand,فرآیند فرصت مطالعاتی کوتاه مدت (۳ ماهه) - معاونت پژوهش، فناوری و نوآوری,technology,,,,https://birjand.ac.ir/research/fa/page/2854/%D9%81%D8%B1%D8%A2%DB%8C%D9%86%D8%AF-%D9%81%D8%B1%D8%B5%D8%AA-%D9%85%D8%B7%D8%A7%D9%84%D8%B9%D8%A7%D8%AA%DB%8C-%DA%A9%D9%88%D8%AA%D8%A7%D9%87-%D9%85%D8%AF%D8%AA-%DB%B3-%D9%85%D8%A7%D9%87%D9%87-,verified,2026-08-12
birjand-discovery-unit-technology-527043afcb83,birjand,فرآیند ارائه مقاله در همایش های خارج از کشور - معاونت پژوهش، فناوری و نوآوری,technology,,,,https://birjand.ac.ir/research/fa/page/2774/%D9%81%D8%B1%D8%A2%DB%8C%D9%86%D8%AF-%D8%A7%D8%B1%D8%A7%D8%A6%D9%87-%D9%85%D9%82%D8%A7%D9%84%D9%87-%D8%AF%D8%B1-%D9%87%D9%85%D8%A7%DB%8C%D8%B4-%D9%87%D8%A7%DB%8C-%D8%AE%D8%A7%D8%B1%D8%AC-%D8%A7%D8%B2-%DA%A9%D8%B4%D9%88%D8%B1,verified,2026-08-12
birjand-discovery-unit-library-b1a498af0f2b,birjand,آیین‌نامه‌ها و مصوبات- آیین نامه های مجلات و انتشارات,library,,,,https://birjand.ac.ir/research/fa/regulation/category/151/%D8%A2%DB%8C%DB%8C%D9%86-%D9%86%D8%A7%D9%85%D9%87-%D9%87%D8%A7%DB%8C-%D9%85%D8%AC%D9%84%D8%A7%D8%AA-%D9%88-%D8%A7%D9%86%D8%AA%D8%B4%D8%A7%D8%B1%D8%A7%D8%AA?sort=circularNo,verified,2026-08-12
birjand-discovery-unit-technology-f4ff8c003ede,birjand,دستورالعمل تدوین، چاپ و انتشار نشریات علمی دانشگاه بیرجند - معاونت پژوهش، فناوری و نوآوری,technology,,,,https://birjand.ac.ir/research/fa/regulation/323/%D8%AF%D8%B3%D8%AA%D9%88%D8%B1%D8%A7%D9%84%D8%B9%D9%85%D9%84-%D8%AA%D8%AF%D9%88%DB%8C%D9%86-%DA%86%D8%A7%D9%BE-%D9%88-%D8%A7%D9%86%D8%AA%D8%B4%D8%A7%D8%B1-%D9%86%D8%B4%D8%B1%DB%8C%D8%A7%D8%AA-%D8%B9%D9%84%D9%85%DB%8C-%D8%AF%D8%A7%D9%86%D8%B4%DA%AF%D8%A7%D9%87-%D8%A8%DB%8C%D8%B1%D8%AC%D9%86%D8%AF,verified,2026-08-12
birjand-discovery-unit-library-9316014d8f75,birjand,آیین‌نامه‌ها و مصوبات- آیین نامه های مجلات و انتشارات,library,,,,https://birjand.ac.ir/research/fa/regulation/category/151/%D8%A2%DB%8C%DB%8C%D9%86-%D9%86%D8%A7%D9%85%D9%87-%D9%87%D8%A7%DB%8C-%D9%85%D8%AC%D9%84%D8%A7%D8%AA-%D9%88-%D8%A7%D9%86%D8%AA%D8%B4%D8%A7%D8%B1%D8%A7%D8%AA?sort=-circularNo,verified,2026-08-12
birjand-discovery-unit-library-65e21cf08be9,birjand,آیین‌نامه‌ها و مصوبات- آیین نامه های مجلات و انتشارات,library,,,,https://birjand.ac.ir/research/fa/regulation/category/151/%D8%A2%DB%8C%DB%8C%D9%86-%D9%86%D8%A7%D9%85%D9%87-%D9%87%D8%A7%DB%8C-%D9%85%D8%AC%D9%84%D8%A7%D8%AA-%D9%88-%D8%A7%D9%86%D8%AA%D8%B4%D8%A7%D8%B1%D8%A7%D8%AA?sort=title,verified,2026-08-12
birjand-discovery-unit-technology-673cd844de4b,birjand,پرسشنامه درخواست تعیین یا تایید اعتبار علمی_پژوهشی - معاونت پژوهش، فناوری و نوآوری,technology,,,,https://birjand.ac.ir/research/fa/regulation/180/%D9%BE%D8%B1%D8%B3%D8%B4%D9%86%D8%A7%D9%85%D9%87-%D8%AF%D8%B1%D8%AE%D9%88%D8%A7%D8%B3%D8%AA-%D8%AA%D8%B9%DB%8C%DB%8C%D9%86-%DB%8C%D8%A7-%D8%AA%D8%A7%DB%8C%DB%8C%D8%AF-%D8%A7%D8%B9%D8%AA%D8%A8%D8%A7%D8%B1-%D8%B9%D9%84%D9%85%DB%8C-%D9%BE%DA%98%D9%88%D9%87%D8%B4%DB%8C,verified,2026-08-12
birjand-discovery-unit-technology-4d507423af1d,birjand,پرسشنامه مخصوص سردبیر نشریه - معاونت پژوهش، فناوری و نوآوری,technology,,,,https://birjand.ac.ir/research/fa/regulation/179/%D9%BE%D8%B1%D8%B3%D8%B4%D9%86%D8%A7%D9%85%D9%87-%D9%85%D8%AE%D8%B5%D9%88%D8%B5-%D8%B3%D8%B1%D8%AF%D8%A8%DB%8C%D8%B1-%D9%86%D8%B4%D8%B1%DB%8C%D9%87,verified,2026-08-12
birjand-discovery-unit-technology-cbd88cf6b8d2,birjand,پرسشنامه مخصوص اعضاء هیات تحریریه نشریه - معاونت پژوهش، فناوری و نوآوری,technology,,,,https://birjand.ac.ir/research/fa/regulation/178/%D9%BE%D8%B1%D8%B3%D8%B4%D9%86%D8%A7%D9%85%D9%87-%D9%85%D8%AE%D8%B5%D9%88%D8%B5-%D8%A7%D8%B9%D8%B6%D8%A7-%D9%87%DB%8C%D8%A7%D8%AA-%D8%AA%D8%AD%D8%B1%DB%8C%D8%B1%DB%8C%D9%87-%D9%86%D8%B4%D8%B1%DB%8C%D9%87,verified,2026-08-12
birjand-discovery-unit-technology-ac3355fe3ac2,birjand,پرسشنامه مدیرمسئول نشریه - معاونت پژوهش، فناوری و نوآوری,technology,,,,https://birjand.ac.ir/research/fa/regulation/177/%D9%BE%D8%B1%D8%B3%D8%B4%D9%86%D8%A7%D9%85%D9%87-%D9%85%D8%AF%DB%8C%D8%B1%D9%85%D8%B3%D8%A6%D9%88%D9%84-%D9%86%D8%B4%D8%B1%DB%8C%D9%87,verified,2026-08-12
birjand-discovery-unit-technology-1a2a374f9276,birjand,rfp طرح‌های کاربردی - معاونت پژوهش، فناوری و نوآوری,technology,,,,https://birjand.ac.ir/research/fa/regulation/457/rfp-%D8%B7%D8%B1%D8%AD-%D9%87%D8%A7%DB%8C-%DA%A9%D8%A7%D8%B1%D8%A8%D8%B1%D8%AF%DB%8C,verified,2026-08-12
birjand-discovery-unit-technology-4c8e4fe35d89,birjand,پروپوزال طرح‌های کاربردی - معاونت پژوهش، فناوری و نوآوری,technology,,,,https://birjand.ac.ir/research/fa/regulation/456/%D9%BE%D8%B1%D9%88%D9%BE%D9%88%D8%B2%D8%A7%D9%84-%D8%B7%D8%B1%D8%AD-%D9%87%D8%A7%DB%8C-%DA%A9%D8%A7%D8%B1%D8%A8%D8%B1%D8%AF%DB%8C,verified,2026-08-12
birjand-discovery-unit-technology-712810957fce,birjand,پروپوزال طرح‌های فناورانه - معاونت پژوهش، فناوری و نوآوری,technology,,,,https://birjand.ac.ir/research/fa/regulation/455/%D9%BE%D8%B1%D9%88%D9%BE%D9%88%D8%B2%D8%A7%D9%84-%D8%B7%D8%B1%D8%AD-%D9%87%D8%A7%DB%8C-%D9%81%D9%86%D8%A7%D9%88%D8%B1%D8%A7%D9%86%D9%87,verified,2026-08-12
birjand-discovery-unit-technology-9844b999b446,birjand,اطلاعات بعد از برگزاری گردهمایی های علمی (همایش، کنگره و .....) - معاونت پژوهش، فناوری و نوآوری,technology,,,,https://birjand.ac.ir/research/fa/regulation/436/%D8%A7%D8%B7%D9%84%D8%A7%D8%B9%D8%A7%D8%AA-%D8%A8%D8%B9%D8%AF-%D8%A7%D8%B2-%D8%A8%D8%B1%DA%AF%D8%B2%D8%A7%D8%B1%DB%8C-%DA%AF%D8%B1%D8%AF%D9%87%D9%85%D8%A7%DB%8C%DB%8C-%D9%87%D8%A7%DB%8C-%D8%B9%D9%84%D9%85%DB%8C-%D9%87%D9%85%D8%A7%DB%8C%D8%B4-%DA%A9%D9%86%DA%AF%D8%B1%D9%87-%D9%88-.....-,verified,2026-08-12
birjand-discovery-unit-technology-de4b31ad826f,birjand,تسویه حساب مالی واحد پژوهشی - معاونت پژوهش، فناوری و نوآوری,technology,,,,https://birjand.ac.ir/research/fa/regulation/415/%D8%AA%D8%B3%D9%88%DB%8C%D9%87-%D8%AD%D8%B3%D8%A7%D8%A8-%D9%85%D8%A7%D9%84%DB%8C-%D9%88%D8%A7%D8%AD%D8%AF-%D9%BE%DA%98%D9%88%D9%87%D8%B4%DB%8C,verified,2026-08-12
birjand-discovery-unit-technology-dcf554bf64fe,birjand,درخواست تاسیس واحد پژوهشی - معاونت پژوهش، فناوری و نوآوری,technology,,,,https://birjand.ac.ir/research/fa/regulation/414/%D8%AF%D8%B1%D8%AE%D9%88%D8%A7%D8%B3%D8%AA-%D8%AA%D8%A7%D8%B3%DB%8C%D8%B3-%D9%88%D8%A7%D8%AD%D8%AF-%D9%BE%DA%98%D9%88%D9%87%D8%B4%DB%8C,verified,2026-08-12
birjand-discovery-unit-technology-a5e730884179,birjand,صورتجلسه اهداء اموال - معاونت پژوهش، فناوری و نوآوری,technology,,,,https://birjand.ac.ir/research/fa/regulation/397/%D8%B5%D9%88%D8%B1%D8%AA%D8%AC%D9%84%D8%B3%D9%87-%D8%A7%D9%87%D8%AF%D8%A7-%D8%A7%D9%85%D9%88%D8%A7%D9%84,verified,2026-08-12
birjand-discovery-unit-technology-d334cfe4466a,birjand,فرم خلاصه فعالیتهای آموزشی ، پژوهشی و اجرایی اعضای هیئت علمی - معاونت پژوهش، فناوری و نوآوری,technology,,,,https://birjand.ac.ir/research/fa/regulation/175/%D9%81%D8%B1%D9%85-%D8%AE%D9%84%D8%A7%D8%B5%D9%87-%D9%81%D8%B9%D8%A7%D9%84%DB%8C%D8%AA%D9%87%D8%A7%DB%8C-%D8%A2%D9%85%D9%88%D8%B2%D8%B4%DB%8C-%D9%BE%DA%98%D9%88%D9%87%D8%B4%DB%8C-%D9%88-%D8%A7%D8%AC%D8%B1%D8%A7%DB%8C%DB%8C-%D8%A7%D8%B9%D8%B6%D8%A7%DB%8C-%D9%87%DB%8C%D8%A6%D8%AA-%D8%B9%D9%84%D9%85%DB%8C,verified,2026-08-12
birjand-discovery-unit-technology-9c4c8c75d005,birjand,مرضیه ثاقب جو,technology,,,,https://cv.birjand.ac.ir/saghebjou/fa,verified,2026-08-12
birjand-discovery-unit-library-8bafe5b6bd29,birjand,کلیپ عملکرد سه ساله شبکه آزمایشگاهی و کارگاهی، مدیریت کتابخانه مرکزی و مرکز نشر و زیست بوم فناوری و نوآوری و کارآفرینی,library,,,,https://birjand.ac.ir/research/fa/news/16255,verified,2026-08-12
vali-asr-rafsanjan-discovery-unit-library-ad2322403375,vali-asr-rafsanjan,کتابخانه,library,,,,https://library.vru.ac.ir/Dl/SPortal/FAQ/137_7.aspx,verified,2026-08-12
vali-asr-rafsanjan-discovery-unit-technology-3d08f4308129,vali-asr-rafsanjan,دانشگاه ولی عصر رفسنجان,technology,,,,https://vru.ac.ir/assistant/research/roshd,verified,2026-08-12
vali-asr-rafsanjan-discovery-unit-it-3fe6b264d221,vali-asr-rafsanjan,دانشگاه ولی عصر رفسنجان,it,,organizationally-attributed,,https://vru.ac.ir/assistant/research/information_technology,verified,2026-08-12
lorestan-discovery-unit-library-76324e1e6734,lorestan,دانشگاه لرستان کتابخانه مرکزی,library,,,,https://research.lu.ac.ir/%D9%88%D8%A7%D8%AD%D8%AF%D9%87%D8%A7/%DA%A9%D8%AA%D8%A7%D8%A8%D8%AE%D8%A7%D9%86%D9%87/,verified,2026-08-12
lorestan-discovery-unit-library-9c72be4bd30e,lorestan,Lorestan University Central Library Systems Guide,library,,,,https://research.lu.ac.ir/en/research-and-technology/units/central-library/central-library-systems-guide/,verified,2026-08-12
lorestan-discovery-unit-laboratory-234f1dadece6,lorestan,دانشگاه لرستان آزمایشگاه مرکزی,laboratory,,,,https://research.lu.ac.ir/%D9%88%D8%A7%D8%AD%D8%AF%D9%87%D8%A7/%D8%A2%D8%B2%D9%85%D8%A7%DB%8C%D8%B4%DA%AF%D8%A7%D9%87-%D9%85%D8%B1%DA%A9%D8%B2%DB%8C/,verified,2026-08-12
lorestan-discovery-unit-industry-c7209ad2ae68,lorestan,دانشگاه لرستان مدیریت ارتباط با جامعه و صنعت,industry,,,,https://industry.lu.ac.ir/,verified,2026-08-12
lorestan-discovery-unit-library-971e8cfaf620,lorestan,دانشگاه لرستان انتشارات مرکزی,library,,,,https://research.lu.ac.ir/%D9%88%D8%A7%D8%AD%D8%AF%D9%87%D8%A7/%D8%A7%D9%86%D8%AA%D8%B4%D8%A7%D8%B1%D8%A7%D8%AA-%D9%85%D8%B1%DA%A9%D8%B2%DB%8C/,verified,2026-08-12
lorestan-discovery-unit-industry-5fcddec4ad12,lorestan,دانشگاه لرستان گروه ارتباط با صنعت,industry,,,,https://industry.lu.ac.ir/%D9%85%D8%AF%DB%8C%D8%B1%DB%8C%D8%AA/%DA%AF%D8%B1%D9%88%D9%87%D9%87%D8%A7%DB%8C-%D8%B2%DB%8C%D8%B1-%D9%85%D8%AC%D9%85%D9%88%D8%B9%D9%87/%DA%AF%D8%B1%D9%88%D9%87-%D8%A7%D8%B1%D8%AA%D8%A8%D8%A7%D8%B7-%D8%A8%D8%A7-%D8%B5%D9%86%D8%B9%D8%AA/,verified,2026-08-12
lorestan-discovery-unit-library-70191e7fbfff,lorestan,Lorestan University Central Library,library,,,,https://research.lu.ac.ir/en/research-and-technology/units/central-library/,verified,2026-08-12
lorestan-discovery-unit-laboratory-bf96b4221f97,lorestan,Lorestan University Central Laboratory,laboratory,,,,https://research.lu.ac.ir/en/research-and-technology/units/central-laboratory/,verified,2026-08-12
lorestan-discovery-unit-research-379410948c5c,lorestan,دانشگاه لرستان کارکنان معاونت پژوهش,research,,,,https://research.lu.ac.ir/%D9%85%D8%B9%D8%A7%D9%88%D9%86%D8%AA/%DA%A9%D8%A7%D8%B1%DA%A9%D9%86%D8%A7%D9%86-%D9%85%D8%B9%D8%A7%D9%88%D9%86%D8%AA-%D9%BE%DA%98%D9%88%D9%87%D8%B4/,verified,2026-08-12
lorestan-discovery-unit-research-d07d1aaad9ca,lorestan,دانشگاه لرستان مدیریت امور پژوهشی,research,,,,https://research.lu.ac.ir/%D8%B3%D8%A7%D8%AE%D8%AA%D8%A7%D8%B1-%D8%B3%D8%A7%D8%B2%D9%85%D8%A7%D9%86%DB%8C/%D9%85%D8%AF%DB%8C%D8%B1%DB%8C%D8%AA-%D8%A7%D9%85%D9%88%D8%B1-%D9%BE%DA%98%D9%88%D9%87%D8%B4%DB%8C/,verified,2026-08-12
lorestan-discovery-unit-library-8a2ffa4f6f78,lorestan,Lorestan University Central Publications,library,,,,https://research.lu.ac.ir/en/research-and-technology/units/central-publications/,verified,2026-08-12
lorestan-discovery-unit-it-32fc9502090e,lorestan,دانشگاه لرستان مدیریت فناوری اطلاعات,it,,organizationally-attributed,,https://research.lu.ac.ir/%D8%B3%D8%A7%D8%AE%D8%AA%D8%A7%D8%B1-%D8%B3%D8%A7%D8%B2%D9%85%D8%A7%D9%86%DB%8C/%D9%85%D8%AF%DB%8C%D8%B1%DB%8C%D8%AA-%D9%81%D9%86%D8%A7%D9%88%D8%B1%DB%8C-%D8%A7%D8%B7%D9%84%D8%A7%D8%B9%D8%A7%D8%AA/,verified,2026-08-12
maragheh-discovery-unit-laboratory-8b59bb4ee75e,maragheh,صفحه نخست - آزمایشگاه مرکزی دانشگاه مراغه,laboratory,,,,https://clab.maragheh.ac.ir/,verified,2026-08-12
maragheh-discovery-unit-industry-bff80b9d551a,maragheh,آرشیو دستاوردها - دانشگاه مراغه,industry,,,,https://edu.maragheh.ac.ir/web/site/achievements?sort=createDate-&tag=%D8%A7%D8%B1%D8%AA%D8%A8%D8%A7%D8%B7+%D8%A8%D8%A7+%D8%B5%D9%86%D8%B9%D8%AA,verified,2026-08-12
maragheh-discovery-unit-industry-cd26a0a56adf,maragheh,آرشیو دستاوردها - دانشگاه مراغه,industry,,,,https://edu.maragheh.ac.ir/web/site/achievements?sort=createDate-&tag=%D8%AF%D8%A7%D9%86%D8%B4%DA%AF%D8%A7%D9%87+%D9%85%D8%B1%D8%A7%D8%BA%D9%87&tag=%D8%A7%D8%B1%D8%AA%D8%A8%D8%A7%D8%B7+%D8%A8%D8%A7+%D8%B5%D9%86%D8%B9%D8%AA,verified,2026-08-12
maragheh-discovery-unit-industry-d338618d3371,maragheh,آرشیو دستاوردها - دانشگاه مراغه,industry,,,,https://edu.maragheh.ac.ir/web/site/achievements?sort=createDate-&tag=%D9%85%D8%B1%D8%A7%D8%BA%D9%87&tag=%D8%A7%D8%B1%D8%AA%D8%A8%D8%A7%D8%B7+%D8%A8%D8%A7+%D8%B5%D9%86%D8%B9%D8%AA,verified,2026-08-12
maragheh-discovery-unit-industry-91332ed74e27,maragheh,آرشیو دستاوردها - دانشگاه مراغه,industry,,,,https://edu.maragheh.ac.ir/web/site/achievements?sort=createDate-&tag=%D8%A7%D8%B3%D8%AA%D8%A7%D8%AF+%D8%AF%D8%A7%D9%86%D8%B4%DA%AF%D8%A7%D9%87+%D9%85%D8%B1%D8%A7%D8%BA%D9%87&tag=%D8%A7%D8%B1%D8%AA%D8%A8%D8%A7%D8%B7+%D8%A8%D8%A7+%D8%B5%D9%86%D8%B9%D8%AA,verified,2026-08-12
damghan-discovery-unit-technology-33c971c5379e,damghan,مرکز رشد,technology,,,,https://roshd.du.ac.ir/fa,verified,2026-08-12
damghan-discovery-unit-technology-ce75b4022902,damghan,دستورالعمل پذیرش و استقرار واحدهای فناور مرکز رشد - مرکز رشد,technology,,,,https://roshd.du.ac.ir/fa/regulation/15/%D8%AF%D8%B3%D8%AA%D9%88%D8%B1%D8%A7%D9%84%D8%B9%D9%85%D9%84-%D9%BE%D8%B0%DB%8C%D8%B1%D8%B4-%D9%88-%D8%A7%D8%B3%D8%AA%D9%82%D8%B1%D8%A7%D8%B1-%D9%88%D8%A7%D8%AD%D8%AF%D9%87%D8%A7%DB%8C-%D9%81%D9%86%D8%A7%D9%88%D8%B1-%D9%85%D8%B1%DA%A9%D8%B2-%D8%B1%D8%B4%D8%AF,verified,2026-08-12
damghan-discovery-unit-technology-bcdd5be48271,damghan,دستورالعمل پذیرش واحد های تحقیق و توسعه در مرکز رشد - مرکز رشد,technology,,,,https://roshd.du.ac.ir/fa/regulation/16/%D8%AF%D8%B3%D8%AA%D9%88%D8%B1%D8%A7%D9%84%D8%B9%D9%85%D9%84-%D9%BE%D8%B0%DB%8C%D8%B1%D8%B4-%D9%88%D8%A7%D8%AD%D8%AF-%D9%87%D8%A7%DB%8C-%D8%AA%D8%AD%D9%82%DB%8C%D9%82-%D9%88-%D8%AA%D9%88%D8%B3%D8%B9%D9%87-%D8%AF%D8%B1-%D9%85%D8%B1%DA%A9%D8%B2-%D8%B1%D8%B4%D8%AF,verified,2026-08-12
bonab-discovery-unit-technology-8444f29d151c,bonab,پیام تبریک معاون پژوهش و فناوری دانشگاه بناب به مناسبت هفته پژوهش و فناوری و نوآوری - معاونت پژوهش و فناوری دانشگاه بناب,technology,,,,https://research.ubonab.ac.ir/News/768/%d9%be%db%8c%d8%a7%d9%85-%d8%aa%d8%a8%d8%b1%db%8c%da%a9-%d9%85%d8%b9%d8%a7%d9%88%d9%86-%d9%be%da%98%d9%88%d9%87%d8%b4-%d9%88-%d9%81%d9%86%d8%a7%d9%88%d8%b1%db%8c-%d8%af%d8%a7%d9%86%d8%b4%da%af%d8%a7%d9%87-%d8%a8%d9%86%d8%a7%d8%a8-%d8%a8%d9%87-%d9%85%d9%86%d8%a7%d8%b3%d8%a8%d8%aa-%d9%87%d9%81%d8%aa%d9%87-%d9%be%da%98%d9%88%d9%87%d8%b4-%d9%88-%d9%81%d9%86%d8%a7%d9%88%d8%b1%db%8c-%d9%88-%d9%86%d9%88%d8%a2%d9%88%d8%b1%db%8c.html,verified,2026-08-12
bonab-discovery-unit-research-9d6837bfe481,bonab,برچسب شده با مدیریت پژوهشی,research,,,,https://research.ubonab.ac.ir/tag/2761/%D9%85%D8%AF%DB%8C%D8%B1%DB%8C%D8%AA-%D9%BE%DA%98%D9%88%D9%87%D8%B4%DB%8C.html,verified,2026-08-12
bonab-discovery-unit-industry-a9b5de8bd963,bonab,گروه کارآفرینی و ارتباط با صنعت - معاونت پژوهش و فناوری دانشگاه بناب,industry,,,,https://research.ubonab.ac.ir/entrepreneurship.html,verified,2026-08-12
bonab-discovery-unit-laboratory-a3fd975a47ff,bonab,آزمایشگاه مرکزی - معاونت پژوهش و فناوری دانشگاه بناب,laboratory,,,,https://research.ubonab.ac.ir/CLab.html,verified,2026-08-12
bonab-discovery-unit-it-982252a14967,bonab,صفحه اصلی - گروه توسعه فناوری اطلاعات، امنیت و هوشمندسازی,it,,organizationally-attributed,,https://itc.ubonab.ac.ir/,verified,2026-08-12
bonab-discovery-unit-library-43e72ad8da42,bonab,مرکز اطلاع رسانی و کتابخانه مرکزی - معاونت پژوهش و فناوری دانشگاه بناب,library,,,,https://research.ubonab.ac.ir/library.html,verified,2026-08-12
bonab-discovery-unit-laboratory-9ea67977a1db,bonab,برچسب شده با کمیته تجهیز آزمایشگاه,laboratory,,,,https://research.ubonab.ac.ir/tag/5429/%DA%A9%D9%85%DB%8C%D8%AA%D9%87-%D8%AA%D8%AC%D9%87%DB%8C%D8%B2-%D8%A2%D8%B2%D9%85%D8%A7%DB%8C%D8%B4%DA%AF%D8%A7%D9%87.html,verified,2026-08-12
bonab-discovery-unit-it-b33503587e6e,bonab,مرکز فناوری اطلاعات - معاونت پژوهش و فناوری دانشگاه بناب,it,,organizationally-attributed,,https://research.ubonab.ac.ir/itc.html,verified,2026-08-12
golestan-discovery-unit-library-a57b1e629706,golestan,امکان ثبت درخواست همانندجویی به دو روش در سامانه کتابخانه مجازی دانشگاه,library,,,,https://gu.ac.ir/library/ContextPage?id=24958,verified,2026-08-12
golestan-discovery-unit-library-83b1a8fa1880,golestan,راهنمای دانشجویان نوورود برای استفاده از خدمات کتابخانه ای,library,,,,https://gu.ac.ir/library/ContextPage?id=23940,verified,2026-08-12
golestan-discovery-unit-library-3a15673ccef9,golestan,اجرای طرح «کتابخانه بدون دیوار/کتابخانه باز» به مناسبت هفته کتاب جمهوری اسلامی ایران,library,,,,https://gu.ac.ir/library/ContextPage?id=22980,verified,2026-08-12
golestan-discovery-unit-library-8a2b5ae969b4,golestan,کارگاه آموزشی «آشنایی با کتابخانه و شیوه دسترسی به منابع الکترونیک» برگزار شد.,library,,,,https://gu.ac.ir/library/ContextPage?id=22925,verified,2026-08-12
golestan-discovery-unit-library-2f150716335e,golestan,مرکز اسناد دیجیتال,library,,,,https://gu.ac.ir/library/ContextPage?id=22081,verified,2026-08-12
hormozgan-discovery-unit-library-eac857b4a7f0,hormozgan,کتابخانه مرکزی,library,,,,https://www.hormozgan.ac.ir/home/index/32,verified,2026-08-12
hormozgan-discovery-unit-laboratory-4c0a83595158,hormozgan,آزمایشگاه مرکزی دانشگاه هرمزگان,laboratory,,,,https://hormozgan.ac.ir/home/index/19,verified,2026-08-12
hormozgan-discovery-unit-laboratory-4ca3d4932f21,hormozgan,مدیر آزمایشگاه مرکزی _ معرفی,laboratory,,,,https://hormozgan.ac.ir/home/index/19/51/959,verified,2026-08-12
hormozgan-discovery-unit-laboratory-4ef82ccd4f53,hormozgan,اهداف آزمایشگاه مرکزی _ معرفی,laboratory,,,,https://hormozgan.ac.ir/home/index/19/51/1017,verified,2026-08-12
hormozgan-discovery-unit-laboratory-8b90758e4e70,hormozgan,معرفی آزمایشگاه مرکزی _ معرفی,laboratory,,,,https://hormozgan.ac.ir/home/index/19/51/961,verified,2026-08-12
hormozgan-discovery-unit-laboratory-d9de494f3c2f,hormozgan,تعرفه آزمون های آزمایشگاه مرکزی _ تعرفه آزمون,laboratory,,,,https://hormozgan.ac.ir/home/index/19/51/1971,verified,2026-08-12
hormozgan-discovery-unit-industry-6ef6dcbc2a01,hormozgan,استفاده از اعضای هیات علمی در حال تبدیل وضعیت در صنعت و جامعه در قالب فرصت مطالعاتی,industry,,,,https://hormozgan.ac.ir/home/index/35/96/news/3933,verified,2026-08-12
hormozgan-discovery-unit-laboratory-cf730f976edb,hormozgan,Central Laboratory,laboratory,,,,https://hormozgan.ac.ir/home/index/19/52,verified,2026-08-12
hormozgan-discovery-unit-laboratory-a6218f047b2a,hormozgan,آزمایشگاه مرکزی دانشگاه هرمزگان,laboratory,,,,https://hormozgan.ac.ir/home/index/19/51/,verified,2026-08-12
ardakan-discovery-unit-industry-224b3335f57f,ardakan,بازدید از مجتمع معدنی چادرملو با همکاری دفتر ارتباط با صنعت و جامعه - گروه کارآفرینی و ارتباط با صنعت,industry,,,,https://entrepreneurship.ardakan.ac.ir/ar/w/%D8%A8%D8%A7%D8%B2%D8%AF%DB%8C%D8%AF-%D8%A7%D8%B2-%D9%85%D8%AC%D8%AA%D9%85%D8%B9-%D9%85%D8%B9%D8%AF%D9%86%DB%8C-%DA%86%D8%A7%D8%AF%D8%B1%D9%85%D9%84%D9%88-%D8%A8%D8%A7-%D9%87%D9%85%DA%A9%D8%A7%D8%B1%DB%8C-%D8%AF%D9%81%D8%AA%D8%B1-%D8%A7%D8%B1%D8%AA%D8%A8?redirect=%2Far%2F%25D8%25B5%25D9%2581%25D8%25AD%25D9%2587-%25D8%25A7%25D8%25B5%25D9%2584%25DB%258C,verified,2026-08-12
ardakan-discovery-unit-industry-f699ffee9dfb,ardakan,بازدید از مجتمع معدنی چادرملو با همکاری دفتر ارتباط با صنعت و جامعه - گروه کارآفرینی و ارتباط با صنعت,industry,,,,https://entrepreneurship.ardakan.ac.ir/en/w/%D8%A8%D8%A7%D8%B2%D8%AF%DB%8C%D8%AF-%D8%A7%D8%B2-%D9%85%D8%AC%D8%AA%D9%85%D8%B9-%D9%85%D8%B9%D8%AF%D9%86%DB%8C-%DA%86%D8%A7%D8%AF%D8%B1%D9%85%D9%84%D9%88-%D8%A8%D8%A7-%D9%87%D9%85%DA%A9%D8%A7%D8%B1%DB%8C-%D8%AF%D9%81%D8%AA%D8%B1-%D8%A7%D8%B1%D8%AA%D8%A8?redirect=%2Fen%2F%25D8%25B5%25D9%2581%25D8%25AD%25D9%2587-%25D8%25A7%25D8%25B5%25D9%2584%25DB%258C,verified,2026-08-12
ardakan-discovery-unit-industry-a0f472fabd4c,ardakan,خانه - گروه کارآفرینی و ارتباط با صنعت,industry,,,,https://entrepreneurship.ardakan.ac.ir/ar/%D8%B5%D9%81%D8%AD%D9%87-%D8%A7%D8%B5%D9%84%DB%8C,verified,2026-08-12
ardakan-discovery-unit-industry-6f98473492c7,ardakan,خانه - گروه کارآفرینی و ارتباط با صنعت,industry,,,,https://entrepreneurship.ardakan.ac.ir/en/%D8%B5%D9%81%D8%AD%D9%87-%D8%A7%D8%B5%D9%84%DB%8C,verified,2026-08-12
ardakan-discovery-unit-industry-f1b43eb47204,ardakan,بازدید دکترامیرشنوا مدیر مرکزنوآوری شرکت معدنی و صنعتی چادرملو از مرکزرشد واحدهای فناور دانشگاه اردکان - مرکز رشد,industry,,,,https://roshd.ardakan.ac.ir/en/web/roshd/w/%D8%A8%D8%A7%D8%B2%D8%AF%DB%8C%D8%AF-%D8%AF%DA%A9%D8%AA%D8%B1%D8%A7%D9%85%DB%8C%D8%B1%D8%B4%D9%86%D9%88%D8%A7-%D9%85%D8%AF%DB%8C%D8%B1-%D9%85%D8%B1%DA%A9%D8%B2%D9%86%D9%88%D8%A2%D9%88%D8%B1%DB%8C-%D8%B4%D8%B1%DA%A9%D8%AA-%D9%85%D8%B9%D8%AF%D9%86%DB%8C-,verified,2026-08-12
ardakan-discovery-unit-technology-ba8bd176b7d3,ardakan,برگزاری رویداد ایده تا کارآفرینی - مرکز رشد,technology,,,,https://roshd.ardakan.ac.ir/en/web/roshd/w/%D8%A8%D8%B1%DA%AF%D8%B2%D8%A7%D8%B1%DB%8C-%D8%B1%D9%88%DB%8C%D8%AF%D8%A7%D8%AF-%D8%A7%DB%8C%D8%AF%D9%87-%D8%AA%D8%A7-%DA%A9%D8%A7%D8%B1%D8%A2%D9%81%D8%B1%DB%8C%D9%86%DB%8C,verified,2026-08-12
ardakan-discovery-unit-technology-2329a5c9432e,ardakan,برگزاری دوره جامع ایده تا کارآفرینی در پارک علم وفناوری یزد - مرکز رشد,technology,,,,https://roshd.ardakan.ac.ir/fa/web/roshd/w/%D8%A8%D8%B1%DA%AF%D8%B2%D8%A7%D8%B1%DB%8C-%D8%AF%D9%88%D8%B1%D9%87-%D8%AC%D8%A7%D9%85%D8%B9-%D8%A7%DB%8C%D8%AF%D9%87-%D8%AA%D8%A7-%DA%A9%D8%A7%D8%B1%D8%A2%D9%81%D8%B1%DB%8C%D9%86%DB%8C-%D8%AF%D8%B1-%D9%BE%D8%A7%D8%B1%DA%A9-%D8%B9%D9%84%D9%85-%D9%88%D9%81,verified,2026-08-12
ardakan-discovery-unit-technology-0cdfdf531c61,ardakan,برگزاری دوره جامع ایده تا کارآفرینی در پارک علم وفناوری یزد - مرکز رشد,technology,,,,https://roshd.ardakan.ac.ir/ar/web/roshd/w/%D8%A8%D8%B1%DA%AF%D8%B2%D8%A7%D8%B1%DB%8C-%D8%AF%D9%88%D8%B1%D9%87-%D8%AC%D8%A7%D9%85%D8%B9-%D8%A7%DB%8C%D8%AF%D9%87-%D8%AA%D8%A7-%DA%A9%D8%A7%D8%B1%D8%A2%D9%81%D8%B1%DB%8C%D9%86%DB%8C-%D8%AF%D8%B1-%D9%BE%D8%A7%D8%B1%DA%A9-%D8%B9%D9%84%D9%85-%D9%88%D9%81,verified,2026-08-12
ardakan-discovery-unit-technology-0ec63071861e,ardakan,برگزاری دوره جامع ایده تا کارآفرینی در پارک علم وفناوری یزد - مرکز رشد,technology,,,,https://roshd.ardakan.ac.ir/en/web/roshd/w/%D8%A8%D8%B1%DA%AF%D8%B2%D8%A7%D8%B1%DB%8C-%D8%AF%D9%88%D8%B1%D9%87-%D8%AC%D8%A7%D9%85%D8%B9-%D8%A7%DB%8C%D8%AF%D9%87-%D8%AA%D8%A7-%DA%A9%D8%A7%D8%B1%D8%A2%D9%81%D8%B1%DB%8C%D9%86%DB%8C-%D8%AF%D8%B1-%D9%BE%D8%A7%D8%B1%DA%A9-%D8%B9%D9%84%D9%85-%D9%88%D9%81,verified,2026-08-12
ardakan-discovery-unit-industry-f8cf1612a70b,ardakan,قدردانی معاون پژوهش و فناوری وزارت علوم از دانشگاه‌ها و مراکز علمی در فعالیت‌های ارتباط با جامعه و صنعت - گروه کارآفرینی و ارتباط با صنعت,industry,,,,https://entrepreneurship.ardakan.ac.ir/ar/w/-0-1?redirect=%2Far%2F%25D8%25B5%25D9%2581%25D8%25AD%25D9%2587-%25D8%25A7%25D8%25B5%25D9%2584%25DB%258C,verified,2026-08-12
ardakan-discovery-unit-industry-0feb919c9274,ardakan,قدردانی معاون پژوهش و فناوری وزارت علوم از دانشگاه‌ها و مراکز علمی در فعالیت‌های ارتباط با جامعه و صنعت - گروه کارآفرینی و ارتباط با صنعت,industry,,,,https://entrepreneurship.ardakan.ac.ir/en/w/-0-1?redirect=%2Fen%2F%25D8%25B5%25D9%2581%25D8%25AD%25D9%2587-%25D8%25A7%25D8%25B5%25D9%2584%25DB%258C,verified,2026-08-12
ardakan-discovery-unit-industry-6fa0d791f200,ardakan,بازدید دکترامیرشنوا مدیر مرکزنوآوری شرکت معدنی و صنعتی چادرملو از مرکزرشد واحدهای فناور دانشگاه اردکان - مرکز رشد,industry,,,,https://roshd.ardakan.ac.ir/fa/web/roshd/w/%D8%A8%D8%A7%D8%B2%D8%AF%DB%8C%D8%AF-%D8%AF%DA%A9%D8%AA%D8%B1%D8%A7%D9%85%DB%8C%D8%B1%D8%B4%D9%86%D9%88%D8%A7-%D9%85%D8%AF%DB%8C%D8%B1-%D9%85%D8%B1%DA%A9%D8%B2%D9%86%D9%88%D8%A2%D9%88%D8%B1%DB%8C-%D8%B4%D8%B1%DA%A9%D8%AA-%D9%85%D8%B9%D8%AF%D9%86%DB%8C-,verified,2026-08-12
ardakan-discovery-unit-industry-3e2e6bd29a80,ardakan,بازدید دکترامیرشنوا مدیر مرکزنوآوری شرکت معدنی و صنعتی چادرملو از مرکزرشد واحدهای فناور دانشگاه اردکان - مرکز رشد,industry,,,,https://roshd.ardakan.ac.ir/ar/web/roshd/w/%D8%A8%D8%A7%D8%B2%D8%AF%DB%8C%D8%AF-%D8%AF%DA%A9%D8%AA%D8%B1%D8%A7%D9%85%DB%8C%D8%B1%D8%B4%D9%86%D9%88%D8%A7-%D9%85%D8%AF%DB%8C%D8%B1-%D9%85%D8%B1%DA%A9%D8%B2%D9%86%D9%88%D8%A2%D9%88%D8%B1%DB%8C-%D8%B4%D8%B1%DA%A9%D8%AA-%D9%85%D8%B9%D8%AF%D9%86%DB%8C-,verified,2026-08-12
ardakan-discovery-unit-technology-bf742c3d869f,ardakan,برگزاری رویداد ایده تا کارآفرینی - مرکز رشد,technology,,,,https://roshd.ardakan.ac.ir/fa/web/roshd/w/%D8%A8%D8%B1%DA%AF%D8%B2%D8%A7%D8%B1%DB%8C-%D8%B1%D9%88%DB%8C%D8%AF%D8%A7%D8%AF-%D8%A7%DB%8C%D8%AF%D9%87-%D8%AA%D8%A7-%DA%A9%D8%A7%D8%B1%D8%A2%D9%81%D8%B1%DB%8C%D9%86%DB%8C,verified,2026-08-12
ardakan-discovery-unit-technology-ba5d2e3321fc,ardakan,برگزاری رویداد ایده تا کارآفرینی - مرکز رشد,technology,,,,https://roshd.ardakan.ac.ir/ar/web/roshd/w/%D8%A8%D8%B1%DA%AF%D8%B2%D8%A7%D8%B1%DB%8C-%D8%B1%D9%88%DB%8C%D8%AF%D8%A7%D8%AF-%D8%A7%DB%8C%D8%AF%D9%87-%D8%AA%D8%A7-%DA%A9%D8%A7%D8%B1%D8%A2%D9%81%D8%B1%DB%8C%D9%86%DB%8C,verified,2026-08-12
ardakan-discovery-unit-industry-23499af741fd,ardakan,برگزاری دوره شخصیت شناسی جهت ارتباط موثر - گروه کارآفرینی و ارتباط با صنعت,industry,,,,https://entrepreneurship.ardakan.ac.ir/fa/w/-1?redirect=%2Ffa%2F%25D8%25B5%25D9%2581%25D8%25AD%25D9%2587-%25D8%25A7%25D8%25B5%25D9%2584%25DB%258C,verified,2026-08-12
ardakan-discovery-unit-industry-c359f6114a0e,ardakan,وبینار معرفی خدمات و حمایت‌های پارک علم و فناوری یزد از شرکت‌ها - گروه کارآفرینی و ارتباط با صنعت,industry,,,,https://entrepreneurship.ardakan.ac.ir/fa/w/-2?redirect=%2Ffa%2F%25D8%25B5%25D9%2581%25D8%25AD%25D9%2587-%25D8%25A7%25D8%25B5%25D9%2584%25DB%258C,verified,2026-08-12
ardakan-discovery-unit-industry-7aa5c9478a87,ardakan,عضو هیأت علمی برتر در همکاری با جامعه و صنعت - دانشگاه اردکان,industry,,,,https://ardakan.ac.ir/fa/w/-8?redirect=%2F,verified,2026-08-12
ardakan-discovery-unit-industry-cb8f1bdc89e5,ardakan,برگزاری دوره شخصیت شناسی جهت ارتباط موثر - گروه کارآفرینی و ارتباط با صنعت,industry,,,,https://entrepreneurship.ardakan.ac.ir/fa/w/-1?redirect=%2F,verified,2026-08-12
ardakan-discovery-unit-industry-535eaf5c9d8f,ardakan,فرم‌های کارآموزی - گروه کارآفرینی و ارتباط با صنعت,industry,,,,https://entrepreneurship.ardakan.ac.ir/ar/%D9%81%D8%B1%D9%85%E2%80%8C%D9%87%D8%A7%DB%8C-%DA%A9%D8%A7%D8%B1%D8%A2%D9%85%D9%88%D8%B2%DB%8C,verified,2026-08-12
ardakan-discovery-unit-industry-ea968972faa7,ardakan,فرم‌های کارآموزی - گروه کارآفرینی و ارتباط با صنعت,industry,,,,https://entrepreneurship.ardakan.ac.ir/en/%D9%81%D8%B1%D9%85%E2%80%8C%D9%87%D8%A7%DB%8C-%DA%A9%D8%A7%D8%B1%D8%A2%D9%85%D9%88%D8%B2%DB%8C,verified,2026-08-12
ardakan-discovery-unit-industry-05d17446e4ab,ardakan,بخشنامه‌ها و فرم‌ها - گروه کارآفرینی و ارتباط با صنعت,industry,,,,https://entrepreneurship.ardakan.ac.ir/ar/%D8%A8%D8%AE%D8%B4%D9%86%D8%A7%D9%85%D9%87-%D9%87%D8%A7-%D9%88-%D9%81%D8%B1%D9%85-%D9%87%D8%A7,verified,2026-08-12
ardakan-discovery-unit-industry-f9e286fdb419,ardakan,بخشنامه‌ها و فرم‌ها - گروه کارآفرینی و ارتباط با صنعت,industry,,,,https://entrepreneurship.ardakan.ac.ir/en/%D8%A8%D8%AE%D8%B4%D9%86%D8%A7%D9%85%D9%87-%D9%87%D8%A7-%D9%88-%D9%81%D8%B1%D9%85-%D9%87%D8%A7,verified,2026-08-12
ardakan-discovery-unit-industry-d4ccac70d2e2,ardakan,برگزاری دوره شخصیت شناسی جهت ارتباط موثر - گروه کارآفرینی و ارتباط با صنعت,industry,,,,https://entrepreneurship.ardakan.ac.ir/ar/w/-1?redirect=%2Far%2F%25D8%25B5%25D9%2581%25D8%25AD%25D9%2587-%25D8%25A7%25D8%25B5%25D9%2584%25DB%258C,verified,2026-08-12
ardakan-discovery-unit-industry-271b56724895,ardakan,برگزاری دوره شخصیت شناسی جهت ارتباط موثر - گروه کارآفرینی و ارتباط با صنعت,industry,,,,https://entrepreneurship.ardakan.ac.ir/en/w/-1?redirect=%2Fen%2F%25D8%25B5%25D9%2581%25D8%25AD%25D9%2587-%25D8%25A7%25D8%25B5%25D9%2584%25DB%258C,verified,2026-08-12
ardakan-discovery-unit-industry-59fd0a598605,ardakan,وبینار معرفی خدمات و حمایت‌های پارک علم و فناوری یزد از شرکت‌ها - گروه کارآفرینی و ارتباط با صنعت,industry,,,,https://entrepreneurship.ardakan.ac.ir/fa/w/-2?redirect=%2F,verified,2026-08-12
ardakan-discovery-unit-research-128cfad69329,ardakan,درباره مدیریت - مدیریت امور پژوهشی و فناوری,research,,,,https://research.ardakan.ac.ir/,verified,2026-08-12
ardakan-discovery-unit-research-821b43597059,ardakan,درباره مدیریت - مدیریت امور پژوهشی و فناوری,research,,,,https://research.ardakan.ac.ir/fa/%D8%B5%D9%81%D8%AD%D9%87-%D8%A7%D8%B5%D9%84%DB%8C,verified,2026-08-12
ayatollah-borujerdi-discovery-unit-library-bde42311149e,ayatollah-borujerdi,کتابخانه مرکزی و مرکز اسناد - دانشگاه آیت الله بروجردی,library,,,,https://abru.ac.ir/%DA%A9%D8%AA%D8%A7%D8%A8%D8%AE%D8%A7%D9%86%D9%87-%D9%85%D8%B1%DA%A9%D8%B2%DB%8C-%D9%88-%D9%85%D8%B1%DA%A9%D8%B2-%D8%A7%D8%B3%D9%86%D8%A7%D8%AF/,verified,2026-08-12
ayatollah-borujerdi-discovery-unit-library-cae151c12d6f,ayatollah-borujerdi,کتابخانه مرکزی و مرکز اسناد - دانشگاه آیت الله بروجردی,library,,,,https://abru.ac.ir/%DA%A9%D8%AA%D8%A7%D8%A8%D8%AE%D8%A7%D9%86%D9%87-%D9%85%D8%B1%DA%A9%D8%B2%DB%8C-%D9%88-%D9%85%D8%B1%DA%A9%D8%B2-%D8%A7%D8%B3%D9%86%D8%A7%D8%AF/?nocache=1786515895,verified,2026-08-12
ayatollah-borujerdi-discovery-unit-library-f168b00e39ce,ayatollah-borujerdi,کتابخانه مرکزی و مرکز اسناد - دانشگاه آیت الله بروجردی,library,,,,https://abru.ac.ir/%DA%A9%D8%AA%D8%A7%D8%A8%D8%AE%D8%A7%D9%86%D9%87-%D9%85%D8%B1%DA%A9%D8%B2%DB%8C-%D9%88-%D9%85%D8%B1%DA%A9%D8%B2-%D8%A7%D8%B3%D9%86%D8%A7%D8%AF/?nocache=1786552656,verified,2026-08-12
ayatollah-borujerdi-discovery-unit-library-6779d458a266,ayatollah-borujerdi,کتابخانه مرکزی و مرکز اسناد - دانشگاه آیت الله بروجردی,library,,,,https://abru.ac.ir/%DA%A9%D8%AA%D8%A7%D8%A8%D8%AE%D8%A7%D9%86%D9%87-%D9%85%D8%B1%DA%A9%D8%B2%DB%8C-%D9%88-%D9%85%D8%B1%DA%A9%D8%B2-%D8%A7%D8%B3%D9%86%D8%A7%D8%AF/?nocache=1786552669,verified,2026-08-12
ayatollah-borujerdi-discovery-unit-technology-02154fe5452c,ayatollah-borujerdi,وبینار مهارت‌آموزی، نوآوری و کارآفرینی در علوم انسانی (جدید) - دانشگاه آیت الله بروجردی,technology,,,,https://abru.ac.ir/event/%d9%88%d8%a8%db%8c%d9%86%d8%a7%d8%b1-%d9%85%d9%87%d8%a7%d8%b1%d8%aa%d8%a2%d9%85%d9%88%d8%b2%db%8c%d8%8c-%d9%86%d9%88%d8%a2%d9%88%d8%b1%db%8c-%d9%88-%da%a9%d8%a7%d8%b1%d8%a2%d9%81%d8%b1%db%8c/,verified,2026-08-12
ayatollah-borujerdi-discovery-unit-laboratory-b1ce52ea7658,ayatollah-borujerdi,آزمایشگاه مرکزی دانشگاه آیت‌الله العظمی بروجردی (ره) گواهینامه بین‌المللی ISO 9001 را دریافت کرد - دانشگاه آیت الله بروجردی,laboratory,,,,https://abru.ac.ir/news/%d8%a2%d8%b2%d9%85%d8%a7%db%8c%d8%b4%da%af%d8%a7%d9%87-%d9%85%d8%b1%da%a9%d8%b2%db%8c-%d8%af%d8%a7%d9%86%d8%b4%da%af%d8%a7%d9%87-%d8%a2%db%8c%d8%aa%d8%a7%d9%84%d9%84%d9%87-%d8%a7%d9%84%d8%b9/,verified,2026-08-12
ayatollah-borujerdi-discovery-unit-laboratory-78d75ea10ea8,ayatollah-borujerdi,ارتقای جایگاه آزمایشگاه مرکزی دانشگاه آیت‌الله‌العظمی بروجردی (ره) - دانشگاه آیت الله بروجردی,laboratory,,,,https://abru.ac.ir/news/%d8%a7%d8%b1%d8%aa%d9%82%d8%a7%db%8c-%d8%ac%d8%a7%db%8c%da%af%d8%a7%d9%87-%d8%a2%d8%b2%d9%85%d8%a7%db%8c%d8%b4%da%af%d8%a7%d9%87-%d9%85%d8%b1%da%a9%d8%b2%db%8c-%d8%af%d8%a7%d9%86%d8%b4%da%af%d8%a7/,verified,2026-08-12
ayatollah-borujerdi-discovery-unit-laboratory-6c93b7d44b8c,ayatollah-borujerdi,آزمایشگاه مرکزی دانشگاه آیت‌الله‌العظمی بروجردی(ره) به سطح «توانمند» رسید - دانشگاه آیت الله بروجردی,laboratory,,,,https://abru.ac.ir/news/%d8%a2%d8%b2%d9%85%d8%a7%db%8c%d8%b4%da%af%d8%a7%d9%87-%d9%85%d8%b1%da%a9%d8%b2%db%8c-%d8%af%d8%a7%d9%86%d8%b4%da%af%d8%a7%d9%87-%d8%a2%db%8c%d8%aa%d8%a7%d9%84%d9%84%d9%87%d8%a7/,verified,2026-08-12
ayatollah-borujerdi-discovery-unit-library-6fbb13c87852,ayatollah-borujerdi,انتشارات هسته پژوهشی انرژی و محیط زیست - دانشگاه آیت الله بروجردی,library,,,,https://abru.ac.ir/%d8%a7%d9%86%d8%aa%d8%b4%d8%a7%d8%b1%d8%a7%d8%aa-%d9%87%d8%b3%d8%aa%d9%87-%d9%be%da%98%d9%88%d9%87%d8%b4%db%8c-%d8%a7%d9%86%d8%b1%da%98%db%8c-%d9%88-%d9%85%d8%ad%db%8c%d8%b7-%d8%b2%db%8c%d8%b3%d8%aa/,verified,2026-08-12
ayatollah-borujerdi-discovery-unit-laboratory-183c7854638b,ayatollah-borujerdi,تجهیزات آزمایشگاهی - دانشگاه آیت الله بروجردی,laboratory,,,,https://abru.ac.ir/%d8%aa%d8%ac%d9%87%db%8c%d8%b2%d8%a7%d8%aa-%d8%a2%d8%b2%d9%85%d8%a7%db%8c%d8%b4%da%af%d8%a7%d9%87%db%8c/,verified,2026-08-12
ayatollah-borujerdi-discovery-unit-laboratory-e245128e9e7d,ayatollah-borujerdi,آزمایشگاه‌ها - دانشگاه آیت الله بروجردی,laboratory,,,,https://abru.ac.ir/%d8%a2%d8%b2%d9%85%d8%a7%db%8c%d8%b4%da%af%d8%a7%d9%87%d9%87%d8%a7/,verified,2026-08-12
ayatollah-borujerdi-discovery-unit-technology-3f87764eb288,ayatollah-borujerdi,برگزاری دوره‌های مختلف کارآفرینی - دانشگاه آیت الله بروجردی,technology,,,,https://abru.ac.ir/event/%d8%a8%d8%b1%da%af%d8%b2%d8%a7%d8%b1%db%8c-%d8%af%d9%88%d8%b1%d9%87%d9%87%d8%a7%db%8c-%d9%85%d8%ae%d8%aa%d9%84%d9%81-%da%a9%d8%a7%d8%b1%d8%a2%d9%81%d8%b1%db%8c%d9%86%db%8c/,verified,2026-08-12
ayatollah-borujerdi-discovery-unit-technology-fbe9697e5ab7,ayatollah-borujerdi,تعامل دانشگاه و زیست‌بوم نوآوری و فناوری اطلاعات لرستان با هدف توسعه همکاری‌های فناورانه - دانشگاه آیت الله بروجردی,technology,,,,https://abru.ac.ir/news/%d8%aa%d8%b9%d8%a7%d9%85%d9%84-%d8%af%d8%a7%d9%86%d8%b4%da%af%d8%a7%d9%87-%d9%88-%d8%b2%db%8c%d8%b3%d8%aa%d8%a8%d9%88%d9%85-%d9%86%d9%88%d8%a2%d9%88%d8%b1%db%8c-%d9%88-%d9%81%d9%86%d8%a7/,verified,2026-08-12
ayatollah-borujerdi-discovery-unit-laboratory-96d8f842e44f,ayatollah-borujerdi,یارانه خدمات آزمایشگاهی زمستانی | طرح حمایت از پژوهشگران - دانشگاه آیت الله بروجردی,laboratory,,,,https://abru.ac.ir/news/%db%8c%d8%a7%d8%b1%d8%a7%d9%86%d9%87-%d8%ae%d8%af%d9%85%d8%a7%d8%aa-%d8%a2%d8%b2%d9%85%d8%a7%db%8c%d8%b4%da%af%d8%a7%d9%87%db%8c-%d8%b2%d9%85%d8%b3%d8%aa%d8%a7%d9%86%db%8c-%d8%b7%d8%b1%d8%ad-%d8%ad/,verified,2026-08-12
ayatollah-borujerdi-discovery-unit-laboratory-d74a1ef3a965,ayatollah-borujerdi,راه‌اندازی آزمایشگاه معتمد محیط زیست در دانشگاه آیت الله العظمی بروجردی (ره) - دانشگاه آیت الله بروجردی,laboratory,,,,https://abru.ac.ir/news/%d8%b1%d8%a7%d9%87%d8%a7%d9%86%d8%af%d8%a7%d8%b2%db%8c-%d8%a2%d8%b2%d9%85%d8%a7%db%8c%d8%b4%da%af%d8%a7%d9%87-%d9%85%d8%b9%d8%aa%d9%85%d8%af-%d9%85%d8%ad%db%8c%d8%b7-%d8%b2%db%8c%d8%b3%d8%aa/,verified,2026-08-12
bojnord-discovery-unit-research-2315ce2bfe85,bojnord,وظایف واحد مدیریت پژوهشی - مدیریت امور پژوهشی و فناوری,research,,,,https://ub.ac.ir/web/mrt/%D8%B4%D8%B1%D8%AD-%D9%88%D8%B8%D8%A7%DB%8C%D9%81,verified,2026-08-12
bojnord-discovery-unit-research-91d5682c1b6a,bojnord,پرسنل مدیریت پژوهشی - مدیریت امور پژوهشی و فناوری,research,,,,https://ub.ac.ir/web/mrt/%D9%BE%D8%B1%D8%B3%D9%86%D9%84-%D9%88%D8%A7%D8%AD%D8%AF,verified,2026-08-12
bojnord-discovery-unit-research-e6505fbaf34e,bojnord,عملکرد مدیریت پژوهشی1-سال1404 - مدیریت امور پژوهشی و فناوری,research,,,,https://ub.ac.ir/fa/web/mrt/w/%D8%B9%D9%85%D9%84%DA%A9%D8%B1%D8%AF-%D9%85%D8%AF%DB%8C%D8%B1%DB%8C%D8%AA-%D9%BE%DA%98%D9%88%D9%87%D8%B4%DB%8C1-%D8%B3%D8%A7%D9%841404?redirect=%2Fweb%2Fmrt%2Fhome,verified,2026-08-12
bojnord-discovery-unit-research-6de5ec0dffa5,bojnord,عملکرد مدیریت پژوهشی2-سال1404 - مدیریت امور پژوهشی و فناوری,research,,,,https://ub.ac.ir/fa/web/mrt/w/%D8%B9%D9%85%D9%84%DA%A9%D8%B1%D8%AF-%D9%85%D8%AF%DB%8C%D8%B1%DB%8C%D8%AA-%D9%BE%DA%98%D9%88%D9%87%D8%B4%DB%8C2-%D8%B3%D8%A7%D9%841404?redirect=%2Fweb%2Fmrt%2Fhome,verified,2026-08-12
bojnord-discovery-unit-research-1fc78e5bb160,bojnord,وظایف واحد مدیریت پژوهشی - مدیریت امور پژوهشی و فناوری,research,,,,https://vr.ub.ac.ir/fa/web/mrt/%D8%B4%D8%B1%D8%AD-%D9%88%D8%B8%D8%A7%DB%8C%D9%81,verified,2026-08-12
bojnord-discovery-unit-research-8be601a244df,bojnord,پرسنل مدیریت پژوهشی - مدیریت امور پژوهشی و فناوری,research,,,,https://vr.ub.ac.ir/fa/web/mrt/%D9%BE%D8%B1%D8%B3%D9%86%D9%84-%D9%88%D8%A7%D8%AD%D8%AF,verified,2026-08-12
bojnord-discovery-unit-research-3a83c34c7290,bojnord,وظایف واحد مدیریت پژوهشی - مدیریت امور پژوهشی و فناوری,research,,,,https://ub.ac.ir/fa/web/mrt/%D8%B4%D8%B1%D8%AD-%D9%88%D8%B8%D8%A7%DB%8C%D9%81,verified,2026-08-12
bojnord-discovery-unit-research-6b3aeb438a3a,bojnord,پرسنل مدیریت پژوهشی - مدیریت امور پژوهشی و فناوری,research,,,,https://ub.ac.ir/fa/web/mrt/%D9%BE%D8%B1%D8%B3%D9%86%D9%84-%D9%88%D8%A7%D8%AD%D8%AF,verified,2026-08-12
bojnord-discovery-unit-laboratory-9cc7a38a4718,bojnord,صفحه اصلی - آزمایشگاه مرکزی,laboratory,,,,https://centrallab.ub.ac.ir/,verified,2026-08-12
bojnord-discovery-unit-laboratory-e08e061d04f4,bojnord,امضای تفاهم‌نامه میان دانشگاه بجنورد و دانشگاه شهید چمران اهواز - آزمایشگاه مرکزی,laboratory,,,,https://vr.ub.ac.ir/fa/web/centrallab/w/%D8%A7%D9%85%D8%B6%D8%A7%DB%8C-%D8%AA%D9%81%D8%A7%D9%87%D9%85%E2%80%8C%D9%86%D8%A7%D9%85%D9%87-%D9%85%DB%8C%D8%A7%D9%86-%D8%AF%D8%A7%D9%86%D8%B4%DA%AF%D8%A7%D9%87-%D8%A8%D8%AC%D9%86%D9%88%D8%B1%D8%AF-%D9%88-%D8%AF%D8%A7%D9%86%D8%B4%DA%AF%D8%A7%D9%87-?redirect=%2F,verified,2026-08-12
bojnord-discovery-unit-library-aa4e230fb82a,bojnord,درخواست خرید و تقویت منابع کتابخانه - کتابخانه مرکزی و مرکز اسناد,library,,,,https://lib.ub.ac.ir/home/-/asset_publisher/ryto/content/%25D8%25AF%25D8%25B1%25D8%25AE%25D9%2588%25D8%25A7%25D8%25B3%25D8%25AA-%25D8%25AE%25D8%25B1%25DB%258C%25D8%25AF-%25D9%2588-%25D8%25AA%25D9%2582%25D9%2588%25DB%258C%25D8%25AA-%25D9%2585%25D9%2586%25D8%25A7%25D8%25A8%25D8%25B9-%25DA%25A9%25D8%25AA%25D8%25A7%25D8%25A8%25D8%25AE%25D8%25A7%25D9%2586%25D9%2587?_com_liferay_asset_publisher_web_portlet_AssetPublisherPortlet_INSTANCE_ryto_assetEntryId=8154270&_com_liferay_asset_publisher_web_portlet_AssetPublisherPortlet_INSTANCE_ryto_redirect=https%3A%2F%2Flib.ub.ac.ir%2Fhome%3Fp_p_id%3Dcom_liferay_asset_publisher_web_portlet_AssetPublisherPortlet_INSTANCE_ryto%26p_p_lifecycle%3D0%26p_p_state%3Dnormal%26p_p_mode%3Dview%26_com_liferay_asset_publisher_web_portlet_AssetPublisherPortlet_INSTANCE_ryto_cur%3D0%26p_r_p_resetCur%3Dfalse%26_com_liferay_asset_publisher_web_portlet_AssetPublisherPortlet_INSTANCE_ryto_assetEntryId%3D8154270,verified,2026-08-12
bojnord-discovery-unit-research-f77f712821a1,bojnord,صفحه اصلی - مدیریت امور پژوهشی و فناوری,research,,,,https://ub.ac.ir/web/mrt/home,verified,2026-08-12
bojnord-discovery-unit-library-b3f532daeb1e,bojnord,صفحه اصلی - کتابخانه مرکزی و مرکز اسناد,library,,,,https://lib.ub.ac.ir/home/-/asset_publisher/smen/content/%25D8%25A7%25D9%2581%25D8%25B2%25D8%25A7%25DB%258C%25D8%25B4-%25D8%25AC%25D8%25B1%25DB%258C%25D9%2585%25D9%2587-%25D8%25AF%25DB%258C%25D8%25B1%25DA%25A9%25D8%25B1%25D8%25AF-%25DA%25A9%25D8%25AA%25D8%25A7%25D8%25A8-%25D8%25A8%25D9%2587-%25D8%25B1%25D9%2588%25D8%25B2%25DB%258C-10.000-%25D8%25B1%25DB%258C%25D8%25A7%25D9%2584-1?_com_liferay_asset_publisher_web_portlet_AssetPublisherPortlet_INSTANCE_smen_assetEntryId=3226598&_com_liferay_asset_publisher_web_portlet_AssetPublisherPortlet_INSTANCE_smen_redirect=https%3A%2F%2Flib.ub.ac.ir%2Fhome%3Fp_p_id%3Dcom_liferay_asset_publisher_web_portlet_AssetPublisherPortlet_INSTANCE_smen%26p_p_lifecycle%3D0%26p_p_state%3Dnormal%26p_p_mode%3Dview%26_com_liferay_asset_publisher_web_portlet_AssetPublisherPortlet_INSTANCE_smen_cur%3D0%26p_r_p_resetCur%3Dfalse%26_com_liferay_asset_publisher_web_portlet_AssetPublisherPortlet_INSTANCE_smen_assetEntryId%3D3226598,verified,2026-08-12
bojnord-discovery-unit-library-fc0b83dfeee3,bojnord,صفحه اصلی - کتابخانه مرکزی و مرکز اسناد,library,,,,https://lib.ub.ac.ir/home?p_p_id=com_liferay_asset_publisher_web_portlet_AssetPublisherPortlet_INSTANCE_ryto&p_p_lifecycle=0&p_p_state=normal&p_p_mode=view&_com_liferay_asset_publisher_web_portlet_AssetPublisherPortlet_INSTANCE_ryto_cur=0&p_r_p_resetCur=false&_com_liferay_asset_publisher_web_portlet_AssetPublisherPortlet_INSTANCE_ryto_assetEntryId=8559525,verified,2026-08-12
bojnord-discovery-unit-technology-ec81ecbd82b5,bojnord,صفحه اصلی - مدیریت فناوری و کارآفرینی,technology,,,,https://tem.ub.ac.ir/,verified,2026-08-12
bojnord-discovery-unit-technology-0e0be907ede6,bojnord,نخستین نشست تخصصی با کمیته‌های علمی «شب علم» - مرکز نوآوری دانشگاه بجنورد,technology,,,,https://vr.ub.ac.ir/fa/web/innovation/w/%D9%86%D8%AE%D8%B3%D8%AA%DB%8C%D9%86-%D9%86%D8%B4%D8%B3%D8%AA-%D8%AA%D8%AE%D8%B5%D8%B5%DB%8C-%D8%A8%D8%A7-%DA%A9%D9%85%DB%8C%D8%AA%D9%87%E2%80%8C%D9%87%D8%A7%DB%8C-%D8%B9%D9%84%D9%85%DB%8C-%C2%AB%D8%B4%D8%A8-%D8%B9%D9%84%D9%85%C2%BB?redirect=%2F,verified,2026-08-12
bojnord-discovery-unit-technology-080d2a5f05e1,bojnord,آغاز رسمی مسیر رویداد شب علم - مرکز نوآوری دانشگاه بجنورد,technology,,,,https://vr.ub.ac.ir/fa/web/innovation/w/%D8%A2%D8%BA%D8%A7%D8%B2-%D8%B1%D8%B3%D9%85%DB%8C-%D9%85%D8%B3%DB%8C%D8%B1-%D8%B1%D9%88%DB%8C%D8%AF%D8%A7%D8%AF-%D8%B4%D8%A8-%D8%B9%D9%84%D9%85?redirect=%2F,verified,2026-08-12
bojnord-discovery-unit-technology-ff5285211e2c,bojnord,محصولات نوآورانه - مرکز نوآوری دانشگاه بجنورد,technology,,,,https://innovation.ub.ac.ir/%D9%86%D9%85%D9%88%D9%86%D9%87%E2%80%8C%D9%87%D8%A7%DB%8C-%D8%A7%D9%88%D9%84%DB%8C%D9%87,verified,2026-08-12
khorramshahr-marine-discovery-unit-research-06c62fa221c7,khorramshahr-marine,همایش ها و کنفرانس ها - مدیریت پژوهشی,research,,,,https://researchmgt.kmsu.ac.ir/fa/event,verified,2026-08-12
khorramshahr-marine-discovery-unit-technology-26a29cf433f0,khorramshahr-marine,مرکز رشد,technology,,,,https://roshd.kmsu.ac.ir/fa,verified,2026-08-12
khorramshahr-marine-discovery-unit-technology-52f9adfbde41,khorramshahr-marine,آغاز همکاری مشترک مراکز رشد دانشگاه علوم و فنون دریایی خرمشهر و دانشگاه آزاد آبادان برای توسعه زیست‌بوم کارآفرینی منطقه,technology,,,,https://roshd.kmsu.ac.ir/fa/news/4160/%D8%A2%D8%BA%D8%A7%D8%B2-%D9%87%D9%85%DA%A9%D8%A7%D8%B1%DB%8C-%D9%85%D8%B4%D8%AA%D8%B1%DA%A9-%D9%85%D8%B1%D8%A7%DA%A9%D8%B2-%D8%B1%D8%B4%D8%AF-%D8%AF%D8%A7%D9%86%D8%B4%DA%AF%D8%A7%D9%87-%D8%B9%D9%84%D9%88%D9%85-%D9%88-%D9%81%D9%86%D9%88%D9%86-%D8%AF%D8%B1%DB%8C%D8%A7%DB%8C%DB%8C-%D8%AE%D8%B1%D9%85%D8%B4%D9%87%D8%B1-%D9%88-%D8%AF%D8%A7%D9%86%D8%B4%DA%AF%D8%A7%D9%87-%D8%A2%D8%B2%D8%A7%D8%AF-%D8%A2%D8%A8%D8%A7%D8%AF%D8%A7%D9%86-%D8%A8%D8%B1%D8%A7%DB%8C-%D8%AA%D9%88%D8%B3%D8%B9%D9%87-%D8%B2%DB%8C%D8%B3%D8%AA-%D8%A8%D9%88%D9%85-%DA%A9%D8%A7%D8%B1%D8%A2%D9%81%D8%B1%DB%8C%D9%86%DB%8C-%D9%85%D9%86%D8%B7%D9%82%D9%87,verified,2026-08-12
khorramshahr-marine-discovery-unit-research-ab2a3b11a22b,khorramshahr-marine,معاون پژوهش و فناوری - مدیریت پژوهشی,research,,,,https://researchmgt.kmsu.ac.ir/fa/page/44/%D9%85%D8%B9%D8%A7%D9%88%D9%86-%D9%BE%DA%98%D9%88%D9%87%D8%B4-%D9%88-%D9%81%D9%86%D8%A7%D9%88%D8%B1%DB%8C,verified,2026-08-12
khorramshahr-marine-discovery-unit-research-cc388363c6b7,khorramshahr-marine,همایش ها و کنفرانس ها - مدیریت پژوهشی,research,,,,https://researchmgt.kmsu.ac.ir/fa/event?period=registering,verified,2026-08-12
khorramshahr-marine-discovery-unit-research-72ef0d1e186a,khorramshahr-marine,همایش ها و کنفرانس ها - مدیریت پژوهشی,research,,,,https://researchmgt.kmsu.ac.ir/fa/event?period=registering&layout=grid&per-page=30,verified,2026-08-12
khorramshahr-marine-discovery-unit-research-f4da479d666d,khorramshahr-marine,همایش ها و کنفرانس ها - مدیریت پژوهشی,research,,,,https://researchmgt.kmsu.ac.ir/fa/event?period=registering&layout=thumbnail&per-page=12,verified,2026-08-12
khorramshahr-marine-discovery-unit-research-1b1ad1f78b01,khorramshahr-marine,همایش ها و کنفرانس ها - مدیریت پژوهشی,research,,,,https://researchmgt.kmsu.ac.ir/fa/event?period=onholding&layout=grid&per-page=30,verified,2026-08-12
khorramshahr-marine-discovery-unit-research-473af73e42ab,khorramshahr-marine,همایش ها و کنفرانس ها - مدیریت پژوهشی,research,,,,https://researchmgt.kmsu.ac.ir/fa/event?period=ispast&layout=grid&per-page=30,verified,2026-08-12
khorramshahr-marine-discovery-unit-research-0f10d0ea8cff,khorramshahr-marine,همایش ها و کنفرانس ها - مدیریت پژوهشی,research,,,,https://researchmgt.kmsu.ac.ir/fa/event?period=onholding&layout=thumbnail&per-page=12,verified,2026-08-12
khorramshahr-marine-discovery-unit-research-5983f19b3646,khorramshahr-marine,همایش ها و کنفرانس ها - مدیریت پژوهشی,research,,,,https://researchmgt.kmsu.ac.ir/fa/event?period=ispast&layout=thumbnail&per-page=12,verified,2026-08-12
khorramshahr-marine-discovery-unit-research-3f5e37143349,khorramshahr-marine,آئین نامه ها و فرم های پژوهشی - مدیریت پژوهشی,research,,,,https://researchmgt.kmsu.ac.ir/fa/page/184/%D8%A2%D8%A6%DB%8C%D9%86-%D9%86%D8%A7%D9%85%D9%87-%D9%87%D8%A7-%D9%88-%D9%81%D8%B1%D9%85-%D9%87%D8%A7%DB%8C-%D9%BE%DA%98%D9%88%D9%87%D8%B4%DB%8C,verified,2026-08-12
meybod-discovery-unit-laboratory-1d46000ccb2d,meybod,آزمایشگاه,laboratory,,,,https://meybod.ac.ir/academic-research/research/lab/lang/Fa.aspx,verified,2026-08-12
meybod-discovery-unit-it-d8a51a2551b6,meybod,ارتباط با واحد فناوری اطلاعات,it,,,,https://meybod.ac.ir/academic-research/research/information-technology/contact-us,verified,2026-08-12
meybod-discovery-unit-it-6b96a7f61607,meybod,ارتباط با واحد فناوری اطلاعات,it,,organizationally-attributed,,https://meybod.ac.ir/academic-research/research/information-technology/contact-us/lang/Fa.aspx,verified,2026-08-12
bozorgmehr-qaenat-discovery-unit-technology-65c2b51eaa01,bozorgmehr-qaenat,فرم های مرکز کارآفرینی و نوآوری,technology,,,,https://www.buqaen.ac.ir/%D8%A7%D8%B7%D9%84%D8%A7%D8%B9%DB%8C%D9%87-%D9%87%D8%A7/%D9%81%D8%B1%D9%85-%D9%87%D8%A7%DB%8C-%D9%85%D8%B1%DA%A9%D8%B2-%DA%A9%D8%A7%D8%B1%D8%A2%D9%81%D8%B1%DB%8C%D9%86%DB%8C-%D9%88-%D9%86%D9%88%D8%A2%D9%88%D8%B1%DB%8C-2,verified,2026-08-12
bozorgmehr-qaenat-discovery-unit-technology-2a876faf8e9e,bozorgmehr-qaenat,مرکز کارآفرینی و نوآوری,technology,,,,https://www.buqaen.ac.ir/category/%D9%85%D8%B1%DA%A9%D8%B2-%DA%A9%D8%A7%D8%B1%D8%A2%D9%81%D8%B1%DB%8C%D9%86%DB%8C-%D9%88-%D9%86%D9%88%D8%A2%D9%88%D8%B1%DB%8C,verified,2026-08-12
bozorgmehr-qaenat-discovery-unit-industry-5a9394ec903c,bozorgmehr-qaenat,برنامه پنج ساله گروه کارآفرینی ، نوآوری و ارتباط با صنعت و جامعه دانشگاه بزرگمهر قائنات,industry,,,,https://www.buqaen.ac.ir/%D8%A7%D8%AE%D8%A8%D8%A7%D8%B1/%D8%A8%D8%B1%D9%86%D8%A7%D9%85%D9%87-%D9%BE%D9%86%D8%AC-%D8%B3%D8%A7%D9%84%D9%87-%DA%AF%D8%B1%D9%88%D9%87-%DA%A9%D8%A7%D8%B1%D8%A2%D9%81%D8%B1%DB%8C%D9%86%DB%8C-%D9%86%D9%88%D8%A2%D9%88%D8%B1%DB%8C-%D9%88-%D8%A7%D8%B1%D8%AA%D8%A8%D8%A7%D8%B7-%D8%A8%D8%A7-%D8%B5%D9%86%D8%B9%D8%AA-%D9%88-%D8%AC%D8%A7%D9%85%D8%B9%D9%87-%D8%AF%D8%A7%D9%86%D8%B4%DA%AF%D8%A7%D9%87-%D8%A8%D8%B2%D8%B1%DA%AF%D9%85%D9%87%D8%B1-%D9%82%D8%A7%D8%A6%D9%86%D8%A7%D8%AA,verified,2026-08-12
bozorgmehr-qaenat-discovery-unit-industry-7b7c129523da,bozorgmehr-qaenat,دفتر ارتباط با صنعت,industry,,,,https://www.buqaen.ac.ir/%D8%AF%D9%81%D8%AA%D8%B1-%D8%A7%D8%B1%D8%AA%D8%A8%D8%A7%D8%B7-%D8%A8%D8%A7-%D8%B5%D9%86%D8%B9%D8%AA,verified,2026-08-12
bozorgmehr-qaenat-discovery-unit-industry-3f356ee16bce,bozorgmehr-qaenat,پرسنل دفتر ارتباط با صنعت,industry,,,,https://www.buqaen.ac.ir/%D8%A7%D8%AE%D8%A8%D8%A7%D8%B1/%D9%BE%D8%B1%D8%B3%D9%86%D9%84-%D8%AF%D9%81%D8%AA%D8%B1-%D8%A7%D8%B1%D8%AA%D8%A8%D8%A7%D8%B7-%D8%A8%D8%A7-%D8%B5%D9%86%D8%B9%D8%AA,verified,2026-08-12
bozorgmehr-qaenat-discovery-unit-research-09ccc39ecdcc,bozorgmehr-qaenat,معرفی مدیریت پژوهشی,research,,,,https://www.buqaen.ac.ir/%D8%A7%D8%AE%D8%A8%D8%A7%D8%B1/%D9%85%D8%B9%D8%B1%D9%81%DB%8C-%D9%85%D8%AF%DB%8C%D8%B1%DB%8C%D8%AA-%D9%BE%DA%98%D9%88%D9%87%D8%B4%DB%8C,verified,2026-08-12
bozorgmehr-qaenat-discovery-unit-technology-b6154505ebde,bozorgmehr-qaenat,اطلاعیه های مرکز کارآفرینی و نوآوری,technology,,,,https://www.buqaen.ac.ir/category/%D8%A7%D8%B7%D9%84%D8%A7%D8%B9%DB%8C%D9%87-%D9%87%D8%A7%DB%8C-%D9%85%D8%B1%DA%A9%D8%B2-%D9%85%D9%87%D8%A7%D8%B1%D8%AA-%D8%A2%D9%85%D9%88%D8%B2%DB%8C,verified,2026-08-12
bozorgmehr-qaenat-discovery-unit-industry-9c30a4cf8d24,bozorgmehr-qaenat,دفتر ارتباط با صنعت,industry,,,,https://www.buqaen.ac.ir/%D8%A7%D8%AE%D8%A8%D8%A7%D8%B1/%D8%AF%D9%81%D8%AA%D8%B1-%D8%A7%D8%B1%D8%AA%D8%A8%D8%A7%D8%B7-%D8%A8%D8%A7-%D8%B5%D9%86%D8%B9%D8%AA,verified,2026-08-12
bozorgmehr-qaenat-discovery-unit-industry-3cd504b95c5f,bozorgmehr-qaenat,فرم های دفتر ارتباط با صنعت,industry,,,,https://www.buqaen.ac.ir/category/%D9%81%D8%B1%D9%85-%D9%87%D8%A7%DB%8C-%D8%AF%D9%81%D8%AA%D8%B1-%D8%A7%D8%B1%D8%AA%D8%A8%D8%A7%D8%B7-%D8%A8%D8%A7-%D8%B5%D9%86%D8%B9%D8%AA,verified,2026-08-12
chabahar-maritime-discovery-unit-research-4db7cd8dfdc6,chabahar-maritime,صفحات وب اعضای هیأت علمی,research,,,,https://www.cmu.ac.ir/fa/staff,verified,2026-08-12
velayat-discovery-unit-research-b54b4468445a,velayat,مدیریت امور پژوهشی,research,,,,https://research.velayat.ac.ir/fa/tag/433/%D9%85%D8%AF%DB%8C%D8%B1%DB%8C%D8%AA+%D8%A7%D9%85%D9%88%D8%B1+%D9%BE%DA%98%D9%88%D9%87%D8%B4%DB%8C,verified,2026-08-12
velayat-discovery-unit-library-24b79c8e5f93,velayat,چاپ کتاب جدید در انتشارات دانشگاه ولایت,library,,,,https://research.velayat.ac.ir/fa/news/2866/%DA%86%D8%A7%D9%BE-%DA%A9%D8%AA%D8%A7%D8%A8-%D8%AC%D8%AF%DB%8C%D8%AF-%D8%AF%D8%B1-%D8%A7%D9%86%D8%AA%D8%B4%D8%A7%D8%B1%D8%A7%D8%AA-%D8%AF%D8%A7%D9%86%D8%B4%DA%AF%D8%A7%D9%87-%D9%88%D9%84%D8%A7%DB%8C%D8%AA?style=color-important-,verified,2026-08-12
velayat-discovery-unit-library-d6b9da3e0b76,velayat,چاپ کتاب جدید در انتشارات دانشگاه ولایت,library,,,,https://research.velayat.ac.ir/fa/news/2840/%DA%86%D8%A7%D9%BE-%DA%A9%D8%AA%D8%A7%D8%A8-%D8%AC%D8%AF%DB%8C%D8%AF-%D8%AF%D8%B1-%D8%A7%D9%86%D8%AA%D8%B4%D8%A7%D8%B1%D8%A7%D8%AA-%D8%AF%D8%A7%D9%86%D8%B4%DA%AF%D8%A7%D9%87-%D9%88%D9%84%D8%A7%DB%8C%D8%AA?style=color-important-,verified,2026-08-12
velayat-discovery-unit-library-c9abb31187a1,velayat,چاپ کتاب جدید در انتشارات دانشگاه ولایت,library,,,,https://research.velayat.ac.ir/fa/news/2800/%DA%86%D8%A7%D9%BE-%DA%A9%D8%AA%D8%A7%D8%A8-%D8%AC%D8%AF%DB%8C%D8%AF-%D8%AF%D8%B1-%D8%A7%D9%86%D8%AA%D8%B4%D8%A7%D8%B1%D8%A7%D8%AA-%D8%AF%D8%A7%D9%86%D8%B4%DA%AF%D8%A7%D9%87-%D9%88%D9%84%D8%A7%DB%8C%D8%AA?style=color-important-,verified,2026-08-12
velayat-discovery-unit-research-9e507f888cd3,velayat,مدیریت امور پژوهشی - مدیریت امور پژوهشی,research,,,,https://research.velayat.ac.ir/fa/page/687/%D9%85%D8%AF%DB%8C%D8%B1%DB%8C%D8%AA-%D8%A7%D9%85%D9%88%D8%B1-%D9%BE%DA%98%D9%88%D9%87%D8%B4%DB%8C,verified,2026-08-12
velayat-discovery-unit-library-ee7337f0186a,velayat,چاپ کتاب جدید در انتشارات دانشگاه ولایت,library,,,,https://research.velayat.ac.ir/fa/news/2866/%DA%86%D8%A7%D9%BE-%DA%A9%D8%AA%D8%A7%D8%A8-%D8%AC%D8%AF%DB%8C%D8%AF-%D8%AF%D8%B1-%D8%A7%D9%86%D8%AA%D8%B4%D8%A7%D8%B1%D8%A7%D8%AA-%D8%AF%D8%A7%D9%86%D8%B4%DA%AF%D8%A7%D9%87-%D9%88%D9%84%D8%A7%DB%8C%D8%AA,verified,2026-08-12
velayat-discovery-unit-library-85ba1348d9f9,velayat,چاپ کتاب جدید در انتشارات دانشگاه ولایت,library,,,,https://research.velayat.ac.ir/fa/news/2840/%DA%86%D8%A7%D9%BE-%DA%A9%D8%AA%D8%A7%D8%A8-%D8%AC%D8%AF%DB%8C%D8%AF-%D8%AF%D8%B1-%D8%A7%D9%86%D8%AA%D8%B4%D8%A7%D8%B1%D8%A7%D8%AA-%D8%AF%D8%A7%D9%86%D8%B4%DA%AF%D8%A7%D9%87-%D9%88%D9%84%D8%A7%DB%8C%D8%AA,verified,2026-08-12
velayat-discovery-unit-library-01de5b9b0a1d,velayat,چاپ کتاب جدید در انتشارات دانشگاه ولایت,library,,,,https://research.velayat.ac.ir/fa/news/2800/%DA%86%D8%A7%D9%BE-%DA%A9%D8%AA%D8%A7%D8%A8-%D8%AC%D8%AF%DB%8C%D8%AF-%D8%AF%D8%B1-%D8%A7%D9%86%D8%AA%D8%B4%D8%A7%D8%B1%D8%A7%D8%AA-%D8%AF%D8%A7%D9%86%D8%B4%DA%AF%D8%A7%D9%87-%D9%88%D9%84%D8%A7%DB%8C%D8%AA,verified,2026-08-12
amol-special-tech-discovery-unit-research-8902392cd47d,amol-special-tech,انتصاب دکتر هادی رضازاده به عنوان سرپرست مدیریت پژوهشی دانشگاه,research,,,,https://ausmt.ac.ir/article/-%D8%A7%D9%86%D8%AA%D8%B5%D8%A7%D8%A8-%D8%AF%DA%A9%D8%AA%D8%B1-%D9%87%D8%A7%D8%AF%DB%8C-%D8%B1%D8%B6%D8%A7%D8%B2%D8%A7%D8%AF%D9%87-%D8%A8%D9%87-%D8%B9%D9%86%D9%88%D8%A7%D9%86-%D8%B3%D8%B1%D9%BE%D8%B1%D8%B3%D8%AA-%D9%85%D8%AF%DB%8C%D8%B1%DB%8C%D8%AA-%D9%BE%DA%98%D9%88%D9%87%D8%B4%DB%8C-%D8%AF%D8%A7%D9%86%D8%B4%DA%AF%D8%A7%D9%87?sub=Res,verified,2026-08-12
amol-special-tech-discovery-unit-laboratory-d562b1a073d8,amol-special-tech,هشتمین دوره ارزیابی و رتبه بندی آزمایشگاه های عضو شبکه آزمایشگاهی فناوری های راهبردی معاونت علمی و فن آوری ریاست جمهوری مطابق عملکرد سال 1400,laboratory,,,,https://ausmt.ac.ir/article/%D9%87%D8%B4%D8%AA%D9%85%DB%8C%D9%86-%D8%AF%D9%88%D8%B1%D9%87-%D8%A7%D8%B1%D8%B2%DB%8C%D8%A7%D8%A8%DB%8C-%D9%88-%D8%B1%D8%AA%D8%A8%D9%87-%D8%A8%D9%86%D8%AF%DB%8C-%D8%A2%D8%B2%D9%85%D8%A7%DB%8C%D8%B4%DA%AF%D8%A7%D9%87-%D9%87%D8%A7%DB%8C-%D8%B9%D8%B6%D9%88-%D8%B4%D8%A8%DA%A9%D9%87-%D8%A2%D8%B2%D9%85%D8%A7%DB%8C%D8%B4%DA%AF%D8%A7%D9%87%DB%8C-%D9%81%D9%86%D8%A7%D9%88%D8%B1%DB%8C-%D9%87%D8%A7%DB%8C-%D8%B1%D8%A7%D9%87%D8%A8%D8%B1%D8%AF%DB%8C-%D9%85%D8%B9%D8%A7%D9%88%D9%86%D8%AA-%D8%B9%D9%84%D9%85%DB%8C-%D9%88-%D9%81%D9%86-%D8%A2%D9%88%D8%B1%DB%8C-%D8%B1%DB%8C%D8%A7%D8%B3%D8%AA-%D8%AC%D9%85%D9%87%D9%88%D8%B1%DB%8C-%D9%85%D8%B7%D8%A7%D8%A8%D9%82-%D8%B9%D9%85%D9%84%DA%A9%D8%B1%D8%AF-%D8%B3%D8%A7%D9%84-1400,verified,2026-08-12
amol-special-tech-discovery-unit-laboratory-0ede3215b453,amol-special-tech,هشتمین دوره ارزیابی و رتبه بندی آزمایشگاه های عضو شبکه آزمایشگاهی فناوری های راهبردی معاونت علمی و فن آوری ریاست جمهوری مطابق عملکرد سال 1400,laboratory,,,,https://ausmt.ac.ir/article/%D9%87%D8%B4%D8%AA%D9%85%DB%8C%D9%86-%D8%AF%D9%88%D8%B1%D9%87-%D8%A7%D8%B1%D8%B2%DB%8C%D8%A7%D8%A8%DB%8C-%D9%88-%D8%B1%D8%AA%D8%A8%D9%87-%D8%A8%D9%86%D8%AF%DB%8C-%D8%A2%D8%B2%D9%85%D8%A7%DB%8C%D8%B4%DA%AF%D8%A7%D9%87-%D9%87%D8%A7%DB%8C-%D8%B9%D8%B6%D9%88-%D8%B4%D8%A8%DA%A9%D9%87-%D8%A2%D8%B2%D9%85%D8%A7%DB%8C%D8%B4%DA%AF%D8%A7%D9%87%DB%8C-%D9%81%D9%86%D8%A7%D9%88%D8%B1%DB%8C-%D9%87%D8%A7%DB%8C-%D8%B1%D8%A7%D9%87%D8%A8%D8%B1%D8%AF%DB%8C-%D9%85%D8%B9%D8%A7%D9%88%D9%86%D8%AA-%D8%B9%D9%84%D9%85%DB%8C-%D9%88-%D9%81%D9%86-%D8%A2%D9%88%D8%B1%DB%8C-%D8%B1%DB%8C%D8%A7%D8%B3%D8%AA-%D8%AC%D9%85%D9%87%D9%88%D8%B1%DB%8C-%D9%85%D8%B7%D8%A7%D8%A8%D9%82-%D8%B9%D9%85%D9%84%DA%A9%D8%B1%D8%AF-%D8%B3%D8%A7%D9%84-1400_2,verified,2026-08-12
amol-special-tech-discovery-unit-laboratory-aa05625c3f30,amol-special-tech,حضور رییس آزمایشگاه مرکزی در اولین کنفرانس بین المللی و چهارمین کنفرانس ملی تجهیزات و فناوری های آزمایشگاهی ایران,laboratory,,,,https://ausmt.ac.ir/article/%D8%AD%D8%B6%D9%88%D8%B1-%D8%B1%DB%8C%DB%8C%D8%B3-%D8%A2%D8%B2%D9%85%D8%A7%DB%8C%D8%B4%DA%AF%D8%A7%D9%87-%D9%85%D8%B1%DA%A9%D8%B2%DB%8C-%D8%AF%D8%B1-%D8%A7%D9%88%D9%84%DB%8C%D9%86-%DA%A9%D9%86%D9%81%D8%B1%D8%A7%D9%86%D8%B3-%D8%A8%DB%8C%D9%86-%D8%A7%D9%84%D9%85%D9%84%D9%84%DB%8C-%D9%88-%DA%86%D9%87%D8%A7%D8%B1%D9%85%DB%8C%D9%86-%DA%A9%D9%86%D9%81%D8%B1%D8%A7%D9%86%D8%B3-%D9%85%D9%84%DB%8C-%D8%AA%D8%AC%D9%87%DB%8C%D8%B2%D8%A7%D8%AA-%D9%88-%D9%81%D9%86%D8%A7%D9%88%D8%B1%DB%8C-%D9%87%D8%A7%DB%8C-%D8%A2%D8%B2%D9%85%D8%A7%DB%8C%D8%B4%DA%AF%D8%A7%D9%87%DB%8C-%D8%A7%DB%8C%D8%B1%D8%A7%D9%86,verified,2026-08-12
amol-special-tech-discovery-unit-industry-4e5c0dfcebb4,amol-special-tech,آشنایی با نحوه اخذ پروژه های فناورانه و پژوهشی در ارتباط با جامعه و صنعت,industry,,,,https://ausmt.ac.ir/event/%D8%A2%D8%B4%D9%86%D8%A7%DB%8C%DB%8C-%D8%A8%D8%A7-%D9%86%D8%AD%D9%88%D9%87-%D8%A7%D8%AE%D8%B0-%D9%BE%D8%B1%D9%88%DA%98%D9%87-%D9%87%D8%A7%DB%8C-%D9%81%D9%86%D8%A7%D9%88%D8%B1%D8%A7%D9%86%D9%87-%D9%88-%D9%BE%DA%98%D9%88%D9%87%D8%B4%DB%8C-%D8%AF%D8%B1-%D8%A7%D8%B1%D8%AA%D8%A8%D8%A7%D8%B7-%D8%A8%D8%A7-%D8%AC%D8%A7%D9%85%D8%B9%D9%87-%D9%88-%D8%B5%D9%86%D8%B9%D8%AA,verified,2026-08-12
amol-special-tech-discovery-unit-research-5c0642fc8b26,amol-special-tech,مدیریت امور پژوهشی,research,,,,https://ausmt.ac.ir/sub/Res,verified,2026-08-12
amol-special-tech-discovery-unit-technology-02fe0fa99111,amol-special-tech,جلسه کارگروه آموزش، پژوهش، فناور و نوآوری (آپفن) قرارگاه تولیـد، دانش بنیـان و اشـتغال آفرین شهرسـتان آمـل,technology,,,,https://ausmt.ac.ir/article/%D8%AC%D9%84%D8%B3%D9%87-%DA%A9%D8%A7%D8%B1%DA%AF%D8%B1%D9%88%D9%87-%D8%A2%D9%85%D9%88%D8%B2%D8%B4%D8%8C-%D9%BE%DA%98%D9%88%D9%87%D8%B4%D8%8C-%D9%81%D9%86%D8%A7%D9%88%D8%B1-%D9%88-%D9%86%D9%88%D8%A2%D9%88%D8%B1%DB%8C-(%D8%A2%D9%BE%D9%81%D9%86)-%D9%82%D8%B1%D8%A7%D8%B1%DA%AF%D8%A7%D9%87-%D8%AA%D9%88%D9%84%DB%8C%D9%80%D8%AF%D8%8C-%D8%AF%D8%A7%D9%86%D8%B4-%D8%A8%D9%86%DB%8C%D9%80%D8%A7%D9%86-%D9%88-%D8%A7%D8%B4%D9%80%D8%AA%D8%BA%D8%A7%D9%84-%D8%A2%D9%81%D8%B1%DB%8C%D9%86-%D8%B4%D9%87%D8%B1%D8%B3%D9%80%D8%AA%D8%A7%D9%86-%D8%A2%D9%85%D9%80%D9%84,verified,2026-08-12
amol-special-tech-discovery-unit-technology-746859932e70,amol-special-tech,جلسه کارگروه آموزش، پژوهش، فناور و نوآوری (آپفن) قرارگاه تولیـد، دانش بنیـان و اشـتغال آفرین شهرسـتان آمـل,technology,,,,https://ausmt.ac.ir/article/%D8%AC%D9%84%D8%B3%D9%87-%DA%A9%D8%A7%D8%B1%DA%AF%D8%B1%D9%88%D9%87-%D8%A2%D9%85%D9%88%D8%B2%D8%B4%D8%8C-%D9%BE%DA%98%D9%88%D9%87%D8%B4%D8%8C-%D9%81%D9%86%D8%A7%D9%88%D8%B1-%D9%88-%D9%86%D9%88%D8%A2%D9%88%D8%B1%DB%8C-(%D8%A2%D9%BE%D9%81%D9%86)-%D9%82%D8%B1%D8%A7%D8%B1%DA%AF%D8%A7%D9%87-%D8%AA%D9%88%D9%84%DB%8C%D9%80%D8%AF%D8%8C-%D8%AF%D8%A7%D9%86%D8%B4-%D8%A8%D9%86%DB%8C%D9%80%D8%A7%D9%86-%D9%88-%D8%A7%D8%B4%D9%80%D8%AA%D8%BA%D8%A7%D9%84-%D8%A2%D9%81%D8%B1%DB%8C%D9%86-%D8%B4%D9%87%D8%B1%D8%B3%D9%80%D8%AA%D8%A7%D9%86-%D8%A2%D9%85%D9%80%D9%84_2,verified,2026-08-12
amol-special-tech-discovery-unit-laboratory-a8ecf9d3300d,amol-special-tech,مراسم تجلیل از کارشناسان آزمایشگاه های دانشگاه تخصصی فناوری های نوین آمل برگزار شد,laboratory,,,,https://ausmt.ac.ir/article/%D9%85%D8%B1%D8%A7%D8%B3%D9%85-%D8%AA%D8%AC%D9%84%DB%8C%D9%84-%D8%A7%D8%B2-%DA%A9%D8%A7%D8%B1%D8%B4%D9%86%D8%A7%D8%B3%D8%A7%D9%86-%D8%A2%D8%B2%D9%85%D8%A7%DB%8C%D8%B4%DA%AF%D8%A7%D9%87%20%D9%87%D8%A7%DB%8C-%D8%AF%D8%A7%D9%86%D8%B4%DA%AF%D8%A7%D9%87-%D8%AA%D8%AE%D8%B5%D8%B5%DB%8C-%D9%81%D9%86%D8%A7%D9%88%D8%B1%DB%8C-%D9%87%D8%A7%DB%8C-%D9%86%D9%88%DB%8C%D9%86-%D8%A2%D9%85%D9%84-%D8%A8%D8%B1%DA%AF%D8%B2%D8%A7%D8%B1-%D8%B4%D8%AF,verified,2026-08-12
amol-special-tech-discovery-unit-laboratory-9ea9c2ede638,amol-special-tech,مراسم تجلیل از کارشناسان آزمایشگاه های دانشگاه تخصصی فناوری های نوین آمل برگزار شد,laboratory,,,,https://ausmt.ac.ir/article/%D9%85%D8%B1%D8%A7%D8%B3%D9%85-%D8%AA%D8%AC%D9%84%DB%8C%D9%84-%D8%A7%D8%B2-%DA%A9%D8%A7%D8%B1%D8%B4%D9%86%D8%A7%D8%B3%D8%A7%D9%86-%D8%A2%D8%B2%D9%85%D8%A7%DB%8C%D8%B4%DA%AF%D8%A7%D9%87%20%D9%87%D8%A7%DB%8C-%D8%AF%D8%A7%D9%86%D8%B4%DA%AF%D8%A7%D9%87-%D8%AA%D8%AE%D8%B5%D8%B5%DB%8C-%D9%81%D9%86%D8%A7%D9%88%D8%B1%DB%8C-%D9%87%D8%A7%DB%8C-%D9%86%D9%88%DB%8C%D9%86-%D8%A2%D9%85%D9%84-%D8%A8%D8%B1%DA%AF%D8%B2%D8%A7%D8%B1-%D8%B4%D8%AF_2,verified,2026-08-12
amol-special-tech-discovery-unit-technology-346faa83ab11,amol-special-tech,مرکز مالکیت فکری,technology,,,,https://ausmt.ac.ir/sub/ipc,verified,2026-08-12
amol-special-tech-discovery-unit-laboratory-de64412179dc,amol-special-tech,بازدید اعضای هیئت علمی دانشکده گیاهان دارویی بهمراه دانشجویان از آزمایشگاههای مختلف موسسه تحقیقات برنج کشور,laboratory,,,,https://ausmt.ac.ir/article/%D8%A8%D8%A7%D8%B2%D8%AF%DB%8C%D8%AF-%D8%A7%D8%B9%D8%B6%D8%A7%DB%8C-%D9%87%DB%8C%D8%A6%D8%AA-%D8%B9%D9%84%D9%85%DB%8C-%D8%AF%D8%A7%D9%86%D8%B4%DA%A9%D8%AF%D9%87-%DA%AF%DB%8C%D8%A7%D9%87%D8%A7%D9%86-%D8%AF%D8%A7%D8%B1%D9%88%DB%8C%DB%8C-%D8%A8%D9%87%D9%85%D8%B1%D8%A7%D9%87-%D8%AF%D8%A7%D9%86%D8%B4%D8%AC%D9%88%DB%8C%D8%A7%D9%86-%D8%A7%D8%B2-%D8%A2%D8%B2%D9%85%D8%A7%DB%8C%D8%B4%DA%AF%D8%A7%D9%87%D9%87%D8%A7%DB%8C-%D9%85%D8%AE%D8%AA%D9%84%D9%81-%D9%85%D9%88%D8%B3%D8%B3%D9%87-%D8%AA%D8%AD%D9%82%DB%8C%D9%82%D8%A7%D8%AA-%D8%A8%D8%B1%D9%86%D8%AC-%DA%A9%D8%B4%D9%88%D8%B1_2,verified,2026-08-12
amol-special-tech-discovery-unit-laboratory-86fbda6431dd,amol-special-tech,ارائه خدمات آزمایشگاه بافت شناسی و پاتولوژی دانشکده دامپزشکی دانشگاه تخصصی فناوری های نوین آمل,laboratory,,,,https://ausmt.ac.ir/article/%D8%A7%D8%B1%D8%A7%D8%A6%D9%87-%D8%AE%D8%AF%D9%85%D8%A7%D8%AA-%D8%A2%D8%B2%D9%85%D8%A7%DB%8C%D8%B4%DA%AF%D8%A7%D9%87-%D8%A8%D8%A7%D9%81%D8%AA-%D8%B4%D9%86%D8%A7%D8%B3%DB%8C-%D9%88-%D9%BE%D8%A7%D8%AA%D9%88%D9%84%D9%88%DA%98%DB%8C-%D8%AF%D8%A7%D9%86%D8%B4%DA%A9%D8%AF%D9%87-%D8%AF%D8%A7%D9%85%D9%BE%D8%B2%D8%B4%DA%A9%DB%8C-%D8%AF%D8%A7%D9%86%D8%B4%DA%AF%D8%A7%D9%87-%D8%AA%D8%AE%D8%B5%D8%B5%DB%8C-%D9%81%D9%86%D8%A7%D9%88%D8%B1%DB%8C-%D9%87%D8%A7%DB%8C-%D9%86%D9%88%DB%8C%D9%86-%D8%A2%D9%85%D9%84,verified,2026-08-12
amol-special-tech-discovery-unit-laboratory-e16314da42b8,amol-special-tech,بازدید وزیر علوم، تحقیقات و فناوری از آزمایشگاه ها و سایر بخش های دانشکده دامپزشکی دانشگاه تخصصی فناوری های نوین آمل,laboratory,,,,https://ausmt.ac.ir/article/%D8%A8%D8%A7%D8%B2%D8%AF%DB%8C%D8%AF-%D9%88%D8%B2%DB%8C%D8%B1-%D8%B9%D9%84%D9%88%D9%85%D8%8C-%D8%AA%D8%AD%D9%82%DB%8C%D9%82%D8%A7%D8%AA-%D9%88-%D9%81%D9%86%D8%A7%D9%88%D8%B1%DB%8C-%D8%A7%D8%B2-%D8%A2%D8%B2%D9%85%D8%A7%DB%8C%D8%B4%DA%AF%D8%A7%D9%87-%D9%87%D8%A7-%D9%88-%D8%B3%D8%A7%DB%8C%D8%B1-%D8%A8%D8%AE%D8%B4-%D9%87%D8%A7%DB%8C-%D8%AF%D8%A7%D9%86%D8%B4%DA%A9%D8%AF%D9%87-%D8%AF%D8%A7%D9%85%D9%BE%D8%B2%D8%B4%DA%A9%DB%8C-%D8%AF%D8%A7%D9%86%D8%B4%DA%AF%D8%A7%D9%87-%D8%AA%D8%AE%D8%B5%D8%B5%DB%8C-%D9%81%D9%86%D8%A7%D9%88%D8%B1%DB%8C-%D9%87%D8%A7%DB%8C-%D9%86%D9%88%DB%8C%D9%86-%D8%A2%D9%85%D9%84,verified,2026-08-12
amol-special-tech-discovery-unit-laboratory-7bf543ebb089,amol-special-tech,دیدار مسئولین شرکت لبنی و گوشتی کاله با ریاست دانشگاه و بازدید از آزمایشگاه های دانشکده دامپزشکی,laboratory,,,,https://ausmt.ac.ir/article/%D8%AF%DB%8C%D8%AF%D8%A7%D8%B1-%D9%85%D8%B3%D8%A6%D9%88%D9%84%DB%8C%D9%86-%D8%B4%D8%B1%DA%A9%D8%AA-%D9%84%D8%A8%D9%86%DB%8C-%D9%88-%DA%AF%D9%88%D8%B4%D8%AA%DB%8C-%DA%A9%D8%A7%D9%84%D9%87-%D8%A8%D8%A7-%D8%B1%DB%8C%D8%A7%D8%B3%D8%AA-%D8%AF%D8%A7%D9%86%D8%B4%DA%AF%D8%A7%D9%87-%D9%88-%D8%A8%D8%A7%D8%B2%D8%AF%DB%8C%D8%AF-%D8%A7%D8%B2-%D8%A2%D8%B2%D9%85%D8%A7%DB%8C%D8%B4%DA%AF%D8%A7%D9%87-%D9%87%D8%A7%DB%8C-%D8%AF%D8%A7%D9%86%D8%B4%DA%A9%D8%AF%D9%87-%D8%AF%D8%A7%D9%85%D9%BE%D8%B2%D8%B4%DA%A9%DB%8C,verified,2026-08-12
amol-special-tech-discovery-unit-laboratory-9477c8fe952d,amol-special-tech,بازدید رییس دانشکده دامپزشکی بصره عراق به همراه هیئت همراه از آزمایشگاه های دانشکده دامپزشکی پردیس دانشگاه,laboratory,,,,https://ausmt.ac.ir/article/%D8%A8%D8%A7%D8%B2%D8%AF%DB%8C%D8%AF-%D8%B1%DB%8C%DB%8C%D8%B3-%D8%AF%D8%A7%D9%86%D8%B4%DA%A9%D8%AF%D9%87-%D8%AF%D8%A7%D9%85%D9%BE%D8%B2%D8%B4%DA%A9%DB%8C-%D8%A8%D8%B5%D8%B1%D9%87-%D8%B9%D8%B1%D8%A7%D9%82-%D8%A8%D9%87-%D9%87%D9%85%D8%B1%D8%A7%D9%87-%D9%87%DB%8C%D8%A6%D8%AA-%D9%87%D9%85%D8%B1%D8%A7%D9%87-%D8%A7%D8%B2-%D8%A2%D8%B2%D9%85%D8%A7%DB%8C%D8%B4%DA%AF%D8%A7%D9%87-%D9%87%D8%A7%DB%8C-%D8%AF%D8%A7%D9%86%D8%B4%DA%A9%D8%AF%D9%87-%D8%AF%D8%A7%D9%85%D9%BE%D8%B2%D8%B4%DA%A9%DB%8C-%D9%BE%D8%B1%D8%AF%DB%8C%D8%B3-%D8%AF%D8%A7%D9%86%D8%B4%DA%AF%D8%A7%D9%87,verified,2026-08-12
amol-special-tech-discovery-unit-laboratory-f502393279e7,amol-special-tech,بازدید رییس کارگروه دامپزشکی دفتر گسترش وزارت علوم از آزمایشگاه ها و سایر بخش های دانشکده دامپزشکی دانشگاه,laboratory,,,,https://ausmt.ac.ir/article/%D8%A8%D8%A7%D8%B2%D8%AF%DB%8C%D8%AF-%D8%B1%DB%8C%DB%8C%D8%B3-%DA%A9%D8%A7%D8%B1%DA%AF%D8%B1%D9%88%D9%87-%D8%AF%D8%A7%D9%85%D9%BE%D8%B2%D8%B4%DA%A9%DB%8C-%D8%AF%D9%81%D8%AA%D8%B1-%DA%AF%D8%B3%D8%AA%D8%B1%D8%B4-%D9%88%D8%B2%D8%A7%D8%B1%D8%AA-%D8%B9%D9%84%D9%88%D9%85-%D8%A7%D8%B2-%D8%A2%D8%B2%D9%85%D8%A7%DB%8C%D8%B4%DA%AF%D8%A7%D9%87-%D9%87%D8%A7-%D9%88-%D8%B3%D8%A7%DB%8C%D8%B1-%D8%A8%D8%AE%D8%B4-%D9%87%D8%A7%DB%8C-%D8%AF%D8%A7%D9%86%D8%B4%DA%A9%D8%AF%D9%87-%D8%AF%D8%A7%D9%85%D9%BE%D8%B2%D8%B4%DA%A9%DB%8C-%D8%AF%D8%A7%D9%86%D8%B4%DA%AF%D8%A7%D9%87,verified,2026-08-12
amol-special-tech-discovery-unit-laboratory-9aa150e360f7,amol-special-tech,مرکز تکثیر و پرورش حیوانات آزمایشگاهی دانشکده دامپزشکی دانشگاه تخصصی فناوری های نوین آمل افتتاح شد,laboratory,,,,https://ausmt.ac.ir/article/-%D9%85%D8%B1%DA%A9%D8%B2-%D8%AA%DA%A9%D8%AB%DB%8C%D8%B1-%D9%88-%D9%BE%D8%B1%D9%88%D8%B1%D8%B4-%D8%AD%DB%8C%D9%88%D8%A7%D9%86%D8%A7%D8%AA-%D8%A2%D8%B2%D9%85%D8%A7%DB%8C%D8%B4%DA%AF%D8%A7%D9%87%DB%8C-%D8%AF%D8%A7%D9%86%D8%B4%DA%A9%D8%AF%D9%87-%D8%AF%D8%A7%D9%85%D9%BE%D8%B2%D8%B4%DA%A9%DB%8C-%D8%AF%D8%A7%D9%86%D8%B4%DA%AF%D8%A7%D9%87-%D8%AA%D8%AE%D8%B5%D8%B5%DB%8C-%D9%81%D9%86%D8%A7%D9%88%D8%B1%DB%8C-%D9%87%D8%A7%DB%8C-%D9%86%D9%88%DB%8C%D9%86-%D8%A2%D9%85%D9%84-%D8%A7%D9%81%D8%AA%D8%AA%D8%A7%D8%AD-%D8%B4%D8%AF,verified,2026-08-12
malayer-discovery-unit-it-d6092117b904,malayer,مرکز فناوری اطلاعات(IT) - پورتال دانشگاه ملایر,it,,organizationally-attributed,,https://malayeru.ac.ir/portal/home/?1425/%D9%85%D8%B1%DA%A9%D8%B2-%D9%81%D9%86%D8%A7%D9%88%D8%B1%DB%8C-%D8%A7%D8%B7%D9%84%D8%A7%D8%B9%D8%A7%D8%AA(it),verified,2026-08-12
gonbad-kavous-discovery-unit-library-9e2d4e85e302,gonbad-kavous,حضور رئیس کتابخانه مرکزی، مرکز اسناد و اطلاع رسانی دانشگاه گنبدکاووس در گردهمایی رؤسای کتابخانه‌های مرکزی و مرکز اسناد دانشگاه‌ها و پژوهشگاه‌های کشور، دانشگاه گنبد کاووس,library,,,,https://gonbad.ac.ir/fa/home/details?newsId=41261,verified,2026-08-12
gonbad-kavous-discovery-unit-research-f0b0731b9180,gonbad-kavous,ساختار سازمانی دانشگاه گنبد کاووس,research,,,,https://gonbad.ac.ir/fa/home/page/171,verified,2026-08-12
gonbad-kavous-discovery-unit-it-9a867f1f46f8,gonbad-kavous,اداره توسعه فناوری اطلاعات، هوشمندسازی و امنیت شبکه دانشگاه گنبد کاووس,it,,organizationally-attributed,,https://gonbad.ac.ir/fa/home/page/605,verified,2026-08-12
gonbad-kavous-discovery-unit-laboratory-9ba33f13374b,gonbad-kavous,جلسه هم اندیشی مدیریت آزمایشگاه‌ها و‌ کارگاه‌های دانشگاه گنبدکاووس با کارکنان خدوم حوزه ، دانشگاه گنبد کاووس,laboratory,,,,https://gonbad.ac.ir/fa/home/details?newsId=41112,verified,2026-08-12
torbat-heydarieh-discovery-unit-industry-a92f0ec32584,torbat-heydarieh,دانلودها - دفتر کار آفرینی و ارتباط با صنعت,industry,,,,https://torbath.ac.ir/fa/download/category/4/%D8%AF%D9%81%D8%AA%D8%B1-%DA%A9%D8%A7%D8%B1-%D8%A2%D9%81%D8%B1%DB%8C%D9%86%DB%8C-%D9%88-%D8%A7%D8%B1%D8%AA%D8%A8%D8%A7%D8%B7-%D8%A8%D8%A7-%D8%B5%D9%86%D8%B9%D8%AA,verified,2026-08-12
jahrom-discovery-unit-library-5c5235265ced,jahrom,کتابخانه مرکزی و مرکز اطلاع رسانی,library,,,,https://jahromu.ac.ir/lib/fa,verified,2026-08-12
jahrom-discovery-unit-research-24d23060e471,jahrom,کارکنان مدیریت پژوهشی و فناوری دانشگاه جهرم - معاونت آموزشی و پژوهشی,research,,,,https://jahromu.ac.ir/vcer/fa/page/439/%DA%A9%D8%A7%D8%B1%DA%A9%D9%86%D8%A7%D9%86-%D9%85%D8%AF%DB%8C%D8%B1%DB%8C%D8%AA-%D9%BE%DA%98%D9%88%D9%87%D8%B4%DB%8C-%D9%88-%D9%81%D9%86%D8%A7%D9%88%D8%B1%DB%8C-%D8%AF%D8%A7%D9%86%D8%B4%DA%AF%D8%A7%D9%87-%D8%AC%D9%87%D8%B1%D9%85,verified,2026-08-12
jahrom-discovery-unit-research-433b434c71a0,jahrom,معرفی و اهداف مدیریت پژوهشی و فناوری دانشگاه جهرم - معاونت آموزشی و پژوهشی,research,,,,https://jahromu.ac.ir/vcer/fa/page/438/%D9%85%D8%B9%D8%B1%D9%81%DB%8C-%D9%88-%D8%A7%D9%87%D8%AF%D8%A7%D9%81-%D9%85%D8%AF%DB%8C%D8%B1%DB%8C%D8%AA-%D9%BE%DA%98%D9%88%D9%87%D8%B4%DB%8C-%D9%88-%D9%81%D9%86%D8%A7%D9%88%D8%B1%DB%8C-%D8%AF%D8%A7%D9%86%D8%B4%DA%AF%D8%A7%D9%87-%D8%AC%D9%87%D8%B1%D9%85,verified,2026-08-12
jahrom-discovery-unit-industry-6f1ffba8dbd2,jahrom,گروه کارآفرینی ، ارتباط با صنعت و جامعه - معاونت آموزشی و پژوهشی,industry,,,,https://jahromu.ac.ir/vcer/fa/page/90/%DA%AF%D8%B1%D9%88%D9%87-%DA%A9%D8%A7%D8%B1%D8%A2%D9%81%D8%B1%DB%8C%D9%86%DB%8C-%D8%A7%D8%B1%D8%AA%D8%A8%D8%A7%D8%B7-%D8%A8%D8%A7-%D8%B5%D9%86%D8%B9%D8%AA-%D9%88-%D8%AC%D8%A7%D9%85%D8%B9%D9%87,verified,2026-08-12
jahrom-discovery-unit-library-a88589696fdf,jahrom,ساختمان جدید کتابخانه مرکزی دانشگاه جهرم در پردیس دانشگاه,library,,,,https://jahromu.ac.ir/lib/fa/news/729/%D8%B3%D8%A7%D8%AE%D8%AA%D9%85%D8%A7%D9%86-%D8%AC%D8%AF%DB%8C%D8%AF-%DA%A9%D8%AA%D8%A7%D8%A8%D8%AE%D8%A7%D9%86%D9%87-%D9%85%D8%B1%DA%A9%D8%B2%DB%8C-%D8%AF%D8%A7%D9%86%D8%B4%DA%AF%D8%A7%D9%87-%D8%AC%D9%87%D8%B1%D9%85-%D8%AF%D8%B1-%D9%BE%D8%B1%D8%AF%DB%8C%D8%B3-%D8%AF%D8%A7%D9%86%D8%B4%DA%AF%D8%A7%D9%87,verified,2026-08-12
jahrom-discovery-unit-research-27733e769318,jahrom,مدیریت امور پژوهشی و فناوری - معاونت آموزشی و پژوهشی,research,,,,https://jahromu.ac.ir/vcer/fa/page/88/%D9%85%D8%AF%DB%8C%D8%B1%DB%8C%D8%AA-%D8%A7%D9%85%D9%88%D8%B1-%D9%BE%DA%98%D9%88%D9%87%D8%B4%DB%8C-%D9%88-%D9%81%D9%86%D8%A7%D9%88%D8%B1%DB%8C,verified,2026-08-12
jahrom-discovery-unit-industry-2d72547744c1,jahrom,شیوه نامه داخلی انتخاب پژوهشگران برتر دانشگاه و پژوهشگر برتر ارتباط با جامعه و صنعت - معاونت آموزشی و پژوهشی,industry,,,,https://jahromu.ac.ir/vcer/fa/regulation/179/%D8%B4%DB%8C%D9%88%D9%87-%D9%86%D8%A7%D9%85%D9%87-%D8%AF%D8%A7%D8%AE%D9%84%DB%8C-%D8%A7%D9%86%D8%AA%D8%AE%D8%A7%D8%A8-%D9%BE%DA%98%D9%88%D9%87%D8%B4%DA%AF%D8%B1%D8%A7%D9%86-%D8%A8%D8%B1%D8%AA%D8%B1-%D8%AF%D8%A7%D9%86%D8%B4%DA%AF%D8%A7%D9%87-%D9%88-%D9%BE%DA%98%D9%88%D9%87%D8%B4%DA%AF%D8%B1-%D8%A8%D8%B1%D8%AA%D8%B1-%D8%A7%D8%B1%D8%AA%D8%A8%D8%A7%D8%B7-%D8%A8%D8%A7-%D8%AC%D8%A7%D9%85%D8%B9%D9%87-%D9%88-%D8%B5%D9%86%D8%B9%D8%AA,verified,2026-08-12
jahrom-discovery-unit-industry-ddf0a3e39ab4,jahrom,شیوه نامه اجرایی فرصت مطالعاتی اساتید در جامعه و صنعت در دانشگاه جهرم - معاونت آموزشی و پژوهشی,industry,,,,https://jahromu.ac.ir/vcer/fa/regulation/144/%D8%B4%DB%8C%D9%88%D9%87-%D9%86%D8%A7%D9%85%D9%87-%D8%A7%D8%AC%D8%B1%D8%A7%DB%8C%DB%8C-%D9%81%D8%B1%D8%B5%D8%AA-%D9%85%D8%B7%D8%A7%D9%84%D8%B9%D8%A7%D8%AA%DB%8C-%D8%A7%D8%B3%D8%A7%D8%AA%DB%8C%D8%AF-%D8%AF%D8%B1-%D8%AC%D8%A7%D9%85%D8%B9%D9%87-%D9%88-%D8%B5%D9%86%D8%B9%D8%AA-%D8%AF%D8%B1-%D8%AF%D8%A7%D9%86%D8%B4%DA%AF%D8%A7%D9%87-%D8%AC%D9%87%D8%B1%D9%85,verified,2026-08-12
jiroft-discovery-unit-industry-ffca5c74b091,jiroft,آیین‌نامه‌ها و مصوبات- کارآفرینی و ارتباط با صنعت,industry,,,,https://ujiroft.ac.ir/research/fa/regulation/category/9/%DA%A9%D8%A7%D8%B1%D8%A2%D9%81%D8%B1%DB%8C%D9%86%DB%8C-%D9%88-%D8%A7%D8%B1%D8%AA%D8%A8%D8%A7%D8%B7-%D8%A8%D8%A7-%D8%B5%D9%86%D8%B9%D8%AA,verified,2026-08-12
jiroft-discovery-unit-industry-c9b3c9d3f734,jiroft,آیین نامه پژوهشگر برتر کارآفرینی و ارتباط با جامعه و صنعت - معاونت پژوهش و فناوری,industry,,,,https://ujiroft.ac.ir/research/fa/regulation/60/%D8%A2%DB%8C%DB%8C%D9%86-%D9%86%D8%A7%D9%85%D9%87-%D9%BE%DA%98%D9%88%D9%87%D8%B4%DA%AF%D8%B1-%D8%A8%D8%B1%D8%AA%D8%B1-%DA%A9%D8%A7%D8%B1%D8%A2%D9%81%D8%B1%DB%8C%D9%86%DB%8C-%D9%88-%D8%A7%D8%B1%D8%AA%D8%A8%D8%A7%D8%B7-%D8%A8%D8%A7-%D8%AC%D8%A7%D9%85%D8%B9%D9%87-%D9%88-%D8%B5%D9%86%D8%B9%D8%AA,verified,2026-08-12
jiroft-discovery-unit-industry-72b6a1cbbd51,jiroft,آیین‌نامه‌ها و مصوبات- کارآفرینی و ارتباط با صنعت,industry,,,,https://ujiroft.ac.ir/research/fa/regulation/category/9/%DA%A9%D8%A7%D8%B1%D8%A2%D9%81%D8%B1%DB%8C%D9%86%DB%8C-%D9%88-%D8%A7%D8%B1%D8%AA%D8%A8%D8%A7%D8%B7-%D8%A8%D8%A7-%D8%B5%D9%86%D8%B9%D8%AA?sort=circularNo,verified,2026-08-12
jiroft-discovery-unit-industry-740a4d49a97f,jiroft,آیین‌نامه‌ها و مصوبات- کارآفرینی و ارتباط با صنعت,industry,,,,https://ujiroft.ac.ir/research/fa/regulation/category/9/%DA%A9%D8%A7%D8%B1%D8%A2%D9%81%D8%B1%DB%8C%D9%86%DB%8C-%D9%88-%D8%A7%D8%B1%D8%AA%D8%A8%D8%A7%D8%B7-%D8%A8%D8%A7-%D8%B5%D9%86%D8%B9%D8%AA?sort=-circularNo,verified,2026-08-12
jiroft-discovery-unit-industry-649f5fd509c1,jiroft,فرصت های مطالعاتی برگزیده در جامعه و صنعت-۱۴۰۲ - معاونت پژوهش و فناوری,industry,,,,https://ujiroft.ac.ir/research/fa/regulation/69/%D9%81%D8%B1%D8%B5%D8%AA-%D9%87%D8%A7%DB%8C-%D9%85%D8%B7%D8%A7%D9%84%D8%B9%D8%A7%D8%AA%DB%8C-%D8%A8%D8%B1%DA%AF%D8%B2%DB%8C%D8%AF%D9%87-%D8%AF%D8%B1-%D8%AC%D8%A7%D9%85%D8%B9%D9%87-%D9%88-%D8%B5%D9%86%D8%B9%D8%AA-%DB%B1%DB%B4%DB%B0%DB%B2,verified,2026-08-12
jiroft-discovery-unit-industry-41e8d24d5f23,jiroft,شیوه‌نامه فرصت مطالعاتی اعضای هیئت‌علمی در جامعه و صنعت - معاونت پژوهش و فناوری,industry,,,,https://ujiroft.ac.ir/research/fa/regulation/58/%D8%B4%DB%8C%D9%88%D9%87-%D9%86%D8%A7%D9%85%D9%87-%D9%81%D8%B1%D8%B5%D8%AA-%D9%85%D8%B7%D8%A7%D9%84%D8%B9%D8%A7%D8%AA%DB%8C-%D8%A7%D8%B9%D8%B6%D8%A7%DB%8C-%D9%87%DB%8C%D8%A6%D8%AA-%D8%B9%D9%84%D9%85%DB%8C-%D8%AF%D8%B1-%D8%AC%D8%A7%D9%85%D8%B9%D9%87-%D9%88-%D8%B5%D9%86%D8%B9%D8%AA,verified,2026-08-12
jiroft-discovery-unit-industry-1c2a46c467ee,jiroft,شیوه‌نامه فرصت مطالعاتی جامعه و صنعت (وزارتی) - معاونت پژوهش و فناوری,industry,,,,https://ujiroft.ac.ir/research/fa/regulation/59/%D8%B4%DB%8C%D9%88%D9%87-%D9%86%D8%A7%D9%85%D9%87-%D9%81%D8%B1%D8%B5%D8%AA-%D9%85%D8%B7%D8%A7%D9%84%D8%B9%D8%A7%D8%AA%DB%8C-%D8%AC%D8%A7%D9%85%D8%B9%D9%87-%D9%88-%D8%B5%D9%86%D8%B9%D8%AA-%D9%88%D8%B2%D8%A7%D8%B1%D8%AA%DB%8C-,verified,2026-08-12
jiroft-discovery-unit-industry-a6ddc0536a31,jiroft,آیین نامه طرح های ارتباط با جامعه و صنعت - معاونت پژوهش و فناوری,industry,,,,https://ujiroft.ac.ir/research/fa/regulation/61/%D8%A2%DB%8C%DB%8C%D9%86-%D9%86%D8%A7%D9%85%D9%87-%D8%B7%D8%B1%D8%AD-%D9%87%D8%A7%DB%8C-%D8%A7%D8%B1%D8%AA%D8%A8%D8%A7%D8%B7-%D8%A8%D8%A7-%D8%AC%D8%A7%D9%85%D8%B9%D9%87-%D9%88-%D8%B5%D9%86%D8%B9%D8%AA,verified,2026-08-12
jiroft-discovery-unit-industry-667b93cd43c0,jiroft,فرم درخواست فرصت مطالعاتی جامعه و صنعت اعضای هیئت علمی - معاونت پژوهش و فناوری,industry,,,,https://ujiroft.ac.ir/research/fa/regulation/67/%D9%81%D8%B1%D9%85-%D8%AF%D8%B1%D8%AE%D9%88%D8%A7%D8%B3%D8%AA-%D9%81%D8%B1%D8%B5%D8%AA-%D9%85%D8%B7%D8%A7%D9%84%D8%B9%D8%A7%D8%AA%DB%8C-%D8%AC%D8%A7%D9%85%D8%B9%D9%87-%D9%88-%D8%B5%D9%86%D8%B9%D8%AA-%D8%A7%D8%B9%D8%B6%D8%A7%DB%8C-%D9%87%DB%8C%D8%A6%D8%AA-%D8%B9%D9%84%D9%85%DB%8C,verified,2026-08-12
jiroft-discovery-unit-industry-c735de47fb09,jiroft,اعضای هیئت‌علمی برتر در همکاری با جامعه و صنعت - معاونت پژوهش و فناوری,industry,,,,https://ujiroft.ac.ir/research/fa/regulation/90/%D8%A7%D8%B9%D8%B6%D8%A7%DB%8C-%D9%87%DB%8C%D8%A6%D8%AA-%D8%B9%D9%84%D9%85%DB%8C-%D8%A8%D8%B1%D8%AA%D8%B1-%D8%AF%D8%B1-%D9%87%D9%85%DA%A9%D8%A7%D8%B1%DB%8C-%D8%A8%D8%A7-%D8%AC%D8%A7%D9%85%D8%B9%D9%87-%D9%88-%D8%B5%D9%86%D8%B9%D8%AA,verified,2026-08-12
salman-farsi-kazerun-discovery-unit-industry-91d8aa3a41de,salman-farsi-kazerun,گروه کارآفرینی و ارتباط با صنعت - دانشگاه سلمان فارسی کازرون,industry,,,,https://kazerunsfu.ac.ir/fa/page/39/%DA%AF%D8%B1%D9%88%D9%87-%DA%A9%D8%A7%D8%B1%D8%A2%D9%81%D8%B1%DB%8C%D9%86%DB%8C-%D9%88-%D8%A7%D8%B1%D8%AA%D8%A8%D8%A7%D8%B7-%D8%A8%D8%A7-%D8%B5%D9%86%D8%B9%D8%AA,verified,2026-08-12
gonabad-higher-ed-discovery-unit-library-cbf5daf76ba8,gonabad-higher-ed,صفحه اصلی - کتابخانه مرکزی مجتمع آموزش عالی گناباد - کتابخانه مرکزی مجتمع آموزش عالی گناباد,library,,,,https://library.gonabad.ac.ir/faces/home.jspx,verified,2026-08-12
gonabad-higher-ed-discovery-unit-industry-ebccf41036d1,gonabad-higher-ed,ارتباط با صنعت و جامعه | مجتمع آموزش عالی گناباد,industry,,,,https://gonabad.ac.ir/%D8%A7%D8%B1%D8%AA%D8%A8%D8%A7%D8%B7-%D8%A8%D8%A7-%D8%B5%D9%86%D8%B9%D8%AA-%D9%88-%D8%AC%D8%A7%D9%85%D8%B9%D9%87,verified,2026-08-12
gonabad-higher-ed-discovery-unit-library-018b983a0f99,gonabad-higher-ed,کتابخانه مرکزی مجتمع آموزش عالی گناباد,library,,,,https://lib.gonabad.ac.ir/,verified,2026-08-12
gonabad-higher-ed-discovery-unit-laboratory-aea493d7e9fd,gonabad-higher-ed,آزمایشگاه مرکزی | مجتمع آموزش عالی گناباد,laboratory,,,,https://gonabad.ac.ir/centerallab,verified,2026-08-12
gonabad-higher-ed-discovery-unit-technology-c75bed7f1116,gonabad-higher-ed,نشست هم اندیشی مدیران دانشگاه با شرکت های مستقر در مرکز حمایت از فناوری و نوآوری دانشگاه گناباد برگزار شد. | مجتمع آموزش عالی گناباد,technology,,,,https://gonabad.ac.ir/ResNews/%D9%86%D8%B4%D8%B3%D8%AA-%D9%87%D9%85-%D8%A7%D9%86%D8%AF%DB%8C%D8%B4%DB%8C-%D9%85%D8%AF%DB%8C%D8%B1%D8%A7%D9%86-%D8%AF%D8%A7%D9%86%D8%B4%DA%AF%D8%A7%D9%87-%D8%A8%D8%A7-%D8%B4%D8%B1%DA%A9%D8%AA-%D9%87%D8%A7%DB%8C-%D9%85%D8%B3%D8%AA%D9%82%D8%B1-%D8%AF%D8%B1-%D9%85%D8%B1%DA%A9%D8%B2-%D8%AD%D9%85%D8%A7%DB%8C%D8%AA-%D8%A7%D8%B2-%D9%81%D9%86%D8%A7%D9%88%D8%B1%DB%8C-%D9%88-%D9%86%D9%88%D8%A2%D9%88%D8%B1%DB%8C-%D8%AF%D8%A7%D9%86%D8%B4%DA%AF%D8%A7%D9%87-%DA%AF%D9%86%D8%A7%D8%A8%D8%A7%D8%AF-%D8%A8%D8%B1%DA%AF%D8%B2%D8%A7%D8%B1-%D8%B4%D8%AF%C2%B7,verified,2026-08-12
gonabad-higher-ed-discovery-unit-industry-c0ab790823de,gonabad-higher-ed,استقرار شرکت فناور فراز صنعت گناباد در مرکز حمایت از فناوری و نوآوری دانشگاه گناباد | مجتمع آموزش عالی گناباد,industry,,,,https://gonabad.ac.ir/%D8%A7%D8%AE%D8%A8%D8%A7%D8%B1/-%D8%A7%D8%B3%D8%AA%D9%82%D8%B1%D8%A7%D8%B1-%D8%B4%D8%B1%DA%A9%D8%AA-%D9%81%D9%86%D8%A7%D9%88%D8%B1-%D9%81%D8%B1%D8%A7%D8%B2-%D8%B5%D9%86%D8%B9%D8%AA-%DA%AF%D9%86%D8%A7%D8%A8%D8%A7%D8%AF-%D8%AF%D8%B1-%D9%85%D8%B1%DA%A9%D8%B2-%D8%AD%D9%85%D8%A7%DB%8C%D8%AA-%D8%A7%D8%B2-%D9%81%D9%86%D8%A7%D9%88%D8%B1%DB%8C-%D9%88-%D9%86%D9%88%D8%A2%D9%88%D8%B1%DB%8C-%D8%AF%D8%A7%D9%86%D8%B4%DA%AF%D8%A7%D9%87-%DA%AF%D9%86%D8%A7%D8%A8%D8%A7%D8%AF,verified,2026-08-12
gonabad-higher-ed-discovery-unit-technology-10c09052d6a0,gonabad-higher-ed,استقرار شرکت فناور کیمیا آداک پارس در مرکز حمایت از فناوری و نوآوری دانشگاه گــناباد | مجتمع آموزش عالی گناباد,technology,,,,https://gonabad.ac.ir/ResNews/%D8%A7%D8%B3%D8%AA%D9%82%D8%B1%D8%A7%D8%B1-%D8%B4%D8%B1%DA%A9%D8%AA-%D9%81%D9%86%D8%A7%D9%88%D8%B1-%DA%A9%DB%8C%D9%85%DB%8C%D8%A7-%D8%A2%D8%AF%D8%A7%DA%A9-%D9%BE%D8%A7%D8%B1%D8%B3-%D8%AF%D8%B1-%D9%85%D8%B1%DA%A9%D8%B2-%D8%AD%D9%85%D8%A7%DB%8C%D8%AA-%D8%A7%D8%B2-%D9%81%D9%86%D8%A7%D9%88%D8%B1%DB%8C-%D9%88-%D9%86%D9%88%D8%A2%D9%88%D8%B1%DB%8C-%D8%AF%D8%A7%D9%86%D8%B4%DA%AF%D8%A7%D9%87-%DA%AF%D9%80%D9%80%D9%86%D8%A7%D8%A8%D8%A7%D8%AF-,verified,2026-08-12
gonabad-higher-ed-discovery-unit-laboratory-acc9a6c32a2a,gonabad-higher-ed,امضای تفاهم نامه همکاری میان آزمایشگاه مرکزی دانشگاه گــناباد و آزمایشگاه مرکزی دانشگاه سیستان و بلوچستان | مجتمع آموزش عالی گناباد,laboratory,,,,https://gonabad.ac.ir/%D8%A7%D8%AE%D8%A8%D8%A7%D8%B1-%D9%BE%DA%98%D9%88%D9%87%D8%B4%DB%8C/%D8%A7%D9%85%D8%B6%D8%A7%DB%8C-%D8%AA%D9%81%D8%A7%D9%87%D9%85-%D9%86%D8%A7%D9%85%D9%87-%D9%87%D9%85%DA%A9%D8%A7%D8%B1%DB%8C-%D9%85%DB%8C%D8%A7%D9%86-%D8%A2%D8%B2%D9%85%D8%A7%DB%8C%D8%B4%DA%AF%D8%A7%D9%87-%D9%85%D8%B1%DA%A9%D8%B2%DB%8C-%D8%AF%D8%A7%D9%86%D8%B4%DA%AF%D8%A7%D9%87-%DA%AF%D9%80%D9%80%D9%86%D8%A7%D8%A8%D8%A7%D8%AF-%D9%88-%D8%A2%D8%B2%D9%85%D8%A7%DB%8C%D8%B4%DA%AF%D8%A7%D9%87-%D9%85%D8%B1%DA%A9%D8%B2%DB%8C-%D8%AF%D8%A7%D9%86%D8%B4%DA%AF%D8%A7%D9%87-%D8%B3%DB%8C%D8%B3%D8%AA%D8%A7%D9%86-%D9%88-%D8%A8%D9%84%D9%88%DA%86%D8%B3%D8%AA%D8%A7%D9%86,verified,2026-08-12
gonabad-higher-ed-discovery-unit-library-8cc343d12381,gonabad-higher-ed,نشست کتاب‌خوانی با محور نقد و بررسی کتاب در کتابخانه مرکزی دانشگاه گناباد برگزار شد. | مجتمع آموزش عالی گناباد,library,,,,https://gonabad.ac.ir/%D8%A7%D8%AE%D8%A8%D8%A7%D8%B1/%D9%86%D8%B4%D8%B3%D8%AA-%DA%A9%D8%AA%D8%A7%D8%A8%E2%80%8C%D8%AE%D9%88%D8%A7%D9%86%DB%8C-%D8%A8%D8%A7-%D9%85%D8%AD%D9%88%D8%B1-%D9%86%D9%82%D8%AF-%D9%88-%D8%A8%D8%B1%D8%B1%D8%B3%DB%8C-%DA%A9%D8%AA%D8%A7%D8%A8-%D8%AF%D8%B1-%DA%A9%D8%AA%D8%A7%D8%A8%D8%AE%D8%A7%D9%86%D9%87-%D9%85%D8%B1%DA%A9%D8%B2%DB%8C-%D8%AF%D8%A7%D9%86%D8%B4%DA%AF%D8%A7%D9%87-%DA%AF%D9%86%D8%A7%D8%A8%D8%A7%D8%AF-%D8%A8%D8%B1%DA%AF%D8%B2%D8%A7%D8%B1-%D8%B4%D8%AF%C2%B7,verified,2026-08-12
gonabad-higher-ed-discovery-unit-laboratory-6323d430cbd4,gonabad-higher-ed,ساختار آزمایشگاه مرکزی | مجتمع آموزش عالی گناباد,laboratory,,,,https://gonabad.ac.ir/%D8%B3%D8%A7%D8%AE%D8%AA%D8%A7%D8%B1-%D8%A2%D8%B2%D9%85%D8%A7%DB%8C%D8%B4%DA%AF%D8%A7%D9%87-%D9%85%D8%B1%DA%A9%D8%B2%DB%8C,verified,2026-08-12
gonabad-higher-ed-discovery-unit-library-ea14f1e67520,gonabad-higher-ed,نمایش مختصر - کتابخانه مرکزی مجتمع آموزش عالی گناباد,library,,,,https://library.gonabad.ac.ir/site/search/advanced?docType=TF,verified,2026-08-12
gonabad-higher-ed-discovery-unit-industry-4772fcad0026,gonabad-higher-ed,فرصت مطالعاتی اعضا هیأت علمی در صنعت و جامعه | مجتمع آموزش عالی گناباد,industry,,,,https://gonabad.ac.ir/%D9%81%D8%B1%D8%B5%D8%AA-%D9%85%D8%B7%D8%A7%D9%84%D8%B9%D8%A7%D8%AA%DB%8C-%D8%A7%D8%B9%D8%B6%D8%A7-%D9%87%DB%8C%D8%A3%D8%AA-%D8%B9%D9%84%D9%85%DB%8C-%D8%AF%D8%B1-%D8%B5%D9%86%D8%B9%D8%AA-%D9%88-%D8%AC%D8%A7%D9%85%D8%B9%D9%87,verified,2026-08-12
gonabad-higher-ed-discovery-unit-industry-1d1b88ef7dd3,gonabad-higher-ed,معرفی دفتر ارتباط با صنعت | مجتمع آموزش عالی گناباد,industry,,,,https://gonabad.ac.ir/%D9%85%D8%B9%D8%B1%D9%81%DB%8C-%D8%AF%D9%81%D8%AA%D8%B1-%D8%A7%D8%B1%D8%AA%D8%A8%D8%A7%D8%B7-%D8%A8%D8%A7-%D8%B5%D9%86%D8%B9%D8%AA,verified,2026-08-12
gonabad-higher-ed-discovery-unit-laboratory-5ae0c2c1818c,gonabad-higher-ed,ارتباط با مدیر آزمایشگاه | مجتمع آموزش عالی گناباد,laboratory,,,,https://gonabad.ac.ir/centerallab-contact,verified,2026-08-12
gonabad-higher-ed-discovery-unit-library-00aca8077873,gonabad-higher-ed,انتشار کتاب عضو هیات علمی مجتمع آموزش عالی گناباد در انتشارات بین‌المللی اشپرینگر | مجتمع آموزش عالی گناباد,library,,,,https://gonabad.ac.ir/ResNews/%D8%A7%D9%86%D8%AA%D8%B4%D8%A7%D8%B1-%DA%A9%D8%AA%D8%A7%D8%A8-%D8%B9%D8%B6%D9%88-%D9%87%DB%8C%D8%A7%D8%AA-%D8%B9%D9%84%D9%85%DB%8C-%D9%85%D8%AC%D8%AA%D9%85%D8%B9-%D8%A2%D9%85%D9%88%D8%B2%D8%B4-%D8%B9%D8%A7%D9%84%DB%8C-%DA%AF%D9%86%D8%A7%D8%A8%D8%A7%D8%AF-%D8%AF%D8%B1-%D8%A7%D9%86%D8%AA%D8%B4%D8%A7%D8%B1%D8%A7%D8%AA-%D8%A8%DB%8C%D9%86%E2%80%8C%D8%A7%D9%84%D9%85%D9%84%D9%84%DB%8C-%D8%A7%D8%B4%D9%BE%D8%B1%DB%8C%D9%86%DA%AF%D8%B1,verified,2026-08-12
gonabad-higher-ed-discovery-unit-library-a770bce49651,gonabad-higher-ed,اولین کتاب‌های منتشر شده توسط انتشارات دانشگاه گناباد رونمایی شد. | مجتمع آموزش عالی گناباد,library,,,,https://gonabad.ac.ir/ResNews/%D8%A7%D9%88%D9%84%DB%8C%D9%86-%DA%A9%D8%AA%D8%A7%D8%A8%E2%80%8C%D9%87%D8%A7%DB%8C-%D9%85%D9%86%D8%AA%D8%B4%D8%B1-%D8%B4%D8%AF%D9%87-%D8%AA%D9%88%D8%B3%D8%B7-%D8%A7%D9%86%D8%AA%D8%B4%D8%A7%D8%B1%D8%A7%D8%AA-%D8%AF%D8%A7%D9%86%D8%B4%DA%AF%D8%A7%D9%87-%DA%AF%D9%86%D8%A7%D8%A8%D8%A7%D8%AF-%D8%B1%D9%88%D9%86%D9%85%D8%A7%DB%8C%DB%8C-%D8%B4%D8%AF%C2%B7,verified,2026-08-12
gonabad-higher-ed-discovery-unit-library-ce43fb2500e4,gonabad-higher-ed,کلیدواژه | مجتمع آموزش عالی گناباد,library,,,,https://gonabad.ac.ir/%DA%A9%D9%84%DB%8C%D8%AF%D9%88%D8%A7%DA%98%D9%87/%DA%A9%D8%AA%D8%A7%D8%A8%D8%AE%D8%A7%D9%86%D9%87_%D9%85%D8%B1%DA%A9%D8%B2%DB%8C_%D8%AF%D8%A7%D9%86%D8%B4%DA%AF%D8%A7%D9%87_%DA%AF%D9%86%D8%A7%D8%A8%D8%A7%D8%AF,verified,2026-08-12
gonabad-higher-ed-discovery-unit-technology-9c10fd2f2e69,gonabad-higher-ed,امضای تفاهم‌نامه راه‌اندازی مرکز نوآوری مجتمع آموزش عالی گناباد | مجتمع آموزش عالی گناباد,technology,,,,https://gonabad.ac.ir/%D8%A7%D8%AE%D8%A8%D8%A7%D8%B1/%D8%A7%D9%85%D8%B6%D8%A7%DB%8C-%D8%AA%D9%81%D8%A7%D9%87%D9%85%E2%80%8C%D9%86%D8%A7%D9%85%D9%87-%D8%B1%D8%A7%D9%87%E2%80%8C%D8%A7%D9%86%D8%AF%D8%A7%D8%B2%DB%8C-%D9%85%D8%B1%DA%A9%D8%B2-%D9%86%D9%88%D8%A2%D9%88%D8%B1%DB%8C-%D9%85%D8%AC%D8%AA%D9%85%D8%B9-%D8%A2%D9%85%D9%88%D8%B2%D8%B4-%D8%B9%D8%A7%D9%84%DB%8C-%DA%AF%D9%86%D8%A7%D8%A8%D8%A7%D8%AF,verified,2026-08-12
gonabad-higher-ed-discovery-unit-technology-8563d5a070c4,gonabad-higher-ed,کارگاه های رویداد نوآوری و خلاقیت در کسب و کار | مجتمع آموزش عالی گناباد,technology,,,,https://gonabad.ac.ir/%D8%A7%D8%B7%D9%84%D8%A7%D8%B9%DB%8C%D9%87-%D9%87%D8%A7/%DA%A9%D8%A7%D8%B1%DA%AF%D8%A7%D9%87-%D9%87%D8%A7%DB%8C-%D8%B1%D9%88%DB%8C%D8%AF%D8%A7%D8%AF-%D9%86%D9%88%D8%A2%D9%88%D8%B1%DB%8C-%D9%88-%D8%AE%D9%84%D8%A7%D9%82%DB%8C%D8%AA-%D8%AF%D8%B1-%DA%A9%D8%B3%D8%A8-%D9%88-%DA%A9%D8%A7%D8%B1,verified,2026-08-12
gonabad-higher-ed-discovery-unit-library-d9630ee49c4e,gonabad-higher-ed,دیدار هیأت رئیسه دانشگاه با مدیر و کارکنان کتابخانه دانشگاه به مناسبت هفته کتابخوانی و روز کتابدار | مجتمع آموزش عالی گناباد,library,,,,https://gonabad.ac.ir/news/%D8%AF%DB%8C%D8%AF%D8%A7%D8%B1-%D9%87%DB%8C%D8%A3%D8%AA-%D8%B1%D8%A6%DB%8C%D8%B3%D9%87-%D8%AF%D8%A7%D9%86%D8%B4%DA%AF%D8%A7%D9%87-%D8%A8%D8%A7-%D9%85%D8%AF%DB%8C%D8%B1-%D9%88-%DA%A9%D8%A7%D8%B1%DA%A9%D9%86%D8%A7%D9%86-%DA%A9%D8%AA%D8%A7%D8%A8%D8%AE%D8%A7%D9%86%D9%87-%D8%AF%D8%A7%D9%86%D8%B4%DA%AF%D8%A7%D9%87-%D8%A8%D9%87-%D9%85%D9%86%D8%A7%D8%B3%D8%A8%D8%AA-%D9%87%D9%81%D8%AA%D9%87-%DA%A9%D8%AA%D8%A7%D8%A8%D8%AE%D9%88%D8%A7%D9%86%DB%8C-%D9%88-%D8%B1%D9%88%D8%B2-%DA%A9%D8%AA%D8%A7%D8%A8%D8%AF%D8%A7%D8%B1,verified,2026-08-12
gonabad-higher-ed-discovery-unit-laboratory-96b59e8ae57b,gonabad-higher-ed,تجهیزات آزمایشگاهی گروه زمین شناسی | مجتمع آموزش عالی گناباد,laboratory,,,,https://gonabad.ac.ir/%D8%AA%D8%AC%D9%87%DB%8C%D8%B2%D8%A7%D8%AA-%D8%A2%D8%B2%D9%85%D8%A7%DB%8C%D8%B4%DA%AF%D8%A7%D9%87%DB%8C-%DA%AF%D8%B1%D9%88%D9%87-%D8%B2%D9%85%DB%8C%D9%86-%D8%B4%D9%86%D8%A7%D8%B3%DB%8C,verified,2026-08-12
gonabad-higher-ed-discovery-unit-laboratory-55614a3bb49a,gonabad-higher-ed,تجهیزات آزمایشگاهی گروه معدن | مجتمع آموزش عالی گناباد,laboratory,,,,https://gonabad.ac.ir/%D8%AA%D8%AC%D9%87%DB%8C%D8%B2%D8%A7%D8%AA-%D8%A2%D8%B2%D9%85%D8%A7%DB%8C%D8%B4%DA%AF%D8%A7%D9%87%DB%8C-%DA%AF%D8%B1%D9%88%D9%87-%D9%85%D8%B9%D8%AF%D9%86,verified,2026-08-12
gonabad-higher-ed-discovery-unit-laboratory-e5d0ccad3900,gonabad-higher-ed,تجهیزات آزمایشگاهی | مجتمع آموزش عالی گناباد,laboratory,,,,https://gonabad.ac.ir/%D8%AA%D8%AC%D9%87%DB%8C%D8%B2%D8%A7%D8%AA-%D8%A2%D8%B2%D9%85%D8%A7%DB%8C%D8%B4%DA%AF%D8%A7%D9%87%DB%8C,verified,2026-08-12
gonabad-higher-ed-discovery-unit-laboratory-57cc5cbaf770,gonabad-higher-ed,خدمات آزمایشگاهی | مجتمع آموزش عالی گناباد,laboratory,,,,https://gonabad.ac.ir/%D8%AE%D8%AF%D9%85%D8%A7%D8%AA-%D8%A2%D8%B2%D9%85%D8%A7%DB%8C%D8%B4%DA%AF%D8%A7%D9%87%DB%8C,verified,2026-08-12
gonabad-higher-ed-discovery-unit-laboratory-197e68027155,gonabad-higher-ed,تجهیزات آزمایشگاهی گروه کشاورزی | مجتمع آموزش عالی گناباد,laboratory,,,,https://gonabad.ac.ir/%D8%AA%D8%AC%D9%87%DB%8C%D8%B2%D8%A7%D8%AA-%D8%A2%D8%B2%D9%85%D8%A7%DB%8C%D8%B4%DA%AF%D8%A7%D9%87%DB%8C-%DA%AF%D8%B1%D9%88%D9%87-%DA%A9%D8%B4%D8%A7%D9%88%D8%B1%D8%B2%DB%8C,verified,2026-08-12
gonabad-higher-ed-discovery-unit-laboratory-1037b47f90ba,gonabad-higher-ed,معرفی آزمایشگاه‌ها | مجتمع آموزش عالی گناباد,laboratory,,,,https://gonabad.ac.ir/%D9%85%D8%B9%D8%B1%D9%81%DB%8C-%D8%A2%D8%B2%D9%85%D8%A7%DB%8C%D8%B4%DA%AF%D8%A7%D9%87%E2%80%8C%D9%87%D8%A7,verified,2026-08-12
gonabad-higher-ed-discovery-unit-laboratory-0a382d7d17ea,gonabad-higher-ed,آزمایشگاه زمین شناسی | مجتمع آموزش عالی گناباد,laboratory,,,,https://gonabad.ac.ir/%D8%A2%D8%B2%D9%85%D8%A7%DB%8C%D8%B4%DA%AF%D8%A7%D9%87-%D8%B2%D9%85%DB%8C%D9%86-%D8%B4%D9%86%D8%A7%D8%B3%DB%8C,verified,2026-08-12
gonabad-higher-ed-discovery-unit-library-0035597544d3,gonabad-higher-ed,درباره ما – کتابخانه مرکزی مجتمع آموزش عالی گناباد,library,,,,https://lib.gonabad.ac.ir/%d8%af%d8%b1%d8%a8%d8%a7%d8%b1%d9%87-%d9%85%d8%a7/,verified,2026-08-12
gonabad-higher-ed-discovery-unit-library-567842eb9b7d,gonabad-higher-ed,سامانه انتقادات و پیشنهادات – کتابخانه مرکزی مجتمع آموزش عالی گناباد,library,,,,https://lib.gonabad.ac.ir/%d8%b3%d8%a7%d9%85%d8%a7%d9%86%d9%87-%d8%a7%d9%86%d8%aa%d9%82%d8%a7%d8%af%d8%a7%d8%aa-%d9%88-%d9%be%db%8c%d8%b4%d9%86%d9%87%d8%a7%d8%af%d8%a7%d8%aa/,verified,2026-08-12
gonabad-higher-ed-discovery-unit-library-692f58424c35,gonabad-higher-ed,نخستین کتاب انتشارات دانشگاه گناباد چاپ شد. | مجتمع آموزش عالی گناباد,library,,,,https://gonabad.ac.ir/%D8%A7%D8%AE%D8%A8%D8%A7%D8%B1/%D9%86%D8%AE%D8%B3%D8%AA%DB%8C%D9%86-%DA%A9%D8%AA%D8%A7%D8%A8-%D8%A7%D9%86%D8%AA%D8%B4%D8%A7%D8%B1%D8%A7%D8%AA-%D8%AF%D8%A7%D9%86%D8%B4%DA%AF%D8%A7%D9%87-%DA%AF%D9%86%D8%A7%D8%A8%D8%A7%D8%AF-%DA%86%D8%A7%D9%BE-%D8%B4%D8%AF%C2%B7,verified,2026-08-12
neyshabur-discovery-unit-library-806d26c2899f,neyshabur,کتابخانه مرکزی,library,,,,https://library.neyshabur.ac.ir/fa/tag/2156/%DA%A9%D8%AA%D8%A7%D8%A8%D8%AE%D8%A7%D9%86%D9%87+%D9%85%D8%B1%DA%A9%D8%B2%DB%8C?page=1&per-page=30,verified,2026-08-12
neyshabur-discovery-unit-library-7173ac9b069e,neyshabur,کتابخانه مرکزی,library,,,,https://library.neyshabur.ac.ir/fa/tag/2156/%DA%A9%D8%AA%D8%A7%D8%A8%D8%AE%D8%A7%D9%86%D9%87+%D9%85%D8%B1%DA%A9%D8%B2%DB%8C?page=2&per-page=30,verified,2026-08-12
neyshabur-discovery-unit-laboratory-77c8c7f41f1c,neyshabur,خبرهای آزمایشگاه مرکزی - آزمایشگاه مرکزی دانشگاه نیشابور,laboratory,,,,https://centlab.neyshabur.ac.ir/fa/news/category/25/%D8%AE%D8%A8%D8%B1%D9%87%D8%A7%DB%8C-%D8%A2%D8%B2%D9%85%D8%A7%DB%8C%D8%B4%DA%AF%D8%A7%D9%87-%D9%85%D8%B1%DA%A9%D8%B2%DB%8C,verified,2026-08-12
neyshabur-discovery-unit-library-3716772a1904,neyshabur,اهدای ۵۰۰ نسخه کتاب از سوی کتابخانه ملی به کتابخانه مرکزی دانشگاه نیشابور,library,,,,https://library.neyshabur.ac.ir/fa/news/1329/%D8%A7%D9%87%D8%AF%D8%A7%DB%8C-%DB%B5%DB%B0%DB%B0-%D9%86%D8%B3%D8%AE%D9%87-%DA%A9%D8%AA%D8%A7%D8%A8-%D8%A7%D8%B2-%D8%B3%D9%88%DB%8C-%DA%A9%D8%AA%D8%A7%D8%A8%D8%AE%D8%A7%D9%86%D9%87-%D9%85%D9%84%DB%8C-%D8%A8%D9%87-%DA%A9%D8%AA%D8%A7%D8%A8%D8%AE%D8%A7%D9%86%D9%87-%D9%85%D8%B1%DA%A9%D8%B2%DB%8C-%D8%AF%D8%A7%D9%86%D8%B4%DA%AF%D8%A7%D9%87-%D9%86%DB%8C%D8%B4%D8%A7%D8%A8%D9%88%D8%B1,verified,2026-08-12
neyshabur-discovery-unit-library-138955f70fb3,neyshabur,اهدای بیش از ۶۰۰ نسخه کتاب به کتابخانه مرکزی دانشگاه,library,,,,https://library.neyshabur.ac.ir/fa/news/1286/%D8%A7%D9%87%D8%AF%D8%A7%DB%8C-%D8%A8%DB%8C%D8%B4-%D8%A7%D8%B2-%DB%B6%DB%B0%DB%B0-%D9%86%D8%B3%D8%AE%D9%87-%DA%A9%D8%AA%D8%A7%D8%A8-%D8%A8%D9%87-%DA%A9%D8%AA%D8%A7%D8%A8%D8%AE%D8%A7%D9%86%D9%87-%D9%85%D8%B1%DA%A9%D8%B2%DB%8C-%D8%AF%D8%A7%D9%86%D8%B4%DA%AF%D8%A7%D9%87,verified,2026-08-12
neyshabur-discovery-unit-library-e18cf1cc36a2,neyshabur,بازدید کنسول جمهوری اسلامی پاکستان از کتابخانه مرکزی دانشگاه نیشابور و اهدای کتاب,library,,,,https://library.neyshabur.ac.ir/fa/news/1202/%D8%A8%D8%A7%D8%B2%D8%AF%DB%8C%D8%AF-%DA%A9%D9%86%D8%B3%D9%88%D9%84-%D8%AC%D9%85%D9%87%D9%88%D8%B1%DB%8C-%D8%A7%D8%B3%D9%84%D8%A7%D9%85%DB%8C-%D9%BE%D8%A7%DA%A9%D8%B3%D8%AA%D8%A7%D9%86-%D8%A7%D8%B2-%DA%A9%D8%AA%D8%A7%D8%A8%D8%AE%D8%A7%D9%86%D9%87-%D9%85%D8%B1%DA%A9%D8%B2%DB%8C-%D8%AF%D8%A7%D9%86%D8%B4%DA%AF%D8%A7%D9%87-%D9%86%DB%8C%D8%B4%D8%A7%D8%A8%D9%88%D8%B1-%D9%88-%D8%A7%D9%87%D8%AF%D8%A7%DB%8C-%DA%A9%D8%AA%D8%A7%D8%A8,verified,2026-08-12
neyshabur-discovery-unit-industry-c3b37e0c0ff6,neyshabur,مدیریت دفتر توسعه فنآوری و ارتباط با جامعه و صنعت - معاونت آموزشی و پژوهشی دانشگاه نیشابور,industry,,,,https://vcar.neyshabur.ac.ir/fa/page/389/%D9%85%D8%AF%DB%8C%D8%B1%DB%8C%D8%AA-%D8%AF%D9%81%D8%AA%D8%B1-%D8%AA%D9%88%D8%B3%D8%B9%D9%87-%D9%81%D9%86%D8%A2%D9%88%D8%B1%DB%8C-%D9%88-%D8%A7%D8%B1%D8%AA%D8%A8%D8%A7%D8%B7-%D8%A8%D8%A7-%D8%AC%D8%A7%D9%85%D8%B9%D9%87-%D9%88-%D8%B5%D9%86%D8%B9%D8%AA,verified,2026-08-12
neyshabur-discovery-unit-industry-b0fb631ef080,neyshabur,ارتباط با صنعت,industry,,,,https://irm.neyshabur.ac.ir/fa/tag/2073/%D8%A7%D8%B1%D8%AA%D8%A8%D8%A7%D8%B7+%D8%A8%D8%A7+%D8%B5%D9%86%D8%B9%D8%AA,verified,2026-08-12
neyshabur-discovery-unit-industry-ec25ca2c4f9b,neyshabur,کارکنان دفتر توسعه فنآوری و ارتباط با جامعه و صنعت - معاونت آموزشی و پژوهشی دانشگاه نیشابور,industry,,,,https://vcar.neyshabur.ac.ir/fa/page/390/%DA%A9%D8%A7%D8%B1%DA%A9%D9%86%D8%A7%D9%86-%D8%AF%D9%81%D8%AA%D8%B1-%D8%AA%D9%88%D8%B3%D8%B9%D9%87-%D9%81%D9%86%D8%A2%D9%88%D8%B1%DB%8C-%D9%88-%D8%A7%D8%B1%D8%AA%D8%A8%D8%A7%D8%B7-%D8%A8%D8%A7-%D8%AC%D8%A7%D9%85%D8%B9%D9%87-%D9%88-%D8%B5%D9%86%D8%B9%D8%AA,verified,2026-08-12
neyshabur-discovery-unit-library-59af64212019,neyshabur,اسلایدر اصلی - کتابخانه مرکزی دانشگاه نیشابور,library,,,,https://library.neyshabur.ac.ir/fa/album/68/%D8%A7%D8%B3%D9%84%D8%A7%DB%8C%D8%AF%D8%B1-%D8%A7%D8%B5%D9%84%DB%8C,verified,2026-08-12
neyshabur-discovery-unit-laboratory-d26b22be7db3,neyshabur,بازدید سرپرست دانشگاه فردوسی از آزمایشگاه مرکزی,laboratory,,,,https://centlab.neyshabur.ac.ir/fa/news/938/%D8%A8%D8%A7%D8%B2%D8%AF%DB%8C%D8%AF-%D8%B3%D8%B1%D9%BE%D8%B1%D8%B3%D8%AA-%D8%AF%D8%A7%D9%86%D8%B4%DA%AF%D8%A7%D9%87-%D9%81%D8%B1%D8%AF%D9%88%D8%B3%DB%8C-%D8%A7%D8%B2-%D8%A2%D8%B2%D9%85%D8%A7%DB%8C%D8%B4%DA%AF%D8%A7%D9%87-%D9%85%D8%B1%DA%A9%D8%B2%DB%8C,verified,2026-08-12
neyshabur-discovery-unit-laboratory-3e3a7f8cd03f,neyshabur,افتتاح آزمایشگاه مرکزی دانشگاه نیشابور,laboratory,,,,https://centlab.neyshabur.ac.ir/fa/news/937/%D8%A7%D9%81%D8%AA%D8%AA%D8%A7%D8%AD-%D8%A2%D8%B2%D9%85%D8%A7%DB%8C%D8%B4%DA%AF%D8%A7%D9%87-%D9%85%D8%B1%DA%A9%D8%B2%DB%8C-%D8%AF%D8%A7%D9%86%D8%B4%DA%AF%D8%A7%D9%87-%D9%86%DB%8C%D8%B4%D8%A7%D8%A8%D9%88%D8%B1,verified,2026-08-12
neyshabur-discovery-unit-library-ced2f3bfd349,neyshabur,تغییر مکان سالن مطالعه خانم ها,library,,,,https://library.neyshabur.ac.ir/fa/news/992/%D8%AA%D8%BA%DB%8C%DB%8C%D8%B1-%D9%85%DA%A9%D8%A7%D9%86-%D8%B3%D8%A7%D9%84%D9%86-%D9%85%D8%B7%D8%A7%D9%84%D8%B9%D9%87-%D8%AE%D8%A7%D9%86%D9%85-%D9%87%D8%A7,verified,2026-08-12
neyshabur-discovery-unit-laboratory-158ad1ebb940,neyshabur,اسلایدشو - آزمایشگاه مرکزی دانشگاه نیشابور,laboratory,,,,https://centlab.neyshabur.ac.ir/fa/album/58/%D8%A7%D8%B3%D9%84%D8%A7%DB%8C%D8%AF%D8%B4%D9%88,verified,2026-08-12
neyshabur-discovery-unit-laboratory-98c26212dfa5,neyshabur,خبر های پژوهشکده - آزمایشگاه مرکزی دانشگاه نیشابور,laboratory,,,,https://centlab.neyshabur.ac.ir/fa/news/category/32/%D8%AE%D8%A8%D8%B1-%D9%87%D8%A7%DB%8C-%D9%BE%DA%98%D9%88%D9%87%D8%B4%DA%A9%D8%AF%D9%87,verified,2026-08-12
eghlid-higher-ed-discovery-unit-technology-42579aa542c8,eghlid-higher-ed,جذب نیروی شرکتی جهت مرکز نوآوری و کارآفرینی - مرکز آموزش عالی اقلید,technology,,,,https://www.eghlid.ac.ir/%d8%ac%d8%b0%d8%a8-%d9%86%db%8c%d8%b1%d9%88%db%8c-%d8%b4%d8%b1%da%a9%d8%aa%db%8c-%d8%ac%d9%87%d8%aa-%d9%85%d8%b1%da%a9%d8%b2-%d9%86%d9%88%d8%a2%d9%88%d8%b1%db%8c-%d9%88-%da%a9%d8%a7%d8%b1%d8%a2%d9%81/,verified,2026-08-12
eghlid-higher-ed-discovery-unit-technology-6e4d6d92f786,eghlid-higher-ed,اولین همایش بانوان و کارآفرینی مرکز آموزش عالی اقلید برگزار شد - مرکز آموزش عالی اقلید,technology,,,,https://www.eghlid.ac.ir/%d8%a7%d9%88%d9%84%db%8c%d9%86-%d9%87%d9%85%d8%a7%db%8c%d8%b4-%d8%a8%d8%a7%d9%86%d9%88%d8%a7%d9%86-%d9%88-%da%a9%d8%a7%d8%b1%d8%a2%d9%81%d8%b1%db%8c%d9%86%db%8c-%d9%85%d8%b1%da%a9%d8%b2-%d8%a2%d9%85/,verified,2026-08-12
eghlid-higher-ed-discovery-unit-library-5f70bad0d3a2,eghlid-higher-ed,چاپ کتاب عضو هیات علمی مرکز در انتشارات جهاد دانشگاهی - مرکز آموزش عالی اقلید,library,,,,https://www.eghlid.ac.ir/%da%86%d8%a7%d9%be-%da%a9%d8%aa%d8%a7%d8%a8-%d8%b9%d8%b6%d9%88-%d9%87%db%8c%d8%a7%d8%aa-%d8%b9%d9%84%d9%85%db%8c-%d9%85%d8%b1%da%a9%d8%b2-%d8%af%d8%b1-%d8%a7%d9%86%d8%aa%d8%b4%d8%a7%d8%b1%d8%a7%d8%aa/,verified,2026-08-12
iust-discovery-unit-library-01d846f39e76,iust,افزایش ساعت فعالیت کتابخانه و مرکز اسناد امام رضا (ع) – کتابخانه و مرکز اسناد علمی و اطلاع رسانی دانشگاه علم و صنعت ایران,library,,,,http://library.iust.ac.ir/%D8%A7%D9%81%D8%B2%D8%A7%DB%8C%D8%B4-%D8%B3%D8%A7%D8%B9%D8%AA-%D9%81%D8%B9%D8%A7%D9%84%DB%8C%D8%AA-%DA%A9%D8%AA%D8%A7%D8%A8%D8%AE%D8%A7%D9%86%D9%87-%D9%88-%D9%85%D8%B1%DA%A9%D8%B2-%D8%A7%D8%B3%D9%86/,verified,2026-08-12
iust-discovery-unit-library-d3711a4037db,iust,دسترسی رایگان به منابع علمی الکترونیکی انتشارات دانشگاه علامه طباطبائی – کتابخانه و مرکز اسناد علمی و اطلاع رسانی دانشگاه علم و صنعت ایران,library,,,,http://library.iust.ac.ir/%D8%AF%D8%B3%D8%AA%D8%B1%D8%B3%DB%8C-%D8%B1%D8%A7%DB%8C%DA%AF%D8%A7%D9%86-%D8%A8%D9%87-%D9%85%D9%86%D8%A7%D8%A8%D8%B9-%D8%B9%D9%84%D9%85%DB%8C-%D8%A7%D9%84%DA%A9%D8%AA%D8%B1%D9%88%D9%86%DB%8C%DA%A9/,verified,2026-08-12
amirkabir-discovery-unit-laboratory-de3ad318437d,amirkabir,آزمایشگاه موج میلیمتری دانشگاه صنعتی امیرکبیر آزمایشگاه مرجع مورد تأیید وزارت علوم و عضو فعال شبکه آزمایشگاهی کشور شد - دانشگاه صنعتی امیرکبیر,laboratory,,,,https://aut.ac.ir/content/30320/%D8%A2%D8%B2%D9%85%D8%A7%DB%8C%D8%B4%DA%AF%D8%A7%D9%87-%D9%85%D9%88%D8%AC-%D9%85%DB%8C%D9%84%DB%8C%D9%85%D8%AA%D8%B1%DB%8C-%D8%AF%D8%A7%D9%86%D8%B4%DA%AF%D8%A7%D9%87-%D8%B5%D9%86%D8%B9%D8%AA%DB%8C-%D8%A7%D9%85%DB%8C%D8%B1%DA%A9%D8%A8%DB%8C%D8%B1-%D8%A2%D8%B2%D9%85%D8%A7%DB%8C%D8%B4%DA%AF%D8%A7%D9%87-%D9%85%D8%B1%D8%AC%D8%B9-%D9%85%D9%88%D8%B1%D8%AF-%D8%AA%D8%A3%DB%8C%DB%8C%D8%AF-%D9%88%D8%B2%D8%A7%D8%B1%D8%AA-%D8%B9%D9%84%D9%88%D9%85-%D9%88-%D8%B9%D8%B6%D9%88-%D9%81%D8%B9%D8%A7%D9%84-%D8%B4%D8%A8%DA%A9%D9%87-%D8%A2%D8%B2%D9%85%D8%A7%DB%8C%D8%B4%DA%AF%D8%A7%D9%87%DB%8C-%DA%A9%D8%B4%D9%88%D8%B1-%D8%B4%D8%AF,verified,2026-08-12
kntu-discovery-unit-library-5a522bb0b195,kntu,جشنواره پژوهش و فناوری دانشگاه خواجه نصیرالدین طوسی در سال ۱۴۰۱ - كتابخانه مركزي,library,,,,https://library.kntu.ac.ir/fa/web/library/w/-,verified,2026-08-12
kntu-discovery-unit-library-4c795671584d,kntu,جشنواره پژوهش و فناوری دانشگاه خواجه نصیرالدین طوسی در سال ۱۴۰۱ - كتابخانه مركزي,library,,,,https://library.kntu.ac.ir/ar/web/library/w/-,verified,2026-08-12
kntu-discovery-unit-library-e72760037b07,kntu,جشنواره پژوهش و فناوری دانشگاه خواجه نصیرالدین طوسی در سال ۱۴۰۱ - كتابخانه مركزي,library,,,,https://library.kntu.ac.ir/en/web/library/w/-,verified,2026-08-12
kntu-discovery-unit-library-ba89c8461daa,kntu,دوره آموزشی و مهارتی کامپیوتر - كتابخانه مركزي,library,,,,https://library.kntu.ac.ir/fa/web/library/w/-1,verified,2026-08-12
kntu-discovery-unit-library-4d50ad0ed84b,kntu,دوره آموزشی و مهارتی کامپیوتر - كتابخانه مركزي,library,,,,https://library.kntu.ac.ir/ar/web/library/w/-1,verified,2026-08-12
kntu-discovery-unit-library-ca125df880fb,kntu,دوره آموزشی و مهارتی کامپیوتر - كتابخانه مركزي,library,,,,https://library.kntu.ac.ir/en/web/library/w/-1,verified,2026-08-12
kntu-discovery-unit-industry-2a9b19b41459,kntu,صفحه اصلی - ارتباط با صنعت,industry,,,,http://rairo.kntu.ac.ir/,verified,2026-08-12
isfahan-technology-discovery-unit-laboratory-90de69ff240a,isfahan-technology,شبکه آزمایشگاهی فناوری های راهبردی-تخفیف ها | آزمایشگاه مرکزی,laboratory,,,,https://centlab.iut.ac.ir/fa/%D8%B4%D8%A8%DA%A9%D9%87-%D8%A2%D8%B2%D9%85%D8%A7%DB%8C%D8%B4%DA%AF%D8%A7%D9%87%DB%8C-%D9%81%D9%86%D8%A7%D9%88%D8%B1%DB%8C-%D9%87%D8%A7%DB%8C-%D8%B1%D8%A7%D9%87%D8%A8%D8%B1%D8%AF%DB%8C-%D8%AA%D8%AE%D9%81%DB%8C%D9%81-%D9%87%D8%A7,verified,2026-08-12
isfahan-technology-discovery-unit-laboratory-a75e9ed77871,isfahan-technology,"ارتقای جایگاه آزمایشگاه مرکزی دانشگاه صنعتی اصفهان به سطح ""توانمند"" | آزمایشگاه مرکزی",laboratory,,,,https://centlab.iut.ac.ir/fa/%D8%A7%D8%B1%D8%AA%D9%82%D8%A7%DB%8C-%D8%AC%D8%A7%DB%8C%DA%AF%D8%A7%D9%87-%D8%A2%D8%B2%D9%85%D8%A7%DB%8C%D8%B4%DA%AF%D8%A7%D9%87-%D9%85%D8%B1%DA%A9%D8%B2%DB%8C-%D8%AF%D8%A7%D9%86%D8%B4%DA%AF%D8%A7%D9%87-%D8%B5%D9%86%D8%B9%D8%AA%DB%8C-%D8%A7%D8%B5%D9%81%D9%87%D8%A7%D9%86-%D8%A8%D9%87-%D8%B3%D8%B7%D8%AD-%D8%AA%D9%88%D8%A7%D9%86%D9%85%D9%86%D8%AF,verified,2026-08-12
isfahan-technology-discovery-unit-laboratory-6bbae729fec0,isfahan-technology,تفاهم نامه همکاری با آزمایشگاه مرکزی دانشگاه هنر اصفهان | آزمایشگاه مرکزی,laboratory,,,,https://centlab.iut.ac.ir/fa/%D8%AA%D9%81%D8%A7%D9%87%D9%85-%D9%86%D8%A7%D9%85%D9%87-%D9%87%D9%85%DA%A9%D8%A7%D8%B1%DB%8C-%D8%A8%D8%A7-%D8%A2%D8%B2%D9%85%D8%A7%DB%8C%D8%B4%DA%AF%D8%A7%D9%87-%D9%85%D8%B1%DA%A9%D8%B2%DB%8C-%D8%AF%D8%A7%D9%86%D8%B4%DA%AF%D8%A7%D9%87-%D9%87%D9%86%D8%B1-%D8%A7%D8%B5%D9%81%D9%87%D8%A7%D9%86,verified,2026-08-12
isfahan-technology-discovery-unit-laboratory-043fd231ff61,isfahan-technology,آزمایشگاه مرکزی | دانشگاه صنعتی اصفهان,laboratory,,,,https://centlab.iut.ac.ir/,verified,2026-08-12
isfahan-technology-discovery-unit-library-3cc668364543,isfahan-technology,منشور و موازین اخلاق پژوهش | کتابخانه مرکزی و انتشارات,library,,,,https://lib-pub.iut.ac.ir/fa/journals-principles,verified,2026-08-12
isfahan-technology-discovery-unit-library-4998bee7eaed,isfahan-technology,بازدید هیاتی از سازمان اسناد اصفهان از موزه دانشگاه صنعتی اصفهان | کتابخانه مرکزی و انتشارات,library,,,,https://lib-pub.iut.ac.ir/fa/node/1684,verified,2026-08-12
isfahan-technology-discovery-unit-library-b229dfc2ca1c,isfahan-technology,درخواست ثبت اساتید | کتابخانه مرکزی و انتشارات,library,,,,https://lib-pub.iut.ac.ir/fa/form/professor-registration,verified,2026-08-12
isfahan-technology-discovery-unit-library-349f86347a77,isfahan-technology,راهنما | کتابخانه مرکزی و انتشارات,library,,,,https://lib-pub.iut.ac.ir/fa/help,verified,2026-08-12
isfahan-technology-discovery-unit-library-fc7556b5bf86,isfahan-technology,بازدید دانش آموزان کلاس هفتم دبیرستان دانشگاه صنعتی اصفهان از کتابخانه و موزه و کتابخانه نوجوان | کتابخانه مرکزی و انتشارات,library,,,,https://lib-pub.iut.ac.ir/fa/node/1683,verified,2026-08-12
isfahan-technology-discovery-unit-library-17d52855aaf8,isfahan-technology,راهنمای پایگاه های اطلاعاتی | کتابخانه مرکزی و انتشارات,library,,,,https://lib-pub.iut.ac.ir/fa/help-Database,verified,2026-08-12
isfahan-technology-discovery-unit-library-b6f4fb03584d,isfahan-technology,راهنمای تصویری (Info-graf) | کتابخانه مرکزی و انتشارات,library,,,,https://lib-pub.iut.ac.ir/fa/info-graf,verified,2026-08-12
isfahan-technology-discovery-unit-library-26e328e2671c,isfahan-technology,سایر راهنماها | کتابخانه مرکزی و انتشارات,library,,,,https://lib-pub.iut.ac.ir/fa/help-other,verified,2026-08-12
isfahan-technology-discovery-unit-library-aa3f61fb45a5,isfahan-technology,فیلم | کتابخانه مرکزی و انتشارات,library,,,,https://lib-pub.iut.ac.ir/fa/video,verified,2026-08-12
isfahan-technology-discovery-unit-library-c6a26ac3fda5,isfahan-technology,استفاده از هوش مصنوعی در پایگاه اسکاپوس | کتابخانه مرکزی و انتشارات,library,,,,https://lib-pub.iut.ac.ir/fa/node/1644,verified,2026-08-12
isfahan-technology-discovery-unit-industry-823d2d47cf2e,isfahan-technology,مرکز رشد نوین | دانشگاه صنعتی اصفهان,industry,,,,https://roshd.iut.ac.ir/,verified,2026-08-12
isfahan-technology-discovery-unit-laboratory-a8f26db0f28e,isfahan-technology,کمیته تخصصی اخلاق در کار با حیوانات آزمایشگاهی | معاونت پژوهش و فناوری,laboratory,,,,https://research.iut.ac.ir/fa/dgr/3050,verified,2026-08-12
isfahan-technology-discovery-unit-research-5f612463916f,isfahan-technology,چارت سازمانی | معاونت پژوهش و فناوری,research,,,,https://research.iut.ac.ir/fa/tico/1735,verified,2026-08-12
isfahan-technology-discovery-unit-it-31daa4081b09,isfahan-technology,مدیریت فناوری اطلاعات | دانشگاه صنعتی اصفهان,it,,organizationally-attributed,,https://it.iut.ac.ir/fa,verified,2026-08-12
isfahan-technology-discovery-unit-laboratory-bc6338e69db1,isfahan-technology,دستورالعمل FTIR | آزمایشگاه مرکزی,laboratory,,,,https://centlab.iut.ac.ir/fa/%D8%AF%D8%B3%D8%AA%D9%88%D8%B1%D8%A7%D9%84%D8%B9%D9%85%D9%84-ftir,verified,2026-08-12
shahrood-technology-discovery-unit-laboratory-cfccefa129e6,shahrood-technology,دانشگاه صنعتی شاهرود,laboratory,,,,https://www.shahroodut.ac.ir/fa/news/index.php?kq=%20%D8%A2%D8%B2%D9%85%D8%A7%DB%8C%D8%B4%DA%AF%D8%A7%D9%87%20%D9%85%D8%B1%DA%A9%D8%B2%DB%8C,verified,2026-08-12
shahrood-technology-discovery-unit-laboratory-acd8d80c8940,shahrood-technology,آزمایشگاه مرکزی دانشگاه صنعتی شاهرود,laboratory,,,,https://www.shahroodut.ac.ir/fa/sec/index.php?id=49,verified,2026-08-12
shahrood-technology-discovery-unit-library-c525b786371d,shahrood-technology,سامانه مدیریت نشریات علمی دانشگاه صنعتی شاهرود,library,,,,https://journals.shahroodut.ac.ir/,verified,2026-08-12
shahrood-technology-discovery-unit-industry-00b6f3a9ef46,shahrood-technology,مدیریت امور فناوری و ارتباط با صنعت دانشگاه صنعتی شاهرود,industry,,,,https://www.shahroodut.ac.ir/fa/sec/index.php?id=22,verified,2026-08-12
shahrood-technology-discovery-unit-it-c18ef76e5236,shahrood-technology,مدیریت توسعه فناوری اطلاعات، امنیت و هوشمندسازی دانشگاه صنعتی شاهرود,it,,organizationally-attributed,,https://www.shahroodut.ac.ir/fa/sec/index.php?id=5,verified,2026-08-12
shahrood-technology-discovery-unit-industry-6b12d454c042,shahrood-technology,اداره امور فناوری، تجاری سازی و کارآفرینی دانشگاه صنعتی شاهرود,industry,,,,https://www.shahroodut.ac.ir/fa/sec/index.php?id=45,verified,2026-08-12
shahrood-technology-discovery-unit-industry-5fe419b64453,shahrood-technology,مرکز رشد فناوری های نوین دانشگاه صنعتی شاهرود,industry,,,,https://www.shahroodut.ac.ir/fa/sec/index.php?id=33,verified,2026-08-12
shahrood-technology-discovery-unit-it-d173dc3e7bb1,shahrood-technology,دانشگاه صنعتی شاهرود - مرکز کامپیوتر,it,,organizationally-attributed,,http://ccitticket.shahroodut.ac.ir/,verified,2026-08-12
shahrood-technology-discovery-unit-laboratory-afdfd3bc1a68,shahrood-technology,اخبار و رویداد : ثبت نام در سایت شاعا جهت دریافت گرنت خدمات آزمایشگاهی دانشگاه صنعتی شاهرود,laboratory,,,,https://www.shahroodut.ac.ir/fa/news/showitem.php?id=041029143308,verified,2026-08-12
shahrood-technology-discovery-unit-laboratory-631a68754ac3,shahrood-technology,دانشگاه صنعتی شاهرود,laboratory,,,,https://www.shahroodut.ac.ir/fa/news/index.php?kq=%20%DA%AF%D8%B1%D9%86%D8%AA%20%D8%AE%D8%AF%D9%85%D8%A7%D8%AA%20%D8%A2%D8%B2%D9%85%D8%A7%DB%8C%D8%B4%DA%AF%D8%A7%D9%87%DB%8C,verified,2026-08-12
shahrood-technology-discovery-unit-industry-a3d0e6c7a871,shahrood-technology,دانشگاه صنعتی شاهرود,industry,,,,https://www.shahroodut.ac.ir/fa/news/index.php?kq=%20%D8%AF%D9%81%D8%AA%D8%B1%20%D8%A7%D8%B1%D8%AA%D8%A8%D8%A7%D8%B7%20%D8%A8%D8%A7%20%D8%B5%D9%86%D8%B9%D8%AA,verified,2026-08-12
shahrood-technology-discovery-unit-laboratory-ba9657261772,shahrood-technology,اخبار و رویداد : برگزاری کارگاه پژوهشی به مناسبت هفته پژوهش و فناوری دانشگاه صنعتی شاهرود,laboratory,,,,https://www.shahroodut.ac.ir/fa/news/showitem.php?id=010928123603,verified,2026-08-12
shahrood-technology-discovery-unit-library-6c636d008bc0,shahrood-technology,: کتابخانه مرکزی دانشگاه صنعتی شاهرود,library,,,,https://www.shahroodut.ac.ir/fa/sec/index.php?id=23&page=648,verified,2026-08-12
shahrood-technology-discovery-unit-library-61d511f8c6b6,shahrood-technology,: کتابخانه مرکزی دانشگاه صنعتی شاهرود,library,,,,https://www.shahroodut.ac.ir/fa/sec/index.php?id=23&page=649,verified,2026-08-12
shahrood-technology-discovery-unit-library-1376494e23b1,shahrood-technology,اخبار و رویداد : برگزاری جلسه تودیع و معارفه رییس کتابخانه مرکزی دانشگاه صنعتی شاهرود دانشگاه صنعتی شاهرود,library,,,,https://www.shahroodut.ac.ir/fa/news/showitem.php?id=040807170705,verified,2026-08-12
shahrood-technology-discovery-unit-library-6321e0beb4ad,shahrood-technology,سامانه مدیریت نشریات علمی دانشگاه صنعتی شاهرود,library,,,,https://journals.shahroodut.ac.ir/contact.us,verified,2026-08-12
shahrood-technology-discovery-unit-library-f9bf13782d82,shahrood-technology,سامانه مدیریت نشریات علمی دانشگاه صنعتی شاهرود,library,,,,https://journals.shahroodut.ac.ir/rss,verified,2026-08-12
shahrood-technology-discovery-unit-library-5b81dc12e9ba,shahrood-technology,سامانه مدیریت نشریات علمی دانشگاه صنعتی شاهرود,library,,,,https://journals.shahroodut.ac.ir/years.html,verified,2026-08-12
babol-noshirvani-discovery-unit-library-5a14fe172d54,babol-noshirvani,اتمام پروژه راه‌اندازی زیرساخت شبکه ساختمان کتابخانه مرکزی دانشگاه,library,,,,https://itc.nit.ac.ir/fa/news/1125/%D8%A7%D8%AA%D9%85%D8%A7%D9%85-%D9%BE%D8%B1%D9%88%DA%98%D9%87-%D8%B1%D8%A7%D9%87-%D8%A7%D9%86%D8%AF%D8%A7%D8%B2%DB%8C-%D8%B2%DB%8C%D8%B1%D8%B3%D8%A7%D8%AE%D8%AA-%D8%B4%D8%A8%DA%A9%D9%87-%D8%B3%D8%A7%D8%AE%D8%AA%D9%85%D8%A7%D9%86-%DA%A9%D8%AA%D8%A7%D8%A8%D8%AE%D8%A7%D9%86%D9%87-%D9%85%D8%B1%DA%A9%D8%B2%DB%8C-%D8%AF%D8%A7%D9%86%D8%B4%DA%AF%D8%A7%D9%87,verified,2026-08-12
babol-noshirvani-discovery-unit-laboratory-46a094f87d8e,babol-noshirvani,فرم اطلاعات آزمایشگاه تحقیقاتی - حوزه معاونت پژوهش و فناوری,laboratory,,,,https://research.nit.ac.ir/fa/regulation/400/%D9%81%D8%B1%D9%85-%D8%A7%D8%B7%D9%84%D8%A7%D8%B9%D8%A7%D8%AA-%D8%A2%D8%B2%D9%85%D8%A7%DB%8C%D8%B4%DA%AF%D8%A7%D9%87-%D8%AA%D8%AD%D9%82%DB%8C%D9%82%D8%A7%D8%AA%DB%8C,verified,2026-08-12
babol-noshirvani-discovery-unit-technology-103b26cefdd3,babol-noshirvani,کارگاه اصول و مبانی مالکیت فکری و ثبت اختراع در ایران هفته پژوهش ۹۷ - حوزه معاونت پژوهش و فناوری,technology,,,,https://research.nit.ac.ir/fa/regulation/155/%DA%A9%D8%A7%D8%B1%DA%AF%D8%A7%D9%87-%D8%A7%D8%B5%D9%88%D9%84-%D9%88-%D9%85%D8%A8%D8%A7%D9%86%DB%8C-%D9%85%D8%A7%D9%84%DA%A9%DB%8C%D8%AA-%D9%81%DA%A9%D8%B1%DB%8C-%D9%88-%D8%AB%D8%A8%D8%AA-%D8%A7%D8%AE%D8%AA%D8%B1%D8%A7%D8%B9-%D8%AF%D8%B1-%D8%A7%DB%8C%D8%B1%D8%A7%D9%86-%D9%87%D9%81%D8%AA%D9%87-%D9%BE%DA%98%D9%88%D9%87%D8%B4-%DB%B9%DB%B7,verified,2026-08-12
babol-noshirvani-discovery-unit-library-1aaaf6600fdf,babol-noshirvani,آیین‌نامه‌ها و فرم‌ها- انتشارات,library,,,,https://research.nit.ac.ir/fa/regulation/category/22/%D8%A7%D9%86%D8%AA%D8%B4%D8%A7%D8%B1%D8%A7%D8%AA?sort=-circularNo,verified,2026-08-12
sahand-discovery-unit-library-740c9ece45b1,sahand,ریاست کتابخانه مرکزی - معاونت پژوهش و فناوری,library,,,,https://sut.ac.ir/research/fa/page/879/%D8%B1%DB%8C%D8%A7%D8%B3%D8%AA-%DA%A9%D8%AA%D8%A7%D8%A8%D8%AE%D8%A7%D9%86%D9%87-%D9%85%D8%B1%DA%A9%D8%B2%DB%8C,verified,2026-08-12
sahand-discovery-unit-library-45ec59d3daf3,sahand,همکاران بخش کتابخانه مرکزی,library,,,,https://sut.ac.ir/research/fa/person/category/198/%D9%87%D9%85%DA%A9%D8%A7%D8%B1%D8%A7%D9%86-%D8%A8%D8%AE%D8%B4-%DA%A9%D8%AA%D8%A7%D8%A8%D8%AE%D8%A7%D9%86%D9%87-%D9%85%D8%B1%DA%A9%D8%B2%DB%8C,verified,2026-08-12
sahand-discovery-unit-laboratory-e8aaf92c8ea3,sahand,ریاست آزمایشگاه مرکزی - معاونت پژوهش و فناوری,laboratory,,,,https://sut.ac.ir/research/fa/page/878/%D8%B1%DB%8C%D8%A7%D8%B3%D8%AA-%D8%A2%D8%B2%D9%85%D8%A7%DB%8C%D8%B4%DA%AF%D8%A7%D9%87-%D9%85%D8%B1%DA%A9%D8%B2%DB%8C,verified,2026-08-12
sahand-discovery-unit-laboratory-63e252d833c8,sahand,همکاران بخش آزمایشگاه مرکزی,laboratory,,,,https://sut.ac.ir/research/fa/person/category/197/%D9%87%D9%85%DA%A9%D8%A7%D8%B1%D8%A7%D9%86-%D8%A8%D8%AE%D8%B4-%D8%A2%D8%B2%D9%85%D8%A7%DB%8C%D8%B4%DA%AF%D8%A7%D9%87-%D9%85%D8%B1%DA%A9%D8%B2%DB%8C,verified,2026-08-12
sahand-discovery-unit-industry-444a54b892c0,sahand,دستورالعمل وزارتی فرصت مطالعاتی در صنعت و جامعه - معاونت پژوهش و فناوری,industry,,,,https://sut.ac.ir/research/fa/regulation/939/%D8%AF%D8%B3%D8%AA%D9%88%D8%B1%D8%A7%D9%84%D8%B9%D9%85%D9%84-%D9%88%D8%B2%D8%A7%D8%B1%D8%AA%DB%8C-%D9%81%D8%B1%D8%B5%D8%AA-%D9%85%D8%B7%D8%A7%D9%84%D8%B9%D8%A7%D8%AA%DB%8C-%D8%AF%D8%B1-%D8%B5%D9%86%D8%B9%D8%AA-%D9%88-%D8%AC%D8%A7%D9%85%D8%B9%D9%87,verified,2026-08-12
sahand-discovery-unit-research-72dc69220bc6,sahand,آیین‌نامه‌ها و مصوبات- فرم های مربوط به مدیریت پژوهشی,research,,,,https://sut.ac.ir/research/fa/regulation/category/12/%D9%81%D8%B1%D9%85-%D9%87%D8%A7%DB%8C-%D9%85%D8%B1%D8%A8%D9%88%D8%B7-%D8%A8%D9%87-%D9%85%D8%AF%DB%8C%D8%B1%DB%8C%D8%AA-%D9%BE%DA%98%D9%88%D9%87%D8%B4%DB%8C?sort=circularNo,verified,2026-08-12
sahand-discovery-unit-research-63048eb2abb0,sahand,آیین‌نامه‌ها و مصوبات- فرم های مربوط به مدیریت پژوهشی,research,,,,https://sut.ac.ir/research/fa/regulation/category/12/%D9%81%D8%B1%D9%85-%D9%87%D8%A7%DB%8C-%D9%85%D8%B1%D8%A8%D9%88%D8%B7-%D8%A8%D9%87-%D9%85%D8%AF%DB%8C%D8%B1%DB%8C%D8%AA-%D9%BE%DA%98%D9%88%D9%87%D8%B4%DB%8C?sort=-circularNo,verified,2026-08-12
sahand-discovery-unit-research-85fdb7bede56,sahand,آیین‌نامه‌ها و مصوبات- فرم های مربوط به مدیریت پژوهشی,research,,,,https://sut.ac.ir/research/fa/regulation/category/12/%D9%81%D8%B1%D9%85-%D9%87%D8%A7%DB%8C-%D9%85%D8%B1%D8%A8%D9%88%D8%B7-%D8%A8%D9%87-%D9%85%D8%AF%DB%8C%D8%B1%DB%8C%D8%AA-%D9%BE%DA%98%D9%88%D9%87%D8%B4%DB%8C?sort=title,verified,2026-08-12
sahand-discovery-unit-research-c9be1610abfb,sahand,آیین‌نامه‌ها و مصوبات- فرم های مربوط به مدیریت پژوهشی,research,,,,https://sut.ac.ir/research/fa/regulation/category/12/%D9%81%D8%B1%D9%85-%D9%87%D8%A7%DB%8C-%D9%85%D8%B1%D8%A8%D9%88%D8%B7-%D8%A8%D9%87-%D9%85%D8%AF%DB%8C%D8%B1%DB%8C%D8%AA-%D9%BE%DA%98%D9%88%D9%87%D8%B4%DB%8C?sort=categoryId,verified,2026-08-12
sahand-discovery-unit-research-ab5563e55ebf,sahand,آیین‌نامه‌ها و مصوبات- فرم های مربوط به مدیریت پژوهشی,research,,,,https://sut.ac.ir/research/fa/regulation/category/12/%D9%81%D8%B1%D9%85-%D9%87%D8%A7%DB%8C-%D9%85%D8%B1%D8%A8%D9%88%D8%B7-%D8%A8%D9%87-%D9%85%D8%AF%DB%8C%D8%B1%DB%8C%D8%AA-%D9%BE%DA%98%D9%88%D9%87%D8%B4%DB%8C?sort=outdated,verified,2026-08-12
sahand-discovery-unit-research-890e3290751c,sahand,آیین‌نامه‌ها و مصوبات- فرم های مربوط به مدیریت پژوهشی,research,,,,https://sut.ac.ir/research/fa/regulation/category/12/%D9%81%D8%B1%D9%85-%D9%87%D8%A7%DB%8C-%D9%85%D8%B1%D8%A8%D9%88%D8%B7-%D8%A8%D9%87-%D9%85%D8%AF%DB%8C%D8%B1%DB%8C%D8%AA-%D9%BE%DA%98%D9%88%D9%87%D8%B4%DB%8C?sort=approvalDate,verified,2026-08-12
sahand-discovery-unit-research-9f0fdc9f55d2,sahand,آیین‌نامه‌ها و مصوبات- فرم های مربوط به مدیریت پژوهشی,research,,,,https://sut.ac.ir/research/fa/regulation/category/12/%D9%81%D8%B1%D9%85-%D9%87%D8%A7%DB%8C-%D9%85%D8%B1%D8%A8%D9%88%D8%B7-%D8%A8%D9%87-%D9%85%D8%AF%DB%8C%D8%B1%DB%8C%D8%AA-%D9%BE%DA%98%D9%88%D9%87%D8%B4%DB%8C?sort=-title,verified,2026-08-12
sahand-discovery-unit-research-2c51233f722d,sahand,آیین‌نامه‌ها و مصوبات- فرم های مربوط به مدیریت پژوهشی,research,,,,https://sut.ac.ir/research/fa/regulation/category/12/%D9%81%D8%B1%D9%85-%D9%87%D8%A7%DB%8C-%D9%85%D8%B1%D8%A8%D9%88%D8%B7-%D8%A8%D9%87-%D9%85%D8%AF%DB%8C%D8%B1%DB%8C%D8%AA-%D9%BE%DA%98%D9%88%D9%87%D8%B4%DB%8C?sort=-categoryId,verified,2026-08-12
sahand-discovery-unit-research-afd19cd00e0e,sahand,آیین‌نامه‌ها و مصوبات- فرم های مربوط به مدیریت پژوهشی,research,,,,https://sut.ac.ir/research/fa/regulation/category/12/%D9%81%D8%B1%D9%85-%D9%87%D8%A7%DB%8C-%D9%85%D8%B1%D8%A8%D9%88%D8%B7-%D8%A8%D9%87-%D9%85%D8%AF%DB%8C%D8%B1%DB%8C%D8%AA-%D9%BE%DA%98%D9%88%D9%87%D8%B4%DB%8C?sort=-outdated,verified,2026-08-12
sahand-discovery-unit-research-8d1c6d55048a,sahand,آیین‌نامه‌ها و مصوبات- فرم های مربوط به مدیریت پژوهشی,research,,,,https://sut.ac.ir/research/fa/regulation/category/12/%D9%81%D8%B1%D9%85-%D9%87%D8%A7%DB%8C-%D9%85%D8%B1%D8%A8%D9%88%D8%B7-%D8%A8%D9%87-%D9%85%D8%AF%DB%8C%D8%B1%DB%8C%D8%AA-%D9%BE%DA%98%D9%88%D9%87%D8%B4%DB%8C?sort=-approvalDate,verified,2026-08-12
shiraz-technology-discovery-unit-laboratory-6be12550bc3f,shiraz-technology,مهلت استفاده از یارانه حمایتی تابستان ۱۴۰۴ باشگاه مشتریان شبکه آزمایشگاهی تا پایان پاییز جاری تمدید شد - SUTech Site,laboratory,,,,https://sutech.ac.ir/%d9%85%d9%87%d9%84%d8%aa-%d8%a7%d8%b3%d8%aa%d9%81%d8%a7%d8%af%d9%87-%d8%a7%d8%b2-%db%8c%d8%a7%d8%b1%d8%a7%d9%86%d9%87-%d8%ad%d9%85%d8%a7%db%8c%d8%aa%db%8c-%d8%aa%d8%a7%d8%a8%d8%b3%d8%aa%d8%a7%d9%86-2,verified,2026-08-12
shiraz-technology-discovery-unit-laboratory-c8a209977350,shiraz-technology,توسعه شبکه آزمایشگاهی فناوری های راهبردی به شبکه آزمایشگاهی کشور - SUTech Site,laboratory,,,,https://sutech.ac.ir/%d8%aa%d9%88%d8%b3%d8%b9%d9%87-%d8%b4%d8%a8%da%a9%d9%87-%d8%a2%d8%b2%d9%85%d8%a7%db%8c%d8%b4%da%af%d8%a7%d9%87%db%8c-%d9%81%d9%86%d8%a7%d9%88%d8%b1%db%8c-%d9%87%d8%a7%db%8c-%d8%b1%d8%a7%d9%87%d8%a8-2,verified,2026-08-12
shiraz-technology-discovery-unit-technology-9412ea902b67,shiraz-technology,Home Page - مدیریت فناوری و کارآفرینی,technology,,,,http://ent.sutech.ac.ir/,verified,2026-08-12
shiraz-technology-discovery-unit-industry-a3407d932c41,shiraz-technology,مدیریت ارتباط با صنعت - SUTech Site,industry,,,,https://sutech.ac.ir/%d9%85%d8%af%db%8c%d8%b1%db%8c%d8%aa-%d8%a7%d8%b1%d8%aa%d8%a8%d8%a7%d8%b7-%d8%a8%d8%a7-%d8%b5%d9%86%d8%b9%d8%aa-2,verified,2026-08-12
shiraz-technology-discovery-unit-industry-881e25453083,shiraz-technology,اعضای هیات علمی برتر دانشگاه صنعتی شیراز در همکاری با جامعه و صنعت سال ۱۴۰۲ - SUTech Site,industry,,,,https://sutech.ac.ir/%d8%a7%d8%b9%d8%b6%d8%a7%db%8c-%d9%87%db%8c%d8%a7%d8%aa-%d8%b9%d9%84%d9%85%db%8c-%d8%a8%d8%b1%d8%aa%d8%b1-%d8%af%d8%a7%d9%86%d8%b4%da%af%d8%a7%d9%87-%d8%b5%d9%86%d8%b9%d8%aa%db%8c-%d8%b4%db%8c%d8%b1,verified,2026-08-12
shiraz-technology-discovery-unit-industry-ce288895fdc2,shiraz-technology,هم اندیشی پیرامون توسعه کارآفرینی و مشارکت صنایع با هیات مدیره موسسه خیران حامی دانشگاه صنعتی شیراز - SUTech Site,industry,,,,https://sutech.ac.ir/%d9%87%d9%85-%d8%a7%d9%86%d8%af%db%8c%d8%b4%db%8c-%d9%be%db%8c%d8%b1%d8%a7%d9%85%d9%88%d9%86-%d8%aa%d9%88%d8%b3%d8%b9%d9%87-%da%a9%d8%a7%d8%b1%d8%a2%d9%81%d8%b1%db%8c%d9%86%db%8c-%d9%88-%d9%85%d8%b4,verified,2026-08-12
shiraz-technology-discovery-unit-laboratory-49c244808f06,shiraz-technology,آزمایشگاه تحقیقاتی شیمی داروئی - SUTech Site,laboratory,,,,https://sutech.ac.ir/%d8%a2%d8%b2%d9%85%d8%a7%db%8c%d8%b4%da%af%d8%a7%d9%87-%d8%aa%d8%ad%d9%82%db%8c%d9%82%d8%a7%d8%aa%db%8c-%d8%b4%db%8c%d9%85%db%8c-%d8%af%d8%a7%d8%b1%d9%88%d8%a6%db%8c,verified,2026-08-12
shiraz-technology-discovery-unit-laboratory-d020fa8da0cf,shiraz-technology,آزمایشگاه تحقیقاتی شیمی فیزیک - SUTech Site,laboratory,,,,https://sutech.ac.ir/%d8%a2%d8%b2%d9%85%d8%a7%db%8c%d8%b4%da%af%d8%a7%d9%87-%d8%aa%d8%ad%d9%82%db%8c%d9%82%d8%a7%d8%aa%db%8c-%d8%b4%db%8c%d9%85%db%8c-%d9%81%db%8c%d8%b2%db%8c%da%a9,verified,2026-08-12
shiraz-technology-discovery-unit-laboratory-fccbf3beff2b,shiraz-technology,آزمایشگاه تحقیقاتی آنالیز دستگاهی - SUTech Site,laboratory,,,,https://sutech.ac.ir/%d8%a2%d8%b2%d9%85%d8%a7%db%8c%d8%b4%da%af%d8%a7%d9%87-%d8%aa%d8%ad%d9%82%db%8c%d9%82%d8%a7%d8%aa%db%8c-%d8%a2%d9%86%d8%a7%d9%84%db%8c%d8%b2-%d8%af%d8%b3%d8%aa%da%af%d8%a7%d9%87%db%8c,verified,2026-08-12
shiraz-technology-discovery-unit-laboratory-c54661b7a359,shiraz-technology,آزمایشگاه تحقیقاتی لیزر - SUTech Site,laboratory,,,,https://sutech.ac.ir/%d8%a2%d8%b2%d9%85%d8%a7%db%8c%d8%b4%da%af%d8%a7%d9%87-%d8%aa%d8%ad%d9%82%db%8c%d9%82%d8%a7%d8%aa%db%8c-%d9%84%db%8c%d8%b2%d8%b1,verified,2026-08-12
shiraz-technology-discovery-unit-laboratory-a54bcccc2725,shiraz-technology,آزمایشگاه تحقیقاتی اپتیک - SUTech Site,laboratory,,,,https://sutech.ac.ir/%d8%a2%d8%b2%d9%85%d8%a7%db%8c%d8%b4%da%af%d8%a7%d9%87-%d8%aa%d8%ad%d9%82%db%8c%d9%82%d8%a7%d8%aa%db%8c-%d8%a7%d9%be%d8%aa%db%8c%da%a9,verified,2026-08-12
shiraz-technology-discovery-unit-laboratory-61d8e54d58e8,shiraz-technology,آزمایشگاه تحقیقاتی نانو - SUTech Site,laboratory,,,,https://sutech.ac.ir/%d8%a2%d8%b2%d9%85%d8%a7%db%8c%d8%b4%da%af%d8%a7%d9%87-%d8%aa%d8%ad%d9%82%db%8c%d9%82%d8%a7%d8%aa%db%8c-%d9%86%d8%a7%d9%86%d9%88,verified,2026-08-12
shiraz-technology-discovery-unit-laboratory-c2e5ee8b5e09,shiraz-technology,آزمایشگاه فیزیک ۲ - SUTech Site,laboratory,,,,https://sutech.ac.ir/%d8%a2%d8%b2%d9%85%d8%a7%db%8c%d8%b4%da%af%d8%a7%d9%87-%d9%81%db%8c%d8%b2%db%8c%da%a9-%db%b2,verified,2026-08-12
shiraz-technology-discovery-unit-laboratory-682ee1773afa,shiraz-technology,آزمایشگاه مواد پیشرفته - SUTech Site,laboratory,,,,https://sutech.ac.ir/%d8%a2%d8%b2%d9%85%d8%a7%db%8c%d8%b4%da%af%d8%a7%d9%87%d9%87%d8%a7%db%8c-%d8%aa%d8%ad%d9%82%db%8c%d9%82%d8%a7%d8%aa%db%8c,verified,2026-08-12
shiraz-technology-discovery-unit-laboratory-dcdbe8d406ac,shiraz-technology,آزمایشگاه متالوگرافی و میکروسکوپ نوری - SUTech Site,laboratory,,,,https://sutech.ac.ir/%d8%a2%d8%b2%d9%85%d8%a7%db%8c%d8%b4%da%af%d8%a7%d9%87-%d9%85%d8%aa%d8%a7%d9%84%d9%88%da%af%d8%b1%d8%a7%d9%81%db%8c-%d9%88-%d9%85%db%8c%da%a9%d8%b1%d9%88%d8%b3%da%a9%d9%88%d9%be-%d9%86%d9%88%d8%b1,verified,2026-08-12
shiraz-technology-discovery-unit-laboratory-55c17e585a67,shiraz-technology,آزمایشگاه فرآوری پودر - SUTech Site,laboratory,,,,https://sutech.ac.ir/%d8%a2%d8%b2%d9%85%d8%a7%db%8c%d8%b4%da%af%d8%a7%d9%87-%d9%81%d8%b1%d8%a2%d9%88%d8%b1%db%8c-%d9%be%d9%88%d8%af%d8%b1,verified,2026-08-12
shiraz-technology-discovery-unit-laboratory-3fd1c900d93b,shiraz-technology,آزمایشگاه خواص مکانیکی - SUTech Site,laboratory,,,,https://sutech.ac.ir/%d8%a2%d8%b2%d9%85%d8%a7%db%8c%d8%b4%da%af%d8%a7%d9%87-%d8%ae%d9%88%d8%a7%d8%b5-%d9%85%da%a9%d8%a7%d9%86%db%8c%da%a9%db%8c,verified,2026-08-12
shiraz-technology-discovery-unit-laboratory-d0d21dfe398a,shiraz-technology,آزمایشگاه مکانیک خاک - SUTech Site,laboratory,,,,https://sutech.ac.ir/%d8%a2%d8%b2%d9%85%d8%a7%db%8c%d8%b4%da%af%d8%a7%d9%87-%d9%85%da%a9%d8%a7%d9%86%db%8c%da%a9-%d8%ae%d8%a7%da%a9,verified,2026-08-12
shiraz-technology-discovery-unit-laboratory-85ec9881e252,shiraz-technology,آزمایشگاه تکنولوژی بتن - SUTech Site,laboratory,,,,https://sutech.ac.ir/%d8%a2%d8%b2%d9%85%d8%a7%db%8c%d8%b4%da%af%d8%a7%d9%87-%d8%aa%da%a9%d9%86%d9%88%d9%84%d9%88%da%98%db%8c-%d8%a8%d8%aa%d9%86,verified,2026-08-12
shiraz-technology-discovery-unit-laboratory-6afd2b40a920,shiraz-technology,آزمایشگاه مکانیک خاک پیشرفته - SUTech Site,laboratory,,,,https://sutech.ac.ir/%d8%a2%d8%b2%d9%85%d8%a7%db%8c%d8%b4%da%af%d8%a7%d9%87-%d9%85%da%a9%d8%a7%d9%86%db%8c%da%a9-%d8%ae%d8%a7%da%a9-%d9%be%db%8c%d8%b4%d8%b1%d9%81%d8%aa%d9%87,verified,2026-08-12
shiraz-technology-discovery-unit-laboratory-d454ceae646f,shiraz-technology,آزمایشگاه زلزله - SUTech Site,laboratory,,,,https://sutech.ac.ir/%d8%a2%d8%b2%d9%85%d8%a7%db%8c%d8%b4%da%af%d8%a7%d9%87-%d8%b2%d9%84%d8%b2%d9%84%d9%87,verified,2026-08-12
shiraz-technology-discovery-unit-laboratory-121eaf70a41e,shiraz-technology,آزمایشگاه هیدرولیک - SUTech Site,laboratory,,,,https://sutech.ac.ir/%d8%a2%d8%b2%d9%85%d8%a7%db%8c%d8%b4%da%af%d8%a7%d9%87-%d9%87%db%8c%d8%af%d8%b1%d9%88%d9%84%db%8c%da%a9,verified,2026-08-12
shiraz-technology-discovery-unit-laboratory-fc8352a65ce2,shiraz-technology,آزمایشگاه ارزیابی کار و زمان - SUTech Site,laboratory,,,,https://sutech.ac.ir/%d8%a2%d8%b2%d9%85%d8%a7%db%8c%d8%b4%da%af%d8%a7%d9%87-%d8%a7%d8%b1%d8%b2%db%8c%d8%a7%d8%a8%db%8c-%da%a9%d8%a7%d8%b1-%d9%88-%d8%b2%d9%85%d8%a7%d9%86,verified,2026-08-12
shiraz-technology-discovery-unit-laboratory-ed8e7af432fc,shiraz-technology,آزمایشگاه مدار مخابراتی - SUTech Site,laboratory,,,,https://sutech.ac.ir/%d8%a2%d8%b2%d9%85%d8%a7%db%8c%d8%b4%da%af%d8%a7%d9%87-%d9%85%d8%af%d8%a7%d8%b1-%d9%85%d8%ae%d8%a7%d8%a8%d8%b1%d8%a7%d8%aa%db%8c,verified,2026-08-12
shiraz-technology-discovery-unit-laboratory-fd362158743b,shiraz-technology,آزمایشگاه کنترل - SUTech Site,laboratory,,,,https://sutech.ac.ir/%d8%a2%d8%b2%d9%85%d8%a7%db%8c%d8%b4%da%af%d8%a7%d9%87-%da%a9%d9%86%d8%aa%d8%b1%d9%84,verified,2026-08-12
shiraz-technology-discovery-unit-laboratory-6bd1fac1fed1,shiraz-technology,آزمایشگاه دینامیک ماشین و ارتعاشات - SUTech Site,laboratory,,,,https://sutech.ac.ir/%d8%a2%d8%b2%d9%85%d8%a7%db%8c%d8%b4%da%af%d8%a7%d9%87-%d8%af%db%8c%d9%86%d8%a7%d9%85%db%8c%da%a9-%d9%85%d8%a7%d8%b4%db%8c%d9%86-%d9%88-%d8%a7%d8%b1%d8%aa%d8%b9%d8%a7%d8%b4%d8%a7%d8%aa-2,verified,2026-08-12
shiraz-technology-discovery-unit-laboratory-0ebbfa3ed6fd,shiraz-technology,آزمایشگاه مقاومت مصالح - SUTech Site,laboratory,,,,https://sutech.ac.ir/%d8%a2%d8%b2%d9%85%d8%a7%db%8c%d8%b4%da%af%d8%a7%d9%87-%d9%85%d9%82%d8%a7%d9%88%d9%85%d8%aa-%d9%85%d8%b5%d8%a7%d9%84%d8%ad,verified,2026-08-12
shiraz-technology-discovery-unit-laboratory-844c5b9c3625,shiraz-technology,آزمایشگاه مکاترونیک - SUTech Site,laboratory,,,,https://sutech.ac.ir/%d8%a2%d8%b2%d9%85%d8%a7%db%8c%d8%b4%da%af%d8%a7%d9%87-%d9%85%da%a9%d8%a7%d8%aa%d8%b1%d9%88%d9%86%db%8c%da%a9,verified,2026-08-12
kgut-discovery-unit-library-49905b5929da,kgut,دانشگاه تحصیلات تکمیلی صنعتی و فناوری پیشرفته | کتابخانه,library,,,,https://sanat.kgut.ac.ir/index.jsp?siteid=1&fkeyid=&siteid=1&pageid=1303,verified,2026-08-12
kgut-discovery-unit-industry-f9beb87ee52c,kgut,دانشگاه تحصیلات تکمیلی صنعتی و فناوری پیشرفته | اخبار > اولین نشست دوره هفتم هیئت امنای دانشگاه تحصیلات تکمیلی صنعتی و فناوری پیشرفته با تمرکز بر توسعه شهرک فناوری و نوآوری، نوسازی ناوگان حمل‌ونقل و اصلاح آیین‌نامه استخدامی اعضای هیئت علمی ,industry,,,,https://it.kgut.ac.ir:8443/index.jsp?fkeyid=&siteid=1&pageid=237&newsview=5690,verified,2026-08-12
kgut-discovery-unit-industry-d9cc13c256d9,kgut,دانشگاه تحصیلات تکمیلی صنعتی و فناوری پیشرفته | اخبار > اولین نشست دوره هفتم هیئت امنای دانشگاه تحصیلات تکمیلی صنعتی و فناوری پیشرفته با تمرکز بر توسعه شهرک فناوری و نوآوری، نوسازی ناوگان حمل‌ونقل و اصلاح آیین‌نامه استخدامی اعضای هیئت علمی ,industry,,,,https://sanat.kgut.ac.ir/index.jsp?fkeyid=&siteid=1&pageid=237&newsview=5690,verified,2026-08-12
kgut-discovery-unit-industry-5cd15d947ffc,kgut,ارتباط با صنعت,industry,,,,https://sanat.kgut.ac.ir/news/%D8%A8%D8%A7%DB%8C%DA%AF%D8%A7%D9%86%DB%8C+%D8%A7%D8%AE%D8%A8%D8%A7%D8%B1+%D8%A7%D8%B1%D8%AA%D8%A8%D8%A7%D8%B7+%D8%A8%D8%A7+%D8%B5%D9%86%D8%B9%D8%AA/page/entrepreneurship,verified,2026-08-12
kgut-discovery-unit-it-86720adee0ee,kgut,دانشگاه تحصیلات تکمیلی صنعتی و فناوری پیشرفته | فرم های فناوری اطلاعات,it,,organizationally-attributed,,https://it.kgut.ac.ir/index.jsp?siteid=1&fkeyid=&siteid=1&pageid=1610,verified,2026-08-12
kgut-discovery-unit-laboratory-4b7713b107b3,kgut,دانشگاه تحصیلات تکمیلی صنعتی و فناوری پیشرفته | تعرفه آزمایشگاهی,laboratory,,,,https://it.kgut.ac.ir/index.jsp?siteid=1&fkeyid=&siteid=1&pageid=2205,verified,2026-08-12
kgut-discovery-unit-industry-710aaa0a1f33,kgut,ارتباط با صنعت,industry,,,,https://sanat.kgut.ac.ir/news/%D8%A8%D8%A7%DB%8C%DA%AF%D8%A7%D9%86%DB%8C+%D8%A7%D8%AE%D8%A8%D8%A7%D8%B1+%D8%A7%D8%B1%D8%AA%D8%A8%D8%A7%D8%B7+%D8%A8%D8%A7+%D8%B5%D9%86%D8%B9%D8%AA/5597/%D9%82%D8%B1%D8%A7%D8%B1+%DA%AF%D8%B1%D9%81%D8%AA%D9%86+10+%D8%B9%D8%B6%D9%88+%D9%87%DB%8C%D8%A6%D8%AA+%D8%B9%D9%84%D9%85%DB%8C+%D8%AF%D8%A7%D9%86%D8%B4%DA%AF%D8%A7%D9%87+%D8%AA%D8%AD%D8%B5%DB%8C%D9%84%D8%A7%D8%AA+%D8%AA%DA%A9%D9%85%DB%8C%D9%84%DB%8C+%D8%B5%D9%86%D8%B9%D8%AA%DB%8C+%D9%88+%D9%81%D9%86%D8%A7%D9%88%D8%B1%DB%8C+%D9%BE%DB%8C%D8%B4%D8%B1%D9%81%D8%AA%D9%87+%D8%AF%D8%B1+%D9%85%DB%8C%D8%A7%D9%86+%D8%AF%D8%A7%D9%86%D8%B4%D9%85%D9%86%D8%AF%D8%A7%D9%86+%D8%A8%D8%B1%D8%AA%D8%B1+%D8%AC%D9%87%D8%A7%D9%86,verified,2026-08-12
kgut-discovery-unit-industry-3649e0491dc2,kgut,ارتباط با صنعت,industry,,,,https://sanat.kgut.ac.ir/news/%D8%A8%D8%A7%DB%8C%DA%AF%D8%A7%D9%86%DB%8C+%D8%A7%D8%AE%D8%A8%D8%A7%D8%B1+%D8%A7%D8%B1%D8%AA%D8%A8%D8%A7%D8%B7+%D8%A8%D8%A7+%D8%B5%D9%86%D8%B9%D8%AA/5544/%D9%BE%DB%8C%D8%A7%D9%85+%D8%B1%D8%A6%DB%8C%D8%B3+%D8%AF%D8%A7%D9%86%D8%B4%DA%AF%D8%A7%D9%87+%D8%AA%D8%AD%D8%B5%DB%8C%D9%84%D8%A7%D8%AA+%D8%AA%DA%A9%D9%85%DB%8C%D9%84%DB%8C+%D8%B5%D9%86%D8%B9%D8%AA%DB%8C+%D9%88+%D9%81%D9%86%D8%A7%D9%88%D8%B1%DB%8C+%D9%BE%DB%8C%D8%B4%D8%B1%D9%81%D8%AA%D9%87+%D8%A8%D9%87+%D9%85%D9%86%D8%A7%D8%B3%D8%A8%D8%AA+%DB%B1%DB%B3+%D8%A2%D8%A8%D8%A7%D9%86+%D8%B1%D9%88%D8%B2+%D9%85%D8%A8%D8%A7%D8%B1%D8%B2%D9%87+%D8%A8%D8%A7+%D8%A7%D8%B3%D8%AA%DA%A9%D8%A8%D8%A7%D8%B1+%D8%AC%D9%87%D8%A7%D9%86%DB%8C,verified,2026-08-12
kgut-discovery-unit-industry-fa930b7bac1a,kgut,ارتباط با صنعت,industry,,,,https://sanat.kgut.ac.ir/news/%D8%A8%D8%A7%DB%8C%DA%AF%D8%A7%D9%86%DB%8C+%D8%A7%D8%AE%D8%A8%D8%A7%D8%B1+%D8%A7%D8%B1%D8%AA%D8%A8%D8%A7%D8%B7+%D8%A8%D8%A7+%D8%B5%D9%86%D8%B9%D8%AA/5536/+%D9%86%D8%B4%D8%B3%D8%AA+%D8%AF%D8%A7%D8%AF%D8%B3%D8%AA%D8%A7%D9%86+%D9%87%D8%A7%DB%8C+%D8%A7%D8%B3%D8%AA%D8%A7%D9%86+%DA%A9%D8%B1%D9%85%D8%A7%D9%86+%D8%AF%D8%B1+%D8%AF%D8%A7%D9%86%D8%B4%DA%AF%D8%A7%D9%87+%D8%AA%D8%AD%D8%B5%DB%8C%D9%84%D8%A7%D8%AA+%D8%AA%DA%A9%D9%85%DB%8C%D9%84%DB%8C+%D8%B5%D9%86%D8%B9%D8%AA%DB%8C+%D9%88+%D9%81%D9%86%D8%A7%D9%88%D8%B1%DB%8C+%D9%BE%DB%8C%D8%B4%D8%B1%D9%81%D8%AA%D9%87+%D8%A8%D8%B1%DA%AF%D8%B2%D8%A7%D8%B1+%D8%B4%D8%AF,verified,2026-08-12
kgut-discovery-unit-industry-fd58887129f1,kgut,ارتباط با صنعت,industry,,,,https://sanat.kgut.ac.ir/news/%D8%A8%D8%A7%DB%8C%DA%AF%D8%A7%D9%86%DB%8C+%D8%A7%D8%AE%D8%A8%D8%A7%D8%B1+%D8%A7%D8%B1%D8%AA%D8%A8%D8%A7%D8%B7+%D8%A8%D8%A7+%D8%B5%D9%86%D8%B9%D8%AA/5532/%D8%AF%DA%A9%D8%AA%D8%B1+%D8%B3%D8%B9%DB%8C%D8%AF+%D9%87%D8%A7%D8%B4%D9%85%DB%8C+%D9%86%DA%98%D8%A7%D8%AF+%D8%B3%D8%B1%D9%BE%D8%B1%D8%B3%D8%AA+%D9%85%D8%B9%D8%A7%D9%88%D9%86%D8%AA+%D8%A7%D8%AF%D8%A7%D8%B1%DB%8C%D8%8C+%D9%85%D8%A7%D9%84%DB%8C+%D8%AF%D8%A7%D9%86%D8%B4%DA%AF%D8%A7%D9%87+%D8%AA%D8%AD%D8%B5%DB%8C%D9%84%D8%A7%D8%AA+%D8%AA%DA%A9%D9%85%DB%8C%D9%84%DB%8C+%D8%B5%D9%86%D8%B9%D8%AA%DB%8C+%D9%88+%D9%81%D9%86%D8%A7%D9%88%D8%B1%DB%8C+%D9%BE%DB%8C%D8%B4%D8%B1%D9%81%D8%AA%D9%87+%D8%B4%D8%AF,verified,2026-08-12
kgut-discovery-unit-industry-128beb0e0b26,kgut,ارتباط با صنعت,industry,,,,https://sanat.kgut.ac.ir/news/%D8%A8%D8%A7%DB%8C%DA%AF%D8%A7%D9%86%DB%8C+%D8%A7%D8%AE%D8%A8%D8%A7%D8%B1+%D8%A7%D8%B1%D8%AA%D8%A8%D8%A7%D8%B7+%D8%A8%D8%A7+%D8%B5%D9%86%D8%B9%D8%AA/5533/%D8%A7%D8%AA%D8%A7%D9%82+%D8%A8%D8%A7%D8%B2%DB%8C+%D8%AF%D8%A7%D9%86%D8%B4%DA%AF%D8%A7%D9%87+%D8%AA%D8%AD%D8%B5%DB%8C%D9%84%D8%A7%D8%AA+%D8%AA%DA%A9%D9%85%DB%8C%D9%84%DB%8C+%D8%B5%D9%86%D8%B9%D8%AA%DB%8C+%D9%88+%D9%81%D9%86%D8%A7%D9%88%D8%B1%DB%8C+%D9%BE%DB%8C%D8%B4%D8%B1%D9%81%D8%AA%D9%87+%DA%AF%D8%B4%D8%A7%DB%8C%D8%B4+%DB%8C%D8%A7%D9%81%D8%AA,verified,2026-08-12
kgut-discovery-unit-industry-3d20e855ddf1,kgut,ارتباط با صنعت,industry,,,,https://sanat.kgut.ac.ir/news/%D8%A8%D8%A7%DB%8C%DA%AF%D8%A7%D9%86%DB%8C+%D8%A7%D8%AE%D8%A8%D8%A7%D8%B1+%D8%A7%D8%B1%D8%AA%D8%A8%D8%A7%D8%B7+%D8%A8%D8%A7+%D8%B5%D9%86%D8%B9%D8%AA/page/contactus,verified,2026-08-12
kgut-discovery-unit-industry-9ab2ffe20d9b,kgut,ارتباط با صنعت,industry,,,,https://sanat.kgut.ac.ir/news/%D8%A8%D8%A7%DB%8C%DA%AF%D8%A7%D9%86%DB%8C+%D8%A7%D8%AE%D8%A8%D8%A7%D8%B1+%D8%A7%D8%B1%D8%AA%D8%A8%D8%A7%D8%B7+%D8%A8%D8%A7+%D8%B5%D9%86%D8%B9%D8%AA/page/forms,verified,2026-08-12
kgut-discovery-unit-industry-9d8768eb9cfe,kgut,ارتباط با صنعت,industry,,,,https://sanat.kgut.ac.ir/news/%D8%A8%D8%A7%DB%8C%DA%AF%D8%A7%D9%86%DB%8C+%D8%A7%D8%AE%D8%A8%D8%A7%D8%B1+%D8%A7%D8%B1%D8%AA%D8%A8%D8%A7%D8%B7+%D8%A8%D8%A7+%D8%B5%D9%86%D8%B9%D8%AA/page/regulations,verified,2026-08-12
kgut-discovery-unit-industry-d2f4d5099345,kgut,ارتباط با صنعت,industry,,,,https://sanat.kgut.ac.ir/news/%D8%A8%D8%A7%DB%8C%DA%AF%D8%A7%D9%86%DB%8C+%D8%A7%D8%AE%D8%A8%D8%A7%D8%B1+%D8%A7%D8%B1%D8%AA%D8%A8%D8%A7%D8%B7+%D8%A8%D8%A7+%D8%B5%D9%86%D8%B9%D8%AA/page/research_priorities,verified,2026-08-12
urmia-technology-discovery-unit-industry-ff47a88451d3,urmia-technology,حوزه ارتباط با جامعه و صنعت,industry,,,,https://uut.ac.ir/unit/23,verified,2026-08-12
urmia-technology-discovery-unit-industry-d611c76a648b,urmia-technology,مدیریت حوزه ارتباط با جامعه و صنعت,industry,,,,https://uut.ac.ir/page/23/235,verified,2026-08-12
qochan-technology-discovery-unit-research-23d931f920af,qochan-technology,مدیریت پژوهشی - مدیریت امور پژوهشی و فناوری,research,,,,https://research.qiet.ac.ir/fa/page/85/%D9%85%D8%AF%DB%8C%D8%B1%DB%8C%D8%AA-%D9%BE%DA%98%D9%88%D9%87%D8%B4%DB%8C,verified,2026-08-12
qochan-technology-discovery-unit-research-da530403c31e,qochan-technology,آیین‌نامه‌ها و فرم‌ها- آیین نام های مدیریت پژوهشی,research,,,,https://research.qiet.ac.ir/fa/regulation/category/9/%D8%A2%DB%8C%DB%8C%D9%86-%D9%86%D8%A7%D9%85-%D9%87%D8%A7%DB%8C-%D9%85%D8%AF%DB%8C%D8%B1%DB%8C%D8%AA-%D9%BE%DA%98%D9%88%D9%87%D8%B4%DB%8C,verified,2026-08-12
qochan-technology-discovery-unit-research-a30f20bf7d3d,qochan-technology,آیین‌نامه‌ها و فرم‌ها- فرم های مدیریت پژوهشی,research,,,,https://research.qiet.ac.ir/fa/regulation/category/8/%D9%81%D8%B1%D9%85-%D9%87%D8%A7%DB%8C-%D9%85%D8%AF%DB%8C%D8%B1%DB%8C%D8%AA-%D9%BE%DA%98%D9%88%D9%87%D8%B4%DB%8C?sort=circularNo,verified,2026-08-12
qochan-technology-discovery-unit-research-fdf30c39fb51,qochan-technology,آیین‌نامه‌ها و فرم‌ها- فرم های مدیریت پژوهشی,research,,,,https://research.qiet.ac.ir/fa/regulation/category/8/%D9%81%D8%B1%D9%85-%D9%87%D8%A7%DB%8C-%D9%85%D8%AF%DB%8C%D8%B1%DB%8C%D8%AA-%D9%BE%DA%98%D9%88%D9%87%D8%B4%DB%8C?sort=-circularNo,verified,2026-08-12
qochan-technology-discovery-unit-research-7fb82ce6f407,qochan-technology,آیین‌نامه‌ها و فرم‌ها- فرم های مدیریت پژوهشی,research,,,,https://research.qiet.ac.ir/fa/regulation/category/8/%D9%81%D8%B1%D9%85-%D9%87%D8%A7%DB%8C-%D9%85%D8%AF%DB%8C%D8%B1%DB%8C%D8%AA-%D9%BE%DA%98%D9%88%D9%87%D8%B4%DB%8C?sort=title,verified,2026-08-12
qochan-technology-discovery-unit-research-8be8c389570c,qochan-technology,آیین‌نامه‌ها و فرم‌ها- فرم های مدیریت پژوهشی,research,,,,https://research.qiet.ac.ir/fa/regulation/category/8/%D9%81%D8%B1%D9%85-%D9%87%D8%A7%DB%8C-%D9%85%D8%AF%DB%8C%D8%B1%DB%8C%D8%AA-%D9%BE%DA%98%D9%88%D9%87%D8%B4%DB%8C?sort=categoryId,verified,2026-08-12
qochan-technology-discovery-unit-research-b746169739a9,qochan-technology,آیین‌نامه‌ها و فرم‌ها- فرم های مدیریت پژوهشی,research,,,,https://research.qiet.ac.ir/fa/regulation/category/8/%D9%81%D8%B1%D9%85-%D9%87%D8%A7%DB%8C-%D9%85%D8%AF%DB%8C%D8%B1%DB%8C%D8%AA-%D9%BE%DA%98%D9%88%D9%87%D8%B4%DB%8C?sort=outdated,verified,2026-08-12
qochan-technology-discovery-unit-research-269922e55d52,qochan-technology,آیین‌نامه‌ها و فرم‌ها- فرم های مدیریت پژوهشی,research,,,,https://research.qiet.ac.ir/fa/regulation/category/8/%D9%81%D8%B1%D9%85-%D9%87%D8%A7%DB%8C-%D9%85%D8%AF%DB%8C%D8%B1%DB%8C%D8%AA-%D9%BE%DA%98%D9%88%D9%87%D8%B4%DB%8C?sort=approvalDate,verified,2026-08-12
qochan-technology-discovery-unit-technology-2784b81bd737,qochan-technology,آیین‌نامه‌ها و فرم‌ها- فرم های لازم جهت فعالیت در مرکز نوآوری,technology,,,,https://research.qiet.ac.ir/fa/regulation/category/12/%D9%81%D8%B1%D9%85-%D9%87%D8%A7%DB%8C-%D9%84%D8%A7%D8%B2%D9%85-%D8%AC%D9%87%D8%AA-%D9%81%D8%B9%D8%A7%D9%84%DB%8C%D8%AA-%D8%AF%D8%B1-%D9%85%D8%B1%DA%A9%D8%B2-%D9%86%D9%88%D8%A2%D9%88%D8%B1%DB%8C?sort=title,verified,2026-08-12
qochan-technology-discovery-unit-technology-618ff4591825,qochan-technology,آیین‌نامه‌ها و فرم‌ها- فرم های لازم جهت فعالیت در مرکز نوآوری,technology,,,,https://research.qiet.ac.ir/fa/regulation/category/12/%D9%81%D8%B1%D9%85-%D9%87%D8%A7%DB%8C-%D9%84%D8%A7%D8%B2%D9%85-%D8%AC%D9%87%D8%AA-%D9%81%D8%B9%D8%A7%D9%84%DB%8C%D8%AA-%D8%AF%D8%B1-%D9%85%D8%B1%DA%A9%D8%B2-%D9%86%D9%88%D8%A2%D9%88%D8%B1%DB%8C?sort=categoryId,verified,2026-08-12
qochan-technology-discovery-unit-technology-2af97f76e1fd,qochan-technology,آیین‌نامه‌ها و فرم‌ها- فرم های لازم جهت فعالیت در مرکز نوآوری,technology,,,,https://research.qiet.ac.ir/fa/regulation/category/12/%D9%81%D8%B1%D9%85-%D9%87%D8%A7%DB%8C-%D9%84%D8%A7%D8%B2%D9%85-%D8%AC%D9%87%D8%AA-%D9%81%D8%B9%D8%A7%D9%84%DB%8C%D8%AA-%D8%AF%D8%B1-%D9%85%D8%B1%DA%A9%D8%B2-%D9%86%D9%88%D8%A2%D9%88%D8%B1%DB%8C?sort=outdated,verified,2026-08-12
qochan-technology-discovery-unit-technology-b76ee475ed05,qochan-technology,آیین‌نامه‌ها و فرم‌ها- فرم های لازم جهت فعالیت در مرکز نوآوری,technology,,,,https://research.qiet.ac.ir/fa/regulation/category/12/%D9%81%D8%B1%D9%85-%D9%87%D8%A7%DB%8C-%D9%84%D8%A7%D8%B2%D9%85-%D8%AC%D9%87%D8%AA-%D9%81%D8%B9%D8%A7%D9%84%DB%8C%D8%AA-%D8%AF%D8%B1-%D9%85%D8%B1%DA%A9%D8%B2-%D9%86%D9%88%D8%A2%D9%88%D8%B1%DB%8C?sort=approvalDate,verified,2026-08-12
kermanshah-technology-discovery-unit-industry-d3948c21ca07,kermanshah-technology,دفتر ارتباط با صنعت – دانشگاه صنعتی کرمانشاه,industry,,,,https://kut.ac.ir/%d8%af%d9%81%d8%aa%d8%b1-%d8%a7%d8%b1%d8%aa%d8%a8%d8%a7%d8%b7-%d8%a8%d8%a7-%d8%b5%d9%86%d8%b9%d8%aa/,verified,2026-08-12
kermanshah-technology-discovery-unit-research-fc02082d9c43,kermanshah-technology,مدیریت امور پژوهشی و فناوری – دانشگاه صنعتی کرمانشاه,research,,,,https://kut.ac.ir/%d9%85%d8%af%db%8c%d8%b1%db%8c%d8%aa-%d8%a7%d9%85%d9%88%d8%b1-%d9%be%da%98%d9%88%d9%87%d8%b4%db%8c-%d9%88-%d9%81%d9%86%d8%a7%d9%88%d8%b1%db%8c/,verified,2026-08-12
qom-technology-discovery-unit-laboratory-4d23c2a20631,qom-technology,كتابخانه دانشگاه صنعتي قم,laboratory,,,,https://digitallib.qut.ac.ir/Dl/SPortal/Search/?bs=%D8%AF%D8%B3%D8%AA%D9%86%D8%A7%D9%85%D9%87%20%D9%87%D8%A7%D9%8A%20%D8%A2%D8%B2%D9%85%D8%A7%D9%8A%D8%B4%DA%AF%D8%A7%D9%87%D9%8A,verified,2026-08-12
jundi-shapur-dezful-discovery-unit-laboratory-98fd54f4af29,jundi-shapur-dezful,آزمایشگاه مرکزی - دانشگاه صنعتی جندی شاپور دزفول,laboratory,,,,https://jsu.ac.ir/fa/web/guest/%D8%A2%D8%B2%D9%85%D8%A7%DB%8C%D8%B4%DA%AF%D8%A7%D9%87-%D9%85%D8%B1%DA%A9%D8%B2%DB%8C,verified,2026-08-12
jundi-shapur-dezful-discovery-unit-industry-d42b8a4e4a71,jundi-shapur-dezful,دفتر ارتباط با صنعت - دانشگاه صنعتی جندی شاپور دزفول,industry,,,,https://jsu.ac.ir/fa/web/guest/%D8%AF%D9%81%D8%AA%D8%B1%20%D8%A7%D8%B1%D8%AA%D8%A8%D8%A7%D8%B7%20%D8%A8%D8%A7%20%D8%B5%D9%86%D8%B9%D8%AA,verified,2026-08-12
jundi-shapur-dezful-discovery-unit-library-917616c33e86,jundi-shapur-dezful,اداره چاپ و انتشارات - دانشگاه صنعتی جندی شاپور دزفول,library,,,,https://jsu.ac.ir/fa/web/guest/%D8%A7%D8%AF%D8%A7%D8%B1%D9%87%20%DA%86%D8%A7%D9%BE%20%D9%88%20%D8%A7%D9%86%D8%AA%D8%B4%D8%A7%D8%B1%D8%A7%D8%AA,verified,2026-08-12
jundi-shapur-dezful-discovery-unit-library-b62c0400e03c,jundi-shapur-dezful,برگزاری نشست «پاتوق کتاب» در کتابخانه مرکزی دانشگاه جندی شاپور دزفول - دانشگاه صنعتی جندی شاپور دزفول,library,,,,https://jsu.ac.ir/w/%D8%A8%D8%B1%DA%AF%D8%B2%D8%A7%D8%B1%DB%8C-%D9%86%D8%B4%D8%B3%D8%AA-%C2%AB%D9%BE%D8%A7%D8%AA%D9%88%D9%82-%DA%A9%D8%AA%D8%A7%D8%A8%C2%BB-%D8%AF%D8%B1-%DA%A9%D8%AA%D8%A7%D8%A8%D8%AE%D8%A7%D9%86%D9%87-%D9%85%D8%B1%DA%A9%D8%B2%DB%8C-%D8%AF%D8%A7%D9%86%D8%B4,verified,2026-08-12
jundi-shapur-dezful-discovery-unit-library-cff3a8669ebf,jundi-shapur-dezful,معاونت پژوهشی دانشگاه از کتابداران کتابخانه مرکزی تقدیر کرد - دانشگاه صنعتی جندی شاپور دزفول,library,,,,https://jsu.ac.ir/w/%D9%85%D8%B9%D8%A7%D9%88%D9%86%D8%AA-%D9%BE%DA%98%D9%88%D9%87%D8%B4%DB%8C-%D8%AF%D8%A7%D9%86%D8%B4%DA%AF%D8%A7%D9%87-%D8%A7%D8%B2-%DA%A9%D8%AA%D8%A7%D8%A8%D8%AF%D8%A7%D8%B1%D8%A7%D9%86-%DA%A9%D8%AA%D8%A7%D8%A8%D8%AE%D8%A7%D9%86%D9%87-%D9%85%D8%B1%DA%A9,verified,2026-08-12
jundi-shapur-dezful-discovery-unit-industry-bc1a8972509e,jundi-shapur-dezful,دفتر ارتباط با صنعت - دانشگاه صنعتی جندی شاپور دزفول,industry,,,,https://jsu.ac.ir/en/web/guest/%D8%AF%D9%81%D8%AA%D8%B1-%D8%A7%D8%B1%D8%AA%D8%A8%D8%A7%D8%B7-%D8%A8%D8%A7-%D8%B5%D9%86%D8%B9%D8%AA,verified,2026-08-12
jundi-shapur-dezful-discovery-unit-industry-c5518c9645c4,jundi-shapur-dezful,دفتر ارتباط با صنعت - دانشگاه صنعتی جندی شاپور دزفول,industry,,,,https://jsu.ac.ir/fa/web/guest/%D8%AF%D9%81%D8%AA%D8%B1-%D8%A7%D8%B1%D8%AA%D8%A8%D8%A7%D8%B7-%D8%A8%D8%A7-%D8%B5%D9%86%D8%B9%D8%AA,verified,2026-08-12
jundi-shapur-dezful-discovery-unit-laboratory-fb87ad80a46c,jundi-shapur-dezful,ترازوی دقیق آزمایشگاهی - دانشگاه صنعتی جندی شاپور دزفول,laboratory,,,,https://jsu.ac.ir/w/%D8%AA%D8%B1%D8%A7%D8%B2%D9%88%DB%8C-%D8%AF%D9%82%DB%8C%D9%82-%D8%A2%D8%B2%D9%85%D8%A7%DB%8C%D8%B4%DA%AF%D8%A7%D9%87%DB%8C,verified,2026-08-12
jundi-shapur-dezful-discovery-unit-laboratory-eebf7cd14bdb,jundi-shapur-dezful,بن ماری آزمایشگاهی - دانشگاه صنعتی جندی شاپور دزفول,laboratory,,,,https://jsu.ac.ir/w/%D8%A8%D9%86-%D9%85%D8%A7%D8%B1%DB%8C-%D8%A2%D8%B2%D9%85%D8%A7%DB%8C%D8%B4%DA%AF%D8%A7%D9%87%DB%8C,verified,2026-08-12
jundi-shapur-dezful-discovery-unit-laboratory-b123989b0436,jundi-shapur-dezful,دستگاه تولید آب فوق خالص ( دیونیزه) آزمایشگاهی - دانشگاه صنعتی جندی شاپور دزفول,laboratory,,,,https://jsu.ac.ir/w/%D8%AF%D8%B3%D8%AA%DA%AF%D8%A7%D9%87-%D8%AA%D9%88%D9%84%DB%8C%D8%AF-%D8%A2%D8%A8-%D9%81%D9%88%D9%82-%D8%AE%D8%A7%D9%84%D8%B5-%D8%AF%DB%8C%D9%88%D9%86%DB%8C%D8%B2%D9%87-%D8%A2%D8%B2%D9%85%D8%A7%DB%8C%D8%B4%DA%AF%D8%A7%D9%87%DB%8C,verified,2026-08-12
jundi-shapur-dezful-discovery-unit-laboratory-3c6e9ebc4b40,jundi-shapur-dezful,آون آزمایشگاهی آترا - دانشگاه صنعتی جندی شاپور دزفول,laboratory,,,,https://jsu.ac.ir/w/%D8%A2%D9%88%D9%86-%D8%A2%D8%B2%D9%85%D8%A7%DB%8C%D8%B4%DA%AF%D8%A7%D9%87%DB%8C-%D8%A2%D8%AA%D8%B1%D8%A7,verified,2026-08-12
jundi-shapur-dezful-discovery-unit-laboratory-e2af88e1a14a,jundi-shapur-dezful,آون آزمایشگاهی - دانشگاه صنعتی جندی شاپور دزفول,laboratory,,,,https://jsu.ac.ir/w/%D8%A2%D9%88%D9%86-%D8%A2%D8%B2%D9%85%D8%A7%DB%8C%D8%B4%DA%AF%D8%A7%D9%87%DB%8C,verified,2026-08-12
jundi-shapur-dezful-discovery-unit-research-80947f8b2ca9,jundi-shapur-dezful,مدیریت امور پژوهشی - دانشگاه صنعتی جندی شاپور دزفول,research,,,,https://jsu.ac.ir/en/web/guest/%D9%85%D8%AF%DB%8C%D8%B1%DB%8C%D8%AA-%D8%A7%D9%85%D9%88%D8%B1-%D9%BE%DA%98%D9%88%D9%87%D8%B4%DB%8C,verified,2026-08-12
jundi-shapur-dezful-discovery-unit-research-0b8e1c31d84d,jundi-shapur-dezful,مدیریت امور پژوهشی - دانشگاه صنعتی جندی شاپور دزفول,research,,,,https://jsu.ac.ir/fa/web/guest/%D9%85%D8%AF%DB%8C%D8%B1%DB%8C%D8%AA-%D8%A7%D9%85%D9%88%D8%B1-%D9%BE%DA%98%D9%88%D9%87%D8%B4%DB%8C,verified,2026-08-12
jundi-shapur-dezful-discovery-unit-laboratory-628e9f0a58d8,jundi-shapur-dezful,یارانه خدمات آزمایشگاهی فصل زمستان 1404 اعلام شد - دانشگاه صنعتی جندی شاپور دزفول,laboratory,,,,https://jsu.ac.ir/w/%DB%8C%D8%A7%D8%B1%D8%A7%D9%86%D9%87-%D8%AE%D8%AF%D9%85%D8%A7%D8%AA-%D8%A2%D8%B2%D9%85%D8%A7%DB%8C%D8%B4%DA%AF%D8%A7%D9%87%DB%8C-%D9%81%D8%B5%D9%84-%D8%B2%D9%85%D8%B3%D8%AA%D8%A7%D9%86-1404-%D8%A7%D8%B9%D9%84%D8%A7%D9%85-%D8%B4%D8%AF,verified,2026-08-12
jundi-shapur-dezful-discovery-unit-laboratory-5222b13a5db5,jundi-shapur-dezful,یارانه خدمات اعتباری آزمایشگاه، ویژه زمستان ۱۴۰۴ اعلام شد - دانشگاه صنعتی جندی شاپور دزفول,laboratory,,,,https://jsu.ac.ir/w/%DB%8C%D8%A7%D8%B1%D8%A7%D9%86%D9%87-%D8%AE%D8%AF%D9%85%D8%A7%D8%AA-%D8%A7%D8%B9%D8%AA%D8%A8%D8%A7%D8%B1%DB%8C-%D8%A2%D8%B2%D9%85%D8%A7%DB%8C%D8%B4%DA%AF%D8%A7%D9%87-%D9%88%DB%8C%DA%98%D9%87-%D8%B2%D9%85%D8%B3%D8%AA%D8%A7%D9%86-%DB%B1%DB%B4%DB%B0%DB%B4-,verified,2026-08-12
jundi-shapur-dezful-discovery-unit-research-93d1cf30075e,jundi-shapur-dezful,مدیریت امور پژوهشی - دانشگاه صنعتی جندی شاپور دزفول,research,,,,https://jsu.ac.ir/web/guest/%D9%85%D8%AF%DB%8C%D8%B1%DB%8C%D8%AA-%D8%A7%D9%85%D9%88%D8%B1-%D9%BE%DA%98%D9%88%D9%87%D8%B4%DB%8C,verified,2026-08-12
jundi-shapur-dezful-discovery-unit-industry-2fbcd1ceb366,jundi-shapur-dezful,نشست «روایت مسیر کارآفرینی» در دانشگاه صنعتی جندی‌ شاپور دزفول برگزار شد - دانشگاه صنعتی جندی شاپور دزفول,industry,,,,https://jsu.ac.ir/w/%D9%86%D8%B4%D8%B3%D8%AA-%C2%AB%D8%B1%D9%88%D8%A7%DB%8C%D8%AA-%D9%85%D8%B3%DB%8C%D8%B1-%DA%A9%D8%A7%D8%B1%D8%A2%D9%81%D8%B1%DB%8C%D9%86%DB%8C%C2%BB-%D8%AF%D8%B1-%D8%AF%D8%A7%D9%86%D8%B4%DA%AF%D8%A7%D9%87-%D8%B5%D9%86%D8%B9%D8%AA%DB%8C-%D8%AC%D9%86%D8%AF,verified,2026-08-12
hamedan-technology-discovery-unit-library-baf9b82d3eca,hamedan-technology,درباره کتابخانه - کتابخانه - پرتال دانشگاه صنعتی همدان,library,,,,https://web.hut.ac.ir/web/library/%D8%AF%D8%B1%D8%A8%D8%A7%D8%B1%D9%87-%DA%AF%D8%B1%D9%88%D9%87,verified,2026-08-12
hamedan-technology-discovery-unit-laboratory-386198c68e56,hamedan-technology,صفحه اصلی - آزمایشگاه مرکزی - پرتال دانشگاه صنعتی همدان,laboratory,,,,https://lab.hut.ac.ir/,verified,2026-08-12
hamedan-technology-discovery-unit-industry-b2080b40679c,hamedan-technology,ثبت نام دوره مقدماتی طراحی و ساخت پرینتر سه بعدی - پرتال اصلی دانشگاه صنعتی همدان - پرتال دانشگاه صنعتی همدان,industry,,,,https://www.hut.ac.ir/fa/w/%D8%AB%D8%A8%D8%AA-%D9%86%D8%A7%D9%85-%D8%AF%D9%88%D8%B1%D9%87-%D9%85%D9%82%D8%AF%D9%85%D8%A7%D8%AA%DB%8C-%D8%B7%D8%B1%D8%A7%D8%AD%DB%8C-%D9%88-%D8%B3%D8%A7%D8%AE%D8%AA-%D9%BE%D8%B1%DB%8C%D9%86%D8%AA%D8%B1-%D8%B3%D9%87-%D8%A8%D8%B9%D8%AF%DB%8C?redirect=%2F,verified,2026-08-12
hamedan-technology-discovery-unit-research-08d574c34a6c,hamedan-technology,صفحه اصلی معاونت - معاونت آموزشی و پژوهشی - پرتال دانشگاه صنعتی همدان,research,,,,https://edu.hut.ac.ir/,verified,2026-08-12
hamedan-technology-discovery-unit-industry-5610b93676ce,hamedan-technology,فراخوان جذب امریه دفتر ارتباط با جامعه و صنعت - پرتال اصلی دانشگاه صنعتی همدان - پرتال دانشگاه صنعتی همدان,industry,,,,https://www.hut.ac.ir/fa/w/%D9%81%D8%B1%D8%A7%D8%AE%D9%88%D8%A7%D9%86-%D8%AC%D8%B0%D8%A8-%D8%A7%D9%85%D8%B1%DB%8C%D9%87-%D8%AF%D9%81%D8%AA%D8%B1-%D8%A7%D8%B1%D8%AA%D8%A8%D8%A7%D8%B7-%D8%A8%D8%A7-%D8%AC%D8%A7%D9%85%D8%B9%D9%87-%D9%88-%D8%B5%D9%86%D8%B9%D8%AA?redirect=%2F,verified,2026-08-12
hamedan-technology-discovery-unit-research-43eb76bce846,hamedan-technology,مدیریت پژوهشی - معاونت آموزشی و پژوهشی - پرتال دانشگاه صنعتی همدان,research,,,,https://edu.hut.ac.ir/%D9%85%D8%AF%DB%8C%D8%B1%DB%8C%D8%AA-%D9%BE%DA%98%D9%88%D9%87%D8%B4%DB%8C,verified,2026-08-12
sirjan-technology-discovery-unit-library-ccebe48c10fd,sirjan-technology,تقدیر از همکار کتابخانه مرکزی دانشگاه، هم‌زمان با آغاز هفته کتاب، کتاب‌خوانی و روز کتابدار - دانشگاه صنعتی سیرجان,library,,,,https://sirjantech.ac.ir/%d8%aa%d9%82%d8%af%db%8c%d8%b1-%d8%a7%d8%b2-%d9%87%d9%85%da%a9%d8%a7%d8%b1-%da%a9%d8%aa%d8%a7%d8%a8%d8%ae%d8%a7%d9%86%d9%87-%d9%85%d8%b1%da%a9%d8%b2%db%8c-%d8%af%d8%a7%d9%86%d8%b4%da%af%d8%a7%d9%87/,verified,2026-08-12
sirjan-technology-discovery-unit-laboratory-8ae6dab8f22e,sirjan-technology,طرح تخفیف خدمات آزمایشگاهی فناوری‌های راهبردی - دانشگاه صنعتی سیرجان,laboratory,,,,https://sirjantech.ac.ir/%d8%b7%d8%b1%d8%ad-%d8%aa%d8%ae%d9%81%db%8c%d9%81-%d8%ae%d8%af%d9%85%d8%a7%d8%aa-%d8%a2%d8%b2%d9%85%d8%a7%db%8c%d8%b4%da%af%d8%a7%d9%87%db%8c-%d9%81%d9%86%d8%a7%d9%88%d8%b1%db%8c%d9%87%d8%a7/,verified,2026-08-12
sirjan-technology-discovery-unit-laboratory-8873143f330d,sirjan-technology,آزمایشگاه الکترونیک صنعتی - دانشگاه صنعتی سیرجان,laboratory,,,,https://sirjantech.ac.ir/%d8%a2%d8%b2%d9%85%d8%a7%db%8c%d8%b4%da%af%d8%a7%d9%87-%d8%a7%d9%84%da%a9%d8%aa%d8%b1%d9%88%d9%86%db%8c%da%a9-%d8%b5%d9%86%d8%b9%d8%aa%db%8c/,verified,2026-08-12
sirjan-technology-discovery-unit-laboratory-8652428883db,sirjan-technology,آزمایشگاه الکترونیک آنالوگ - دانشگاه صنعتی سیرجان,laboratory,,,,https://sirjantech.ac.ir/%d8%a2%d8%b2%d9%85%d8%a7%db%8c%d8%b4%da%af%d8%a7%d9%87-%d8%a7%d9%84%da%a9%d8%aa%d8%b1%d9%88%d9%86%db%8c%da%a9-%d8%a2%d9%86%d8%a7%d9%84%d9%88%da%af/,verified,2026-08-12
sirjan-technology-discovery-unit-laboratory-610b5be05c43,sirjan-technology,آزمایشگاه سیستم های دیجیتال - دانشگاه صنعتی سیرجان,laboratory,,,,https://sirjantech.ac.ir/%d8%a2%d8%b2%d9%85%d8%a7%db%8c%d8%b4%da%af%d8%a7%d9%87-%d8%b3%db%8c%d8%b3%d8%aa%d9%85-%d9%87%d8%a7%db%8c-%d8%af%db%8c%d8%ac%db%8c%d8%aa%d8%a7%d9%84/,verified,2026-08-12
sirjan-technology-discovery-unit-laboratory-cbc23621174b,sirjan-technology,آزمایشگاه مدار پالس و دیجیتال - دانشگاه صنعتی سیرجان,laboratory,,,,https://sirjantech.ac.ir/%d8%a2%d8%b2%d9%85%d8%a7%db%8c%d8%b4%da%af%d8%a7%d9%87-%d9%85%d8%af%d8%a7%d8%b1-%d9%be%d8%a7%d9%84%d8%b3-%d9%88-%d8%af%db%8c%d8%ac%db%8c%d8%aa%d8%a7%d9%84/,verified,2026-08-12
sirjan-technology-discovery-unit-laboratory-39f14ac8f836,sirjan-technology,آزمایشگاه مدارهای الکتریکی - دانشگاه صنعتی سیرجان,laboratory,,,,https://sirjantech.ac.ir/%d8%a2%d8%b2%d9%85%d8%a7%db%8c%d8%b4%da%af%d8%a7%d9%87-%d9%85%d8%af%d8%a7%d8%b1%d9%87%d8%a7%db%8c-%d8%a7%d9%84%da%a9%d8%aa%d8%b1%db%8c%da%a9%db%8c/,verified,2026-08-12
sirjan-technology-discovery-unit-laboratory-9b38f46f69a9,sirjan-technology,آزمایشگاه انتقال حرارت - دانشگاه صنعتی سیرجان,laboratory,,,,https://sirjantech.ac.ir/%d8%a2%d8%b2%d9%85%d8%a7%db%8c%d8%b4%da%af%d8%a7%d9%87-%d8%a7%d9%86%d8%aa%d9%82%d8%a7%d9%84-%d8%ad%d8%b1%d8%a7%d8%b1%d8%aa/,verified,2026-08-12
sirjan-technology-discovery-unit-laboratory-ffe1a198c7d9,sirjan-technology,آزمایشگاه ترمودینامیک - دانشگاه صنعتی سیرجان,laboratory,,,,https://sirjantech.ac.ir/%d8%a2%d8%b2%d9%85%d8%a7%db%8c%d8%b4%da%af%d8%a7%d9%87-%d8%aa%d8%b1%d9%85%d9%88%d8%af%db%8c%d9%86%d8%a7%d9%85%db%8c%da%a9/,verified,2026-08-12
sirjan-technology-discovery-unit-laboratory-99f222c370ee,sirjan-technology,آزمایشگاه دینامیک ماشین و ارتعاشات - دانشگاه صنعتی سیرجان,laboratory,,,,https://sirjantech.ac.ir/%d8%a2%d8%b2%d9%85%d8%a7%db%8c%d8%b4%da%af%d8%a7%d9%87-%d8%af%db%8c%d9%86%d8%a7%d9%85%db%8c%da%a9-%d9%85%d8%a7%d8%b4%db%8c%d9%86-%d9%88-%d8%a7%d8%b1%d8%aa%d8%b9%d8%a7%d8%b4%d8%a7%d8%aa/,verified,2026-08-12
sirjan-technology-discovery-unit-laboratory-e88a78a1de7e,sirjan-technology,آزمایشگاه مکانیک سیالات - دانشگاه صنعتی سیرجان,laboratory,,,,https://sirjantech.ac.ir/%d8%a2%d8%b2%d9%85%d8%a7%db%8c%d8%b4%da%af%d8%a7%d9%87-%d9%85%da%a9%d8%a7%d9%86%db%8c%da%a9-%d8%b3%db%8c%d8%a7%d9%84%d8%a7%d8%aa/,verified,2026-08-12
sirjan-technology-discovery-unit-laboratory-9fe84219f3f2,sirjan-technology,آزمایشگاه اتومکانیک - دانشگاه صنعتی سیرجان,laboratory,,,,https://sirjantech.ac.ir/%d8%a2%d8%b2%d9%85%d8%a7%db%8c%d8%b4%da%af%d8%a7%d9%87-%d8%a7%d8%aa%d9%88%d9%85%da%a9%d8%a7%d9%86%db%8c%da%a9/,verified,2026-08-12
sirjan-technology-discovery-unit-laboratory-aea2499cfc06,sirjan-technology,آزمایشگاه جوشکاری و ورق کاری - دانشگاه صنعتی سیرجان,laboratory,,,,https://sirjantech.ac.ir/%d8%a2%d8%b2%d9%85%d8%a7%db%8c%d8%b4%da%af%d8%a7%d9%87-%d8%ac%d9%88%d8%b4%da%a9%d8%a7%d8%b1%db%8c-%d9%88-%d9%88%d8%b1%d9%82-%da%a9%d8%a7%d8%b1%db%8c/,verified,2026-08-12
sirjan-technology-discovery-unit-laboratory-72db92dce3b9,sirjan-technology,آزمایشگاه ماشین ابزار - دانشگاه صنعتی سیرجان,laboratory,,,,https://sirjantech.ac.ir/%d8%a2%d8%b2%d9%85%d8%a7%db%8c%d8%b4%da%af%d8%a7%d9%87-%d9%85%d8%a7%d8%b4%db%8c%d9%86-%d8%a7%d8%a8%d8%b2%d8%a7%d8%b1/,verified,2026-08-12
sirjan-technology-discovery-unit-laboratory-08a1654de6c4,sirjan-technology,آزمایشگاه پنوماتیک - دانشگاه صنعتی سیرجان,laboratory,,,,https://sirjantech.ac.ir/%d8%a2%d8%b2%d9%85%d8%a7%db%8c%d8%b4%da%af%d8%a7%d9%87-%d9%be%d9%86%d9%88%d9%85%d8%a7%d8%aa%db%8c%da%a9/,verified,2026-08-12
sirjan-technology-discovery-unit-laboratory-77041f14ee01,sirjan-technology,آزمایشگاه قیر و آسفالت - دانشگاه صنعتی سیرجان,laboratory,,,,https://sirjantech.ac.ir/%d8%a2%d8%b2%d9%85%d8%a7%db%8c%d8%b4%da%af%d8%a7%d9%87-%d9%82%db%8c%d8%b1-%d9%88-%d8%a2%d8%b3%d9%81%d8%a7%d9%84%d8%aa/,verified,2026-08-12
sirjan-technology-discovery-unit-laboratory-722dc9eb9f15,sirjan-technology,آزمایشگاه کیفیت آب و خاک و محیط زیست - دانشگاه صنعتی سیرجان,laboratory,,,,https://sirjantech.ac.ir/%d8%a2%d8%b2%d9%85%d8%a7%db%8c%d8%b4%da%af%d8%a7%d9%87-%da%a9%db%8c%d9%81%db%8c%d8%aa-%d8%a2%d8%a8-%d9%88-%d8%ae%d8%a7%da%a9-%d9%88-%d9%85%d8%ad%db%8c%d8%b7-%d8%b2%db%8c%d8%b3%d8%aa/,verified,2026-08-12
sirjan-technology-discovery-unit-laboratory-5723a75635d5,sirjan-technology,آزمایشگاه مکانیک خاک - دانشگاه صنعتی سیرجان,laboratory,,,,https://sirjantech.ac.ir/%d8%a2%d8%b2%d9%85%d8%a7%db%8c%d8%b4%da%af%d8%a7%d9%87-%d9%85%da%a9%d8%a7%d9%86%db%8c%da%a9-%d8%ae%d8%a7%da%a9/,verified,2026-08-12
sirjan-technology-discovery-unit-laboratory-e0fa1a2a7432,sirjan-technology,آزمایشگاه تکنولوژی بتن و بلوک - دانشگاه صنعتی سیرجان,laboratory,,,,https://sirjantech.ac.ir/%d8%a2%d8%b2%d9%85%d8%a7%db%8c%d8%b4%da%af%d8%a7%d9%87-%d8%aa%da%a9%d9%86%d9%88%d9%84%d9%88%da%98%db%8c-%d8%a8%d8%aa%d9%86-%d9%88-%d8%a8%d9%84%d9%88%da%a9/,verified,2026-08-12
sirjan-technology-discovery-unit-laboratory-5469e94e7cea,sirjan-technology,آزمایشگاه هیدرولیک - دانشگاه صنعتی سیرجان,laboratory,,,,https://sirjantech.ac.ir/%d8%a2%d8%b2%d9%85%d8%a7%db%8c%d8%b4%da%af%d8%a7%d9%87-%d9%87%db%8c%d8%af%d8%b1%d9%88%d9%84%db%8c%da%a9/,verified,2026-08-12
sirjan-technology-discovery-unit-laboratory-42b6b305d408,sirjan-technology,آزمایشگاه مکانیک سیالات - دانشگاه صنعتی سیرجان,laboratory,,,,https://sirjantech.ac.ir/%d8%a2%d8%b2%d9%85%d8%a7%db%8c%d8%b4%da%af%d8%a7%d9%87-%d9%85%da%a9%d8%a7%d9%86%db%8c%da%a9-%d8%b3%db%8c%d8%a7%d9%84%d8%a7%d8%aa-2/,verified,2026-08-12
sirjan-technology-discovery-unit-laboratory-f969585f6fb0,sirjan-technology,آزمایشگاه فیزیک ۱ - دانشگاه صنعتی سیرجان,laboratory,,,,https://sirjantech.ac.ir/%d8%a2%d8%b2%d9%85%d8%a7%db%8c%d8%b4%da%af%d8%a7%d9%87-%d9%81%db%8c%d8%b2%db%8c%da%a9-%db%b1/,verified,2026-08-12
sirjan-technology-discovery-unit-laboratory-ef82a3335bc8,sirjan-technology,آزمایشگاه فیزیک ۲ - دانشگاه صنعتی سیرجان,laboratory,,,,https://sirjantech.ac.ir/%d8%a2%d8%b2%d9%85%d8%a7%db%8c%d8%b4%da%af%d8%a7%d9%87-%d9%81%db%8c%d8%b2%db%8c%da%a9-%db%b2/,verified,2026-08-12
sirjan-technology-discovery-unit-laboratory-ae4a97500b0e,sirjan-technology,آزمایشگاه فیزیک ۳ - دانشگاه صنعتی سیرجان,laboratory,,,,https://sirjantech.ac.ir/%d8%a2%d8%b2%d9%85%d8%a7%db%8c%d8%b4%da%af%d8%a7%d9%87-%d9%81%db%8c%d8%b2%db%8c%da%a9-%db%b3/,verified,2026-08-12
sirjan-technology-discovery-unit-laboratory-6c78ab1a028a,sirjan-technology,آزمایشگاه فیزیک ۴ و مدرن - دانشگاه صنعتی سیرجان,laboratory,,,,https://sirjantech.ac.ir/%d8%a2%d8%b2%d9%85%d8%a7%db%8c%d8%b4%da%af%d8%a7%d9%87-%d9%81%db%8c%d8%b2%db%8c%da%a9-%db%b4-%d9%88-%d9%85%d8%af%d8%b1%d9%86/,verified,2026-08-12
sirjan-technology-discovery-unit-laboratory-d0088209abdb,sirjan-technology,آزمایشگاه شیمی تجزیه و شیمی عمومی - دانشگاه صنعتی سیرجان,laboratory,,,,https://sirjantech.ac.ir/%d8%a2%d8%b2%d9%85%d8%a7%db%8c%d8%b4%da%af%d8%a7%d9%87-%d8%b4%db%8c%d9%85%db%8c-%d8%aa%d8%ac%d8%b2%db%8c%d9%87-%d9%88-%d8%b4%db%8c%d9%85%db%8c-%d8%b9%d9%85%d9%88%d9%85%db%8c/,verified,2026-08-12
sirjan-technology-discovery-unit-laboratory-c31c9706805f,sirjan-technology,آزمایشگاه عملیات واحد - دانشگاه صنعتی سیرجان,laboratory,,,,https://sirjantech.ac.ir/%d8%a2%d8%b2%d9%85%d8%a7%db%8c%d8%b4%da%af%d8%a7%d9%87-%d8%b9%d9%85%d9%84%db%8c%d8%a7%d8%aa-%d9%88%d8%a7%d8%ad%d8%af/,verified,2026-08-12
mazandaran-science-tech-discovery-unit-industry-be09274edc92,mazandaran-science-tech,گروه کارآفرینی و ارتباط با جامعه و صنعت,industry,,,,https://mazust.ac.ir/fa/o/Entrepreneurship-and-Community-and-Industry-Relations/,verified,2026-08-12
mazandaran-science-tech-discovery-unit-it-21028054d264,mazandaran-science-tech,مرکز فناوری اطلاعات,it,,organizationally-attributed,,https://mazust.ac.ir/fa/page/Information-Technology-Center/,verified,2026-08-12
mazandaran-science-tech-discovery-unit-technology-d4f13a38bb9e,mazandaran-science-tech,مرکز رشد واحدهای فناور,technology,,,,https://mazust.ac.ir/fa/o/business-incubator/,verified,2026-08-12
mazandaran-science-tech-discovery-unit-library-2ad5c59f89cc,mazandaran-science-tech,انتشارات,library,,,,https://mazust.ac.ir/fa/o/publications/,verified,2026-08-12
mazandaran-science-tech-discovery-unit-technology-5bbef36719e8,mazandaran-science-tech,تعیین اعضای کمیته ارتباط …,technology,,,,https://mazust.ac.ir/fa/blog/post/%D8%AA%D8%B9%DB%8C%DB%8C%D9%86%20%D8%A7%D8%B9%D8%B6%D8%A7%20%DA%A9%D9%85%DB%8C%D8%AA%D9%87%20%D8%A7%D8%B1%D8%AA%D8%A8%D8%A7%D8%B7%20%D8%A8%D8%A7%20%D8%B5%D9%86%D8%B9%D8%AA%20%D8%AF%D9%81%D8%AA%D8%B1%20%D8%A7%D8%B1%D8%AA%D8%A8%D8%A7%D8%B7%20%D8%A8%D8%A7%20%D8%AC%D8%A7%D9%85%D8%B9%D9%87%20%D9%88%20%D8%B5%D9%86%D8%B9%D8%AA%20%D8%AF%D8%A7%D9%86%D8%B4%DA%AF%D8%A7%D9%87/,verified,2026-08-12
esfarayen-higher-ed-discovery-unit-industry-db6275d4567f,esfarayen-higher-ed,معرفی گروه کارآفرینی، ارتباط با صنعت و جامعه - گروه کارآفرینی، ارتباط با صنعت و جامعه,industry,,,,https://industry.esfarayen.ac.ir/fa/page/45/%D9%85%D8%B9%D8%B1%D9%81%DB%8C-%DA%AF%D8%B1%D9%88%D9%87-%DA%A9%D8%A7%D8%B1%D8%A2%D9%81%D8%B1%DB%8C%D9%86%DB%8C-%D8%A7%D8%B1%D8%AA%D8%A8%D8%A7%D8%B7-%D8%A8%D8%A7-%D8%B5%D9%86%D8%B9%D8%AA-%D9%88-%D8%AC%D8%A7%D9%85%D8%B9%D9%87,verified,2026-08-12
esfarayen-higher-ed-discovery-unit-laboratory-1c5d5b0662bb,esfarayen-higher-ed,دستورالعمل فعالیت در آزمایشگاه مرکزی - امور پژوهش و فناوری,laboratory,,,,https://research.esfarayen.ac.ir/fa/regulation/142/%D8%AF%D8%B3%D8%AA%D9%88%D8%B1%D8%A7%D9%84%D8%B9%D9%85%D9%84-%D9%81%D8%B9%D8%A7%D9%84%DB%8C%D8%AA-%D8%AF%D8%B1-%D8%A2%D8%B2%D9%85%D8%A7%DB%8C%D8%B4%DA%AF%D8%A7%D9%87-%D9%85%D8%B1%DA%A9%D8%B2%DB%8C,verified,2026-08-12
esfarayen-higher-ed-discovery-unit-it-c09f9be580ee,esfarayen-higher-ed,مرکز فناوری اطلاعات، امنیت و هوشمندسازی (وافا),it,,organizationally-attributed,,https://fava.esfarayen.ac.ir/fa,verified,2026-08-12
esfarayen-higher-ed-discovery-unit-industry-20bf4bfc2f47,esfarayen-higher-ed,شیوه‌نامه فرصت مطالعاتی اعضای هیات علمی دانشگاه ها و موسسات پژوهشی در جامعه و صنعت ۲ - امور پژوهش و فناوری,industry,,,,https://research.esfarayen.ac.ir/fa/regulation/132/%D8%B4%DB%8C%D9%88%D9%87-%D9%86%D8%A7%D9%85%D9%87-%D9%81%D8%B1%D8%B5%D8%AA-%D9%85%D8%B7%D8%A7%D9%84%D8%B9%D8%A7%D8%AA%DB%8C-%D8%A7%D8%B9%D8%B6%D8%A7%DB%8C-%D9%87%DB%8C%D8%A7%D8%AA-%D8%B9%D9%84%D9%85%DB%8C-%D8%AF%D8%A7%D9%86%D8%B4%DA%AF%D8%A7%D9%87-%D9%87%D8%A7-%D9%88-%D9%85%D9%88%D8%B3%D8%B3%D8%A7%D8%AA-%D9%BE%DA%98%D9%88%D9%87%D8%B4%DB%8C-%D8%AF%D8%B1-%D8%AC%D8%A7%D9%85%D8%B9%D9%87-%D9%88-%D8%B5%D9%86%D8%B9%D8%AA-%DB%B2,verified,2026-08-12
esfarayen-higher-ed-discovery-unit-industry-1d72d9a6e592,esfarayen-higher-ed,شیوه‌نامه فرصت مطالعاتی اعضای هیات علمی دانشگاه ها و موسسات پژوهشی در جامعه و صنعت ۱ - امور پژوهش و فناوری,industry,,,,https://research.esfarayen.ac.ir/fa/regulation/133/%D8%B4%DB%8C%D9%88%D9%87-%D9%86%D8%A7%D9%85%D9%87-%D9%81%D8%B1%D8%B5%D8%AA-%D9%85%D8%B7%D8%A7%D9%84%D8%B9%D8%A7%D8%AA%DB%8C-%D8%A7%D8%B9%D8%B6%D8%A7%DB%8C-%D9%87%DB%8C%D8%A7%D8%AA-%D8%B9%D9%84%D9%85%DB%8C-%D8%AF%D8%A7%D9%86%D8%B4%DA%AF%D8%A7%D9%87-%D9%87%D8%A7-%D9%88-%D9%85%D9%88%D8%B3%D8%B3%D8%A7%D8%AA-%D9%BE%DA%98%D9%88%D9%87%D8%B4%DB%8C-%D8%AF%D8%B1-%D8%AC%D8%A7%D9%85%D8%B9%D9%87-%D9%88-%D8%B5%D9%86%D8%B9%D8%AA-%DB%B1,verified,2026-08-12
birjand-technology-discovery-unit-industry-6d7812b5dc8d,birjand-technology,معاونت پژوهش و فناوری، دفتر ارتباط با صنعت دانشگاه,industry,,,,https://research.birjandut.ac.ir/fa/tag/257/%D9%85%D8%B9%D8%A7%D9%88%D9%86%D8%AA+%D9%BE%DA%98%D9%88%D9%87%D8%B4+%D9%88+%D9%81%D9%86%D8%A7%D9%88%D8%B1%DB%8C%D8%8C+%D8%AF%D9%81%D8%AA%D8%B1+%D8%A7%D8%B1%D8%AA%D8%A8%D8%A7%D8%B7+%D8%A8%D8%A7+%D8%B5%D9%86%D8%B9%D8%AA+%D8%AF%D8%A7%D9%86%D8%B4%DA%AF%D8%A7%D9%87,verified,2026-08-12
birjand-technology-discovery-unit-industry-b53c7a89cd90,birjand-technology,درخواست استفاده متقاضیان فرصت مطالعاتی در جامعه و صنعت - معاونت پژوهش و فناوری,industry,,,,https://research.birjandut.ac.ir/fa/regulation/1/%D8%AF%D8%B1%D8%AE%D9%88%D8%A7%D8%B3%D8%AA-%D8%A7%D8%B3%D8%AA%D9%81%D8%A7%D8%AF%D9%87-%D9%85%D8%AA%D9%82%D8%A7%D8%B6%DB%8C%D8%A7%D9%86-%D9%81%D8%B1%D8%B5%D8%AA-%D9%85%D8%B7%D8%A7%D9%84%D8%B9%D8%A7%D8%AA%DB%8C-%D8%AF%D8%B1-%D8%AC%D8%A7%D9%85%D8%B9%D9%87-%D9%88-%D8%B5%D9%86%D8%B9%D8%AA,verified,2026-08-12
birjand-technology-discovery-unit-research-8cba322b77ed,birjand-technology,برگزاری جلسه مدیران معاونت پژوهش و فناوری با معاون اداری و مالی دانشگاه,research,,,,https://research.birjandut.ac.ir/fa/news/2505/%D8%A8%D8%B1%DA%AF%D8%B2%D8%A7%D8%B1%DB%8C-%D8%AC%D9%84%D8%B3%D9%87-%D9%85%D8%AF%DB%8C%D8%B1%D8%A7%D9%86-%D9%85%D8%B9%D8%A7%D9%88%D9%86%D8%AA-%D9%BE%DA%98%D9%88%D9%87%D8%B4-%D9%88-%D9%81%D9%86%D8%A7%D9%88%D8%B1%DB%8C-%D8%A8%D8%A7-%D9%85%D8%B9%D8%A7%D9%88%D9%86-%D8%A7%D8%AF%D8%A7%D8%B1%DB%8C-%D9%88-%D9%85%D8%A7%D9%84%DB%8C-%D8%AF%D8%A7%D9%86%D8%B4%DA%AF%D8%A7%D9%87,verified,2026-08-12
buin-zahra-higher-ed-discovery-unit-industry-14211bed25d5,buin-zahra-higher-ed,امور کارآفرینی و ارتباط با صنعت | مرکز آموزش عالی فنی و مهندسی بوئین زهرا,industry,,,,https://www.bzte.ac.ir/blog/%DA%A9%D8%A7%D8%B1%D8%A2%D9%81%D8%B1%DB%8C%D9%86%DB%8C-%D9%88-%D8%A7%D8%B1%D8%AA%D8%A8%D8%A7%D8%B7-%D8%A8%D8%A7-%D8%B5%D9%86%D8%B9%D8%AA/173-%D8%A7%D9%85%D9%88%D8%B1-%DA%A9%D8%A7%D8%B1%D8%A2%D9%81%D8%B1%DB%8C%D9%86%DB%8C-%D9%88-%D8%A7%D8%B1%D8%AA%D8%A8%D8%A7%D8%B7-%D8%A8%D8%A7-%D8%B5%D9%86%D8%B9%D8%AA.html,verified,2026-08-12
buin-zahra-higher-ed-discovery-unit-research-378b13fde76d,buin-zahra-higher-ed,شرح وظایف مدیریت امور پژوهشی | مرکز آموزش عالی فنی و مهندسی بوئین زهرا,research,,,,https://www.bzte.ac.ir/blog/%D9%85%D8%B9%D8%A7%D9%88%D9%86%D8%AA-%D9%BE%DA%98%D9%88%D9%87%D8%B4%DB%8C/1769-%D8%B4%D8%B1%D8%AD-%D9%88%D8%B8%D8%A7%DB%8C%D9%81-%D9%85%D8%AF%DB%8C%D8%B1%DB%8C%D8%AA-%D8%A7%D9%85%D9%88%D8%B1-%D9%BE%DA%98%D9%88%D9%87%D8%B4%DB%8C.html,verified,2026-08-12
buin-zahra-higher-ed-discovery-unit-it-44b4ba7d6455,buin-zahra-higher-ed,گروه مهندسی برق، نرم افزار، فناوری اطلاعات و مهندسی پزشکی | مرکز آموزش عالی فنی و مهندسی بوئین زهرا,it,,organizationally-attributed,,https://www.bzte.ac.ir/blog/%D8%B1%D8%B4%D8%AA%D9%87-%D9%87%D8%A7%DB%8C-%D8%AA%D8%AD%D8%B5%DB%8C%D9%84%DB%8C/%DA%AF%D8%B1%D9%88%D9%87-%D9%85%D9%87%D9%86%D8%AF%D8%B3%DB%8C-%D8%A8%D8%B1%D9%82%D8%8C-%D9%86%D8%B1%D9%85-%D8%A7%D9%81%D8%B2%D8%A7%D8%B1%D8%8C-%D9%81%D9%86%D8%A7%D9%88%D8%B1%DB%8C-%D8%A7%D8%B7%D9%84%D8%A7%D8%B9%D8%A7%D8%AA-%D9%88-%D9%85%D9%87%D9%86%D8%AF%D8%B3%DB%8C-%D9%BE%D8%B2%D8%B4%DA%A9%DB%8C,verified,2026-08-12
buin-zahra-higher-ed-discovery-unit-laboratory-ff1226351e44,buin-zahra-higher-ed,آزمایشگاه ها و کارگاه ها | مرکز آموزش عالی فنی و مهندسی بوئین زهرا,laboratory,,,,https://www.bzte.ac.ir/blog/%D9%85%D8%AF%DB%8C%D8%B1%DB%8C%D8%AA-%D8%A2%D8%B2%D9%85%D8%A7%DB%8C%D8%B4%DA%AF%D8%A7%D9%87-%D9%87%D8%A7-%D9%88-%DA%A9%D8%A7%D8%B1%DA%AF%D8%A7%D9%87-%D9%87%D8%A7/1568-%D8%A2%D8%B2%D9%85%D8%A7%DB%8C%D8%B4%DA%AF%D8%A7%D9%87-%D9%87%D8%A7-%D9%88-%DA%A9%D8%A7%D8%B1%DA%AF%D8%A7%D9%87-%D9%87%D8%A7.html,verified,2026-08-12
buin-zahra-higher-ed-discovery-unit-laboratory-329fd69af4a2,buin-zahra-higher-ed,آزمایشگاه مکانیک سیالات | مرکز آموزش عالی فنی و مهندسی بوئین زهرا,laboratory,,,,https://www.bzte.ac.ir/blog/%D9%85%D8%AF%DB%8C%D8%B1%DB%8C%D8%AA-%D8%A2%D8%B2%D9%85%D8%A7%DB%8C%D8%B4%DA%AF%D8%A7%D9%87-%D9%87%D8%A7-%D9%88-%DA%A9%D8%A7%D8%B1%DA%AF%D8%A7%D9%87-%D9%87%D8%A7/1715-%D8%A2%D8%B2%D9%85%D8%A7%DB%8C%D8%B4%DA%AF%D8%A7%D9%87-%D9%85%DA%A9%D8%A7%D9%86%DB%8C%DA%A9-%D8%B3%DB%8C%D8%A7%D9%84%D8%A7%D8%AA.html,verified,2026-08-12
buin-zahra-higher-ed-discovery-unit-laboratory-ed43c0a76796,buin-zahra-higher-ed,آزمایشگاه آیرودینامیک | مرکز آموزش عالی فنی و مهندسی بوئین زهرا,laboratory,,,,https://www.bzte.ac.ir/blog/%D9%85%D8%AF%DB%8C%D8%B1%DB%8C%D8%AA-%D8%A2%D8%B2%D9%85%D8%A7%DB%8C%D8%B4%DA%AF%D8%A7%D9%87-%D9%87%D8%A7-%D9%88-%DA%A9%D8%A7%D8%B1%DA%AF%D8%A7%D9%87-%D9%87%D8%A7/1717-%D8%A2%D8%B2%D9%85%D8%A7%DB%8C%D8%B4%DA%AF%D8%A7%D9%87-%D8%A2%DB%8C%D8%B1%D9%88%D8%AF%DB%8C%D9%86%D8%A7%D9%85%DB%8C%DA%A9.html,verified,2026-08-12
buin-zahra-higher-ed-discovery-unit-laboratory-054d964edac1,buin-zahra-higher-ed,تجدید برگزاری مناقصه عمومی دو مرحله&zwnj;ای برای واگذاری خدمات آزمایشگاهی، پشتیبانی و نظافتی مرکز آموزش عالی فنی و مهندسی بوئین&zwnj;زهرا | مرکز آموزش عالی فنی و مهندسی بوئین زهرا,laboratory,,,,https://www.bzte.ac.ir/blog/%D8%A7%D8%AE%D8%A8%D8%A7%D8%B1/%D8%B1%D9%88%DB%8C%D8%AF%D8%A7%D8%AF%D9%87%D8%A7/1918-%D8%AA%D8%AC%D8%AF%DB%8C%D8%AF-%D8%A8%D8%B1%DA%AF%D8%B2%D8%A7%D8%B1%DB%8C-%D9%85%D9%86%D8%A7%D9%82%D8%B5%D9%87-%D8%B9%D9%85%D9%88%D9%85%DB%8C-%D8%AF%D9%88-%D9%85%D8%B1%D8%AD%D9%84%D9%87%E2%80%8C%D8%A7%DB%8C-%D8%A8%D8%B1%D8%A7%DB%8C-%D9%88%D8%A7%DA%AF%D8%B0%D8%A7%D8%B1%DB%8C-%D8%AE%D8%AF%D9%85%D8%A7%D8%AA-%D8%A2%D8%B2%D9%85%D8%A7%DB%8C%D8%B4%DA%AF%D8%A7%D9%87%DB%8C%D8%8C-%D9%BE%D8%B4%D8%AA%DB%8C%D8%A8%D8%A7%D9%86%DB%8C-%D9%88-%D9%86%D8%B8%D8%A7%D9%81%D8%AA%DB%8C-%D9%85%D8%B1%DA%A9%D8%B2-%D8%A2%D9%85%D9%88%D8%B2%D8%B4-%D8%B9%D8%A7%D9%84%DB%8C-%D9%81%D9%86%DB%8C-%D9%88-%D9%85%D9%87%D9%86%D8%AF%D8%B3%DB%8C-%D8%A8%D9%88%D8%A6%DB%8C%D9%86%E2%80%8C%D8%B2%D9%87%D8%B1%D8%A7.html,verified,2026-08-12
buin-zahra-higher-ed-discovery-unit-laboratory-f23c443a169d,buin-zahra-higher-ed,برگزاری مناقصه عمومی دو مرحله&zwnj;ای برای واگذاری خدمات آزمایشگاهی، پشتیبانی و نظافتی مرکز آموزش عالی فنی و مهندسی بوئین&zwnj;زهرا | مرکز آموزش عالی فنی و مهندسی بوئین زهرا,laboratory,,,,https://www.bzte.ac.ir/blog/%D8%A7%D8%AE%D8%A8%D8%A7%D8%B1/%D8%B1%D9%88%DB%8C%D8%AF%D8%A7%D8%AF%D9%87%D8%A7/1906-%D8%A8%D8%B1%DA%AF%D8%B2%D8%A7%D8%B1%DB%8C-%D9%85%D9%86%D8%A7%D9%82%D8%B5%D9%87-%D8%B9%D9%85%D9%88%D9%85%DB%8C-%D8%AF%D9%88-%D9%85%D8%B1%D8%AD%D9%84%D9%87%E2%80%8C%D8%A7%DB%8C-%D8%A8%D8%B1%D8%A7%DB%8C-%D9%88%D8%A7%DA%AF%D8%B0%D8%A7%D8%B1%DB%8C-%D8%AE%D8%AF%D9%85%D8%A7%D8%AA-%D8%A2%D8%B2%D9%85%D8%A7%DB%8C%D8%B4%DA%AF%D8%A7%D9%87%DB%8C%D8%8C-%D9%BE%D8%B4%D8%AA%DB%8C%D8%A8%D8%A7%D9%86%DB%8C-%D9%88-%D9%86%D8%B8%D8%A7%D9%81%D8%AA%DB%8C-%D9%85%D8%B1%DA%A9%D8%B2-%D8%A2%D9%85%D9%88%D8%B2%D8%B4-%D8%B9%D8%A7%D9%84%DB%8C-%D9%81%D9%86%DB%8C-%D9%88-%D9%85%D9%87%D9%86%D8%AF%D8%B3%DB%8C-%D8%A8%D9%88%D8%A6%DB%8C%D9%86%E2%80%8C%D8%B2%D9%87%D8%B1%D8%A7.html,verified,2026-08-12
mahallat-higher-ed-discovery-unit-industry-e6c0f80ef513,mahallat-higher-ed,ارتباط با صنعت - معاونت پژوهشی مرکز آموزش عالی محلات - University Of Mahalat,industry,,,,https://mahallat.ac.ir/ar/web/pajoheshi/%D8%A7%D8%B1%D8%AA%D8%A8%D8%A7%D8%B7-%D8%A8%D8%A7-%D8%B5%D9%86%D8%B9%D8%AA,verified,2026-08-12
mahallat-higher-ed-discovery-unit-industry-11a52ab491e6,mahallat-higher-ed,ارتباط با صنعت - معاونت پژوهشی مرکز آموزش عالی محلات - University Of Mahalat,industry,,,,https://mahallat.ac.ir/en/web/pajoheshi/%D8%A7%D8%B1%D8%AA%D8%A8%D8%A7%D8%B7-%D8%A8%D8%A7-%D8%B5%D9%86%D8%B9%D8%AA,verified,2026-08-12
gorgan-agri-discovery-unit-library-0e0fc9da72f1,gorgan-agri,کتابخانه مرکزی و مرکز اسناد- دانشگاه علوم کشاورزی و منابع طبیعی گرگان,library,,,,https://library.gau.ac.ir/NewsDetails?newsid=18636,verified,2026-08-12
gorgan-agri-discovery-unit-technology-26e5494f4a55,gorgan-agri,مرکز رشد واحدهای فناور - دانشگاه علوم کشاورزی و منابع طبیعی گرگان,technology,,,,https://incubator.gau.ac.ir/,verified,2026-08-12
gorgan-agri-discovery-unit-it-000d68391917,gorgan-agri,گروه فناوری اطلاعات، امنیت و هوشمندسازی - دانشگاه علوم کشاورزی و منابع طبیعی گرگان,it,,organizationally-attributed,,https://itsc.gau.ac.ir/,verified,2026-08-12
gorgan-agri-discovery-unit-industry-7778ac2fcfcf,gorgan-agri,مدیریت امور فناوری و ارتباط با صنعت,industry,,,,https://mte.gau.ac.ir/,verified,2026-08-12
gorgan-agri-discovery-unit-technology-37118bc88411,gorgan-agri,مدیریت مرکز کارآفرینی - دانشگاه علوم کشاورزی ومنابع طبیعی گرگان,technology,,,,https://vcr.gau.ac.ir/,verified,2026-08-12
gorgan-agri-discovery-unit-technology-aafe8c862d8a,gorgan-agri,مرکز رشد واحدهای فناور - دانشگاه علوم کشاورزی و منابع طبیعی گرگان,technology,,,,https://incubator.gau.ac.ir/page?pageid=9260,verified,2026-08-12
gorgan-agri-discovery-unit-library-0a1a041d67ca,gorgan-agri,دانشگاه علوم کشاورزی و منابع طبیعی گرگان,library,,,,https://gau.ac.ir/page?pageid=110,verified,2026-08-12
sari-agri-discovery-unit-laboratory-6da7e61d4b0e,sari-agri,خدمات اعتباری و طرح تخفیف خدمات شبکه آزمایشگاهی فناوری های راهبردی – آزمایشگاه مرکزی دانشگاه,laboratory,,,,https://shaa.sanru.ac.ir/%d8%b4%d8%a8%da%a9%d9%87-%d8%a2%d8%b2%d9%85%d8%a7%db%8c%d8%b4%da%af%d8%a7%d9%87%db%8c-%d9%81%d9%86%d8%a7%d9%88%d8%b1%db%8c-%d9%87%d8%a7%db%8c-%d8%b1%d8%a7%d9%87%d8%a8%d8%b1%d8%af%db%8c/,verified,2026-08-12
sari-agri-discovery-unit-laboratory-6aafd59554e0,sari-agri,آزمایشگاه مرکزی ساری – آزمایشگاه مرکزی دانشگاه,laboratory,,,,https://shaa.sanru.ac.ir/%d8%a2%d8%b2%d9%85%d8%a7%db%8c%d8%b4%da%af%d8%a7%d9%87-%d9%85%d8%b1%da%a9%d8%b2%db%8c-%d8%b3%d8%a7%d8%b1%db%8c/,verified,2026-08-12
sari-agri-discovery-unit-laboratory-132a9656d2cc,sari-agri,آزمایشگاه مرکزی – آزمایشگاه مرکزی دانشگاه,laboratory,,,,https://shaa.sanru.ac.ir/%d8%a2%d8%b2%d9%85%d8%a7%db%8c%d8%b4%da%af%d8%a7%d9%87-%d9%85%d8%b1%da%a9%d8%b2%db%8c/,verified,2026-08-12
sari-agri-discovery-unit-laboratory-09982e1cb260,sari-agri,آزمایشگاه مرکزی – آزمایشگاه مرکزی دانشگاه,laboratory,,,,https://shaa.sanru.ac.ir/%d8%a2%d8%b2%d9%85%d8%a7%db%8c%d8%b4%da%af%d8%a7%d9%87-%d9%85%d8%b1%da%a9%d8%b2%db%8c-2/,verified,2026-08-12
sari-agri-discovery-unit-laboratory-8d4a48ed7108,sari-agri,راه اندازی اتوکلاو در آزمایشگاه مرکزی – آزمایشگاه مرکزی دانشگاه,laboratory,,,,https://shaa.sanru.ac.ir/%d8%b1%d8%a7%d9%87-%d8%a7%d9%86%d8%af%d8%a7%d8%b2%db%8c-%d8%a7%d8%aa%d9%88%da%a9%d9%84%d8%a7%d9%88-%d8%af%d8%b1-%d8%a2%d8%b2%d9%85%d8%a7%db%8c%d8%b4%da%af%d8%a7%d9%87-%d9%85%d8%b1%da%a9%d8%b2%db%8c/,verified,2026-08-12
sari-agri-discovery-unit-laboratory-040b6e8c9091,sari-agri,معرفی رییس جدید آزمایشگاه مرکزی دانشگاه – آزمایشگاه مرکزی دانشگاه,laboratory,,,,https://shaa.sanru.ac.ir/%d9%85%d8%b9%d8%b1%d9%81%db%8c-%d8%b1%db%8c%db%8c%d8%b3-%d8%ac%d8%af%db%8c%d8%af-%d8%a2%d8%b2%d9%85%d8%a7%db%8c%d8%b4%da%af%d8%a7%d9%87-%d9%85%d8%b1%da%a9%d8%b2%db%8c-%d8%af%d8%a7%d9%86%d8%b4%da%af/,verified,2026-08-12
sari-agri-discovery-unit-laboratory-b469c5807274,sari-agri,بازدید هیات اراسموس از آزمایشگاه مرکزی – آزمایشگاه مرکزی دانشگاه,laboratory,,,,https://shaa.sanru.ac.ir/%d8%a8%d8%a7%d8%b2%d8%af%db%8c%d8%af-%d9%87%db%8c%d8%a7%d8%aa-%d8%a7%d8%b1%d8%a7%d8%b3%d9%85%d9%88%d8%b3-%d8%a7%d8%b2-%d8%a2%d8%b2%d9%85%d8%a7%db%8c%d8%b4%da%af%d8%a7%d9%87-%d9%85%d8%b1%da%a9%d8%b2/,verified,2026-08-12
sari-agri-discovery-unit-laboratory-e9e2b6b2539a,sari-agri,قطعی شدن عضویت در آزمایشگاه راهبردی – آزمایشگاه مرکزی دانشگاه,laboratory,,,,https://shaa.sanru.ac.ir/%d9%82%d8%b7%d8%b9%db%8c-%d8%b4%d8%af%d9%86-%d8%b9%d8%b6%d9%88%db%8c%d8%aa-%d8%af%d8%b1-%d8%a2%d8%b2%d9%85%d8%a7%db%8c%d8%b4%da%af%d8%a7%d9%87-%d8%b1%d8%a7%d9%87%d8%a8%d8%b1%d8%af%db%8c-2/,verified,2026-08-12
sari-agri-discovery-unit-laboratory-565a1e8941d4,sari-agri,اخذ گواهینامه آزمایشگاه معتمد محیط زیست – آزمایشگاه مرکزی دانشگاه,laboratory,,,,https://shaa.sanru.ac.ir/%d8%a7%d8%ae%d8%b0-%da%af%d9%88%d8%a7%d9%87%db%8c%d9%86%d8%a7%d9%85%d9%87-%d8%a2%d8%b2%d9%85%d8%a7%db%8c%d8%b4%da%af%d8%a7%d9%87-%d9%85%d8%b9%d8%aa%d9%85%d8%af-%d9%85%d8%ad%db%8c%d8%b7-%d8%b2%db%8c/,verified,2026-08-12
sari-agri-discovery-unit-laboratory-d96214780402,sari-agri,نصب و راه اندازی دستگاه DLS در آزمایشگاه مرکزی دانشگاه – آزمایشگاه مرکزی دانشگاه,laboratory,,,,https://shaa.sanru.ac.ir/%d9%86%d8%b5%d8%a8-%d9%88-%d8%b1%d8%a7%d9%87-%d8%a7%d9%86%d8%af%d8%a7%d8%b2%db%8c-%d8%af%d8%b3%d8%aa%da%af%d8%a7%d9%87-dls-%d8%af%d8%b1-%d8%a2%d8%b2%d9%85%d8%a7%db%8c%d8%b4%da%af%d8%a7%d9%87-%d9%85/,verified,2026-08-12
sari-agri-discovery-unit-laboratory-e8c813513b9c,sari-agri,بازدید اکادمی علوم چین از آزمایشگاه مرکزی – آزمایشگاه مرکزی دانشگاه,laboratory,,,,https://shaa.sanru.ac.ir/%d8%a8%d8%a7%d8%b2%d8%af%db%8c%d8%af-%d8%a7%da%a9%d8%a7%d8%af%d9%85%db%8c-%d8%b9%d9%84%d9%88%d9%85-%da%86%db%8c%d9%86-%d8%a7%d8%b2-%d8%a2%d8%b2%d9%85%d8%a7%db%8c%d8%b4%da%af%d8%a7%d9%87-%d9%85%d8%b1/,verified,2026-08-12
sari-agri-discovery-unit-laboratory-c66f3251ec82,sari-agri,آشنايي با ايمني و حفاظت آزمايشگاه (تمهيدات آتش نشاني) – آزمایشگاه مرکزی دانشگاه,laboratory,,,,https://shaa.sanru.ac.ir/%d8%a2%d8%b4%d9%86%d8%a7%d9%8a%d9%8a-%d8%a8%d8%a7-%d8%a7%d9%8a%d9%85%d9%86%d9%8a-%d9%88-%d8%ad%d9%81%d8%a7%d8%b8%d8%aa-%d8%a2%d8%b2%d9%85%d8%a7%d9%8a%d8%b4%da%af%d8%a7%d9%87-%d8%aa%d9%85%d9%87%d9%8a/,verified,2026-08-12
sari-agri-discovery-unit-laboratory-34ea62732ab3,sari-agri,بازدید از آزمایشگاه مرکزی پارک علم و فناوری مازندران و تبادل نظر پیرامون توسعه همکاری ها – آزمایشگاه مرکزی دانشگاه,laboratory,,,,https://shaa.sanru.ac.ir/%d8%a8%d8%a7%d8%b2%d8%af%db%8c%d8%af-%d8%a7%d8%b2-%d8%a2%d8%b2%d9%85%d8%a7%db%8c%d8%b4%da%af%d8%a7%d9%87-%d9%85%d8%b1%da%a9%d8%b2%db%8c-%d9%be%d8%a7%d8%b1%da%a9-%d8%b9%d9%84%d9%85-%d9%88-%d9%81%d9%86/,verified,2026-08-12
sari-agri-discovery-unit-laboratory-731d8a614d03,sari-agri,تجليل از رئيس آزمايشگاه مركزي دانشگاه در نهمين دوره بزرگداشت روز ملي آزمايشگاه – آزمایشگاه مرکزی دانشگاه,laboratory,,,,https://shaa.sanru.ac.ir/%d8%aa%d8%ac%d9%84%d9%8a%d9%84-%d8%a7%d8%b2-%d8%b1%d8%a6%d9%8a%d8%b3-%d8%a2%d8%b2%d9%85%d8%a7%d9%8a%d8%b4%da%af%d8%a7%d9%87-%d9%85%d8%b1%d9%83%d8%b2%d9%8a-%d8%af%d8%a7%d9%86%d8%b4%da%af%d8%a7%d9%87/,verified,2026-08-12
sari-agri-discovery-unit-laboratory-530c31435926,sari-agri,مدیر آزمایشگاه مرکزی دانشگاه به عنوان عضو هیات مدیره انجمن تحقیقات آزمایشگاهی ایران اتنخاب شد – آزمایشگاه مرکزی دانشگاه,laboratory,,,,https://shaa.sanru.ac.ir/%d9%85%d8%af%db%8c%d8%b1-%d8%a2%d8%b2%d9%85%d8%a7%db%8c%d8%b4%da%af%d8%a7%d9%87-%d9%85%d8%b1%da%a9%d8%b2%db%8c-%d8%af%d8%a7%d9%86%d8%b4%da%af%d8%a7%d9%87-%d8%a8%d9%87-%d8%b9%d9%86%d9%88%d8%a7%d9%86/,verified,2026-08-12
sari-agri-discovery-unit-laboratory-35c67e7f3639,sari-agri,مدیریت – آزمایشگاه مرکزی دانشگاه,laboratory,,,,https://shaa.sanru.ac.ir/%d8%a7%d8%b9%d8%b6%d8%a7%db%8c-%d8%a2%d8%b2%d9%85%d8%a7%db%8c%d8%b4%da%af%d8%a7%d9%87-%d9%85%d8%b1%da%a9%d8%b2%db%8c/,verified,2026-08-12
sari-agri-discovery-unit-laboratory-5a8733625325,sari-agri,ریاست آزمایشگاه مرکزی – آزمایشگاه مرکزی دانشگاه,laboratory,,,,https://shaa.sanru.ac.ir/%d8%b1%db%8c%d8%a7%d8%b3%d8%aa-%d8%a2%d8%b2%d9%85%d8%a7%db%8c%d8%b4%da%af%d8%a7%d9%87-%d9%85%d8%b1%da%a9%d8%b2%db%8c/,verified,2026-08-12
sari-agri-discovery-unit-laboratory-a378edeaa7a1,sari-agri,آزمایشگاه مرکزی دانشگاه,laboratory,,,,https://shaa.sanru.ac.ir/,verified,2026-08-12
sari-agri-discovery-unit-laboratory-14964e3f16a8,sari-agri,انبار مرکزی مواد شیمیایی دانشگاه علوم کشاورزی و منابع طبیعی ساری افتتاح شد – آزمایشگاه مرکزی دانشگاه,laboratory,,,,https://shaa.sanru.ac.ir/%d8%a7%d9%86%d8%a8%d8%a7%d8%b1-%d9%85%d8%b1%da%a9%d8%b2%db%8c-%d9%85%d9%88%d8%a7%d8%af-%d8%b4%db%8c%d9%85%db%8c%d8%a7%db%8c%db%8c-%d8%af%d8%a7%d9%86%d8%b4%da%af%d8%a7%d9%87-%d8%b9%d9%84%d9%88%d9%85/,verified,2026-08-12
sari-agri-discovery-unit-laboratory-0078cdbbe588,sari-agri,برگزاری جلسه شورای سیاست گذاری – آزمایشگاه مرکزی دانشگاه,laboratory,,,,https://shaa.sanru.ac.ir/%d8%a8%d8%b1%da%af%d8%b2%d8%a7%d8%b1%db%8c-%d8%ac%d9%84%d8%b3%d9%87-%d8%b4%d9%88%d8%b1%d8%a7%db%8c-%d8%b3%db%8c%d8%a7%d8%b3%d8%aa-%da%af%d8%b0%d8%a7%d8%b1%db%8c/,verified,2026-08-12
sari-agri-discovery-unit-laboratory-76538e5ceaa2,sari-agri,هجدهمین جلسه شورای سیاست گذاری آزمایشگاه مرکزی با حضور جناب آقای دکتر محمدحسین بهشتی – آزمایشگاه مرکزی دانشگاه,laboratory,,,,https://shaa.sanru.ac.ir/%d9%87%d8%ac%d8%af%d9%87%d9%85%db%8c%d9%86-%d8%ac%d9%84%d8%b3%d9%87-%d8%b4%d9%88%d8%b1%d8%a7%db%8c-%d8%b3%db%8c%d8%a7%d8%b3%d8%aa-%da%af%d8%b0%d8%a7%d8%b1%db%8c-%d8%a2%d8%b2%d9%85%d8%a7%db%8c%d8%b4/,verified,2026-08-12
sari-agri-discovery-unit-laboratory-3d099fe0e8e5,sari-agri,بازدید هیات امنا مرکز نوآوری تخصصی برنج از آزمایشگاه مرکزی – آزمایشگاه مرکزی دانشگاه,laboratory,,,,https://shaa.sanru.ac.ir/%d8%a8%d8%a7%d8%b2%d8%af%db%8c%d8%af-%d9%87%db%8c%d8%a7%d8%aa-%d8%a7%d9%85%d9%86%d8%a7-%d9%85%d8%b1%da%a9%d8%b2-%d9%86%d9%88%d8%a2%d9%88%d8%b1%db%8c-%d8%aa%d8%ae%d8%b5%d8%b5%db%8c-%d8%a8%d8%b1%d9%86/,verified,2026-08-12
sari-agri-discovery-unit-laboratory-7189ccb5bc9c,sari-agri,بازدید مدیرکل سیاست‌گذاری و برنامه‌ریزی امور پژوهشی وزارت علوم از آزمایشگاه مرکزی – آزمایشگاه مرکزی دانشگاه,laboratory,,,,https://shaa.sanru.ac.ir/%d8%a8%d8%a7%d8%b2%d8%af%db%8c%d8%af-%d9%85%d8%af%db%8c%d8%b1%da%a9%d9%84-%d8%b3%db%8c%d8%a7%d8%b3%d8%aa%da%af%d8%b0%d8%a7%d8%b1%db%8c-%d9%88-%d8%a8%d8%b1%d9%86%d8%a7%d9%85%d9%87/,verified,2026-08-12
sari-agri-discovery-unit-technology-7bf05b200ae0,sari-agri,مبانی کارآفرینی – انتشارات دانشگاه علوم کشاورزی و منابع طبیعی ساری,technology,,,,https://press.sanru.ac.ir/product/%d9%85%d8%a8%d8%a7%d9%86%db%8c-%da%a9%d8%a7%d8%b1%d8%a2%d9%81%d8%b1%db%8c%d9%86%db%8c/,verified,2026-08-12
sari-agri-discovery-unit-laboratory-031916660792,sari-agri,راهنمای آزمایشگاه میکروبیولوژی خاک – انتشارات دانشگاه علوم کشاورزی و منابع طبیعی ساری,laboratory,,,,https://press.sanru.ac.ir/product/%d8%b1%d8%a7%d9%87%d9%86%d9%85%d8%a7%db%8c-%d8%a2%d8%b2%d9%85%d8%a7%db%8c%d8%b4%da%af%d8%a7%d9%87-%d9%85%db%8c%da%a9%d8%b1%d9%88%d8%a8%db%8c%d9%88%d9%84%d9%88%da%98%db%8c-%d8%ae%d8%a7%da%a9/,verified,2026-08-12
sari-agri-discovery-unit-laboratory-da7e9d0f129b,sari-agri,آزمایشگاه آبیاری و زهکشی – انتشارات دانشگاه علوم کشاورزی و منابع طبیعی ساری,laboratory,,,,https://press.sanru.ac.ir/product/%d8%a2%d8%b2%d9%85%d8%a7%db%8c%d8%b4%da%af%d8%a7%d9%87-%d8%a2%d8%a8%db%8c%d8%a7%d8%b1%db%8c-%d9%88-%d8%b2%d9%87%da%a9%d8%b4%db%8c/,verified,2026-08-12
sari-agri-discovery-unit-laboratory-08596d32887f,sari-agri,آزمایشگاه – انتشارات دانشگاه علوم کشاورزی و منابع طبیعی ساری,laboratory,,,,https://press.sanru.ac.ir/product-tag/%d8%a2%d8%b2%d9%85%d8%a7%db%8c%d8%b4%da%af%d8%a7%d9%87/,verified,2026-08-12
sari-agri-discovery-unit-technology-1e0154d964fe,sari-agri,کارآفرینی – انتشارات دانشگاه علوم کشاورزی و منابع طبیعی ساری,technology,,,,https://press.sanru.ac.ir/product-tag/%da%a9%d8%a7%d8%b1%d8%a2%d9%81%d8%b1%db%8c%d9%86%db%8c/,verified,2026-08-12
sari-agri-discovery-unit-technology-3d099fe0e8e5,sari-agri,بازدید هیات امنا مرکز نوآوری تخصصی برنج از آزمایشگاه مرکزی – آزمایشگاه مرکزی دانشگاه,technology,,,,https://shaa.sanru.ac.ir/%d8%a8%d8%a7%d8%b2%d8%af%db%8c%d8%af-%d9%87%db%8c%d8%a7%d8%aa-%d8%a7%d9%85%d9%86%d8%a7-%d9%85%d8%b1%da%a9%d8%b2-%d9%86%d9%88%d8%a2%d9%88%d8%b1%db%8c-%d8%aa%d8%ae%d8%b5%d8%b5%db%8c-%d8%a8%d8%b1%d9%86/,verified,2026-08-12
khuzestan-agri-discovery-unit-library-fdea59e36fab,khuzestan-agri,آیین‌نامه‌ها و فرم‌ها- فرم‌های کتابخانه مرکزی مرکز اطلاع‌رسانی,library,,,,https://asnrukh.ac.ir/research/fa/regulation/category/42/%D9%81%D8%B1%D9%85-%D9%87%D8%A7%DB%8C-%DA%A9%D8%AA%D8%A7%D8%A8%D8%AE%D8%A7%D9%86%D9%87-%D9%85%D8%B1%DA%A9%D8%B2%DB%8C-%D9%85%D8%B1%DA%A9%D8%B2-%D8%A7%D8%B7%D9%84%D8%A7%D8%B9-%D8%B1%D8%B3%D8%A7%D9%86%DB%8C?sort=title,verified,2026-08-12
khuzestan-agri-discovery-unit-library-b09d87254957,khuzestan-agri,آیین‌نامه‌ها و فرم‌ها- فرم‌های کتابخانه مرکزی مرکز اطلاع‌رسانی,library,,,,https://asnrukh.ac.ir/research/fa/regulation/category/42/%D9%81%D8%B1%D9%85-%D9%87%D8%A7%DB%8C-%DA%A9%D8%AA%D8%A7%D8%A8%D8%AE%D8%A7%D9%86%D9%87-%D9%85%D8%B1%DA%A9%D8%B2%DB%8C-%D9%85%D8%B1%DA%A9%D8%B2-%D8%A7%D8%B7%D9%84%D8%A7%D8%B9-%D8%B1%D8%B3%D8%A7%D9%86%DB%8C?sort=categoryId,verified,2026-08-12
khuzestan-agri-discovery-unit-library-238830ace933,khuzestan-agri,آیین‌نامه‌ها و فرم‌ها- فرم‌های کتابخانه مرکزی مرکز اطلاع‌رسانی,library,,,,https://asnrukh.ac.ir/research/fa/regulation/category/42/%D9%81%D8%B1%D9%85-%D9%87%D8%A7%DB%8C-%DA%A9%D8%AA%D8%A7%D8%A8%D8%AE%D8%A7%D9%86%D9%87-%D9%85%D8%B1%DA%A9%D8%B2%DB%8C-%D9%85%D8%B1%DA%A9%D8%B2-%D8%A7%D8%B7%D9%84%D8%A7%D8%B9-%D8%B1%D8%B3%D8%A7%D9%86%DB%8C?sort=outdated,verified,2026-08-12
khuzestan-agri-discovery-unit-library-cce6ae31f960,khuzestan-agri,آیین‌نامه‌ها و فرم‌ها- فرم‌های کتابخانه مرکزی مرکز اطلاع‌رسانی,library,,,,https://asnrukh.ac.ir/research/fa/regulation/category/42/%D9%81%D8%B1%D9%85-%D9%87%D8%A7%DB%8C-%DA%A9%D8%AA%D8%A7%D8%A8%D8%AE%D8%A7%D9%86%D9%87-%D9%85%D8%B1%DA%A9%D8%B2%DB%8C-%D9%85%D8%B1%DA%A9%D8%B2-%D8%A7%D8%B7%D9%84%D8%A7%D8%B9-%D8%B1%D8%B3%D8%A7%D9%86%DB%8C?sort=approvalDate,verified,2026-08-12
khuzestan-agri-discovery-unit-library-4789b8d4f083,khuzestan-agri,آیین‌نامه‌ها و فرم‌ها- فرم‌های کتابخانه مرکزی مرکز اطلاع‌رسانی,library,,,,https://asnrukh.ac.ir/research/fa/regulation/category/42/%D9%81%D8%B1%D9%85-%D9%87%D8%A7%DB%8C-%DA%A9%D8%AA%D8%A7%D8%A8%D8%AE%D8%A7%D9%86%D9%87-%D9%85%D8%B1%DA%A9%D8%B2%DB%8C-%D9%85%D8%B1%DA%A9%D8%B2-%D8%A7%D8%B7%D9%84%D8%A7%D8%B9-%D8%B1%D8%B3%D8%A7%D9%86%DB%8C?sort=-title,verified,2026-08-12
khuzestan-agri-discovery-unit-library-280a1cef27e1,khuzestan-agri,آیین‌نامه‌ها و فرم‌ها- فرم‌های کتابخانه مرکزی مرکز اطلاع‌رسانی,library,,,,https://asnrukh.ac.ir/research/fa/regulation/category/42/%D9%81%D8%B1%D9%85-%D9%87%D8%A7%DB%8C-%DA%A9%D8%AA%D8%A7%D8%A8%D8%AE%D8%A7%D9%86%D9%87-%D9%85%D8%B1%DA%A9%D8%B2%DB%8C-%D9%85%D8%B1%DA%A9%D8%B2-%D8%A7%D8%B7%D9%84%D8%A7%D8%B9-%D8%B1%D8%B3%D8%A7%D9%86%DB%8C?sort=-categoryId,verified,2026-08-12
khuzestan-agri-discovery-unit-library-4e9a8fcf6dc9,khuzestan-agri,آیین‌نامه‌ها و فرم‌ها- فرم‌های کتابخانه مرکزی مرکز اطلاع‌رسانی,library,,,,https://asnrukh.ac.ir/research/fa/regulation/category/42/%D9%81%D8%B1%D9%85-%D9%87%D8%A7%DB%8C-%DA%A9%D8%AA%D8%A7%D8%A8%D8%AE%D8%A7%D9%86%D9%87-%D9%85%D8%B1%DA%A9%D8%B2%DB%8C-%D9%85%D8%B1%DA%A9%D8%B2-%D8%A7%D8%B7%D9%84%D8%A7%D8%B9-%D8%B1%D8%B3%D8%A7%D9%86%DB%8C?sort=-outdated,verified,2026-08-12
khuzestan-agri-discovery-unit-laboratory-fd9fe7e03159,khuzestan-agri,آیین‌نامه‌ها و فرم‌ها- فرم‌های آزمایشگاه مرکزی,laboratory,,,,https://asnrukh.ac.ir/research/fa/regulation/category/37/%D9%81%D8%B1%D9%85-%D9%87%D8%A7%DB%8C-%D8%A2%D8%B2%D9%85%D8%A7%DB%8C%D8%B4%DA%AF%D8%A7%D9%87-%D9%85%D8%B1%DA%A9%D8%B2%DB%8C?sort=title,verified,2026-08-12
khuzestan-agri-discovery-unit-laboratory-7ef7e59a5044,khuzestan-agri,آیین‌نامه‌ها و فرم‌ها- فرم‌های آزمایشگاه مرکزی,laboratory,,,,https://asnrukh.ac.ir/research/fa/regulation/category/37/%D9%81%D8%B1%D9%85-%D9%87%D8%A7%DB%8C-%D8%A2%D8%B2%D9%85%D8%A7%DB%8C%D8%B4%DA%AF%D8%A7%D9%87-%D9%85%D8%B1%DA%A9%D8%B2%DB%8C?sort=categoryId,verified,2026-08-12
khuzestan-agri-discovery-unit-laboratory-7e39f70fc94d,khuzestan-agri,آیین‌نامه‌ها و فرم‌ها- فرم‌های آزمایشگاه مرکزی,laboratory,,,,https://asnrukh.ac.ir/research/fa/regulation/category/37/%D9%81%D8%B1%D9%85-%D9%87%D8%A7%DB%8C-%D8%A2%D8%B2%D9%85%D8%A7%DB%8C%D8%B4%DA%AF%D8%A7%D9%87-%D9%85%D8%B1%DA%A9%D8%B2%DB%8C?sort=outdated,verified,2026-08-12
khuzestan-agri-discovery-unit-laboratory-065dde7fafb0,khuzestan-agri,آیین‌نامه‌ها و فرم‌ها- فرم‌های آزمایشگاه مرکزی,laboratory,,,,https://asnrukh.ac.ir/research/fa/regulation/category/37/%D9%81%D8%B1%D9%85-%D9%87%D8%A7%DB%8C-%D8%A2%D8%B2%D9%85%D8%A7%DB%8C%D8%B4%DA%AF%D8%A7%D9%87-%D9%85%D8%B1%DA%A9%D8%B2%DB%8C?sort=approvalDate,verified,2026-08-12
torbat-jam-agri-discovery-unit-technology-7e808375a143,torbat-jam-agri,مجتمع آموزش عالی تربت جام - اخبار: برنامه های هفته کارآفرینی,technology,,,,http://tjamcaas.ac.ir/news.php?readmore=1262,verified,2026-08-12
torbat-jam-agri-discovery-unit-laboratory-6cae23b65536,torbat-jam-agri,مجتمع آموزش عالی تربت جام - اخبار: برنامه بازدید از آزمایشگاه رابطه آب و خاک و گیاه دانشگاه فردوسی مشهد,laboratory,,,,http://tjamcaas.ac.ir/news.php?readmore=119,verified,2026-08-12
tabriz-islamic-art-discovery-unit-library-327b24ed3c29,tabriz-islamic-art,معرفی کتابخانه مرکزی ، مرکز اسناد و آثار - معاونت پژوهش،کارآفرینی و فناوری دانشگاه هنر اسلامی تبریز,library,,,,https://research.tabriziau.ac.ir/?PageID=80,verified,2026-08-12
tabriz-islamic-art-discovery-unit-industry-86b559902d03,tabriz-islamic-art,معرفی مدیریت کارآفرینی و ارتباط با جامعه و صنعت - معاونت پژوهش،کارآفرینی و فناوری دانشگاه هنر اسلامی تبریز,industry,,,,https://research.tabriziau.ac.ir/?PageID=64,verified,2026-08-12
tabriz-islamic-art-discovery-unit-library-a19b96695f4d,tabriz-islamic-art,آیین نامه ها و کاربرگ های کتابخانه مرکزی - معاونت پژوهش،کارآفرینی و فناوری دانشگاه هنر اسلامی تبریز,library,,,,https://research.tabriziau.ac.ir/?PageID=81,verified,2026-08-12
tabriz-islamic-art-discovery-unit-laboratory-ead4ebf5a5df,tabriz-islamic-art,اداره آزمایشگاه مرکزی - دانشگاه هنر اسلامی تبریز,laboratory,,,,https://tabriziau.ac.ir/?PageID=78,verified,2026-08-12
tabriz-islamic-art-discovery-unit-laboratory-a4681d60ee51,tabriz-islamic-art,آیین نامه ها و کاربرگ های آزمایشگاه مرکزی - معاونت پژوهش،کارآفرینی و فناوری دانشگاه هنر اسلامی تبریز,laboratory,,,,https://research.tabriziau.ac.ir/?PageID=88,verified,2026-08-12
tabriz-islamic-art-discovery-unit-laboratory-64568e47e056,tabriz-islamic-art,معرفی اداره آزمایشگاه مرکزی - معاونت پژوهش،کارآفرینی و فناوری دانشگاه هنر اسلامی تبریز,laboratory,,,,https://research.tabriziau.ac.ir/?PageID=87,verified,2026-08-12
tabriz-islamic-art-discovery-unit-library-a9a8b579b431,tabriz-islamic-art,معرفی کتابخانه مرکزی ، مرکز اسناد و آثار - معاونت پژوهش،کارآفرینی و فناوری دانشگاه هنر اسلامی تبریز,library,,,,https://research.tabriziau.ac.ir/page/80/%D9%85%D8%B9%D8%B1%D9%81%DB%8C-%DA%A9%D8%AA%D8%A7%D8%A8%D8%AE%D8%A7%D9%86%D9%87-%D9%85%D8%B1%DA%A9%D8%B2%DB%8C-%D8%8C-%D9%85%D8%B1%DA%A9%D8%B2-%D8%A7%D8%B3%D9%86%D8%A7%D8%AF-%D9%88-%D8%A2%D8%AB%D8%A7%D8%B1.html,verified,2026-08-12
tabriz-islamic-art-discovery-unit-industry-f3018acf386a,tabriz-islamic-art,ارتباط با جامعه و صنعت - معاونت پژوهش،کارآفرینی و فناوری دانشگاه هنر اسلامی تبریز,industry,,,,https://research.tabriziau.ac.ir/?PageID=70,verified,2026-08-12
tabriz-islamic-art-discovery-unit-technology-7c169a3ec9a5,tabriz-islamic-art,معرفی مدیریت مرکز رشد - معاونت پژوهش،کارآفرینی و فناوری دانشگاه هنر اسلامی تبریز,technology,,,,https://research.tabriziau.ac.ir/?PageID=72,verified,2026-08-12
tabriz-islamic-art-discovery-unit-technology-6a7c2b48ff33,tabriz-islamic-art,معرفی معاونت پژوهش ، کارآفرینی و فناوری دانشگاه هنراسلامی تبریز - معاونت پژوهش،کارآفرینی و فناوری دانشگاه هنر اسلامی تبریز,technology,,,,https://research.tabriziau.ac.ir/Page/10/%D9%85%D8%B9%D8%B1%D9%81%DB%8C-%D9%85%D8%B9%D8%A7%D9%88%D9%86%D8%AA-%D9%BE%DA%98%D9%88%D9%87%D8%B4-%D8%8C-%DA%A9%D8%A7%D8%B1%D8%A2%D9%81%D8%B1%DB%8C%D9%86%DB%8C-%D9%88-%D9%81%D9%86%D8%A7%D9%88%D8%B1%DB%8C-%D8%AF%D8%A7%D9%86%D8%B4%DA%AF%D8%A7%D9%87-%D9%87%D9%86%D8%B1%D8%A7%D8%B3%D9%84%D8%A7%D9%85%DB%8C-%D8%AA%D8%A8%D8%B1%DB%8C%D8%B2.html,verified,2026-08-12
tabriz-islamic-art-discovery-unit-library-40622d06f463,tabriz-islamic-art,انتشارات دانشگاه - معاونت پژوهش،کارآفرینی و فناوری دانشگاه هنر اسلامی تبریز,library,,,,https://research.tabriziau.ac.ir/Page/32/%D8%A7%D9%86%D8%AA%D8%B4%D8%A7%D8%B1%D8%A7%D8%AA-%D8%AF%D8%A7%D9%86%D8%B4%DA%AF%D8%A7%D9%87.html,verified,2026-08-12
tabriz-islamic-art-discovery-unit-research-654bd67eeee9,tabriz-islamic-art,معرفی مدیریت امور پژوهشی - معاونت پژوهش،کارآفرینی و فناوری دانشگاه هنر اسلامی تبریز,research,,,,https://research.tabriziau.ac.ir/?PageID=24,verified,2026-08-12
tabriz-islamic-art-discovery-unit-laboratory-8203fe2b1553,tabriz-islamic-art,آزمایشگاه ها و کارگاره ها - دانشکده حفاظت آثار فرهنگی,laboratory,,,,https://fcmc.tabriziau.ac.ir/Page/18/%D8%A2%D8%B2%D9%85%D8%A7%DB%8C%D8%B4%DA%AF%D8%A7%D9%87-%D9%87%D8%A7-%D9%88-%DA%A9%D8%A7%D8%B1%DA%AF%D8%A7%D8%B1%D9%87-%D9%87%D8%A7.html,verified,2026-08-12
tabriz-islamic-art-discovery-unit-laboratory-7b7646423d37,tabriz-islamic-art,برنامه برگزاري کارگاه ها و آزمایشگاه هاي نیمه تمام دانشکده حفاظت آثار فرهنگی - دانشکده حفاظت آثار فرهنگی,laboratory,,,,https://fcmc.tabriziau.ac.ir/News/128/%D8%A8%D8%B1%D9%86%D8%A7%D9%85%D9%87-%D8%A8%D8%B1%DA%AF%D8%B2%D8%A7%D8%B1%D9%8A-%DA%A9%D8%A7%D8%B1%DA%AF%D8%A7%D9%87-%D9%87%D8%A7-%D9%88-%D8%A2%D8%B2%D9%85%D8%A7%DB%8C%D8%B4%DA%AF%D8%A7%D9%87-%D9%87%D8%A7%D9%8A-%D9%86%DB%8C%D9%85%D9%87-%D8%AA%D9%85%D8%A7%D9%85-%D8%AF%D8%A7%D9%86%D8%B4%DA%A9%D8%AF%D9%87-%D8%AD%D9%81%D8%A7%D8%B8%D8%AA-%D8%A2%D8%AB%D8%A7%D8%B1-%D9%81%D8%B1%D9%87%D9%86%DA%AF%DB%8C.html,verified,2026-08-12
isfahan-art-discovery-unit-laboratory-0afd75d3d580,isfahan-art,آزمایشگاه مرکزی (شاعا),laboratory,,,,https://aui.ac.ir/page-Moavenatshow/FA/7/form/pId1356,verified,2026-08-12
isfahan-art-discovery-unit-laboratory-8ee4886936b7,isfahan-art,آزمایشگاه مرکزی (شاعا),laboratory,,,,https://aui.ac.ir/page-Moavenatshow/FA/7/form/pId1357,verified,2026-08-12
isfahan-art-discovery-unit-laboratory-74ca48bc9cce,isfahan-art,آزمایشگاه مرکزی (شاعا),laboratory,,,,https://aui.ac.ir/page-Moavenatshow/FA/7/form/pId792,verified,2026-08-12
isfahan-art-discovery-unit-library-fe0b6761f34d,isfahan-art,كتابخانه دانشگاه هنر اصفهان,library,,,,http://library.aui.ac.ir/Dl/SPortal/SPAges/140_4.aspx,verified,2026-08-12
isfahan-art-discovery-unit-library-bf58ccb9d292,isfahan-art,كتابخانه دانشگاه هنر اصفهان,library,,,,http://library.aui.ac.ir/Dl/SPortal/SPAges/140_6.aspx,verified,2026-08-12
isfahan-art-discovery-unit-library-f74a8d2e5ad9,isfahan-art,کتابخانه,library,,,,http://library.aui.ac.ir/Dl/SPortal/FAQ/135_2.aspx,verified,2026-08-12
isfahan-art-discovery-unit-library-e002b421fc5c,isfahan-art,کتابخانه,library,,,,http://library.aui.ac.ir/Dl/SPortal/FAQ/135_3.aspx,verified,2026-08-12
isfahan-art-discovery-unit-library-31a6d091b2b2,isfahan-art,كتابخانه دانشگاه هنر اصفهان,library,,,,http://library.aui.ac.ir/Dl/SPortal/News/134_83.aspx,verified,2026-08-12
isfahan-art-discovery-unit-library-2176a5b07f6f,isfahan-art,كتابخانه دانشگاه هنر اصفهان,library,,,,http://library.aui.ac.ir/Dl/SPortal/News/134_82.aspx,verified,2026-08-12
isfahan-art-discovery-unit-library-420fd9e1c47f,isfahan-art,كتابخانه دانشگاه هنر اصفهان,library,,,,http://library.aui.ac.ir/Dl/SPortal/News/134_69.aspx,verified,2026-08-12
isfahan-art-discovery-unit-library-42a1cc49438f,isfahan-art,كتابخانه دانشگاه هنر اصفهان,library,,,,http://library.aui.ac.ir/Dl/SPortal/News/134_68.aspx,verified,2026-08-12
isfahan-art-discovery-unit-library-0c3be6bde7c0,isfahan-art,كتابخانه دانشگاه هنر اصفهان,library,,,,http://library.aui.ac.ir/Dl/SPortal/News/134_67.aspx,verified,2026-08-12
isfahan-art-discovery-unit-library-a9b8a93b223e,isfahan-art,کتابخانه,library,,,,http://library.aui.ac.ir/Dl/SPortal/FAQ/135_4.aspx,verified,2026-08-12
isfahan-art-discovery-unit-library-7001ca748a8d,isfahan-art,کتابخانه,library,,,,http://library.aui.ac.ir/Dl/SPortal/FAQ/135_5.aspx,verified,2026-08-12
isfahan-art-discovery-unit-library-c4f9635b8894,isfahan-art,کتابخانه,library,,,,http://library.aui.ac.ir/Dl/SPortal/FAQ/135_6.aspx,verified,2026-08-12
shiraz-art-discovery-unit-research-5dd5a2ce3d74,shiraz-art,مدیریت پژوهشی و فناوری – دانشگاه هنر شیراز,research,,,,https://shirazartu.ac.ir/?page_id=317,verified,2026-08-12
shiraz-art-discovery-unit-laboratory-bf8e94fe0f39,shiraz-art,کارگاه ها و آزمایشگاه های عکاسی – دانشگاه هنر شیراز,laboratory,,,,https://shirazartu.ac.ir/?page_id=18749,verified,2026-08-12
shiraz-art-discovery-unit-laboratory-846c4baa84fa,shiraz-art,کارگاه ها و آزمایشگاه ها – دانشگاه هنر شیراز,laboratory,,,,https://shirazartu.ac.ir/?page_id=1763,verified,2026-08-12
shiraz-art-discovery-unit-laboratory-ca62cf41c343,shiraz-art,کارگاه ها و آزمایشگاه ها – دانشگاه هنر شیراز,laboratory,,,,https://shirazartu.ac.ir/?page_id=1753,verified,2026-08-12
shiraz-art-discovery-unit-laboratory-7e58ec7c70ab,shiraz-art,کارگاه ها و آزمایشگاه ها – دانشگاه هنر شیراز,laboratory,,,,https://shirazartu.ac.ir/?page_id=341,verified,2026-08-12
shiraz-art-discovery-unit-laboratory-197ea09dc9d6,shiraz-art,کارگاه ها و آزمایشگاه ها – دانشگاه هنر شیراز,laboratory,,,,https://shirazartu.ac.ir/?page_id=462,verified,2026-08-12
shiraz-art-discovery-unit-laboratory-7be83e2e1f84,shiraz-art,کارگاه ها و آزمایشگاه ها – دانشگاه هنر شیراز,laboratory,,,,https://shirazartu.ac.ir/?page_id=463,verified,2026-08-12
shiraz-art-discovery-unit-laboratory-27b7bbf9d545,shiraz-art,کارگاه ها و آزمایشگاه ها – دانشگاه هنر شیراز,laboratory,,,,https://shirazartu.ac.ir/?page_id=464,verified,2026-08-12
shiraz-art-discovery-unit-laboratory-62a473eff48e,shiraz-art,کارگاه ها و آزمایشگاه ها – دانشگاه هنر شیراز,laboratory,,,,https://shirazartu.ac.ir/?page_id=465,verified,2026-08-12
shiraz-art-discovery-unit-laboratory-2e8ba26185d2,shiraz-art,کارگاه ها و آزمایشگاه ها – دانشگاه هنر شیراز,laboratory,,,,https://shirazartu.ac.ir/?page_id=1774,verified,2026-08-12
payame-noor-discovery-unit-industry-69895dee2d4c,payame-noor,فرم های دفتر كارآفريني و ارتباط با صنعت,industry,,,,https://research.pnu.ac.ir/fa-IR/research.pnu.ac/14796/page/%D9%81%D8%B1%D9%85-%D9%87%D8%A7%DB%8C-%D8%AF%D9%81%D8%AA%D8%B1-%D9%83%D8%A7%D8%B1%D8%A2%D9%81%D8%B1%D9%8A%D9%86%D9%8A-%D9%88-%D8%A7%D8%B1%D8%AA%D8%A8%D8%A7%D8%B7-%D8%A8%D8%A7-%D8%B5%D9%86%D8%B9%D8%AA,verified,2026-08-12
payame-noor-discovery-unit-industry-9d8d9912a983,payame-noor,آیین نامه های دفتر کارآفرینی و ارتباط با صنعت,industry,,,,https://research.pnu.ac.ir/fa-IR/research.pnu.ac/14791/page/%D8%A2%DB%8C%DB%8C%D9%86-%D9%86%D8%A7%D9%85%D9%87-%D9%87%D8%A7%DB%8C-%D8%AF%D9%81%D8%AA%D8%B1-%DA%A9%D8%A7%D8%B1%D8%A2%D9%81%D8%B1%DB%8C%D9%86%DB%8C-%D9%88-%D8%A7%D8%B1%D8%AA%D8%A8%D8%A7%D8%B7-%D8%A8%D8%A7-%D8%B5%D9%86%D8%B9%D8%AA,verified,2026-08-12
payame-noor-discovery-unit-library-5aa6b37e5bef,payame-noor,پژوهش های کتابخانه های دیجیتالی و هوشمند,library,,,,https://lib.journals.pnu.ac.ir/,verified,2026-08-12
payame-noor-discovery-unit-library-a01ce0626a8b,payame-noor,سامانه مدیریت نشریات علمی دانشگاه پیام نور,library,,,,https://journals.pnu.ac.ir/contact.us,verified,2026-08-12
payame-noor-discovery-unit-library-5ae68207f178,payame-noor,سامانه مدیریت نشریات علمی دانشگاه پیام نور,library,,,,https://journals.pnu.ac.ir/rss,verified,2026-08-12
payame-noor-discovery-unit-library-fbb8d2c561b6,payame-noor,سامانه مدیریت نشریات علمی دانشگاه پیام نور,library,,,,https://journals.pnu.ac.ir/years.html,verified,2026-08-12
farhangian-discovery-unit-library-e8652e624845,farhangian,سامانه مدیریت نشریات علمی دانشگاه فرهنگیان,library,,,,https://journals.cfu.ac.ir/contact.us,verified,2026-08-12
farhangian-discovery-unit-library-cc97c7616fb6,farhangian,سامانه مدیریت نشریات علمی دانشگاه فرهنگیان,library,,,,https://journals.cfu.ac.ir/rss,verified,2026-08-12
farhangian-discovery-unit-library-76ff335f87f2,farhangian,سامانه مدیریت نشریات علمی دانشگاه فرهنگیان,library,,,,https://journals.cfu.ac.ir/years.html,verified,2026-08-12
applied-science-discovery-unit-technology-666adcff9a74,applied-science,پنجاه و پنجمین جلسه شورای پژوهش، فناوری و کارآفرینی,technology,,,,https://rt.uast.ac.ir/fa/news/88110/%D9%BE%D9%86%D8%AC%D8%A7%D9%87-%D9%88-%D9%BE%D9%86%D8%AC%D9%85%DB%8C%D9%86-%D8%AC%D9%84%D8%B3%D9%87-%D8%B4%D9%88%D8%B1%D8%A7%DB%8C-%D9%BE%DA%98%D9%88%D9%87%D8%B4-%D9%81%D9%86%D8%A7%D9%88%D8%B1%DB%8C-%D9%88-%DA%A9%D8%A7%D8%B1%D8%A2%D9%81%D8%B1%DB%8C%D9%86%DB%8C,verified,2026-08-12
applied-science-discovery-unit-it-d83a8083886b,applied-science,فرم ایمیل شخص حقوقی - دفتر فناوری اطلاعات و ارتباطات,it,,organizationally-attributed,,https://ict.uast.ac.ir/fa/regulation/75/%D9%81%D8%B1%D9%85-%D8%A7%DB%8C%D9%85%DB%8C%D9%84-%D8%B4%D8%AE%D8%B5-%D8%AD%D9%82%D9%88%D9%82%DB%8C,verified,2026-08-12
applied-science-discovery-unit-it-16f74fd276a1,applied-science,فرم درخواست رایانه همراه - دفتر فناوری اطلاعات و ارتباطات,it,,organizationally-attributed,,https://ict.uast.ac.ir/fa/regulation/74/%D9%81%D8%B1%D9%85-%D8%AF%D8%B1%D8%AE%D9%88%D8%A7%D8%B3%D8%AA-%D8%B1%D8%A7%DB%8C%D8%A7%D9%86%D9%87-%D9%87%D9%85%D8%B1%D8%A7%D9%87,verified,2026-08-12
applied-science-discovery-unit-it-598fb7158251,applied-science,فرم درخواست ارسال پیامک - دفتر فناوری اطلاعات و ارتباطات,it,,organizationally-attributed,,https://ict.uast.ac.ir/fa/regulation/73/%D9%81%D8%B1%D9%85-%D8%AF%D8%B1%D8%AE%D9%88%D8%A7%D8%B3%D8%AA-%D8%A7%D8%B1%D8%B3%D8%A7%D9%84-%D9%BE%DB%8C%D8%A7%D9%85%DA%A9,verified,2026-08-12
applied-science-discovery-unit-technology-5584d67ee3be,applied-science,آیین‌نامه‌ها و مصوبات- دفتر نوآوری، فناوری و تجاری سازی دانشگاه,technology,,,,https://rt.uast.ac.ir/fa/regulation/category/17/%D8%AF%D9%81%D8%AA%D8%B1-%D9%86%D9%88%D8%A2%D9%88%D8%B1%DB%8C-%D9%81%D9%86%D8%A7%D9%88%D8%B1%DB%8C-%D9%88-%D8%AA%D8%AC%D8%A7%D8%B1%DB%8C-%D8%B3%D8%A7%D8%B2%DB%8C-%D8%AF%D8%A7%D9%86%D8%B4%DA%AF%D8%A7%D9%87?sort=circularNo,verified,2026-08-12
applied-science-discovery-unit-technology-917464b053b2,applied-science,آیین‌نامه‌ها و مصوبات- دفتر نوآوری، فناوری و تجاری سازی دانشگاه,technology,,,,https://rt.uast.ac.ir/fa/regulation/category/17/%D8%AF%D9%81%D8%AA%D8%B1-%D9%86%D9%88%D8%A2%D9%88%D8%B1%DB%8C-%D9%81%D9%86%D8%A7%D9%88%D8%B1%DB%8C-%D9%88-%D8%AA%D8%AC%D8%A7%D8%B1%DB%8C-%D8%B3%D8%A7%D8%B2%DB%8C-%D8%AF%D8%A7%D9%86%D8%B4%DA%AF%D8%A7%D9%87?sort=-circularNo,verified,2026-08-12
applied-science-discovery-unit-technology-9403d0bfccdf,applied-science,آیین‌نامه‌ها و مصوبات- دفتر نوآوری، فناوری و تجاری سازی دانشگاه,technology,,,,https://rt.uast.ac.ir/fa/regulation/category/17/%D8%AF%D9%81%D8%AA%D8%B1-%D9%86%D9%88%D8%A2%D9%88%D8%B1%DB%8C-%D9%81%D9%86%D8%A7%D9%88%D8%B1%DB%8C-%D9%88-%D8%AA%D8%AC%D8%A7%D8%B1%DB%8C-%D8%B3%D8%A7%D8%B2%DB%8C-%D8%AF%D8%A7%D9%86%D8%B4%DA%AF%D8%A7%D9%87?sort=title,verified,2026-08-12
applied-science-discovery-unit-technology-4fc44fe880bc,applied-science,آیین‌نامه‌ها و مصوبات- دفتر نوآوری، فناوری و تجاری سازی دانشگاه,technology,,,,https://rt.uast.ac.ir/fa/regulation/category/17/%D8%AF%D9%81%D8%AA%D8%B1-%D9%86%D9%88%D8%A2%D9%88%D8%B1%DB%8C-%D9%81%D9%86%D8%A7%D9%88%D8%B1%DB%8C-%D9%88-%D8%AA%D8%AC%D8%A7%D8%B1%DB%8C-%D8%B3%D8%A7%D8%B2%DB%8C-%D8%AF%D8%A7%D9%86%D8%B4%DA%AF%D8%A7%D9%87?sort=categoryId,verified,2026-08-12
applied-science-discovery-unit-technology-d467fa430803,applied-science,آیین‌نامه‌ها و مصوبات- دفتر نوآوری، فناوری و تجاری سازی دانشگاه,technology,,,,https://rt.uast.ac.ir/fa/regulation/category/17/%D8%AF%D9%81%D8%AA%D8%B1-%D9%86%D9%88%D8%A2%D9%88%D8%B1%DB%8C-%D9%81%D9%86%D8%A7%D9%88%D8%B1%DB%8C-%D9%88-%D8%AA%D8%AC%D8%A7%D8%B1%DB%8C-%D8%B3%D8%A7%D8%B2%DB%8C-%D8%AF%D8%A7%D9%86%D8%B4%DA%AF%D8%A7%D9%87?sort=outdated,verified,2026-08-12
applied-science-discovery-unit-technology-c2e26bbe4aaf,applied-science,آیین‌نامه‌ها و مصوبات- دفتر نوآوری، فناوری و تجاری سازی دانشگاه,technology,,,,https://rt.uast.ac.ir/fa/regulation/category/17/%D8%AF%D9%81%D8%AA%D8%B1-%D9%86%D9%88%D8%A2%D9%88%D8%B1%DB%8C-%D9%81%D9%86%D8%A7%D9%88%D8%B1%DB%8C-%D9%88-%D8%AA%D8%AC%D8%A7%D8%B1%DB%8C-%D8%B3%D8%A7%D8%B2%DB%8C-%D8%AF%D8%A7%D9%86%D8%B4%DA%AF%D8%A7%D9%87?sort=approvalDate,verified,2026-08-12
applied-science-discovery-unit-technology-99529d76a85a,applied-science,آیین‌نامه‌ها و مصوبات- دفتر نوآوری، فناوری و تجاری سازی دانشگاه,technology,,,,https://rt.uast.ac.ir/fa/regulation/category/17/%D8%AF%D9%81%D8%AA%D8%B1-%D9%86%D9%88%D8%A2%D9%88%D8%B1%DB%8C-%D9%81%D9%86%D8%A7%D9%88%D8%B1%DB%8C-%D9%88-%D8%AA%D8%AC%D8%A7%D8%B1%DB%8C-%D8%B3%D8%A7%D8%B2%DB%8C-%D8%AF%D8%A7%D9%86%D8%B4%DA%AF%D8%A7%D9%87?sort=-title,verified,2026-08-12
applied-science-discovery-unit-technology-f738e92b3398,applied-science,آیین‌نامه‌ها و مصوبات- دفتر نوآوری، فناوری و تجاری سازی دانشگاه,technology,,,,https://rt.uast.ac.ir/fa/regulation/category/17/%D8%AF%D9%81%D8%AA%D8%B1-%D9%86%D9%88%D8%A2%D9%88%D8%B1%DB%8C-%D9%81%D9%86%D8%A7%D9%88%D8%B1%DB%8C-%D9%88-%D8%AA%D8%AC%D8%A7%D8%B1%DB%8C-%D8%B3%D8%A7%D8%B2%DB%8C-%D8%AF%D8%A7%D9%86%D8%B4%DA%AF%D8%A7%D9%87?sort=-categoryId,verified,2026-08-12
applied-science-discovery-unit-technology-be68634e5ce5,applied-science,آیین‌نامه‌ها و مصوبات- دفتر نوآوری، فناوری و تجاری سازی دانشگاه,technology,,,,https://rt.uast.ac.ir/fa/regulation/category/17/%D8%AF%D9%81%D8%AA%D8%B1-%D9%86%D9%88%D8%A2%D9%88%D8%B1%DB%8C-%D9%81%D9%86%D8%A7%D9%88%D8%B1%DB%8C-%D9%88-%D8%AA%D8%AC%D8%A7%D8%B1%DB%8C-%D8%B3%D8%A7%D8%B2%DB%8C-%D8%AF%D8%A7%D9%86%D8%B4%DA%AF%D8%A7%D9%87?sort=-outdated,verified,2026-08-12
applied-science-discovery-unit-technology-1c13baa0228e,applied-science,آیین‌نامه‌ها و مصوبات- دفتر نوآوری، فناوری و تجاری سازی دانشگاه,technology,,,,https://rt.uast.ac.ir/fa/regulation/category/17/%D8%AF%D9%81%D8%AA%D8%B1-%D9%86%D9%88%D8%A2%D9%88%D8%B1%DB%8C-%D9%81%D9%86%D8%A7%D9%88%D8%B1%DB%8C-%D9%88-%D8%AA%D8%AC%D8%A7%D8%B1%DB%8C-%D8%B3%D8%A7%D8%B2%DB%8C-%D8%AF%D8%A7%D9%86%D8%B4%DA%AF%D8%A7%D9%87?sort=-approvalDate,verified,2026-08-12
shahed-discovery-unit-laboratory-f1574c0720cb,shahed,ارتقای وضعیت آزمایشگاه مرکزی دانشگاه در شبکه آزمایشگاهی فناوری‌های راهبردی – معاونت پژوهش و فناوری,laboratory,,,,https://res.shahed.ac.ir/%d8%a7%d8%b1%d8%aa%d9%82%d8%a7%db%8c-%d9%88%d8%b6%d8%b9%db%8c%d8%aa-%d8%a2%d8%b2%d9%85%d8%a7%db%8c%d8%b4%da%af%d8%a7%d9%87-%d9%85%d8%b1%da%a9%d8%b2%db%8c-%d8%af%d8%a7%d9%86%d8%b4%da%af%d8%a7%d9%87/,verified,2026-08-12
shahed-discovery-unit-library-d7ba89834be2,shahed,وبینار آشنایی با خدمات مرکز اسناد و مدارک علمی دانشگاه شاهد – مرکز اسناد و مدارک علمی,library,,,,https://library.shahed.ac.ir/%d9%88%d8%a8%db%8c%d9%86%d8%a7%d8%b1-%d8%a2%d8%b4%d9%86%d8%a7%db%8c%db%8c-%d8%a8%d8%a7-%d8%ae%d8%af%d9%85%d8%a7%d8%aa-%d9%85%d8%b1%da%a9%d8%b2-%d8%a7%d8%b3%d9%86%d8%a7%d8%af-%d9%88-%d9%85%d8%af-2/,verified,2026-08-12
shahed-discovery-unit-library-adb1fa5e1a78,shahed,فرم ثبت نام دوره های آذر 1402 – مرکز اسناد و مدارک علمی,library,,,,https://library.shahed.ac.ir/azar-1402-webinars-registration-form/,verified,2026-08-12
shahed-discovery-unit-library-d8580e1a15d5,shahed,اداره انتشارات – دانشگاه تراز انقلاب اسلامی,library,,,,https://po.shahed.ac.ir/,verified,2026-08-12
shahed-discovery-unit-research-2d96d26c1027,shahed,مدیریت امور پژوهشی – دانشگاه تراز انقلاب اسلامی,research,,,,https://ram.shahed.ac.ir/,verified,2026-08-12
shahed-discovery-unit-research-e0447f34ac34,shahed,مدیریت امور پژوهشی – مدیریت امور پژوهشی,research,,,,https://ram.shahed.ac.ir/organigram/chart/,verified,2026-08-12
shahed-discovery-unit-library-7c8eea487e56,shahed,علم‌سنجی – مرکز اسناد و مدارک علمی,library,,,,https://library.shahed.ac.ir/scientometrics/,verified,2026-08-12
shahed-discovery-unit-library-3c01d5a586bd,shahed,تاریخچه – مرکز اسناد و مدارک علمی,library,,,,https://library.shahed.ac.ir/history-2/,verified,2026-08-12
shahed-discovery-unit-library-72d5f2a5b92a,shahed,اهداف و وظایف – مرکز اسناد و مدارک علمی,library,,,,https://library.shahed.ac.ir/goals-and-tasks/,verified,2026-08-12
shahed-discovery-unit-library-97a8fb4247e8,shahed,نمودار سازمانی – مرکز اسناد و مدارک علمی,library,,,,https://library.shahed.ac.ir/organization-chart/,verified,2026-08-12
shahed-discovery-unit-library-3c19724b07e0,shahed,کارکنان – مرکز اسناد و مدارک علمی,library,,,,https://library.shahed.ac.ir/staff/,verified,2026-08-12
shahed-discovery-unit-library-7b904e953ba6,shahed,کارکنان بازنشسته – مرکز اسناد و مدارک علمی,library,,,,https://library.shahed.ac.ir/retired-staff/,verified,2026-08-12
shahed-discovery-unit-library-e46289d0c548,shahed,امانت (گردش کتاب) – مرکز اسناد و مدارک علمی,library,,,,https://library.shahed.ac.ir/book-circulation/,verified,2026-08-12
shahed-discovery-unit-library-d5bf27a704bb,shahed,خدمات فنی – مرکز اسناد و مدارک علمی,library,,,,https://library.shahed.ac.ir/technical-services/,verified,2026-08-12
shahed-discovery-unit-library-49874ff084b2,shahed,اطلاع‌رسانی – مرکز اسناد و مدارک علمی,library,,,,https://library.shahed.ac.ir/information-department/,verified,2026-08-12
shahed-discovery-unit-library-fe568e536a42,shahed,مرجع و نشریات ادواری – مرکز اسناد و مدارک علمی,library,,,,https://library.shahed.ac.ir/references-and-periodicals/,verified,2026-08-12
shahed-discovery-unit-library-ea80576ad1b1,shahed,سالن‌های مطالعه – مرکز اسناد و مدارک علمی,library,,,,https://library.shahed.ac.ir/%d8%b3%d8%a7%d9%84%d9%86%d9%87%d8%a7%db%8c-%d9%85%d8%b7%d8%a7%d9%84%d8%b9%d9%87/,verified,2026-08-12
shahed-discovery-unit-library-08477f87c6cd,shahed,مرکز اسناد و مدارک علمی – دانشگاه تراز انقلاب اسلامی,library,,,,https://library.shahed.ac.ir/paged-2/2/?pp=env,verified,2026-08-12
shahed-discovery-unit-library-060a3e86b271,shahed,مرکز اسناد و مدارک علمی – دانشگاه تراز انقلاب اسلامی,library,,,,https://library.shahed.ac.ir/paged-2/3/?pp=env,verified,2026-08-12
shahed-discovery-unit-library-f2e5d79f4108,shahed,اطلاعیه درخصوص نحوه دسترسی به پایگاه‌های اطلاعاتی علمی از طریق سامانه مگاپیپر – مرکز اسناد و مدارک علمی,library,,,,https://library.shahed.ac.ir/%d8%a7%d8%b7%d9%84%d8%a7%d8%b9%db%8c%d9%87-%d8%af%d8%b1%d8%ae%d8%b5%d9%88%d8%b5-%d9%86%d8%ad%d9%88%d9%87-%d8%af%d8%b3%d8%aa%d8%b1%d8%b3%db%8c-%d8%a8%d9%87-%d9%be%d8%a7%db%8c%da%af%d8%a7%d9%87/,verified,2026-08-12
shahed-discovery-unit-library-f2aceaa7e226,shahed,مرکز اسناد و مدارک علمی – دانشگاه تراز انقلاب اسلامی,library,,,,https://library.shahed.ac.ir/paged-2/191/?pp=env,verified,2026-08-12
shahed-discovery-unit-library-c040d1d117ce,shahed,آموزش – مرکز اسناد و مدارک علمی,library,,,,https://library.shahed.ac.ir/category/instruction/,verified,2026-08-12
shahed-discovery-unit-library-5fb1417c5593,shahed,کارگاه ابزارهای هوش مصنوعی در پژوهش – مرکز اسناد و مدارک علمی,library,,,,https://library.shahed.ac.ir/%da%a9%d8%a7%d8%b1%da%af%d8%a7%d9%87-%d8%a7%d8%a8%d8%b2%d8%a7%d8%b1%d9%87%d8%a7%db%8c-%d9%87%d9%88%d8%b4-%d9%85%d8%b5%d9%86%d9%88%d8%b9%db%8c-%d8%af%d8%b1-%d9%be%da%98%d9%88%d9%87%d8%b4/,verified,2026-08-12
shahed-discovery-unit-library-93e03185dd0c,shahed,وبینار آموزشی «آشنایی با نرم‌افزار استناددهی مندلی (Mendeley)» – مرکز اسناد و مدارک علمی,library,,,,https://library.shahed.ac.ir/%d9%88%d8%a8%db%8c%d9%86%d8%a7%d8%b1-%d8%a2%d9%85%d9%88%d8%b2%d8%b4%db%8c-%d9%86%d8%ad%d9%88%d9%87-%d8%a7%d8%b9%d8%aa%d8%a8%d8%a7%d8%b1%d8%b3%d9%86%d8%ac%db%8c-%d9%85%d8%ac%d9%84%d8%a7%d8%aa/,verified,2026-08-12
shahed-discovery-unit-laboratory-32d708b6d379,shahed,بازدید یک واحد صنعتی از آزمایشگاه های تخصصی دانشکده فنی و مهندسی و بررسی زمینه‌های همکاری – معاونت پژوهش و فناوری,laboratory,,,,https://res.shahed.ac.ir/%d8%a8%d8%a7%d8%b2%d8%af%db%8c%d8%af-%db%8c%da%a9-%d9%88%d8%a7%d8%ad%d8%af-%d8%b5%d9%86%d8%b9%d8%aa%db%8c-%d8%a7%d8%b2-%d8%a2%d8%b2%d9%85%d8%a7%db%8c%d8%b4%da%af%d8%a7%d9%87-%d9%87%d8%a7%db%8c-%d8%aa/,verified,2026-08-12
shahed-discovery-unit-research-09168bd3714a,shahed,معاون پژوهش و فناوری – معاونت پژوهش و فناوری,research,,,,https://res.shahed.ac.ir/organigram/53944/,verified,2026-08-12
shahid-rajaee-discovery-unit-library-5eee2c021255,shahid-rajaee,اخبار کتابخانه | دانشگاه تربیت دبیر شهید رجایی,library,,,,https://www.sru.ac.ir/category/%d8%a7%d8%ae%d8%a8%d8%a7%d8%b1-%d9%85%d8%b9%d8%a7%d9%88%d9%86%d8%aa-%d9%be%da%98%d9%88%d9%87%d8%b4-%d9%88-%d9%81%d9%86%d8%a7%d9%88%d8%b1%db%8c/%d8%a7%d8%ae%d8%a8%d8%a7%d8%b1-%da%a9%d8%aa%d8%a7%d8%a8%d8%ae%d8%a7%d9%86%d9%87/,verified,2026-08-12
shahid-rajaee-discovery-unit-library-f23b8b2245b5,shahid-rajaee,گردهمایی روسای کتابخانه‌های دانشگاه‌ها، پژوهشگاه‌ها و موسسات آموزش عالی و پژوهشی در روز ۲۴ آبان ۱۴۰۴ در سالن علامه امینی کتابخانه مرکزی دانشگاه تهران برگزار خواهد شد | دانشگاه تربیت دبیر شهید رجایی,library,,,,https://www.sru.ac.ir/%da%af%d8%b1%d8%af%d9%87%d9%85%d8%a7%db%8c%db%8c-%d8%b1%d9%88%d8%b3%d8%a7%db%8c-%da%a9%d8%aa%d8%a7%d8%a8%d8%ae%d8%a7%d9%86%d9%87%e2%80%8c%d9%87%d8%a7%db%8c-%d8%af%d8%a7%d9%86%d8%b4%da%af%d8%a7%d9%87/,verified,2026-08-12
shahid-rajaee-discovery-unit-library-c0ab78bc1c7c,shahid-rajaee,تأسیس کتابخانه تخصصی علوم شناختی در پژوهشکده هوش مصنوعی و علوم شناختی دانشگاه تربیت دبیر شهید رجائی با اهدای ۷۰ جلد کتاب از سوی ستاد علوم شناختی | دانشگاه تربیت دبیر شهید رجایی,library,,,,https://www.sru.ac.ir/%d8%aa%d8%a3%d8%b3%db%8c%d8%b3-%da%a9%d8%aa%d8%a7%d8%a8%d8%ae%d8%a7%d9%86%d9%87-%d8%aa%d8%ae%d8%b5%d8%b5%db%8c-%d8%b9%d9%84%d9%88%d9%85-%d8%b4%d9%86%d8%a7%d8%ae%d8%aa%db%8c-%d8%af%d8%b1-%d9%be%da%98/,verified,2026-08-12
shahid-rajaee-discovery-unit-library-dcacee1f7f8f,shahid-rajaee,تجهیز کتابخانه دانشگاه تربیت دبیر شهید رجائی به ۴۰ جلد کتاب تخصصی در حوزه علوم شناختی با پیگیری پژوهشکده هوش مصنوعی و علوم شناختی | دانشگاه تربیت دبیر شهید رجایی,library,,,,https://www.sru.ac.ir/%d8%aa%d8%ac%d9%87%db%8c%d8%b2-%da%a9%d8%aa%d8%a7%d8%a8%d8%ae%d8%a7%d9%86%d9%87-%d8%af%d8%a7%d9%86%d8%b4%da%af%d8%a7%d9%87-%d8%aa%d8%b1%d8%a8%db%8c%d8%aa-%d8%af%d8%a8%db%8c%d8%b1-%d8%b4%d9%87%db%8c/,verified,2026-08-12
shahid-rajaee-discovery-unit-library-90ea2edd9025,shahid-rajaee,چاپ یک عنوان جدید در انتشارات دانشگاه شهید رجائی در اوایل آذرماه سال ۱۴۰۴ | دانشگاه تربیت دبیر شهید رجایی,library,,,,https://www.sru.ac.ir/%da%86%d8%a7%d9%be-%db%8c%da%a9-%d8%b9%d9%86%d9%88%d8%a7%d9%86-%d8%ac%d8%af%db%8c%d8%af-%d8%af%d8%b1-%d8%a7%d9%86%d8%aa%d8%b4%d8%a7%d8%b1%d8%a7%d8%aa-%d8%af%d8%a7%d9%86%d8%b4%da%af%d8%a7%d9%87-%d8%b4/,verified,2026-08-12
shahid-rajaee-discovery-unit-library-0b823f305a61,shahid-rajaee,چاپ پنج عنوان کتاب در انتشارات دانشگاه شهید رجایی در مهرماه ۱۴۰۴ | دانشگاه تربیت دبیر شهید رجایی,library,,,,https://www.sru.ac.ir/%da%86%d8%a7%d9%be-%d9%be%d9%86%d8%ac-%d8%b9%d9%86%d9%88%d8%a7%d9%86-%da%a9%d8%aa%d8%a7%d8%a8-%d8%af%d8%b1-%d8%a7%d9%86%d8%aa%d8%b4%d8%a7%d8%b1%d8%a7%d8%aa-%d8%af%d8%a7%d9%86%d8%b4%da%af%d8%a7%d9%87/,verified,2026-08-12
shahid-rajaee-discovery-unit-library-f0f849def758,shahid-rajaee,اخبار کتابخانه | دانشگاه تربیت دبیر شهید رجایی - Part 2,library,,,,https://www.sru.ac.ir/category/%d8%a7%d8%ae%d8%a8%d8%a7%d8%b1-%d9%85%d8%b9%d8%a7%d9%88%d9%86%d8%aa-%d9%be%da%98%d9%88%d9%87%d8%b4-%d9%88-%d9%81%d9%86%d8%a7%d9%88%d8%b1%db%8c/%d8%a7%d8%ae%d8%a8%d8%a7%d8%b1-%da%a9%d8%aa%d8%a7%d8%a8%d8%ae%d8%a7%d9%86%d9%87/page/2/,verified,2026-08-12
shahid-rajaee-discovery-unit-library-9106d5b6e887,shahid-rajaee,از ایجاد شبکه ملی کتابخانه‌های ایران تا طراحی سامانه‌ای برای سودده شدن نشر دانشگاهی | دانشگاه تربیت دبیر شهید رجایی,library,,,,https://www.sru.ac.ir/%d8%a7%d8%b2-%d8%a7%db%8c%d8%ac%d8%a7%d8%af-%d8%b4%d8%a8%da%a9%d9%87-%d9%85%d9%84%db%8c-%da%a9%d8%aa%d8%a7%d8%a8%d8%ae%d8%a7%d9%86%d9%87%e2%80%8c%d9%87%d8%a7%db%8c-%d8%a7%db%8c%d8%b1%d8%a7%d9%86/,verified,2026-08-12
shahid-rajaee-discovery-unit-laboratory-33cf2d124c77,shahid-rajaee,ضرورت راه‌اندازی آزمایشگاه‌های هوش مصنوعی کاربردی در حوزه‌های مختلف در دانشگاه‌ها | دانشگاه تربیت دبیر شهید رجایی,laboratory,,,,https://www.sru.ac.ir/%d8%b6%d8%b1%d9%88%d8%b1%d8%aa-%d8%b1%d8%a7%d9%87%e2%80%8c%d8%a7%d9%86%d8%af%d8%a7%d8%b2%db%8c-%d8%a2%d8%b2%d9%85%d8%a7%db%8c%d8%b4%da%af%d8%a7%d9%87%e2%80%8c%d9%87%d8%a7%db%8c-%d9%87%d9%88%d8%b4/,verified,2026-08-12
national-defense-discovery-unit-technology-efc35d08c68f,national-defense,کتاب هوشمندی علم، فناوری و نوآوری,technology,,,,https://sndu.ac.ir/entesharat/fa/tag/6346/%DA%A9%D8%AA%D8%A7%D8%A8+%D9%87%D9%88%D8%B4%D9%85%D9%86%D8%AF%DB%8C+%D8%B9%D9%84%D9%85%D8%8C+%D9%81%D9%86%D8%A7%D9%88%D8%B1%DB%8C+%D9%88+%D9%86%D9%88%D8%A2%D9%88%D8%B1%DB%8C,verified,2026-08-12
national-defense-discovery-unit-technology-4a16ba2c0071,national-defense,هوشمندی علم، فناوری و نوآوری,technology,,,,https://sndu.ac.ir/entesharat/fa/book/634/%D9%87%D9%88%D8%B4%D9%85%D9%86%D8%AF%DB%8C-%D8%B9%D9%84%D9%85-%D9%81%D9%86%D8%A7%D9%88%D8%B1%DB%8C-%D9%88-%D9%86%D9%88%D8%A2%D9%88%D8%B1%DB%8C,verified,2026-08-12
national-defense-discovery-unit-technology-b5c87db7859f,national-defense,مروری بر حکمرانی نوآوری در کره‌جنوبی و ترکیه,technology,,,,https://sndu.ac.ir/entesharat/fa/news/1488,verified,2026-08-12
national-defense-discovery-unit-library-432fb06b6a46,national-defense,انتشارات دانشگاه عالی دفاع ملی,library,,,,https://sndu.ac.ir/entesharat/fa/tag/478/%D8%A7%D9%86%D8%AA%D8%B4%D8%A7%D8%B1%D8%A7%D8%AA+%D8%AF%D8%A7%D9%86%D8%B4%DA%AF%D8%A7%D9%87+%D8%B9%D8%A7%D9%84%DB%8C+%D8%AF%D9%81%D8%A7%D8%B9+%D9%85%D9%84%DB%8C?page=1&per-page=30,verified,2026-08-12
national-defense-discovery-unit-library-05726d7362a5,national-defense,انتشارات دانشگاه عالی دفاع ملی,library,,,,https://sndu.ac.ir/entesharat/fa/tag/478/%D8%A7%D9%86%D8%AA%D8%B4%D8%A7%D8%B1%D8%A7%D8%AA+%D8%AF%D8%A7%D9%86%D8%B4%DA%AF%D8%A7%D9%87+%D8%B9%D8%A7%D9%84%DB%8C+%D8%AF%D9%81%D8%A7%D8%B9+%D9%85%D9%84%DB%8C?page=2&per-page=30,verified,2026-08-12
national-defense-discovery-unit-library-cd1e8cd5a838,national-defense,انتشارات داعا,library,,,,https://sndu.ac.ir/entesharat/fa/tag/479/%D8%A7%D9%86%D8%AA%D8%B4%D8%A7%D8%B1%D8%A7%D8%AA+%D8%AF%D8%A7%D8%B9%D8%A7?page=1&per-page=30,verified,2026-08-12
national-defense-discovery-unit-library-b0b27500e991,national-defense,انتشارات داعا,library,,,,https://sndu.ac.ir/entesharat/fa/tag/479/%D8%A7%D9%86%D8%AA%D8%B4%D8%A7%D8%B1%D8%A7%D8%AA+%D8%AF%D8%A7%D8%B9%D8%A7?page=2&per-page=30,verified,2026-08-12
petroleum-discovery-unit-industry-0034d766827d,petroleum,واحد ارتباط با صنعت,industry,,,,https://www.put.ac.ir/fa-IR/put/7450/page/%D9%88%D8%A7%D8%AD%D8%AF-%D8%A7%D8%B1%D8%AA%D8%A8%D8%A7%D8%B7-%D8%A8%D8%A7-%D8%B5%D9%86%D8%B9%D8%AA,verified,2026-08-12
petroleum-discovery-unit-industry-ac13f25e9b89,petroleum,واحد ارتباط با صنعت,industry,,,,https://www.put.ac.ir/fa-IR/PUT/7450/page/%D9%88%D8%A7%D8%AD%D8%AF-%D8%A7%D8%B1%D8%AA%D8%A8%D8%A7%D8%B7-%D8%A8%D8%A7-%D8%B5%D9%86%D8%B9%D8%AA,verified,2026-08-12
petroleum-discovery-unit-it-f04f7d157090,petroleum,راه‌اندازی سامانه پشتیبانی خدمات فناوری اطلاعات(Help Desk),it,,organizationally-attributed,,https://www.put.ac.ir/fa-IR/put/6677/news/view/19398/12136/Staging/%D8%B1%D8%A7%D9%87%E2%80%8C%D8%A7%D9%86%D8%AF%D8%A7%D8%B2%DB%8C-%D8%B3%D8%A7%D9%85%D8%A7%D9%86%D9%87-%D9%BE%D8%B4%D8%AA%DB%8C%D8%A8%D8%A7%D9%86%DB%8C-%D8%AE%D8%AF%D9%85%D8%A7%D8%AA-%D9%81%D9%86%D8%A7%D9%88%D8%B1%DB%8C-%D8%A7%D8%B7%D9%84%D8%A7%D8%B9%D8%A7%D8%AA(Help-Desk),verified,2026-08-12
petroleum-discovery-unit-industry-f99bf52e3c00,petroleum,دانشگاه صنعت نفت,industry,,,,https://www.put.ac.ir/fa-IR/put/5489/page/%D8%A7%D8%B1%D8%AA%D8%A8%D8%A7%D8%B7-%D8%A8%D8%A7-%D8%B5%D9%86%D8%B9%D8%AA,verified,2026-08-12
