id,universitySlug,nameFa,category,url,relation,sourceUrl,evidence,lastVerified
tehran-sys-1,tehran,سامانه رویدادهای علمی,research,,,https://research.ut.ac.ir/fa,verified,2026-08-10
tehran-sys-2,tehran,سامانه‌های ملی صنعت/فناوری,industry,,,https://research.ut.ac.ir/fa,verified,2026-08-10
ferdowsi-journals,ferdowsi,سامانه یکپارچه نشریات,journals,https://jm.um.ac.ir/,unit-service,https://vpr.um.ac.ir/,verified,2026-08-10
ferdowsi-profdoc,ferdowsi,دسترسی به مقالات دانشگاه,research,https://profdoc.um.ac.ir/,unit-service,https://vpr.um.ac.ir/,verified,2026-08-10
ferdowsi-scimet,ferdowsi,سامانه اطلاعات علمی اعضای هیأت علمی,research,https://scimet.um.ac.ir/,unit-service,https://vpr.um.ac.ir/,verified,2026-08-10
ferdowsi-sys-1,ferdowsi,سامانه یکپارچه نشریات,journals,,,https://vpr.um.ac.ir/,verified,2026-08-10
ferdowsi-sys-2,ferdowsi,بانک داده‌های پژوهشی,research,,,https://vpr.um.ac.ir/,verified,2026-08-10
ferdowsi-sys-3,ferdowsi,سامانه پایان‌نامه,research,,,https://vpr.um.ac.ir/,verified,2026-08-10
ferdowsi-sys-4,ferdowsi,سامانه علم‌سنجی,research,,,https://vpr.um.ac.ir/,verified,2026-08-10
ferdowsi-sys-5,ferdowsi,شبکه آزمایشگاهی,laboratory,,,https://vpr.um.ac.ir/,verified,2026-08-10
ferdowsi-thesis,ferdowsi,پایان‌نامه‌های دانشجویی,research,https://thesis.um.ac.ir/,unit-service,https://vpr.um.ac.ir/,verified,2026-08-10
isfahan-central-lab-system,isfahan,آزمایشگاه مرکزی,laboratory,,unit-service,https://research.ui.ac.ir/,verified,2026-08-10
isfahan-journals,isfahan,سامانه نشریات,journals,,unit-service,https://research.ui.ac.ir/,verified,2026-08-10
isfahan-library-search,isfahan,جستجو در کتابخانه,library,,unit-service,https://research.ui.ac.ir/,verified,2026-08-10
isfahan-nan,isfahan,سامانه نان,national,,unit-service,https://research.ui.ac.ir/,verified,2026-08-10
isfahan-research-system,isfahan,سامانه پژوهش,research,,unit-service,https://research.ui.ac.ir/,verified,2026-08-10
isfahan-sate,isfahan,سامانه ساتع,national,,unit-service,https://research.ui.ac.ir/,verified,2026-08-10
isfahan-sys-1,isfahan,پرتال کارآفرینی و رشد فناوری,innovation,,,https://research.ui.ac.ir/,verified,2026-08-10
isfahan-thesis,isfahan,سامانه پایان‌نامه,research,,unit-service,https://research.ui.ac.ir/,verified,2026-08-10
kharazmi-ris,kharazmi,سامانه اطلاعات پژوهشی,research,https://ris.khu.ac.ir/,unit-service,https://research.khu.ac.ir/,verified,2026-08-10
kharazmi-scimet,kharazmi,سامانه علم‌سنجی,research,https://scimet.khu.ac.ir/,unit-service,https://research.khu.ac.ir/,verified,2026-08-10
kharazmi-sys-1,kharazmi,سامانه اطلاعات پژوهشی,research,,,https://research.khu.ac.ir/,verified,2026-08-10
kharazmi-sys-2,kharazmi,سامانه علم‌سنجی,research,,,https://research.khu.ac.ir/,verified,2026-08-10
kharazmi-sys-3,kharazmi,سامانه نشریات,journals,,,https://research.khu.ac.ir/,verified,2026-08-10
kharazmi-sys-4,kharazmi,کتابخانه دیجیتال,library,,,https://research.khu.ac.ir/,verified,2026-08-10
allameh-sys-1,allameh,سامانه اخلاق در پژوهش,research,,,https://research.atu.ac.ir/fa,verified,2026-08-10
allameh-sys-2,allameh,کتابخانه دیجیتال,library,,,https://research.atu.ac.ir/fa,verified,2026-08-10
semnan-central-lab,semnan,سامانه آزمایشگاه مرکزی,laboratory,https://centrallab.semnan.ac.ir/,unit-service,https://research.semnan.ac.ir/,verified,2026-08-10
semnan-sampad,semnan,سامانه مدیریت پژوهانه,research,https://sampad.semnan.ac.ir/,unit-service,https://research.semnan.ac.ir/,verified,2026-08-10
semnan-shaa,semnan,شبکه آزمایشگاه‌های علمی ایران (شاعا),national,https://shaa.msrt.ir/,national-related-system,https://research.semnan.ac.ir/,verified,2026-08-10
semnan-sima,semnan,سامانه پژوهشی سیما,research,https://sima.semnan.ac.ir/,unit-service,https://research.semnan.ac.ir/,verified,2026-08-10
semnan-sys-1,semnan,سامانه مدیریت پژوهانه,research,,,https://research.semnan.ac.ir/,verified,2026-08-10
semnan-sys-2,semnan,سامانه پژوهشی سیما,research,,,https://research.semnan.ac.ir/,verified,2026-08-10
semnan-sys-3,semnan,سامانه آزمایشگاه مرکزی,laboratory,,,https://research.semnan.ac.ir/,verified,2026-08-10
semnan-sys-4,semnan,شاعا,national,,,https://research.semnan.ac.ir/,verified,2026-08-10
semnan-sys-5,semnan,پایگاه نشریات و انتشارات,journals,,,https://research.semnan.ac.ir/,verified,2026-08-10
shahid-chamran-ahvaz-sys-1,shahid-chamran-ahvaz,سامانه مدیریت نشریات,journals,,,https://research.scu.ac.ir/,verified,2026-08-10
shahid-chamran-ahvaz-sys-2,shahid-chamran-ahvaz,سامانه اخلاق پژوهش,national,,,https://research.scu.ac.ir/,verified,2026-08-10
qom-conf,qom,سامانه همایش‌های دانشگاه,research,https://conf.qom.ac.ir/,unit-service,https://research.qom.ac.ir/,verified,2026-08-10
qom-journals,qom,سامانه مدیریت نشریات علمی,journals,https://journals.qom.ac.ir/,unit-service,https://research.qom.ac.ir/,verified,2026-08-10
qom-publishing,qom,سامانه انتشارات دانشگاه,publishing,https://book.qom.ac.ir/,unit-service,https://research.qom.ac.ir/,verified,2026-08-10
alzahra-sys-1,alzahra,سامانه تام,innovation,,,https://research.alzahra.ac.ir/,verified,2026-08-10
alzahra-sys-2,alzahra,سامانه اخلاق پژوهش,research,,,https://research.alzahra.ac.ir/,verified,2026-08-10
alzahra-sys-3,alzahra,سامانه کتاب,library,,,https://research.alzahra.ac.ir/,verified,2026-08-10
alzahra-sys-4,alzahra,سامانه نشریات علمی,journals,,,https://research.alzahra.ac.ir/,verified,2026-08-10
alzahra-sys-5,alzahra,جستجوی منابع کتابخانه,library,,,https://research.alzahra.ac.ir/,verified,2026-08-10
iust-sys-1,iust,شبکه آزمایشگاه‌های علمی ایران (شاعا),national,,,https://research.iust.ac.ir/,verified,2026-08-10
iust-sys-2,iust,سامانه‌های مرتبط معاونت,research,,,https://research.iust.ac.ir/,verified,2026-08-10
sharif-sys-1,sharif,سامانه اطلاعات اعضای هیئت علمی,research,,,https://research.sharif.ir/,verified,2026-08-10
sharif-sys-2,sharif,سامانه مدیریت دانش,research,,,https://research.sharif.ir/,verified,2026-08-10
sharif-sys-3,sharif,ICT دانشگاه - لینک مرتبط، نه زیرمجموعه,it-linked,,,https://research.sharif.ir/,verified,2026-08-10
amirkabir-sys-1,amirkabir,جستجوی منابع کتابخانه,library,,,https://research.aut.ac.ir/,verified,2026-08-10
amirkabir-sys-2,amirkabir,کتابخانه دیجیتال,library,,,https://research.aut.ac.ir/,verified,2026-08-10
amirkabir-sys-3,amirkabir,خدمات آزمایشگاه مرکزی,laboratory,,,https://research.aut.ac.ir/,verified,2026-08-10
amirkabir-sys-4,amirkabir,سامانه گرنت,research,,,https://research.aut.ac.ir/,verified,2026-08-10
amirkabir-sys-5,amirkabir,سامانه نشریات,journals,,,https://research.aut.ac.ir/,verified,2026-08-10
kntu-sys-1,kntu,سیستم پژوهشی گلستان,research,,,https://research.kntu.ac.ir/,verified,2026-08-10
kntu-sys-2,kntu,سامانه علم‌سنجی,research,,,https://research.kntu.ac.ir/,verified,2026-08-10
kntu-sys-3,kntu,رزومه اساتید,research,,,https://research.kntu.ac.ir/,verified,2026-08-10
kntu-sys-4,kntu,توانمندی پژوهشی و آزمایشگاهی,laboratory,,,https://research.kntu.ac.ir/,verified,2026-08-10
kntu-sys-5,kntu,شاعا,national,,,https://research.kntu.ac.ir/,verified,2026-08-10
kntu-sys-6,kntu,مرکز فناوری اطلاعات - لینک مرتبط,it-linked,,,https://research.kntu.ac.ir/,verified,2026-08-10
isfahan-technology-sys-1,isfahan-technology,سامانه مپفا,national,,,https://research.iut.ac.ir/,verified,2026-08-10
isfahan-technology-sys-2,isfahan-technology,سامانه ساجد,national,,,https://research.iut.ac.ir/,verified,2026-08-10
isfahan-technology-sys-3,isfahan-technology,سامانه ساتع,national,,,https://research.iut.ac.ir/,verified,2026-08-10
isfahan-technology-sys-4,isfahan-technology,نمایشگاه فناوری دانشگاه,innovation,,,https://research.iut.ac.ir/,verified,2026-08-10
isfahan-technology-sys-5,isfahan-technology,راهبردها و اسناد پژوهش,research,,,https://research.iut.ac.ir/,verified,2026-08-10
qom-technology-sys-1,qom-technology,سامانه علم‌سنجی,research,,,https://qut.ac.ir/fa/researches/index,verified,2026-08-10
qom-technology-sys-2,qom-technology,ERP خدمات پژوهشی,research,,,https://qut.ac.ir/fa/researches/index,verified,2026-08-10
qom-technology-sys-3,qom-technology,فهرست مجلات علمی,journals,,,https://qut.ac.ir/fa/researches/index,verified,2026-08-10
qom-technology-sys-4,qom-technology,HPC - سرویس مرتبط,it-linked,,,https://qut.ac.ir/fa/researches/index,verified,2026-08-10
iran-art-sys-1,iran-art,خدمات IT و هوشمندسازی,it,,,https://research.art.ac.ir/fa,verified,2026-08-10
iran-art-sys-2,iran-art,پرتال کتابخانه,library,,,https://research.art.ac.ir/fa,verified,2026-08-10
iran-art-sys-3,iran-art,پرتال آزمایشگاه مرکزی,laboratory,,,https://research.art.ac.ir/fa,verified,2026-08-10
iran-art-sys-4,iran-art,پرتال ارتباط با جامعه,industry,,,https://research.art.ac.ir/fa,verified,2026-08-10
iran-art-sys-5,iran-art,پرتال انتشارات,publishing,,,https://research.art.ac.ir/fa,verified,2026-08-10
arak-zhiro,arak,سامانه ژیرو,research,https://rd.araku.ac.ir/,unit-service,https://research.araku.ac.ir/,verified,2026-08-10
arak-journals,arak,سامانه نشریات علمی,journals,https://journals.araku.ac.ir/,unit-service,https://research.araku.ac.ir/,verified,2026-08-10
arak-press,arak,سامانه انتشارات,publishing,https://press.araku.ac.ir/,unit-service,https://research.araku.ac.ir/,verified,2026-08-10
arak-sate,arak,سامانه ساتع,industry,https://sate.atf.gov.ir/,national-related-system,https://research.araku.ac.ir/,verified,2026-08-10
iust-scimet,iust,سامانه علم‌سنجی اساتید,research,https://scimet.iust.ac.ir/,unit-service,https://research.iust.ac.ir/,verified,2026-08-10
iust-cv,iust,سامانه رزومه اساتید,research,https://its.iust.ac.ir/,unit-service,https://research.iust.ac.ir/,verified,2026-08-10
iust-golestan,iust,سامانه جامع گلستان,research,https://golestan.iust.ac.ir/,unit-service,https://research.iust.ac.ir/,verified,2026-08-10
iust-nan,iust,سامانه نان,innovation,https://nan.ac/,national-related-system,https://research.iust.ac.ir/,verified,2026-08-10
iust-shaa,iust,سامانه شاعا,national,https://emshaa.msrt.ir/,national-related-system,https://research.iust.ac.ir/,verified,2026-08-10
iust-sate,iust,سامانه ساتع,industry,https://sate.atf.gov.ir/,national-related-system,https://research.iust.ac.ir/,verified,2026-08-10
iust-mapfa,iust,سامانه مپفا,industry,https://mapfa.msrt.ir/,national-related-system,https://research.iust.ac.ir/,verified,2026-08-10
iust-sajed,iust,سامانه ساجد,industry,https://sajed.msrt.ir/,national-related-system,https://research.iust.ac.ir/,verified,2026-08-10
iust-jcr,iust,سامانه نشریات علمی ISC,journals,https://jcr.isc.ac/,national-related-system,https://research.iust.ac.ir/,verified,2026-08-10
shahed-library-search,shahed,جستجوی منابع کتابخانه (KDR),library,https://lib.shahed.ac.ir/,unit-service,https://library.shahed.ac.ir/,verified,2026-08-10
shahed-scimet,shahed,سامانه علم‌سنجی دانشگاه شاهد (سایمت),research,https://scimet.shahed.ac.ir/,unit-service,https://library.shahed.ac.ir/,verified,2026-08-10
shahed-megapaper,shahed,سامانه تأمین مدارک علمی مگاپیپر,library,https://megapaper.ir/,linked-from-portal,https://library.shahed.ac.ir/,verified,2026-08-10
ferdowsi-discovery-system-902fee1eaef7,ferdowsi,راهنمایی پارسا (رساله دکتری و پایان نامه کارشناسی ارشد),research,https://vpr.um.ac.ir/index.php/fa/faculty/dissertation-guidance-capacity,research-portal-discovery,https://vpr.um.ac.ir/index.php/fa/faculty/grant2,verified,2026-08-11
shahid-beheshti-discovery-system-825d81952cfd,shahid-beheshti,سامانه‌ها و نرم‌افزارهای معاونت پژوهشی - معاونت پژوهشی و فناوری,research,https://resevp.sbu.ac.ir/systems,research-portal-discovery,https://resevp.sbu.ac.ir/,verified,2026-08-11
shahid-beheshti-discovery-system-7ab3eddd68f9,shahid-beheshti,سامانه‌ها و نرم‌افزارهای معاونت پژوهشی - معاونت پژوهشی و فناوری,research,https://resevp.sbu.ac.ir/fa/systems,research-portal-discovery,https://resevp.sbu.ac.ir/fa/w/%D8%A8%D8%B1%D9%BE%D8%A7%DB%8C%DB%8C-%D8%BA%D8%B1%D9%81%D9%87-%C2%AB%D8%AF%D8%A7%D9%86%D8%B4%D9%85%D9%86%D8%AF%D8%A7%D9%86-%D8%A2%DB%8C%D9%86%D8%AF%D9%87%C2%BB-%D8%A7%D8%B2-%D8%B3%D9%88%DB%8C-%DA%A9%D8%AA%D8%A7%D8%A8%D8%AE%D8%A7%D9%86%D9%87-%D9%85%D8%B1?redirect=%2F,verified,2026-08-11
shahid-beheshti-discovery-system-f06e5cb98344,shahid-beheshti,سامانه‌ها و نرم‌افزارهای معاونت پژوهشی - معاونت پژوهشی و فناوری,research,https://www.sbu.ac.ir/fa/web/resvp/systems,research-portal-discovery,https://www.sbu.ac.ir/fa/web/resvp/regulations,verified,2026-08-11
shiraz-discovery-system-fe995fb82df8,shiraz,سامانه ملی ثبت پروپوزال و پایان نامه / سامانه همانندجو - کتابخانه مرکزی و مرکز اسناد دانشگاه شیراز,library,https://centlib.shirazu.ac.ir/national-system-for-registering-proposals-and-thesis,research-portal-discovery,https://centlib.shirazu.ac.ir/,verified,2026-08-11
shiraz-discovery-system-f430c4e8058a,shiraz,فراخوان حمایت از پایان‌نامه‌های تحصیلات تکمیلی با محوریت چالش‌های بخش آب استان خراسان جنوبی - show-content - معاونت پژوهشی و فناوری,research,https://research.shirazu.ac.ir/-/%D9%81%D8%B1%D8%A7%D8%AE%D9%88%D8%A7%D9%86-%D8%AD%D9%85%D8%A7%DB%8C%D8%AA-%D8%A7%D8%B2-%D9%BE%D8%A7%DB%8C%D8%A7%D9%86%E2%80%8C%D9%86%D8%A7%D9%85%D9%87%E2%80%8C%D9%87%D8%A7%DB%8C-%D8%AA%D8%AD%D8%B5%DB%8C%D9%84%D8%A7%D8%AA-%D8%AA%DA%A9%D9%85%DB%8C%D9%84%DB%8C-%D8%A8%D8%A7-%D9%85%D8%AD%D9%88%D8%B1%DB%8C%D8%AA-%DA%86%D8%A7%D9%84%D8%B4%E2%80%8C%D9%87%D8%A7%DB%8C-%D8%A8%D8%AE%D8%B4-%D8%A7%D8%A8-%D8%A7%D8%B3%D8%AA%D8%A7%D9%86-%D8%AE%D8%B1%D8%A7%D8%B3%D8%A7%D9%86-%D8%AC%D9%86%D9%88%D8%A8%DB%8C,research-portal-discovery,https://research.shirazu.ac.ir/,verified,2026-08-11
shiraz-discovery-system-c3d32ca1f2ea,shiraz,پایگاه های اطلاعاتی پایان نامه - کتابخانه مرکزی و مرکز اسناد دانشگاه شیراز,library,https://centlib.shirazu.ac.ir/thesis,research-portal-discovery,https://centlib.shirazu.ac.ir/,verified,2026-08-11
shiraz-discovery-system-d47a9ca04dca,shiraz,پایان نامه (راهنمای استفاده و تسویه) - کتابخانه مرکزی و مرکز اسناد دانشگاه شیراز,library,https://centlib.shirazu.ac.ir/help-thesis,research-portal-discovery,https://centlib.shirazu.ac.ir/,verified,2026-08-11
shiraz-discovery-system-38dd6185075e,shiraz,پایان نامه ها - کتابخانه مرکزی و مرکز اسناد دانشگاه شیراز,library,https://centlib.shirazu.ac.ir/thesises,research-portal-discovery,https://centlib.shirazu.ac.ir/,verified,2026-08-11
shiraz-discovery-system-f593e55e8b9c,shiraz,مرکز علم سنجی و رتبه بندی دانشگاه - معاونت پژوهشی و فناوری,research,https://research.shirazu.ac.ir/cientometrics_ranks,research-portal-discovery,https://research.shirazu.ac.ir/,verified,2026-08-11
shiraz-discovery-system-4cecdc0da980,shiraz,دکتر هاجر ستوده، رئیس دفتر علم سنجی و ارزیابی مجلات - show-content - معاونت پژوهشی و فناوری,research,https://research.shirazu.ac.ir/-/%D8%AF%DA%A9%D8%AA%D8%B1-%D9%87%D8%A7%D8%AC%D8%B1-%D8%B3%D8%AA%D9%88%D8%AF%D9%87%D8%8C-%D8%B1%D8%A6%DB%8C%D8%B3-%D8%AF%D9%81%D8%AA%D8%B1-%D8%B9%D9%84%D9%85-%D8%B3%D9%86%D8%AC%DB%8C-%D9%88-%D8%A7%D8%B1%D8%B2%DB%8C%D8%A7%D8%A8%DB%8C-%D9%85%D8%AC%D9%84%D8%A7%D8%AA,research-portal-discovery,https://research.shirazu.ac.ir/%D8%AD%D9%88%D8%B2%D9%87-%D9%85%D8%B9%D8%A7%D9%88%D9%86%D8%AA,verified,2026-08-11
shiraz-discovery-system-66c2f604f005,shiraz,سمیه یاری پور، کارشناس مسئول واحد علم سنجی - show-content - معاونت پژوهشی و فناوری,research,https://research.shirazu.ac.ir/-/%D8%B3%D9%85%DB%8C%D9%87-%DB%8C%D8%A7%D8%B1%DB%8C-%D9%BE%D9%88%D8%B1%D8%8C-%DA%A9%D8%A7%D8%B1%D8%B4%D9%86%D8%A7%D8%B3-%D9%85%D8%B3%D8%A6%D9%88%D9%84-%D9%88%D8%A7%D8%AD%D8%AF-%D8%B9%D9%84%D9%85-%D8%B3%D9%86%D8%AC%DB%8C,research-portal-discovery,https://research.shirazu.ac.ir/%D8%AD%D9%88%D8%B2%D9%87-%D9%85%D8%B9%D8%A7%D9%88%D9%86%D8%AA,verified,2026-08-11
razi-discovery-system-b4ff4ed4cfe6,razi,سامانه ها - پرتال اصلی دانشگاه رازی,research,https://razi.ac.ir/systems,research-portal-discovery,https://are.razi.ac.ir/,verified,2026-08-11
razi-discovery-system-5024d3814727,razi,سامانه های تامین اعتبار پژوهشی - معاونت پژوهشی و فناوری,research,https://are.razi.ac.ir/%D8%B3%D8%A7%D9%85%D8%A7%D9%86%D9%87-%D9%87%D8%A7%DB%8C-%D8%AA%D8%A7%D9%85%DB%8C%D9%86-%D8%A7%D8%B9%D8%AA%D8%A8%D8%A7%D8%B1-%D9%BE%DA%98%D9%88%D9%87%D8%B4%DB%8C,research-portal-discovery,https://are.razi.ac.ir/,verified,2026-08-11
razi-discovery-system-5768cfaae5ca,razi,سامانه های تامین اعتبار پژوهشی - معاونت پژوهشی و فناوری,research,https://are.razi.ac.ir/fa/%D8%B3%D8%A7%D9%85%D8%A7%D9%86%D9%87-%D9%87%D8%A7%DB%8C-%D8%AA%D8%A7%D9%85%DB%8C%D9%86-%D8%A7%D8%B9%D8%AA%D8%A8%D8%A7%D8%B1-%D9%BE%DA%98%D9%88%D9%87%D8%B4%DB%8C,research-portal-discovery,https://are.razi.ac.ir/fa/w/%D8%A7%D8%B9%D9%84%D8%A7%D9%85-%D8%B6%D8%B1%DB%8C%D8%A8-%D8%AA%D8%A3%D8%AB%DB%8C%D8%B1-%D9%86%D8%B4%D8%B1%DB%8C%D8%A7%D8%AA-%D8%B9%D9%84%D9%85%DB%8C-%D8%AF%D8%A7%D9%86%D8%B4%DA%AF%D8%A7%D9%87-%D8%AA%D9%88%D8%B3%D8%B7-%D9%85%D9%88%D8%B3%D8%B3%D9%87-%D8%A7?redirect=%2F,verified,2026-08-11
razi-discovery-system-a393d4d23fed,razi,اعلام ضریب تأثیر نشریات علمی دانشگاه توسط موسسه استنادی و پایش علم و فناوری جهان اسلام (ISC) - معاونت پژوهشی و فناوری,journals,https://are.razi.ac.ir/fa/w/%D8%A7%D8%B9%D9%84%D8%A7%D9%85-%D8%B6%D8%B1%DB%8C%D8%A8-%D8%AA%D8%A3%D8%AB%DB%8C%D8%B1-%D9%86%D8%B4%D8%B1%DB%8C%D8%A7%D8%AA-%D8%B9%D9%84%D9%85%DB%8C-%D8%AF%D8%A7%D9%86%D8%B4%DA%AF%D8%A7%D9%87-%D8%AA%D9%88%D8%B3%D8%B7-%D9%85%D9%88%D8%B3%D8%B3%D9%87-%D8%A7?redirect=%2F,research-portal-discovery,https://are.razi.ac.ir/,verified,2026-08-11
mazandaran-discovery-system-8ff0c6cd13f1,mazandaran,بخش پایان‌نامه و اسناد دولتی - research,research,https://umz.ac.ir/web/research/thesis,research-portal-discovery,https://research.umz.ac.ir/library,verified,2026-08-11
imam-khomeini-international-discovery-system-3d97d9238be6,imam-khomeini-international,کسب عنوان برگزیده در بخش «پایان‌نامه‌ها و رساله‌های تقاضامحور سال ۱۴۰۴» توسط دانشجوی دانشگاه - پرتال خبری دانشگاه بین المللی امام خمینی(ره),research,https://ikiu.ac.ir/fa/web/news_portal/w/%DA%A9%D8%B3%D8%A8-%D8%B9%D9%86%D9%88%D8%A7%D9%86-%D8%A8%D8%B1%DA%AF%D8%B2%DB%8C%D8%AF%D9%87-%D8%AF%D8%B1-%D8%A8%D8%AE%D8%B4-%C2%AB%D9%BE%D8%A7%DB%8C%D8%A7%D9%86%E2%80%8C%D9%86%D8%A7%D9%85%D9%87%E2%80%8C%D9%87%D8%A7-%D9%88-%D8%B1%D8%B3%D8%A7%D9%84%D9%87?redirect=%2F,research-portal-discovery,https://ikiu.ac.ir/,verified,2026-08-11
shiraz-discovery-system-31995123bb9c,shiraz,فراخوان حمایت از پایان‌نامه‌های تحصیلات تکمیلی با محوریت چالش‌های بخش آب استان خراسان جنوبی - show-content - معاونت پژوهشی و فناوری,research,https://research.shirazu.ac.ir/ar/-/%D9%81%D8%B1%D8%A7%D8%AE%D9%88%D8%A7%D9%86-%D8%AD%D9%85%D8%A7%DB%8C%D8%AA-%D8%A7%D8%B2-%D9%BE%D8%A7%DB%8C%D8%A7%D9%86%E2%80%8C%D9%86%D8%A7%D9%85%D9%87%E2%80%8C%D9%87%D8%A7%DB%8C-%D8%AA%D8%AD%D8%B5%DB%8C%D9%84%D8%A7%D8%AA-%D8%AA%DA%A9%D9%85%DB%8C%D9%84%DB%8C-%D8%A8%D8%A7-%D9%85%D8%AD%D9%88%D8%B1%DB%8C%D8%AA-%DA%86%D8%A7%D9%84%D8%B4%E2%80%8C%D9%87%D8%A7%DB%8C-%D8%A8%D8%AE%D8%B4-%D8%A7%D8%A8-%D8%A7%D8%B3%D8%AA%D8%A7%D9%86-%D8%AE%D8%B1%D8%A7%D8%B3%D8%A7%D9%86-%D8%AC%D9%86%D9%88%D8%A8%DB%8C,research-portal-discovery,https://research.shirazu.ac.ir/ar/home,verified,2026-08-11
isfahan-discovery-system-b46bab23ce5a,isfahan,معاونت پژوهش و فناوری | مرکز پژوهشی پردازش و سامانه های هوشمند,research,https://research.ui.ac.ir/%D9%85%D8%B1%DA%A9%D8%B2-%D9%BE%DA%98%D9%88%D9%87%D8%B4%DB%8C-%D9%BE%D8%B1%D8%AF%D8%A7%D8%B2%D8%B4-%D9%88-%D8%B3%D8%A7%D9%85%D8%A7%D9%86%D9%87-%D9%87%D8%A7%DB%8C-%D9%87%D9%88%D8%B4%D9%85%D9%86%D8%AF,research-portal-discovery,https://www.ui.ac.ir/,verified,2026-08-11
isfahan-discovery-system-7704caf15255,isfahan,کتابخانه مرکزی دانشگاه اصفهان | خدمات پژوهشی و پایان نامه,library,https://library.ui.ac.ir/%D8%AE%D8%AF%D9%85%D8%A7%D8%AA-%D9%BE%DA%98%D9%88%D9%87%D8%B4%DB%8C-%D9%88-%D9%BE%D8%A7%DB%8C%D8%A7%D9%86-%D9%86%D8%A7%D9%85%D9%87,research-portal-discovery,https://library.ui.ac.ir/%d8%a2%db%8c%db%8c%d9%86-%d9%86%d8%a7%d9%85%d9%87-%d9%87%d8%a7-%d9%88-%d9%81%d8%b1%d9%85-%d9%87%d8%a7-%d8%ac%d9%87%d8%aa-%d9%84%db%8c%d9%86%da%a9,verified,2026-08-11
isfahan-discovery-system-15abcfbca16f,isfahan,کتابخانه مرکزی دانشگاه اصفهان | چگونگی بارگذاری پایان نامه در نرم افزار کتابخانه مرکزی دانشگاه اصفهان,library,https://library.ui.ac.ir/%DA%86%DA%AF%D9%88%D9%86%DA%AF%DB%8C-%D8%A8%D8%A7%D8%B1%DA%AF%D8%B0%D8%A7%D8%B1%DB%8C-%D9%BE%D8%A7%DB%8C%D8%A7%D9%86-%D9%86%D8%A7%D9%85%D9%87-%D8%AF%D8%B1-%D9%86%D8%B1%D9%85-%D8%A7%D9%81%D8%B2%D8%A7%D8%B1-%DA%A9%D8%AA%D8%A7%D8%A8%D8%AE%D8%A7%D9%86%D9%87-%D9%85%D8%B1%DA%A9%D8%B2%DB%8C-%D8%AF%D8%A7%D9%86%D8%B4%DA%AF%D8%A7%D9%87-%D8%A7%D8%B5%D9%81%D9%87%D8%A7%D9%86,research-portal-discovery,https://library.ui.ac.ir/%d8%a2%db%8c%db%8c%d9%86-%d9%86%d8%a7%d9%85%d9%87-%d9%87%d8%a7-%d9%88-%d9%81%d8%b1%d9%85-%d9%87%d8%a7-%d8%ac%d9%87%d8%aa-%d9%84%db%8c%d9%86%da%a9,verified,2026-08-11
isfahan-discovery-system-446eb532fd93,isfahan,کتابخانه مرکزی دانشگاه اصفهان | آدرس Email جهت ارسال pdf پایان نامه thesisdl@res.ui.ac.ir,library,https://library.ui.ac.ir/%D8%A2%D8%AF%D8%B1%D8%B3-Email-%D8%AC%D9%87%D8%AA-%D8%A7%D8%B1%D8%B3%D8%A7%D9%84-pdf-%D9%BE%D8%A7%DB%8C%D8%A7%D9%86-%D9%86%D8%A7%D9%85%D9%87-thesisdl@res%C2%B7ui%C2%B7ac%C2%B7ir-,research-portal-discovery,https://library.ui.ac.ir/%d8%a2%db%8c%db%8c%d9%86-%d9%86%d8%a7%d9%85%d9%87-%d9%87%d8%a7-%d9%88-%d9%81%d8%b1%d9%85-%d9%87%d8%a7-%d8%ac%d9%87%d8%aa-%d9%84%db%8c%d9%86%da%a9,verified,2026-08-11
isfahan-discovery-system-c2d2ac1b990d,isfahan,کتابخانه مرکزی دانشگاه اصفهان | اعلام شماره ی شبا جهت بخش پایان نامه ها,library,https://library.ui.ac.ir/%D8%A7%D8%B9%D9%84%D8%A7%D9%85-%D8%B4%D9%85%D8%A7%D8%B1%D9%87-%DB%8C-%D8%B4%D8%A8%D8%A7-%D8%AC%D9%87%D8%AA-%D8%A8%D8%AE%D8%B4-%D9%BE%D8%A7%DB%8C%D8%A7%D9%86-%D9%86%D8%A7%D9%85%D9%87-%D9%87%D8%A7,research-portal-discovery,https://library.ui.ac.ir/%d8%a2%db%8c%db%8c%d9%86-%d9%86%d8%a7%d9%85%d9%87-%d9%87%d8%a7-%d9%88-%d9%81%d8%b1%d9%85-%d9%87%d8%a7-%d8%ac%d9%87%d8%aa-%d9%84%db%8c%d9%86%da%a9,verified,2026-08-11
isfahan-discovery-system-f70c57b97845,isfahan,کتابخانه مرکزی دانشگاه اصفهان | شیوه نامه نگارش پایان نامه/ رساله,library,https://library.ui.ac.ir/%D8%B4%DB%8C%D9%88%D9%87-%D9%86%D8%A7%D9%85%D9%87-%D9%86%DA%AF%D8%A7%D8%B1%D8%B4-%D9%BE%D8%A7%DB%8C%D8%A7%D9%86-%D9%86%D8%A7%D9%85%D9%87%E2%81%84-%D8%B1%D8%B3%D8%A7%D9%84%D9%87,research-portal-discovery,https://library.ui.ac.ir/%d8%a2%db%8c%db%8c%d9%86-%d9%86%d8%a7%d9%85%d9%87-%d9%87%d8%a7-%d9%88-%d9%81%d8%b1%d9%85-%d9%87%d8%a7-%d8%ac%d9%87%d8%aa-%d9%84%db%8c%d9%86%da%a9,verified,2026-08-11
isfahan-discovery-system-716b02d561e8,isfahan,کتابخانه مرکزی دانشگاه اصفهان | حوزه موضوعی پایان نامه ها جهت ثبت در صفحه تصویب نامه لاتین,library,https://library.ui.ac.ir/%D8%AD%D9%88%D8%B2%D9%87-%D9%85%D9%88%D8%B6%D9%88%D8%B9%DB%8C-%D9%BE%D8%A7%DB%8C%D8%A7%D9%86-%D9%86%D8%A7%D9%85%D9%87-%D9%87%D8%A7-%D8%AC%D9%87%D8%AA-%D8%AB%D8%A8%D8%AA-%D8%AF%D8%B1-%D8%B5%D9%81%D8%AD%D9%87-%D8%AA%D8%B5%D9%88%DB%8C%D8%A8-%D9%86%D8%A7%D9%85%D9%87-%D9%84%D8%A7%D8%AA%DB%8C%D9%86,research-portal-discovery,https://library.ui.ac.ir/%d8%a2%db%8c%db%8c%d9%86-%d9%86%d8%a7%d9%85%d9%87-%d9%87%d8%a7-%d9%88-%d9%81%d8%b1%d9%85-%d9%87%d8%a7-%d8%ac%d9%87%d8%aa-%d9%84%db%8c%d9%86%da%a9,verified,2026-08-11
isfahan-discovery-system-ae99900d72ab,isfahan,کتابخانه مرکزی دانشگاه اصفهان | تهیه سی دی پایان نامه/رساله و تحویل به بخش پایان نامه ها,library,https://library.ui.ac.ir/%D8%AA%D9%87%DB%8C%D9%87-%D8%B3%DB%8C-%D8%AF%DB%8C-%D9%BE%D8%A7%DB%8C%D8%A7%D9%86-%D9%86%D8%A7%D9%85%D9%87%E2%81%84%D8%B1%D8%B3%D8%A7%D9%84%D9%87-%D9%88-%D8%AA%D8%AD%D9%88%DB%8C%D9%84-%D8%A8%D9%87-%D8%A8%D8%AE%D8%B4-%D9%BE%D8%A7%DB%8C%D8%A7%D9%86-%D9%86%D8%A7%D9%85%D9%87-%D9%87%D8%A7,research-portal-discovery,https://library.ui.ac.ir/%d8%a2%db%8c%db%8c%d9%86-%d9%86%d8%a7%d9%85%d9%87-%d9%87%d8%a7-%d9%88-%d9%81%d8%b1%d9%85-%d9%87%d8%a7-%d8%ac%d9%87%d8%aa-%d9%84%db%8c%d9%86%da%a9,verified,2026-08-11
isfahan-discovery-system-4e191942eb01,isfahan,کتابخانه مرکزی دانشگاه اصفهان | دریافت قالب پایان نامه مقطع دکتری,library,https://library.ui.ac.ir/%D8%AF%D8%B1%DB%8C%D8%A7%D9%81%D8%AA-%D9%82%D8%A7%D9%84%D8%A8-%D9%BE%D8%A7%DB%8C%D8%A7%D9%86-%D9%86%D8%A7%D9%85%D9%87-%D9%85%D9%82%D8%B7%D8%B9-%D8%AF%DA%A9%D8%AA%D8%B1%DB%8C,research-portal-discovery,https://library.ui.ac.ir/%d8%a2%db%8c%db%8c%d9%86-%d9%86%d8%a7%d9%85%d9%87-%d9%87%d8%a7-%d9%88-%d9%81%d8%b1%d9%85-%d9%87%d8%a7-%d8%ac%d9%87%d8%aa-%d9%84%db%8c%d9%86%da%a9,verified,2026-08-11
isfahan-discovery-system-54edcb215c3d,isfahan,کتابخانه مرکزی دانشگاه اصفهان | دریافت قالب پایان نامه مقطع کارشناسی ارشد,library,https://library.ui.ac.ir/%D8%AF%D8%B1%DB%8C%D8%A7%D9%81%D8%AA-%D9%82%D8%A7%D9%84%D8%A8-%D9%BE%D8%A7%DB%8C%D8%A7%D9%86-%D9%86%D8%A7%D9%85%D9%87-%D9%85%D9%82%D8%B7%D8%B9-%DA%A9%D8%A7%D8%B1%D8%B4%D9%86%D8%A7%D8%B3%DB%8C-%D8%A7%D8%B1%D8%B4%D8%AF,research-portal-discovery,https://library.ui.ac.ir/%d8%a2%db%8c%db%8c%d9%86-%d9%86%d8%a7%d9%85%d9%87-%d9%87%d8%a7-%d9%88-%d9%81%d8%b1%d9%85-%d9%87%d8%a7-%d8%ac%d9%87%d8%aa-%d9%84%db%8c%d9%86%da%a9,verified,2026-08-11
isfahan-discovery-system-b7d0597d9d68,isfahan,معاونت پژوهش و فناوری | آیین نامه های نشریات,journals,https://research.ui.ac.ir/%D8%A2%DB%8C%DB%8C%D9%86-%D9%86%D8%A7%D9%85%D9%87-%D9%87%D8%A7%DB%8C-%D9%86%D8%B4%D8%B1%DB%8C%D8%A7%D8%AA,research-portal-discovery,https://research.ui.ac.ir/,verified,2026-08-11
iasbs-discovery-system-3ce64811cd6e,iasbs,Institute for Advanced Studies in Basic Sciences (IASBS),research,https://iasbs.ac.ir/news-conference?id=871&is-news=1,research-portal-discovery,https://iasbs.ac.ir/,verified,2026-08-11
allameh-discovery-system-c1cfc1a86c65,allameh,سامانه‌های مرتبط با مرکز ارتباط با جامعه و صنعت - معاونت پژوهشی دانشگاه,industry,https://research.atu.ac.ir/fa/page/11034/%D8%B3%D8%A7%D9%85%D8%A7%D9%86%D9%87-%D9%87%D8%A7%DB%8C-%D9%85%D8%B1%D8%AA%D8%A8%D8%B7-%D8%A8%D8%A7-%D9%85%D8%B1%DA%A9%D8%B2-%D8%A7%D8%B1%D8%AA%D8%A8%D8%A7%D8%B7-%D8%A8%D8%A7-%D8%AC%D8%A7%D9%85%D8%B9%D9%87-%D9%88-%D8%B5%D9%86%D8%B9%D8%AA,research-portal-discovery,https://research.atu.ac.ir/fa,verified,2026-08-11
allameh-discovery-system-7e3b948acdcc,allameh,پایان نامه,library,https://library.atu.ac.ir/fa/tag/12145/%D9%BE%D8%A7%DB%8C%D8%A7%D9%86+%D9%86%D8%A7%D9%85%D9%87,research-portal-discovery,https://library.atu.ac.ir/fa/page/10877/%D8%B4%D8%B1%D8%A7%DB%8C%D8%B7-%D8%AA%D8%B3%D9%88%DB%8C%D9%87-%D8%AD%D8%B3%D8%A7%D8%A8-%D9%88-%D8%AA%D8%AD%D9%88%DB%8C%D9%84-%D8%BA%DB%8C%D8%B1%D8%AD%D8%B6%D9%88%D8%B1%DB%8C-%D9%BE%D8%A7%DB%8C%D8%A7%D9%86-%D9%86%D8%A7%D9%85%D9%87-%D8%B1%D8%B3%D8%A7%D9%84%D9%87-%D8%A8%D9%87-%DA%A9%D8%AA%D8%A7%D8%A8%D8%AE%D8%A7%D9%86%D9%87-%D9%85%D8%B1%DA%A9%D8%B2%DB%8C-%D9%88-%D9%85%D8%B1%DA%A9%D8%B2-%D8%A7%D8%B3%D9%86%D8%A7%D8%AF,verified,2026-08-11
allameh-discovery-system-8cbbce08faa3,allameh,تبدیل پایان نامه و رساله به کتاب,research,https://research.atu.ac.ir/fa/form/7/%D8%AA%D8%A8%D8%AF%DB%8C%D9%84-%D9%BE%D8%A7%DB%8C%D8%A7%D9%86-%D9%86%D8%A7%D9%85%D9%87-%D9%88-%D8%B1%D8%B3%D8%A7%D9%84%D9%87-%D8%A8%D9%87-%DA%A9%D8%AA%D8%A7%D8%A8,research-portal-discovery,https://research.atu.ac.ir/fa,verified,2026-08-11
allameh-discovery-system-413332cd83f6,allameh,شرایط تسویه‌حساب و تحویل غیرحضوری پایان‌نامه/ رساله به کتابخانه مرکزی و مرکز اسناد - کتابخانه مرکزی و مرکز اسناد دانشگاه,library,https://library.atu.ac.ir/fa/page/10877/%D8%B4%D8%B1%D8%A7%DB%8C%D8%B7-%D8%AA%D8%B3%D9%88%DB%8C%D9%87-%D8%AD%D8%B3%D8%A7%D8%A8-%D9%88-%D8%AA%D8%AD%D9%88%DB%8C%D9%84-%D8%BA%DB%8C%D8%B1%D8%AD%D8%B6%D9%88%D8%B1%DB%8C-%D9%BE%D8%A7%DB%8C%D8%A7%D9%86-%D9%86%D8%A7%D9%85%D9%87-%D8%B1%D8%B3%D8%A7%D9%84%D9%87-%D8%A8%D9%87-%DA%A9%D8%AA%D8%A7%D8%A8%D8%AE%D8%A7%D9%86%D9%87-%D9%85%D8%B1%DA%A9%D8%B2%DB%8C-%D9%88-%D9%85%D8%B1%DA%A9%D8%B2-%D8%A7%D8%B3%D9%86%D8%A7%D8%AF,research-portal-discovery,https://library.atu.ac.ir/fa,verified,2026-08-11
shahid-bahonar-kerman-discovery-system-23e7ad5cfc0f,shahid-bahonar-kerman,راهنمای نگارش پایان نامه و رساله - گروه تحصیلات تکمیلی,research,https://hiedu.uk.ac.ir/%D8%B1%D8%A7%D9%87%D9%86%D9%85%D8%A7%DB%8C-%D9%86%DA%AF%D8%A7%D8%B1%D8%B4-%D9%BE%D8%A7%DB%8C%D8%A7%D9%86-%D9%86%D8%A7%D9%85%D9%87-%D9%88-%D8%B1%D8%B3%D8%A7%D9%84%D9%87,research-portal-discovery,https://uk.ac.ir/,verified,2026-08-11
urmia-discovery-system-d3092ca22c20,urmia,راه اندازی سامانه پژوهشیار,research,https://pajuheshi.urmia.ac.ir/fa/news/13918/%D8%B1%D8%A7%D9%87-%D8%A7%D9%86%D8%AF%D8%A7%D8%B2%DB%8C-%D8%B3%D8%A7%D9%85%D8%A7%D9%86%D9%87-%D9%BE%DA%98%D9%88%D9%87%D8%B4%DB%8C%D8%A7%D8%B1-,research-portal-discovery,https://pajuheshi.urmia.ac.ir/fa,verified,2026-08-11
urmia-discovery-system-85deb6f3998e,urmia,دانلودها - پایان نامه رساله تقاضا محور,research,https://pajuheshi.urmia.ac.ir/fa/download/category/370/%D9%BE%D8%A7%DB%8C%D8%A7%D9%86-%D9%86%D8%A7%D9%85%D9%87-%D8%B1%D8%B3%D8%A7%D9%84%D9%87-%D8%AA%D9%82%D8%A7%D8%B6%D8%A7-%D9%85%D8%AD%D9%88%D8%B1,research-portal-discovery,https://pajuheshi.urmia.ac.ir/fa/download/category/369,verified,2026-08-11
urmia-discovery-system-6b689f3dbc40,urmia,تیپ قرارداد حمایت از پایان نامه خام - معاونت پژوهش و فن‌آوری,research,https://pajuheshi.urmia.ac.ir/fa/download/2751/%D8%AA%DB%8C%D9%BE-%D9%82%D8%B1%D8%A7%D8%B1%D8%AF%D8%A7%D8%AF-%D8%AD%D9%85%D8%A7%DB%8C%D8%AA-%D8%A7%D8%B2-%D9%BE%D8%A7%DB%8C%D8%A7%D9%86-%D9%86%D8%A7%D9%85%D9%87-%D8%AE%D8%A7%D9%85,research-portal-discovery,https://pajuheshi.urmia.ac.ir/fa/download/category/369,verified,2026-08-11
urmia-discovery-system-865ae7b11cd1,urmia,راهنمای ثبت TRL در سامانه ایران تک هاب - معاونت پژوهش و فن‌آوری,research,https://pajuheshi.urmia.ac.ir/fa/download/2426/%D8%B1%D8%A7%D9%87%D9%86%D9%85%D8%A7%DB%8C-%D8%AB%D8%A8%D8%AA-trl-%D8%AF%D8%B1-%D8%B3%D8%A7%D9%85%D8%A7%D9%86%D9%87-%D8%A7%DB%8C%D8%B1%D8%A7%D9%86-%D8%AA%DA%A9-%D9%87%D8%A7%D8%A8,research-portal-discovery,https://pajuheshi.urmia.ac.ir/fa/download/category/325,verified,2026-08-11
semnan-discovery-system-bc0ac25a5e8c,semnan,راهنمای تسویه حساب پایان نامه برای دانشجویانی که دفاع و ارسال پایان نامه آنها خارج از سامانه گلستان می باشد. | کتابخانه مرکزی و مرکز اسناد دانشگاه سمنان,library,https://lib.semnan.ac.ir/%D8%B1%D8%A7%D9%87%D9%86%D9%85%D8%A7%DB%8C-%D8%AA%D8%B3%D9%88%DB%8C%D9%87-%D8%AD%D8%B3%D8%A7%D8%A8-%D9%BE%D8%A7%DB%8C%D8%A7%D9%86-%D9%86%D8%A7%D9%85%D9%87-%D8%A8%D8%B1%D8%A7%DB%8C-%D8%AF%D8%A7%D9%86%D8%B4%D8%AC%D9%88%DB%8C%D8%A7%D9%86%DB%8C-%DA%A9%D9%87-%D8%AF%D9%81%D8%A7%D8%B9-%D9%88-%D8%A7%D8%B1%D8%B3%D8%A7%D9%84-%D9%BE%D8%A7%DB%8C%D8%A7%D9%86-%D9%86%D8%A7%D9%85%D9%87-%D8%A2%D9%86%D9%87%D8%A7-%D8%AE%D8%A7%D8%B1%D8%AC-%D8%A7%D8%B2-%D8%B3%D8%A7%D9%85%D8%A7%D9%86%D9%87-%DA%AF%D9%84%D8%B3%D8%AA%D8%A7%D9%86-%D9%85%DB%8C-%D8%A8%D8%A7%D8%B4%D8%AF%C2%B7,research-portal-discovery,https://lib.semnan.ac.ir/,verified,2026-08-11
semnan-discovery-system-3bf2d09e8e02,semnan,درخشش دانشکده مهندسی مکانیک دانشگاه سمنان؛ پایان‌نامه دانشجوی کارشناسی برگزیده انجمن مهندسان مکانیک ایران شد | معاونت پژوهش و فناوری دانشگاه سمنان,research,https://research.semnan.ac.ir/%D9%87%D9%85%D9%87-%D8%A7%D8%AE%D8%A8%D8%A7%D8%B1/%D8%AF%D8%B1%D8%AE%D8%B4%D8%B4-%D8%AF%D8%A7%D9%86%D8%B4%DA%A9%D8%AF%D9%87-%D9%85%D9%87%D9%86%D8%AF%D8%B3%DB%8C-%D9%85%DA%A9%D8%A7%D9%86%DB%8C%DA%A9-%D8%AF%D8%A7%D9%86%D8%B4%DA%AF%D8%A7%D9%87-%D8%B3%D9%85%D9%86%D8%A7%D9%86%D8%9B-%D9%BE%D8%A7%DB%8C%D8%A7%D9%86%E2%80%8C%D9%86%D8%A7%D9%85%D9%87-%D8%AF%D8%A7%D9%86%D8%B4%D8%AC%D9%88%DB%8C-%DA%A9%D8%A7%D8%B1%D8%B4%D9%86%D8%A7%D8%B3%DB%8C-%D8%A8%D8%B1%DA%AF%D8%B2%DB%8C%D8%AF%D9%87-%D8%A7%D9%86%D8%AC%D9%85%D9%86-%D9%85%D9%87%D9%86%D8%AF%D8%B3%D8%A7%D9%86-%D9%85%DA%A9%D8%A7%D9%86%DB%8C%DA%A9-%D8%A7%DB%8C%D8%B1%D8%A7%D9%86-%D8%B4%D8%AF,research-portal-discovery,https://research.semnan.ac.ir/,verified,2026-08-11
semnan-discovery-system-d91b3b30a4cf,semnan,نشریات علمی | معاونت پژوهش و فناوری دانشگاه سمنان,journals,https://research.semnan.ac.ir/%D9%86%D8%B4%D8%B1%DB%8C%D8%A7%D8%AA-%D8%B9%D9%84%D9%85%DB%8C,research-portal-discovery,https://research.semnan.ac.ir/,verified,2026-08-11
semnan-discovery-system-e57e37311228,semnan,سامانه ایده ها و نیازها (نان) | معاونت پژوهش و فناوری دانشگاه سمنان,research,https://research.semnan.ac.ir/%D8%B3%D8%A7%D9%85%D8%A7%D9%86%D9%87-%D8%A7%DB%8C%D8%AF%D9%87-%D9%87%D8%A7-%D9%88-%D9%86%DB%8C%D8%A7%D8%B2%D9%87%D8%A7-(%D9%86%D8%A7%D9%86),research-portal-discovery,https://research.semnan.ac.ir/,verified,2026-08-11
semnan-discovery-system-1474d6379c52,semnan,اداره نشریات | اداره چاپ و انتشارات دانشگاه سمنان,journals,https://publication.semnan.ac.ir/,research-portal-discovery,https://research.semnan.ac.ir/,verified,2026-08-11
sistan-baluchestan-discovery-system-e5115c5f871d,sistan-baluchestan,مراحل نگارش و ثبت پایان نامه و رساله در سامانه بهستان و ایرانداک > دانشگاه سیستان و بلوچستان,research,https://www.usb.ac.ir/News/ID/23343,research-portal-discovery,https://www.usb.ac.ir/,verified,2026-08-11
sistan-baluchestan-discovery-system-f5851c514431,sistan-baluchestan,دانشگاه سیستان و بلوچستان > آموزش > تحصیلات تکمیلی > قوانین نگارش پایان نامه,research,https://www.usb.ac.ir/%D8%A2%D9%85%D9%88%D8%B2%D8%B4/%D8%AA%D8%AD%D8%B5%DB%8C%D9%84%D8%A7%D8%AA-%D8%AA%DA%A9%D9%85%DB%8C%D9%84%DB%8C/%D9%82%D9%88%D8%A7%D9%86%DB%8C%D9%86-%D9%86%DA%AF%D8%A7%D8%B1%D8%B4-%D9%BE%D8%A7%DB%8C%D8%A7%D9%86-%D9%86%D8%A7%D9%85%D9%87,research-portal-discovery,https://www.usb.ac.ir/,verified,2026-08-11
sistan-baluchestan-discovery-system-d0bd34d13b66,sistan-baluchestan,حمایت از طرح و پایان نامه ها,research,https://www.usb.ac.ir/%D9%85%D8%B9%D8%A7%D9%88%D9%86%D8%AA-%D9%87%D8%A7/%D9%85%D8%B9%D8%A7%D9%88%D9%86%D8%AA-%D9%BE%DA%98%D9%88%D9%87%D8%B4%DB%8C-%D9%88-%D9%81%D9%86%D8%A7%D9%88%D8%B1%DB%8C/%D8%AF%D9%81%D8%AA%D8%B1-%D8%A7%D8%B1%D8%AA%D8%A8%D8%A7%D8%B7-%D8%A8%D8%A7-%D8%B5%D9%86%D8%B9%D8%AA/%D8%AD%D9%85%D8%A7%DB%8C%D8%AA-%D8%A7%D8%B2-%D8%B7%D8%B1%D8%AD-%D9%88-%D9%BE%D8%A7%DB%8C%D8%A7%D9%86-%D9%86%D8%A7%D9%85%D9%87-%D9%87%D8%A7,research-portal-discovery,https://www.usb.ac.ir/%D9%85%D8%B9%D8%A7%D9%88%D9%86%D8%AA-%D9%87%D8%A7/%D9%85%D8%B9%D8%A7%D9%88%D9%86%D8%AA-%D9%81%D8%B1%D9%87%D9%86%DA%AF%DB%8C-%D9%88-%D8%A7%D8%AC%D8%AA%D9%85%D8%A7%D8%B9%DB%8C/%D9%81%D8%B1%D9%85-%D9%87%D8%A7,verified,2026-08-11
sistan-baluchestan-discovery-system-d09307d8f7e4,sistan-baluchestan,بخش نامه ها، نشریات و آیین نامه ها,journals,https://www.usb.ac.ir/%D9%85%D8%B9%D8%A7%D9%88%D9%86%D8%AA-%D9%87%D8%A7/%D9%85%D8%B9%D8%A7%D9%88%D9%86%D8%AA-%D8%B7%D8%B1%D8%AD-%D9%88-%D8%AA%D9%88%D8%B3%D8%B9%D9%87/%D8%B3%D8%A7%DB%8C%D8%B1-%D8%A7%D8%B7%D9%84%D8%A7%D8%B9%D8%A7%D8%AA/%D8%A8%D8%AE%D8%B4-%D9%86%D8%A7%D9%85%D9%87-%D9%87%D8%A7-%D9%86%D8%B4%D8%B1%DB%8C%D8%A7%D8%AA-%D9%88-%D8%A2%DB%8C%DB%8C%D9%86-%D9%86%D8%A7%D9%85%D9%87-%D9%87%D8%A7,research-portal-discovery,https://www.usb.ac.ir/%D9%85%D8%B9%D8%A7%D9%88%D9%86%D8%AA-%D9%87%D8%A7/%D9%85%D8%B9%D8%A7%D9%88%D9%86%D8%AA-%D9%81%D8%B1%D9%87%D9%86%DA%AF%DB%8C-%D9%88-%D8%A7%D8%AC%D8%AA%D9%85%D8%A7%D8%B9%DB%8C/%D9%81%D8%B1%D9%85-%D9%87%D8%A7,verified,2026-08-11
sistan-baluchestan-discovery-system-4dff1d69f4b5,sistan-baluchestan,سامانه قوانین و مقررات (آئین نامه‌ها، فرایندها، فرم‌ها، راهنماها),research,https://www.usb.ac.ir/academics/process,research-portal-discovery,https://www.usb.ac.ir/%D9%85%D8%B9%D8%A7%D9%88%D9%86%D8%AA-%D9%87%D8%A7/%D9%85%D8%B9%D8%A7%D9%88%D9%86%D8%AA-%D9%81%D8%B1%D9%87%D9%86%DA%AF%DB%8C-%D9%88-%D8%A7%D8%AC%D8%AA%D9%85%D8%A7%D8%B9%DB%8C/%D9%81%D8%B1%D9%85-%D9%87%D8%A7,verified,2026-08-11
yazd-discovery-system-3e10833660e2,yazd,دانشگاه یزد - پژوهشکده سامانه‌های هوشمند,research,https://yazd.ac.ir/offices/research/deputy/technology/sections/centers/institutes/intelligent/introduction,research-portal-discovery,https://yazd.ac.ir/offices/research/home/introduction,verified,2026-08-11
yazd-discovery-system-6d95bfb64d3c,yazd,هسته علمی سامانه‌های پشتیبان در توسعه سلامت,research,https://yazd.ac.ir/offices/research/deputy/research/core/sshd,research-portal-discovery,https://yazd.ac.ir/offices/research/deputy/research/journal,verified,2026-08-11
yazd-discovery-system-f63e4d8831da,yazd,دانشگاه یزد - قوانین نگارش پایان‌نامه,research,https://yazd.ac.ir/offices/educational/deputy/graduate/information/thesis,research-portal-discovery,https://yazd.ac.ir/offices/research/home/introduction,verified,2026-08-11
yazd-discovery-system-8c516add9cb1,yazd,دانشگاه یزد - اداره نشریات علمی و انتشارات,journals,https://yazd.ac.ir/offices/research/deputy/publications/introduction,research-portal-discovery,https://yazd.ac.ir/offices/research/home/introduction,verified,2026-08-11
mohaghegh-ardabili-discovery-system-d91166374ef6,mohaghegh-ardabili,سامانه آزمون زبان,research,https://services.uma.ac.ir/lpt,research-portal-discovery,https://uma.ac.ir/find.php?item=8.270.2596.fa,verified,2026-08-11
kashan-discovery-system-d3c28135125f,kashan,فراخوان حمایت از پایان نامه های تحصیلات تکمیلی,research,https://research.kashanu.ac.ir/fa/news/21756/%D9%81%D8%B1%D8%A7%D8%AE%D9%88%D8%A7%D9%86-%D8%AD%D9%85%D8%A7%DB%8C%D8%AA-%D8%A7%D8%B2-%D9%BE%D8%A7%DB%8C%D8%A7%D9%86-%D9%86%D8%A7%D9%85%D9%87-%D9%87%D8%A7%DB%8C-%D8%AA%D8%AD%D8%B5%DB%8C%D9%84%D8%A7%D8%AA-%D8%AA%DA%A9%D9%85%DB%8C%D9%84%DB%8C,research-portal-discovery,https://research.kashanu.ac.ir/fa,verified,2026-08-11
shahrekord-discovery-system-981cdde681cd,shahrekord,حمایت شرکت فولاد مباركه از رساله‌ها و پايان نامه‌هاي مقاطع كارشناسي ارشد و دكتري دانشجويان دانشگاه شهركرد,research,https://www.sku.ac.ir/Vice-President/research/News/5708/%D8%AD%D9%85%D8%A7%DB%8C%D8%AA-%D8%B4%D8%B1%DA%A9%D8%AA-%D9%81%D9%88%D9%84%D8%A7%D8%AF-%D9%85%D8%A8%D8%A7%D8%B1%D9%83%D9%87-%D8%A7%D8%B2-%D8%B1%D8%B3%D8%A7%D9%84%D9%87%E2%80%8C%D9%87%D8%A7-%D9%88-%D9%BE%D8%A7%D9%8A%D8%A7%D9%86-%D9%86%D8%A7%D9%85%D9%87%E2%80%8C%D9%87%D8%A7%D9%8A-%D9%85%D9%82%D8%A7%D8%B7%D8%B9-%D9%83%D8%A7%D8%B1%D8%B4%D9%86%D8%A7%D8%B3%D9%8A-%D8%A7%D8%B1%D8%B4%D8%AF-%D9%88-%D8%AF%D9%83%D8%AA%D8%B1%D9%8A-%D8%AF%D8%A7%D9%86%D8%B4%D8%AC%D9%88%D9%8A%D8%A7%D9%86-%D8%AF%D8%A7%D9%86%D8%B4%DA%AF%D8%A7%D9%87-%D8%B4%D9%87%D8%B1%D9%83%D8%B1%D8%AF,research-portal-discovery,https://www.sku.ac.ir/Vice-President/research,verified,2026-08-11
shahrekord-discovery-system-0953e1b0030f,shahrekord,کارگاه فتوشاپ، طراحی و صفحه آرایی نشریات دانشگاهی,journals,https://sku.ac.ir/Vice-President/cultural/News/4227/%DA%A9%D8%A7%D8%B1%DA%AF%D8%A7%D9%87-%D9%81%D8%AA%D9%88%D8%B4%D8%A7%D9%BE%D8%8C-%D8%B7%D8%B1%D8%A7%D8%AD%DB%8C-%D9%88-%D8%B5%D9%81%D8%AD%D9%87-%D8%A2%D8%B1%D8%A7%DB%8C%DB%8C-%D9%86%D8%B4%D8%B1%DB%8C%D8%A7%D8%AA-%D8%AF%D8%A7%D9%86%D8%B4%DA%AF%D8%A7%D9%87%DB%8C,research-portal-discovery,https://sku.ac.ir/,verified,2026-08-11
shahrekord-discovery-system-4d9e04b829f9,shahrekord,برگزاری کارگاه روزنامه نگاری و مقاله نویسی مصوب شورای مرکزی ناظر بر نشریات دانشگاهی,journals,https://sku.ac.ir/Vice-President/cultural/News/4226/%D8%A8%D8%B1%DA%AF%D8%B2%D8%A7%D8%B1%DB%8C-%DA%A9%D8%A7%D8%B1%DA%AF%D8%A7%D9%87-%D8%B1%D9%88%D8%B2%D9%86%D8%A7%D9%85%D9%87-%D9%86%DA%AF%D8%A7%D8%B1%DB%8C-%D9%88-%D9%85%D9%82%D8%A7%D9%84%D9%87-%D9%86%D9%88%DB%8C%D8%B3%DB%8C-%D9%85%D8%B5%D9%88%D8%A8-%D8%B4%D9%88%D8%B1%D8%A7%DB%8C-%D9%85%D8%B1%DA%A9%D8%B2%DB%8C-%D9%86%D8%A7%D8%B8%D8%B1-%D8%A8%D8%B1-%D9%86%D8%B4%D8%B1%DB%8C%D8%A7%D8%AA-%D8%AF%D8%A7%D9%86%D8%B4%DA%AF%D8%A7%D9%87%DB%8C,research-portal-discovery,https://sku.ac.ir/,verified,2026-08-11
shahrekord-discovery-system-f9c05de4abdd,shahrekord,کلاسهای درسی تابستان (ورود به سامانه),research,https://sku.ac.ir/Announcement/7170/%DA%A9%D9%84%D8%A7%D8%B3%D9%87%D8%A7%DB%8C-%D8%AF%D8%B1%D8%B3%DB%8C-%D8%AA%D8%A7%D8%A8%D8%B3%D8%AA%D8%A7%D9%86-(%D9%88%D8%B1%D9%88%D8%AF-%D8%A8%D9%87-%D8%B3%D8%A7%D9%85%D8%A7%D9%86%D9%87),research-portal-discovery,https://sku.ac.ir/,verified,2026-08-11
qom-discovery-system-901843076617,qom,معاونت پژوهشی دانشگاه قم - سامانه علم سنجی اعضای هیات علمی,research,https://research.qom.ac.ir/%D8%B3%D8%A7%D9%85%D8%A7%D9%86%D9%87-%D8%B9%D9%84%D9%85-%D8%B3%D9%86%D8%AC%DB%8C-%D8%A7%D8%B9%D8%B6%D8%A7%DB%8C-%D9%87%DB%8C%D8%A7%D8%AA-%D8%B9%D9%84%D9%85%DB%8C,research-portal-discovery,https://research.qom.ac.ir/,verified,2026-08-11
qom-discovery-system-10bd83f88981,qom,معاونت پژوهشی دانشگاه قم - حمایت از پایان نامه های تحصیلات تکمیلی,research,https://research.qom.ac.ir/%D8%AD%D9%85%D8%A7%DB%8C%D8%AA-%D8%A7%D8%B2-%D9%BE%D8%A7%DB%8C%D8%A7%D9%86-%D9%86%D8%A7%D9%85%D9%87-%D9%87%D8%A7%DB%8C-%D8%AA%D8%AD%D8%B5%DB%8C%D9%84%D8%A7%D8%AA-%D8%AA%DA%A9%D9%85%DB%8C%D9%84%DB%8C,research-portal-discovery,https://research.qom.ac.ir/,verified,2026-08-11
imam-khomeini-international-discovery-system-e6489d985d1e,imam-khomeini-international,سامانه بانک جامع نرم افزاری - مدیریت فناوری اطلاعات و ارتباطات,it,https://ict.ikiu.ac.ir/%D8%B3%D8%A7%D9%85%D8%A7%D9%86%D9%87-%D8%A8%D8%A7%D9%86%DA%A9-%D8%AC%D8%A7%D9%85%D8%B9-%D9%86%D8%B1%D9%85-%D8%A7%D9%81%D8%B2%D8%A7%D8%B1%DB%8C,research-portal-discovery,https://ict.ikiu.ac.ir/,verified,2026-08-11
imam-khomeini-international-discovery-system-0d638c7259ca,imam-khomeini-international,شورای نشریات علمی - معاونت پژوهشی و فناوری,journals,https://research.ikiu.ac.ir/%D8%B4%D9%88%D8%B1%D8%A7%DB%8C-%D9%86%D8%B4%D8%B1%DB%8C%D8%A7%D8%AA-%D8%B9%D9%84%D9%85%DB%8C,research-portal-discovery,https://research.ikiu.ac.ir/,verified,2026-08-11
imam-khomeini-international-discovery-system-413e953e756b,imam-khomeini-international,کسب رتبه برتر چهار نشریه علمی دانشگاه در میان نشریات برتر کشور - پرتال خبری دانشگاه بین المللی امام خمینی(ره),journals,https://research.ikiu.ac.ir/fa/web/news_portal/w/%DA%A9%D8%B3%D8%A8-%D8%B1%D8%AA%D8%A8%D9%87-%D8%A8%D8%B1%D8%AA%D8%B1%C2%A0-%DA%86%D9%87%D8%A7%D8%B1-%D9%86%D8%B4%D8%B1%DB%8C%D9%87-%D8%B9%D9%84%D9%85%DB%8C-%D8%AF%D8%A7%D9%86%D8%B4%DA%AF%D8%A7%D9%87-%D8%AF%D8%B1-%D9%85%DB%8C%D8%A7%D9%86-%D9%86%D8%B4%D8%B1?redirect=%2Ffa%2Fweb%2Fnews_portal%2F%25D9%2585%25D8%25B9%25D8%25A7%25D9%2588%25D9%2586%25D8%25AA-%25D9%25BE%25DA%2598%25D9%2588%25D9%2587%25D8%25B4%25DB%258C-%25D9%2588-%25D9%2581%25D9%2586%25D8%25A7%25D9%2588%25D8%25B1%25DB%258C1,research-portal-discovery,https://research.ikiu.ac.ir/fa/web/news_portal/%D9%85%D8%B9%D8%A7%D9%88%D9%86%D8%AA-%D9%BE%DA%98%D9%88%D9%87%D8%B4%DB%8C-%D9%88-%D9%81%D9%86%D8%A7%D9%88%D8%B1%DB%8C1,verified,2026-08-11
zanjan-discovery-system-5bf3a2fb4eb7,zanjan,خدمات و فرآیندها - دانشگاه زنجان,research,https://systems.znu.ac.ir/,research-portal-discovery,https://znu.ac.ir/,verified,2026-08-11
zanjan-discovery-system-b070e7bd5b5b,zanjan,معاونت آموزشي - دانشگاه زنجان | University of zanjan,research,https://education.znu.ac.ir/systems/,research-portal-discovery,https://znu.ac.ir/,verified,2026-08-11
zanjan-discovery-system-cf09bab0af2b,zanjan,معاونت آموزشي - دانشگاه زنجان | University of zanjan,research,https://education.znu.ac.ir/systems/application-guide-proposed-registration-master-thesis-doctoral-thesis-edu,research-portal-discovery,https://education.znu.ac.ir/systems/,verified,2026-08-11
zanjan-discovery-system-36addd6a28eb,zanjan,مدیریت امور پژوهشی - دانشگاه زنجان | University of zanjan,journals,https://resmng.znu.ac.ir/page/,research-portal-discovery,https://resmng.znu.ac.ir/rules/pay-services-from-research-site,verified,2026-08-11
zanjan-discovery-system-abb61c9055ac,zanjan,معاونت آموزشي - دانشگاه زنجان | University of zanjan,research,https://education.znu.ac.ir/systems/i-have-recorded-diagnoses-perceptions-principles-samana-golestan-edu,research-portal-discovery,https://education.znu.ac.ir/systems/,verified,2026-08-11
zanjan-discovery-system-3c510f9992c6,zanjan,مدیریت امور فناوری و ارتباط با جامعه - دانشگاه زنجان | University of zanjan,research,https://tacs.znu.ac.ir/rules/support-student-theses,research-portal-discovery,https://research.znu.ac.ir/rules,verified,2026-08-11
zanjan-discovery-system-714ea68c325b,zanjan,مدیریت امور پژوهشی - دانشگاه زنجان | University of zanjan,research,https://resmng.znu.ac.ir/rules/pay-services-from-research-site,research-portal-discovery,https://research.znu.ac.ir/rules,verified,2026-08-11
zanjan-discovery-system-41987b3bde2f,zanjan,معاونت پژوهش و فناوری - دانشگاه زنجان | University of zanjan,research,https://research.znu.ac.ir/services/user-help-it,research-portal-discovery,https://research.znu.ac.ir/services,verified,2026-08-11
zanjan-discovery-system-df12791b2602,zanjan,معاونت پژوهش و فناوری - دانشگاه زنجان | University of zanjan,research,https://research.znu.ac.ir/services,research-portal-discovery,https://research.znu.ac.ir/,verified,2026-08-11
zanjan-discovery-system-4e52e76470be,zanjan,معاونت پژوهش و فناوری - دانشگاه زنجان | University of zanjan,research,https://research.znu.ac.ir/services/opportunity-rsr,research-portal-discovery,https://research.znu.ac.ir/services,verified,2026-08-11
zanjan-discovery-system-13b1dc170368,zanjan,معاونت پژوهش و فناوری - دانشگاه زنجان | University of zanjan,research,https://research.znu.ac.ir/services/malekiat-fekri-rsr,research-portal-discovery,https://research.znu.ac.ir/services,verified,2026-08-11
ilam-discovery-system-6e0842c671e6,ilam,.:: حمايت مالي از پايان‌نامه‌هاي تحصيلات تکميلي شرکت گاز استان :: ::.,research,https://ilam.ac.ir/page/?ihwffkuwh-%D8%AD%D9%85%D8%A7%D9%8A%D8%AA-%D9%85%D8%A7%D9%84%D9%8A-%D8%A7%D8%B2-%D9%BE%D8%A7%D9%8A%D8%A7%D9%86%E2%80%8C%D9%86%D8%A7%D9%85%D9%87%E2%80%8C%D9%87%D8%A7%D9%8A-%D8%AA%D8%AD%D8%B5%D9%8A%D9%84%D8%A7%D8%AA-%D8%AA%DA%A9%D9%85%D9%8A%D9%84%D9%8A-%D8%B4%D8%B1%DA%A9%D8%AA-%DA%AF%D8%A7%D8%B2-%D8%A7%D8%B3%D8%AA%D8%A7%D9%86,research-portal-discovery,https://ilam.ac.ir/,verified,2026-08-11
ilam-discovery-system-9a048af5ba04,ilam,.:: معاونت پژوهش و فناوری ::.,research,https://www.ilam.ac.ir/dep/research/news/ihwfhufsw-%D8%A7%D9%81%D8%B2%D8%A7%D9%8A%D8%B4-50-%D8%AF%D8%B1%D8%B5%D8%AF%D9%8A-%D8%AD%D9%85%D8%A7%D9%8A%D8%AA-%D9%85%D8%A7%D9%84%D9%8A-%D8%AF%D8%A7%D9%86%D8%B4%DA%AF%D8%A7%D9%87-%D8%A7%D9%8A%D9%84%D8%A7%D9%85-%D8%A7%D8%B2-%D9%BE%D8%A7%D9%8A%D8%A7%D9%86%E2%80%8C%D9%86%D8%A7%D9%85%D9%87%E2%80%8C%D9%87%D8%A7%D9%8A-%DA%A9%D8%A7%D8%B1%D8%A8%D8%B1%D8%AF%D9%8A,research-portal-discovery,https://www.ilam.ac.ir/dep/research/,verified,2026-08-11
ilam-discovery-system-442789ea75bd,ilam,.:: معاونت پژوهش و فناوری ::.,research,https://www.ilam.ac.ir/dep/research/sub2260,research-portal-discovery,https://www.ilam.ac.ir/dep/research/,verified,2026-08-11
ilam-discovery-system-318ac860f2f6,ilam,.:: معاونت پژوهش و فناوری ::.,research,https://www.ilam.ac.ir/dep/research/page/ihwfsyzhu-%DA%A9%D8%A7%D8%B1%D8%B4%D9%86%D8%A7%D8%B3-%D8%AD%D9%85%D8%A7%D9%8A%D8%AA-%D8%A7%D8%B2-%D9%BE%D8%A7%D9%8A%D8%A7%D9%86-%D9%86%D8%A7%D9%85%D9%87-%D9%87%D8%A7,research-portal-discovery,https://www.ilam.ac.ir/dep/research/,verified,2026-08-11
ilam-discovery-system-d7c80bfc6f7f,ilam,.:: معاونت پژوهش و فناوری ::.,research,https://www.ilam.ac.ir/dep/research/page/ihwfsyzhx-%D8%A2%D9%8A%D9%8A%D9%86-%D9%86%D8%A7%D9%85%D9%87-%D8%AD%D9%85%D8%A7%D9%8A%D8%AA-%D8%A7%D8%B2-%D9%BE%D8%A7%D9%8A%D8%A7%D9%86-%D9%86%D8%A7%D9%85%D9%87%E2%80%8C%D9%87%D8%A7,research-portal-discovery,https://www.ilam.ac.ir/dep/research/,verified,2026-08-11
ilam-discovery-system-78f741306b14,ilam,Ilam University :: دانشگاه ایلام,research,https://www.ilam.ac.ir/,research-portal-discovery,https://www.ilam.ac.ir/dep/research/page/ihwfsyqzw-%D8%A2%D9%8A%D9%8A%D9%86%E2%80%8C%D9%86%D8%A7%D9%85%D9%87%E2%80%8C%D9%87%D8%A7-%D9%88-%D8%AF%D8%B3%D8%AA%D9%88%D8%B1%D8%A7%D9%84%D8%B9%D9%85%D9%84-%D9%87%D8%A7%D9%8A-%D9%BE%DA%98%D9%88%D9%87%D8%B4%D9%8A,verified,2026-08-11
ilam-discovery-system-f5aa622dd62f,ilam,فرم هزينه کرد از محل پژوهانه عضو هيات علمي و اعتبارات پايان نامه,research,https://www.ilam.ac.ir/forms/get/460/word/%D9%81%D8%B1%D9%85-%D9%87%D8%B2%DB%8C%D9%86%D9%87-%DA%A9%D8%B1%D8%AF-%D8%A7%D8%B2-%D9%85%D8%AD%D9%84-%D9%BE%DA%98%D9%88%D9%87%D8%A7%D9%86%D9%87-%D8%B9%D8%B6%D9%88-%D9%87%DB%8C%D8%A7%D8%AA-%D8%B9%D9%84%D9%85%DB%8C-%D9%88-%D8%A7%D8%B9%D8%AA%D8%A8%D8%A7%D8%B1%D8%A7%D8%AA-%D9%BE%D8%A7%DB%8C%D8%A7%D9%86-%D9%86%D8%A7%D9%85%D9%87/,research-portal-discovery,https://www.ilam.ac.ir/dep/research/page/ihwfsyqzw-%D8%A2%D9%8A%D9%8A%D9%86%E2%80%8C%D9%86%D8%A7%D9%85%D9%87%E2%80%8C%D9%87%D8%A7-%D9%88-%D8%AF%D8%B3%D8%AA%D9%88%D8%B1%D8%A7%D9%84%D8%B9%D9%85%D9%84-%D9%87%D8%A7%D9%8A-%D9%BE%DA%98%D9%88%D9%87%D8%B4%D9%8A,verified,2026-08-11
ilam-discovery-system-da3c711c9044,ilam,فهرست نشريات معتبراسفندماه 96 وزارت علوم تحقيقات و فناوري,journals,https://www.ilam.ac.ir/forms/get/570/word/%D9%81%D9%87%D8%B1%D8%B3%D8%AA-%D9%86%D8%B4%D8%B1%DB%8C%D8%A7%D8%AA-%D9%85%D8%B9%D8%AA%D8%A8%D8%B1%D8%A7%D8%B3%D9%81%D9%86%D8%AF%D9%85%D8%A7%D9%87-96-%D9%88%D8%B2%D8%A7%D8%B1%D8%AA-%D8%B9%D9%84%D9%88%D9%85-%D8%AA%D8%AD%D9%82%DB%8C%D9%82%D8%A7%D8%AA-%D9%88-%D9%81%D9%86%D8%A7%D9%88%D8%B1%DB%8C/,research-portal-discovery,https://www.ilam.ac.ir/dep/research/page/ihwfsyqzw-%D8%A2%D9%8A%D9%8A%D9%86%E2%80%8C%D9%86%D8%A7%D9%85%D9%87%E2%80%8C%D9%87%D8%A7-%D9%88-%D8%AF%D8%B3%D8%AA%D9%88%D8%B1%D8%A7%D9%84%D8%B9%D9%85%D9%84-%D9%87%D8%A7%D9%8A-%D9%BE%DA%98%D9%88%D9%87%D8%B4%D9%8A,verified,2026-08-11
ilam-discovery-system-f0a77916f197,ilam,فهرست نشريات معتبر آذرماه 96 وزارت علوم تحقيقات و فناوري,journals,https://www.ilam.ac.ir/forms/get/566/pdf/%D9%81%D9%87%D8%B1%D8%B3%D8%AA-%D9%86%D8%B4%D8%B1%DB%8C%D8%A7%D8%AA-%D9%85%D8%B9%D8%AA%D8%A8%D8%B1-%D8%A2%D8%B0%D8%B1%D9%85%D8%A7%D9%87-96-%D9%88%D8%B2%D8%A7%D8%B1%D8%AA-%D8%B9%D9%84%D9%88%D9%85-%D8%AA%D8%AD%D9%82%DB%8C%D9%82%D8%A7%D8%AA-%D9%88-%D9%81%D9%86%D8%A7%D9%88%D8%B1%DB%8C/,research-portal-discovery,https://www.ilam.ac.ir/dep/research/page/ihwfsyqzw-%D8%A2%D9%8A%D9%8A%D9%86%E2%80%8C%D9%86%D8%A7%D9%85%D9%87%E2%80%8C%D9%87%D8%A7-%D9%88-%D8%AF%D8%B3%D8%AA%D9%88%D8%B1%D8%A7%D9%84%D8%B9%D9%85%D9%84-%D9%87%D8%A7%D9%8A-%D9%BE%DA%98%D9%88%D9%87%D8%B4%D9%8A,verified,2026-08-11
ilam-discovery-system-d9dcb9acbe60,ilam,فهرست نشريات معتبر مردادماه 96 وزارت علوم تحقيقات و فناوري,journals,https://www.ilam.ac.ir/forms/get/564/pdf/%D9%81%D9%87%D8%B1%D8%B3%D8%AA-%D9%86%D8%B4%D8%B1%DB%8C%D8%A7%D8%AA-%D9%85%D8%B9%D8%AA%D8%A8%D8%B1-%D9%85%D8%B1%D8%AF%D8%A7%D8%AF%D9%85%D8%A7%D9%87-96-%D9%88%D8%B2%D8%A7%D8%B1%D8%AA-%D8%B9%D9%84%D9%88%D9%85-%D8%AA%D8%AD%D9%82%DB%8C%D9%82%D8%A7%D8%AA-%D9%88-%D9%81%D9%86%D8%A7%D9%88%D8%B1%DB%8C/,research-portal-discovery,https://www.ilam.ac.ir/dep/research/page/ihwfsyqzw-%D8%A2%D9%8A%D9%8A%D9%86%E2%80%8C%D9%86%D8%A7%D9%85%D9%87%E2%80%8C%D9%87%D8%A7-%D9%88-%D8%AF%D8%B3%D8%AA%D9%88%D8%B1%D8%A7%D9%84%D8%B9%D9%85%D9%84-%D9%87%D8%A7%D9%8A-%D9%BE%DA%98%D9%88%D9%87%D8%B4%D9%8A,verified,2026-08-11
ilam-discovery-system-c9eee2a420f6,ilam,فهرست نشريات معتبر تيرماه 96 وزارت علوم تحقيقات و فناوري,journals,https://www.ilam.ac.ir/forms/get/562/pdf/%D9%81%D9%87%D8%B1%D8%B3%D8%AA-%D9%86%D8%B4%D8%B1%DB%8C%D8%A7%D8%AA-%D9%85%D8%B9%D8%AA%D8%A8%D8%B1-%D8%AA%DB%8C%D8%B1%D9%85%D8%A7%D9%87-96-%D9%88%D8%B2%D8%A7%D8%B1%D8%AA-%D8%B9%D9%84%D9%88%D9%85-%D8%AA%D8%AD%D9%82%DB%8C%D9%82%D8%A7%D8%AA-%D9%88-%D9%81%D9%86%D8%A7%D9%88%D8%B1%DB%8C/,research-portal-discovery,https://www.ilam.ac.ir/dep/research/page/ihwfsyqzw-%D8%A2%D9%8A%D9%8A%D9%86%E2%80%8C%D9%86%D8%A7%D9%85%D9%87%E2%80%8C%D9%87%D8%A7-%D9%88-%D8%AF%D8%B3%D8%AA%D9%88%D8%B1%D8%A7%D9%84%D8%B9%D9%85%D9%84-%D9%87%D8%A7%D9%8A-%D9%BE%DA%98%D9%88%D9%87%D8%B4%D9%8A,verified,2026-08-11
ilam-discovery-system-3f25a1bca88c,ilam,فهرست نشريات معتبر خرداد 96 وزارت علوم تحقيقات و فناوري,journals,https://www.ilam.ac.ir/forms/get/560/pdf/%D9%81%D9%87%D8%B1%D8%B3%D8%AA-%D9%86%D8%B4%D8%B1%DB%8C%D8%A7%D8%AA-%D9%85%D8%B9%D8%AA%D8%A8%D8%B1-%D8%AE%D8%B1%D8%AF%D8%A7%D8%AF-96-%D9%88%D8%B2%D8%A7%D8%B1%D8%AA-%D8%B9%D9%84%D9%88%D9%85-%D8%AA%D8%AD%D9%82%DB%8C%D9%82%D8%A7%D8%AA-%D9%88-%D9%81%D9%86%D8%A7%D9%88%D8%B1%DB%8C/,research-portal-discovery,https://www.ilam.ac.ir/dep/research/page/ihwfsyqzw-%D8%A2%D9%8A%D9%8A%D9%86%E2%80%8C%D9%86%D8%A7%D9%85%D9%87%E2%80%8C%D9%87%D8%A7-%D9%88-%D8%AF%D8%B3%D8%AA%D9%88%D8%B1%D8%A7%D9%84%D8%B9%D9%85%D9%84-%D9%87%D8%A7%D9%8A-%D9%BE%DA%98%D9%88%D9%87%D8%B4%D9%8A,verified,2026-08-11
ilam-discovery-system-3632dd34d0d4,ilam,فهرست نشريات نامعتبراسفندماه 96 وزارت علوم تحقيقات و فناوري,journals,https://www.ilam.ac.ir/forms/get/571/pdf/%D9%81%D9%87%D8%B1%D8%B3%D8%AA-%D9%86%D8%B4%D8%B1%DB%8C%D8%A7%D8%AA-%D9%86%D8%A7%D9%85%D8%B9%D8%AA%D8%A8%D8%B1%D8%A7%D8%B3%D9%81%D9%86%D8%AF%D9%85%D8%A7%D9%87-96-%D9%88%D8%B2%D8%A7%D8%B1%D8%AA-%D8%B9%D9%84%D9%88%D9%85-%D8%AA%D8%AD%D9%82%DB%8C%D9%82%D8%A7%D8%AA-%D9%88-%D9%81%D9%86%D8%A7%D9%88%D8%B1%DB%8C/,research-portal-discovery,https://www.ilam.ac.ir/dep/research/page/ihwfsyqzw-%D8%A2%D9%8A%D9%8A%D9%86%E2%80%8C%D9%86%D8%A7%D9%85%D9%87%E2%80%8C%D9%87%D8%A7-%D9%88-%D8%AF%D8%B3%D8%AA%D9%88%D8%B1%D8%A7%D9%84%D8%B9%D9%85%D9%84-%D9%87%D8%A7%D9%8A-%D9%BE%DA%98%D9%88%D9%87%D8%B4%D9%8A,verified,2026-08-11
ilam-discovery-system-9dbbecff1269,ilam,فهرست نشريات نامعتبر آذر 95,journals,https://www.ilam.ac.ir/forms/get/550/pdf/%D9%81%D9%87%D8%B1%D8%B3%D8%AA-%D9%86%D8%B4%D8%B1%DB%8C%D8%A7%D8%AA-%D9%86%D8%A7%D9%85%D8%B9%D8%AA%D8%A8%D8%B1-%D8%A2%D8%B0%D8%B1-95/,research-portal-discovery,https://www.ilam.ac.ir/dep/research/page/ihwfsyqzw-%D8%A2%D9%8A%D9%8A%D9%86%E2%80%8C%D9%86%D8%A7%D9%85%D9%87%E2%80%8C%D9%87%D8%A7-%D9%88-%D8%AF%D8%B3%D8%AA%D9%88%D8%B1%D8%A7%D9%84%D8%B9%D9%85%D9%84-%D9%87%D8%A7%D9%8A-%D9%BE%DA%98%D9%88%D9%87%D8%B4%D9%8A,verified,2026-08-11
ilam-discovery-system-16f82fb02bf1,ilam,فهرست نشريات نامعتبر يا blacklist آذر95,journals,https://www.ilam.ac.ir/forms/get/548/pdf/%D9%81%D9%87%D8%B1%D8%B3%D8%AA-%D9%86%D8%B4%D8%B1%DB%8C%D8%A7%D8%AA-%D9%86%D8%A7%D9%85%D8%B9%D8%AA%D8%A8%D8%B1-%DB%8C%D8%A7-blacklist-%D8%A2%D8%B0%D8%B195/,research-portal-discovery,https://www.ilam.ac.ir/dep/research/page/ihwfsyqzw-%D8%A2%D9%8A%D9%8A%D9%86%E2%80%8C%D9%86%D8%A7%D9%85%D9%87%E2%80%8C%D9%87%D8%A7-%D9%88-%D8%AF%D8%B3%D8%AA%D9%88%D8%B1%D8%A7%D9%84%D8%B9%D9%85%D9%84-%D9%87%D8%A7%D9%8A-%D9%BE%DA%98%D9%88%D9%87%D8%B4%D9%8A,verified,2026-08-11
ilam-discovery-system-a47616f09fd5,ilam,فهرست نشريات نامعتبر يا blacklist شهريور 94,journals,https://www.ilam.ac.ir/forms/get/547/pdf/%D9%81%D9%87%D8%B1%D8%B3%D8%AA-%D9%86%D8%B4%D8%B1%DB%8C%D8%A7%D8%AA-%D9%86%D8%A7%D9%85%D8%B9%D8%AA%D8%A8%D8%B1-%DB%8C%D8%A7-blacklist-%D8%B4%D9%87%D8%B1%DB%8C%D9%88%D8%B1-94/,research-portal-discovery,https://www.ilam.ac.ir/dep/research/page/ihwfsyqzw-%D8%A2%D9%8A%D9%8A%D9%86%E2%80%8C%D9%86%D8%A7%D9%85%D9%87%E2%80%8C%D9%87%D8%A7-%D9%88-%D8%AF%D8%B3%D8%AA%D9%88%D8%B1%D8%A7%D9%84%D8%B9%D9%85%D9%84-%D9%87%D8%A7%D9%8A-%D9%BE%DA%98%D9%88%D9%87%D8%B4%D9%8A,verified,2026-08-11
hakim-sabzevari-discovery-system-e242e4c01b90,hakim-sabzevari,سامانه ها – دانشگاه حکیم سبزواری,research,https://www.hsu.ac.ir/%d8%b3%d8%a7%d9%85%d8%a7%d9%86%d9%87-%d9%87%d8%a7/,research-portal-discovery,http://www.hsu.ac.ir/,verified,2026-08-11
hakim-sabzevari-discovery-system-df34d107f4bc,hakim-sabzevari,نشریات دانشگاه – معاونت پژوهشی و فن آوری,journals,https://www.hsu.ac.ir/research/%d9%86%d8%b4%d8%b1%db%8c%d8%a7%d8%aa-%d8%af%d8%a7%d9%86%d8%b4%da%af%d8%a7%d9%87/,research-portal-discovery,http://www.hsu.ac.ir/,verified,2026-08-11
hakim-sabzevari-discovery-system-c0e2e863de19,hakim-sabzevari,نمونه پایان نامه – پایگاه اطلاع رسانی کتابخانه مرکزی، موزه و مرکز اسناد,library,https://www.hsu.ac.ir/lib/%d9%86%d9%85%d9%88%d9%86%d9%87-%d9%be%d8%a7%db%8c%d8%a7%d9%86-%d9%86%d8%a7%d9%85%d9%87/,research-portal-discovery,https://www.hsu.ac.ir/lib/,verified,2026-08-11
hakim-sabzevari-discovery-system-fea7e2f3fd86,hakim-sabzevari,نشریات – معاونت پژوهشی و فن آوری,journals,https://www.hsu.ac.ir/research/%d9%81%d9%87%d8%b1%d8%b3%d8%aa-%d9%86%d8%b4%d8%b1%db%8c%d8%a7%d8%aa/,research-portal-discovery,https://www.hsu.ac.ir/research/,verified,2026-08-11
hakim-sabzevari-discovery-system-9b57b25e2611,hakim-sabzevari,فهرست وب سایت های جعلی نشریات علمی – معاونت پژوهشی و فن آوری,journals,https://www.hsu.ac.ir/research/%d9%81%d9%87%d8%b1%d8%b3%d8%aa-%d9%86%d8%b4%d8%b1%db%8c%d8%a7%d8%aa/%d9%81%d9%87%d8%b1%d8%b3%d8%aa-%d9%88%d8%a8-%d8%b3%d8%a7%db%8c%d8%aa-%d9%87%d8%a7%db%8c-%d8%ac%d8%b9%d9%84%db%8c-%d9%86%d8%b4%d8%b1%db%8c%d8%a7%d8%aa-%d8%b9%d9%84%d9%85%db%8c/,research-portal-discovery,https://www.hsu.ac.ir/research/,verified,2026-08-11
hakim-sabzevari-discovery-system-115d8acb1712,hakim-sabzevari,نشریات لغو اعتبار شده – معاونت پژوهشی و فن آوری,journals,https://www.hsu.ac.ir/research/%d9%81%d9%87%d8%b1%d8%b3%d8%aa-%d9%86%d8%b4%d8%b1%db%8c%d8%a7%d8%aa/%d9%86%d8%b4%d8%b1%db%8c%d8%a7%d8%aa-%d9%84%d8%ba%d9%88-%d8%a7%d8%b9%d8%aa%d8%a8%d8%a7%d8%b1-%d8%b4%d8%af%d9%87/,research-portal-discovery,https://www.hsu.ac.ir/research/,verified,2026-08-11
hakim-sabzevari-discovery-system-02305fd9695c,hakim-sabzevari,نشریات فاقد اعتبار – معاونت پژوهشی و فن آوری,journals,https://www.hsu.ac.ir/research/%d9%81%d9%87%d8%b1%d8%b3%d8%aa-%d9%86%d8%b4%d8%b1%db%8c%d8%a7%d8%aa/%d9%86%d8%b4%d8%b1%db%8c%d8%a7%d8%aa-%da%a9%d9%85-%d8%a7%d8%b9%d8%aa%d8%a8%d8%a7%d8%b1-%d9%88-%d9%81%d8%a7%d9%82%d8%af-%d8%a7%d8%b9%d8%aa%d8%a8%d8%a7%d8%b1/,research-portal-discovery,https://www.hsu.ac.ir/research/,verified,2026-08-11
hakim-sabzevari-discovery-system-5ffb203976b3,hakim-sabzevari,نشریات معتبر وزارتین – معاونت پژوهشی و فن آوری,journals,https://www.hsu.ac.ir/research/%d9%81%d9%87%d8%b1%d8%b3%d8%aa-%d9%86%d8%b4%d8%b1%db%8c%d8%a7%d8%aa/%d9%81%d9%87%d8%b1%d8%b3%d8%aa-%d9%86%d8%b4%d8%b1%db%8c%d8%a7%d8%aa-%d9%85%d8%b9%d8%aa%d8%a8%d8%b1-%d9%88%d8%b2%d8%a7%d8%b1%d8%aa-%d8%b9%d9%84%d9%88%d9%85/,research-portal-discovery,https://www.hsu.ac.ir/research/,verified,2026-08-11
hakim-sabzevari-discovery-system-e25c0b8c1d1a,hakim-sabzevari,هسته پژوهشی داروشناسی سامانه‌ای پایه گیاهی – معاونت پژوهشی و فن آوری,research,https://www.hsu.ac.ir/research/%d9%87%d8%b3%d8%aa%d9%87-%d9%be%da%98%d9%88%d9%87%d8%b4%db%8c-%d8%af%d8%a7%d8%b1%d9%88%d8%b4%d9%86%d8%a7%d8%b3%db%8c-%d8%b3%d8%a7%d9%85%d8%a7%d9%86%d9%87%d8%a7%db%8c-%d9%be%d8%a7%db%8c%d9%87/,research-portal-discovery,https://www.hsu.ac.ir/research/,verified,2026-08-11
azarbaijan-shahid-madani-discovery-system-ec0a39f1164f,azarbaijan-shahid-madani,نشریات علمی - پژوهشی دارای مجوز از وزارتین و ISC - مديريت امور پژوهشي دانشگاه شهيد مدني آذربايجان,journals,https://resadm.azaruniv.ac.ir/Page/23/%D9%86%D8%B4%D8%B1%DB%8C%D8%A7%D8%AA-%D8%B9%D9%84%D9%85%DB%8C---%D9%BE%DA%98%D9%88%D9%87%D8%B4%DB%8C-%D8%AF%D8%A7%D8%B1%D8%A7%DB%8C-%D9%85%D8%AC%D9%88%D8%B2-%D8%A7%D8%B2-%D9%88%D8%B2%D8%A7%D8%B1%D8%AA%DB%8C%D9%86-%D9%88-ISC.html,research-portal-discovery,https://resadm.azaruniv.ac.ir/,verified,2026-08-11
azarbaijan-shahid-madani-discovery-system-90089113e98b,azarbaijan-shahid-madani,"نشریات نمایه شده در لیست Scopus , ISI , JCR - مديريت امور پژوهشي دانشگاه شهيد مدني آذربايجان",journals,"https://resadm.azaruniv.ac.ir/Page/24/%D9%86%D8%B4%D8%B1%DB%8C%D8%A7%D8%AA-%D9%86%D9%85%D8%A7%DB%8C%D9%87-%D8%B4%D8%AF%D9%87-%D8%AF%D8%B1-%D9%84%DB%8C%D8%B3%D8%AA-ISI-,-Scopus-,-JCR.html",research-portal-discovery,https://resadm.azaruniv.ac.ir/,verified,2026-08-11
azarbaijan-shahid-madani-discovery-system-5f08ba7689a7,azarbaijan-shahid-madani,#سامانه_برگزیده_کشوری - معاونت پژوهش و فناوری دانشگاه شهید مدنی آذربایجان,research,https://research.azaruniv.ac.ir/News/222/-%d8%b3%d8%a7%d9%85%d8%a7%d9%86%d9%87-%d8%a8%d8%b1%da%af%d8%b2%db%8c%d8%af%d9%87-%da%a9%d8%b4%d9%88%d8%b1%db%8c-.html,research-portal-discovery,https://research.azaruniv.ac.ir/,verified,2026-08-11
azarbaijan-shahid-madani-discovery-system-f51de6a48689,azarbaijan-shahid-madani,فهرست نشریات نامعتبر و جعلی - مديريت امور پژوهشي دانشگاه شهيد مدني آذربايجان,journals,https://resadm.azaruniv.ac.ir/Page/31/%D9%86%D8%B4%D8%B1%DB%8C%D8%A7%D8%AA-%D9%86%D8%A7%D9%85%D8%B9%D8%AA%D8%A8%D8%B1-%D9%88-%D8%AC%D8%B9%D9%84%DB%8C.html,research-portal-discovery,https://resadm.azaruniv.ac.ir/,verified,2026-08-11
azarbaijan-shahid-madani-discovery-system-73dc51e37b86,azarbaijan-shahid-madani,معرفی سامانه فراخوان های فناورانه وزارت صمت - معاونت پژوهش و فناوری دانشگاه شهید مدنی آذربایجان,research,https://research.azaruniv.ac.ir/News/156/%d9%85%d8%b9%d8%b1%d9%81%db%8c-%d8%b3%d8%a7%d9%85%d8%a7%d9%86%d9%87-%d9%81%d8%b1%d8%a7%d8%ae%d9%88%d8%a7%d9%86-%d9%87%d8%a7%db%8c-%d9%81%d9%86%d8%a7%d9%88%d8%b1%d8%a7%d9%86%d9%87-%d9%88%d8%b2%d8%a7%d8%b1%d8%aa-%d8%b5%d9%85%d8%aa-.html,research-portal-discovery,https://research.azaruniv.ac.ir/,verified,2026-08-11
azarbaijan-shahid-madani-discovery-system-41fa482e53bd,azarbaijan-shahid-madani,ضرورت ثبت‌نام دانشجویان دانشگاه شهید مدنی آذربایجان در سامانه «هویت دیجیتال ایرانیان (هُدا)» - دانشگاه شهید مدنی آذربایجان,research,https://www.azaruniv.ac.ir/News/4350/%D8%B6%D8%B1%D9%88%D8%B1%D8%AA-%D8%AB%D8%A8%D8%AA%E2%80%8C%D9%86%D8%A7%D9%85-%D8%AF%D8%A7%D9%86%D8%B4%D8%AC%D9%88%DB%8C%D8%A7%D9%86-%D8%AF%D8%A7%D9%86%D8%B4%DA%AF%D8%A7%D9%87-%D8%B4%D9%87%DB%8C%D8%AF-%D9%85%D8%AF%D9%86%DB%8C-%D8%A2%D8%B0%D8%B1%D8%A8%D8%A7%DB%8C%D8%AC%D8%A7%D9%86-%D8%AF%D8%B1-%D8%B3%D8%A7%D9%85%D8%A7%D9%86%D9%87-%C2%AB%D9%87%D9%88%DB%8C%D8%AA-%D8%AF%DB%8C%D8%AC%DB%8C%D8%AA%D8%A7%D9%84-%D8%A7%DB%8C%D8%B1%D8%A7%D9%86%DB%8C%D8%A7%D9%86-(%D9%87%D9%8F%D8%AF%D8%A7)%C2%BB.html,research-portal-discovery,https://azaruniv.ac.ir/,verified,2026-08-11
azarbaijan-shahid-madani-discovery-system-522a4e794dfd,azarbaijan-shahid-madani,برگزاری مجدد آزمون از دانشجویانی که در تاریخ 5 بهمن ماه با مشکل ورود به سامانه جام مواجه شدند - دانشگاه شهید مدنی آذربایجان,research,https://www.azaruniv.ac.ir/News/4493/%D8%A8%D8%B1%DA%AF%D8%B2%D8%A7%D8%B1%DB%8C-%D9%85%D8%AC%D8%AF%D8%AF-%D8%A2%D8%B2%D9%85%D9%88%D9%86-%D8%A7%D8%B2-%D8%AF%D8%A7%D9%86%D8%B4%D8%AC%D9%88%DB%8C%D8%A7%D9%86%DB%8C-%DA%A9%D9%87-%D8%AF%D8%B1-%D8%AA%D8%A7%D8%B1%DB%8C%D8%AE-5-%D8%A8%D9%87%D9%85%D9%86-%D9%85%D8%A7%D9%87-%D8%A8%D8%A7-%D9%85%D8%B4%DA%A9%D9%84-%D9%88%D8%B1%D9%88%D8%AF-%D8%A8%D9%87-%D8%B3%D8%A7%D9%85%D8%A7%D9%86%D9%87-%D8%AC%D8%A7%D9%85-%D9%85%D9%88%D8%A7%D8%AC%D9%87-%D8%B4%D8%AF%D9%86%D8%AF.html,research-portal-discovery,https://azaruniv.ac.ir/,verified,2026-08-11
birjand-discovery-system-f68924581f1f,birjand,آیین نامه نمایه سازی استنادی نشریات معتبر علمی در ISC - معاونت پژوهش، فناوری و نوآوری,journals,https://birjand.ac.ir/research/fa/regulation/346/%D8%A2%DB%8C%DB%8C%D9%86-%D9%86%D8%A7%D9%85%D9%87-%D9%86%D9%85%D8%A7%DB%8C%D9%87-%D8%B3%D8%A7%D8%B2%DB%8C-%D8%A7%D8%B3%D8%AA%D9%86%D8%A7%D8%AF%DB%8C-%D9%86%D8%B4%D8%B1%DB%8C%D8%A7%D8%AA-%D9%85%D8%B9%D8%AA%D8%A8%D8%B1-%D8%B9%D9%84%D9%85%DB%8C-%D8%AF%D8%B1-isc,research-portal-discovery,https://birjand.ac.ir/research/fa/regulation/category/151/%D8%A2%DB%8C%DB%8C%D9%86-%D9%86%D8%A7%D9%85%D9%87-%D9%87%D8%A7%DB%8C-%D9%85%D8%AC%D9%84%D8%A7%D8%AA-%D9%88-%D8%A7%D9%86%D8%AA%D8%B4%D8%A7%D8%B1%D8%A7%D8%AA,verified,2026-08-11
birjand-discovery-system-4266cc1eb2ab,birjand,آیین نامه نشریات علمی وزارت علوم - معاونت پژوهش، فناوری و نوآوری,journals,https://birjand.ac.ir/research/fa/regulation/345/%D8%A2%DB%8C%DB%8C%D9%86-%D9%86%D8%A7%D9%85%D9%87-%D9%86%D8%B4%D8%B1%DB%8C%D8%A7%D8%AA-%D8%B9%D9%84%D9%85%DB%8C-%D9%88%D8%B2%D8%A7%D8%B1%D8%AA-%D8%B9%D9%84%D9%88%D9%85,research-portal-discovery,https://birjand.ac.ir/research/fa/regulation/category/151/%D8%A2%DB%8C%DB%8C%D9%86-%D9%86%D8%A7%D9%85%D9%87-%D9%87%D8%A7%DB%8C-%D9%85%D8%AC%D9%84%D8%A7%D8%AA-%D9%88-%D8%A7%D9%86%D8%AA%D8%B4%D8%A7%D8%B1%D8%A7%D8%AA,verified,2026-08-11
birjand-discovery-system-529f00a2f89a,birjand,آیین نامه اجرایی نشریات علمی دانشگاه بیرجند - معاونت پژوهش، فناوری و نوآوری,journals,https://birjand.ac.ir/research/fa/regulation/331/%D8%A2%DB%8C%DB%8C%D9%86-%D9%86%D8%A7%D9%85%D9%87-%D8%A7%D8%AC%D8%B1%D8%A7%DB%8C%DB%8C-%D9%86%D8%B4%D8%B1%DB%8C%D8%A7%D8%AA-%D8%B9%D9%84%D9%85%DB%8C-%D8%AF%D8%A7%D9%86%D8%B4%DA%AF%D8%A7%D9%87-%D8%A8%DB%8C%D8%B1%D8%AC%D9%86%D8%AF,research-portal-discovery,https://birjand.ac.ir/research/fa/regulation/category/151/%D8%A2%DB%8C%DB%8C%D9%86-%D9%86%D8%A7%D9%85%D9%87-%D9%87%D8%A7%DB%8C-%D9%85%D8%AC%D9%84%D8%A7%D8%AA-%D9%88-%D8%A7%D9%86%D8%AA%D8%B4%D8%A7%D8%B1%D8%A7%D8%AA,verified,2026-08-11
birjand-discovery-system-1551b86f7085,birjand,شیوه نامه تشویقی نشریات علمی داخلی نمایه شده در نمایه های بین المللی معتبر - معاونت پژوهش، فناوری و نوآوری,journals,https://birjand.ac.ir/research/fa/regulation/487/%D8%B4%DB%8C%D9%88%D9%87-%D9%86%D8%A7%D9%85%D9%87-%D8%AA%D8%B4%D9%88%DB%8C%D9%82%DB%8C-%D9%86%D8%B4%D8%B1%DB%8C%D8%A7%D8%AA-%D8%B9%D9%84%D9%85%DB%8C-%D8%AF%D8%A7%D8%AE%D9%84%DB%8C-%D9%86%D9%85%D8%A7%DB%8C%D9%87-%D8%B4%D8%AF%D9%87-%D8%AF%D8%B1-%D9%86%D9%85%D8%A7%DB%8C%D9%87-%D9%87%D8%A7%DB%8C-%D8%A8%DB%8C%D9%86-%D8%A7%D9%84%D9%85%D9%84%D9%84%DB%8C-%D9%85%D8%B9%D8%AA%D8%A8%D8%B1,research-portal-discovery,https://birjand.ac.ir/research/fa/regulation/category/151/%D8%A2%DB%8C%DB%8C%D9%86-%D9%86%D8%A7%D9%85%D9%87-%D9%87%D8%A7%DB%8C-%D9%85%D8%AC%D9%84%D8%A7%D8%AA-%D9%88-%D8%A7%D9%86%D8%AA%D8%B4%D8%A7%D8%B1%D8%A7%D8%AA,verified,2026-08-11
birjand-discovery-system-d74e8343713a,birjand,شیوه نامه ارزیابی و رتبه بندی نشریات علمی - معاونت پژوهش، فناوری و نوآوری,journals,https://birjand.ac.ir/research/fa/regulation/486/%D8%B4%DB%8C%D9%88%D9%87-%D9%86%D8%A7%D9%85%D9%87-%D8%A7%D8%B1%D8%B2%DB%8C%D8%A7%D8%A8%DB%8C-%D9%88-%D8%B1%D8%AA%D8%A8%D9%87-%D8%A8%D9%86%D8%AF%DB%8C-%D9%86%D8%B4%D8%B1%DB%8C%D8%A7%D8%AA-%D8%B9%D9%84%D9%85%DB%8C,research-portal-discovery,https://birjand.ac.ir/research/fa/regulation/category/151/%D8%A2%DB%8C%DB%8C%D9%86-%D9%86%D8%A7%D9%85%D9%87-%D9%87%D8%A7%DB%8C-%D9%85%D8%AC%D9%84%D8%A7%D8%AA-%D9%88-%D8%A7%D9%86%D8%AA%D8%B4%D8%A7%D8%B1%D8%A7%D8%AA,verified,2026-08-11
birjand-discovery-system-7329da939f75,birjand,آیین نامه تعیین هزینه پردازش مقاله در نشریات علمی دسترسی باز - معاونت پژوهش، فناوری و نوآوری,journals,https://birjand.ac.ir/research/fa/regulation/485/%D8%A2%DB%8C%DB%8C%D9%86-%D9%86%D8%A7%D9%85%D9%87-%D8%AA%D8%B9%DB%8C%DB%8C%D9%86-%D9%87%D8%B2%DB%8C%D9%86%D9%87-%D9%BE%D8%B1%D8%AF%D8%A7%D8%B2%D8%B4-%D9%85%D9%82%D8%A7%D9%84%D9%87-%D8%AF%D8%B1-%D9%86%D8%B4%D8%B1%DB%8C%D8%A7%D8%AA-%D8%B9%D9%84%D9%85%DB%8C-%D8%AF%D8%B3%D8%AA%D8%B1%D8%B3%DB%8C-%D8%A8%D8%A7%D8%B2,research-portal-discovery,https://birjand.ac.ir/research/fa/regulation/category/151/%D8%A2%DB%8C%DB%8C%D9%86-%D9%86%D8%A7%D9%85%D9%87-%D9%87%D8%A7%DB%8C-%D9%85%D8%AC%D9%84%D8%A7%D8%AA-%D9%88-%D8%A7%D9%86%D8%AA%D8%B4%D8%A7%D8%B1%D8%A7%D8%AA,verified,2026-08-11
vali-asr-rafsanjan-discovery-system-133b7fbe9252,vali-asr-rafsanjan,پیشخوان برنامه های اداری و مالی,research,https://bam.vru.ac.ir/,research-portal-discovery,https://vru.ac.ir/,verified,2026-08-11
vali-asr-rafsanjan-discovery-system-c2a831738506,vali-asr-rafsanjan,کتابخانه,library,https://library.vru.ac.ir/Dl/SPortal/FAQ/137_6.aspx,research-portal-discovery,https://library.vru.ac.ir/DL/SPortal/,verified,2026-08-11
lorestan-discovery-system-46f147e1eb8c,lorestan,دانشگاه لرستان راهنمای سامانه های کتابخانه مرکزی,library,https://research.lu.ac.ir/%D9%88%D8%A7%D8%AD%D8%AF%D9%87%D8%A7/%DA%A9%D8%AA%D8%A7%D8%A8%D8%AE%D8%A7%D9%86%D9%87/%D8%B1%D8%A7%D9%87%D9%86%D9%85%D8%A7%DB%8C-%D8%B3%D8%A7%D9%85%D8%A7%D9%86%D9%87-%D9%87%D8%A7%DB%8C-%DA%A9%D8%AA%D8%A7%D8%A8%D8%AE%D8%A7%D9%86%D9%87-%D9%85%D8%B1%DA%A9%D8%B2%DB%8C/,research-portal-discovery,https://research.lu.ac.ir/,verified,2026-08-11
lorestan-discovery-system-3fa40ec3e358,lorestan,Guidelines for Requesting Use of Lorestan University Central Laboratory Services | Research and Technology Deputy Announcements,laboratory,https://research.lu.ac.ir/en/research-and-technology/research-and-technology-deputy-announcements/guidelines-for-requesting-use-of-lorestan-university-central-laboratory-services/,research-portal-discovery,https://research.lu.ac.ir/en/research-and-technology/organizational-structure/forms-and-regulations/forms-and-regulations-2/,verified,2026-08-11
lorestan-discovery-system-8ce979d18f7f,lorestan,View Professor's Research Grant in Golestan System | Research and Technology Deputy Announcements,research,https://research.lu.ac.ir/en/research-and-technology/research-and-technology-deputy-announcements/view-professors-research-grant-in-golestan-system/,research-portal-discovery,https://research.lu.ac.ir/en/research-and-technology/organizational-structure/forms-and-regulations/forms-and-regulations-2/,verified,2026-08-11
lorestan-discovery-system-c1f356dd696c,lorestan,راهنمای درخواست از سامانه گلستان برای استفاده از آزمایشگاه محاسبات سنگین | اطلاعیه های معاونت پژوهش و فناوری,laboratory,https://research.lu.ac.ir/%D8%A7%D8%B7%D9%84%D8%A7%D8%B9%DB%8C%D9%87-%D9%87%D8%A7%DB%8C-%D9%85%D8%B9%D8%A7%D9%88%D9%86%D8%AA-%D9%BE%DA%98%D9%88%D9%87%D8%B4-%D9%88-%D9%81%D9%86%D8%A7%D9%88%D8%B1%DB%8C/%D8%B1%D8%A7%D9%87%D9%86%D9%85%D8%A7%DB%8C-%D8%AF%D8%B1%D8%AE%D9%88%D8%A7%D8%B3%D8%AA-%D8%A7%D8%B2-%D8%B3%D8%A7%D9%85%D8%A7%D9%86%D9%87-%DA%AF%D9%84%D8%B3%D8%AA%D8%A7%D9%86-%D8%A8%D8%B1%D8%A7%DB%8C-%D8%A7%D8%B3%D8%AA%D9%81%D8%A7%D8%AF%D9%87-%D8%A7%D8%B2-%D8%A2%D8%B2%D9%85%D8%A7%DB%8C%D8%B4%DA%AF%D8%A7%D9%87-%D9%85%D8%AD%D8%A7%D8%B3%D8%A8%D8%A7%D8%AA-%D8%B3%D9%86%DA%AF%DB%8C%D9%86/,research-portal-discovery,https://research.lu.ac.ir/,verified,2026-08-11
lorestan-discovery-system-9c160fbd7868,lorestan,مشاهده پژوهانه استاد در سامانه گلستان | اطلاعیه های معاونت پژوهش و فناوری,research,https://research.lu.ac.ir/%D8%A7%D8%B7%D9%84%D8%A7%D8%B9%DB%8C%D9%87-%D9%87%D8%A7%DB%8C-%D9%85%D8%B9%D8%A7%D9%88%D9%86%D8%AA-%D9%BE%DA%98%D9%88%D9%87%D8%B4-%D9%88-%D9%81%D9%86%D8%A7%D9%88%D8%B1%DB%8C/%D9%85%D8%B4%D8%A7%D9%87%D8%AF%D9%87-%D9%BE%DA%98%D9%88%D9%87%D8%A7%D9%86%D9%87-%D8%A7%D8%B3%D8%AA%D8%A7%D8%AF-%D8%AF%D8%B1-%D8%B3%D8%A7%D9%85%D8%A7%D9%86%D9%87-%DA%AF%D9%84%D8%B3%D8%AA%D8%A7%D9%86/,research-portal-discovery,https://research.lu.ac.ir/,verified,2026-08-11
lorestan-discovery-system-a2904a4da6cb,lorestan,راهنمای استفاده از گرنت در سامانه گلستان | اطلاعیه های معاونت پژوهش و فناوری,research,https://research.lu.ac.ir/%D8%A7%D8%B7%D9%84%D8%A7%D8%B9%DB%8C%D9%87-%D9%87%D8%A7%DB%8C-%D9%85%D8%B9%D8%A7%D9%88%D9%86%D8%AA-%D9%BE%DA%98%D9%88%D9%87%D8%B4-%D9%88-%D9%81%D9%86%D8%A7%D9%88%D8%B1%DB%8C/%D8%B1%D8%A7%D9%87%D9%86%D9%85%D8%A7%DB%8C-%D8%A7%D8%B3%D8%AA%D9%81%D8%A7%D8%AF%D9%87-%D8%A7%D8%B2-%DA%AF%D8%B1%D9%86%D8%AA-%D8%AF%D8%B1-%D8%B3%D8%A7%D9%85%D8%A7%D9%86%D9%87-%DA%AF%D9%84%D8%B3%D8%AA%D8%A7%D9%86/,research-portal-discovery,https://research.lu.ac.ir/,verified,2026-08-11
lorestan-discovery-system-e3419ded10c1,lorestan,راهنمای درخواست از سامانه گلستان برای استفاده از آزمایشگاه محاسبات سنگین | اطلاعیه های معاونت پژوهش و فناوری,laboratory,https://research.lu.ac.ir/%D8%A7%D8%B7%D9%84%D8%A7%D8%B9%DB%8C%D9%87-%D9%87%D8%A7%DB%8C-%D9%85%D8%B9%D8%A7%D9%88%D9%86%D8%AA-%D9%BE%DA%98%D9%88%D9%87%D8%B4-%D9%88-%D9%81%D9%86%D8%A7%D9%88%D8%B1%DB%8C/2022/06/14/%D8%B1%D8%A7%D9%87%D9%86%D9%85%D8%A7%DB%8C-%D8%AF%D8%B1%D8%AE%D9%88%D8%A7%D8%B3%D8%AA-%D8%A7%D8%B2-%D8%B3%D8%A7%D9%85%D8%A7%D9%86%D9%87-%DA%AF%D9%84%D8%B3%D8%AA%D8%A7%D9%86-%D8%A8%D8%B1%D8%A7%DB%8C-%D8%A7%D8%B3%D8%AA%D9%81%D8%A7%D8%AF%D9%87-%D8%A7%D8%B2-%D8%A2%D8%B2%D9%85%D8%A7%DB%8C%D8%B4%DA%AF%D8%A7%D9%87-%D9%85%D8%AD%D8%A7%D8%B3%D8%A8%D8%A7%D8%AA-%D8%B3%D9%86%DA%AF%DB%8C%D9%86/,research-portal-discovery,https://research.lu.ac.ir/%D8%A7%D8%B7%D9%84%D8%A7%D8%B9%DB%8C%D9%87-%D9%87%D8%A7%DB%8C-%D9%85%D8%B9%D8%A7%D9%88%D9%86%D8%AA-%D9%BE%DA%98%D9%88%D9%87%D8%B4-%D9%88-%D9%81%D9%86%D8%A7%D9%88%D8%B1%DB%8C/,verified,2026-08-11
lorestan-discovery-system-5ffba9672976,lorestan,مشاهده پژوهانه استاد در سامانه گلستان | اطلاعیه های معاونت پژوهش و فناوری,research,https://research.lu.ac.ir/%D8%A7%D8%B7%D9%84%D8%A7%D8%B9%DB%8C%D9%87-%D9%87%D8%A7%DB%8C-%D9%85%D8%B9%D8%A7%D9%88%D9%86%D8%AA-%D9%BE%DA%98%D9%88%D9%87%D8%B4-%D9%88-%D9%81%D9%86%D8%A7%D9%88%D8%B1%DB%8C/2022/06/14/%D9%85%D8%B4%D8%A7%D9%87%D8%AF%D9%87-%D9%BE%DA%98%D9%88%D9%87%D8%A7%D9%86%D9%87-%D8%A7%D8%B3%D8%AA%D8%A7%D8%AF-%D8%AF%D8%B1-%D8%B3%D8%A7%D9%85%D8%A7%D9%86%D9%87-%DA%AF%D9%84%D8%B3%D8%AA%D8%A7%D9%86/,research-portal-discovery,https://research.lu.ac.ir/%D8%A7%D8%B7%D9%84%D8%A7%D8%B9%DB%8C%D9%87-%D9%87%D8%A7%DB%8C-%D9%85%D8%B9%D8%A7%D9%88%D9%86%D8%AA-%D9%BE%DA%98%D9%88%D9%87%D8%B4-%D9%88-%D9%81%D9%86%D8%A7%D9%88%D8%B1%DB%8C/,verified,2026-08-11
damghan-discovery-system-0c4302a1ff38,damghan,کلیه سامانه‌ها,research,https://du.ac.ir/fa/content/60/%DA%A9%D9%84%DB%8C%D9%87-%D8%B3%D8%A7%D9%85%D8%A7%D9%86%D9%87-%D9%87%D8%A7,research-portal-discovery,https://du.ac.ir/fa,verified,2026-08-11
damghan-discovery-system-04e792639dce,damghan,سامانه مدیریت نشریات علمی دانشگاه دامغان,journals,https://journals.du.ac.ir/,research-portal-discovery,https://du.ac.ir/fa,verified,2026-08-11
golestan-discovery-system-ff9997ea92c7,golestan,معاونت پژوهش و فناوری,research,https://gu.ac.ir/research/ContextPage?id=22259,research-portal-discovery,https://gu.ac.ir/,verified,2026-08-11
ayatollah-borujerdi-discovery-system-ce25d6def8ee,ayatollah-borujerdi,Journal of nanoporous system,journals,https://jns.abru.ac.ir/,research-portal-discovery,https://abru.ac.ir/,verified,2026-08-11
bojnord-discovery-system-95171cb616c7,bojnord,پایان نامه و رساله تحصیلات تکمیلی - کتابخانه مرکزی و مرکز اسناد,library,https://lib.ub.ac.ir/fa/w/%D9%BE%D8%A7%DB%8C%D8%A7%D9%86-%D9%86%D8%A7%D9%85%D9%87-%D9%88-%D8%B1%D8%B3%D8%A7%D9%84%D9%87-%D8%AA%D8%AD%D8%B5%DB%8C%D9%84%D8%A7%D8%AA-%D8%AA%DA%A9%D9%85%DB%8C%D9%84%DB%8C?redirect=%2F,research-portal-discovery,https://lib.ub.ac.ir/,verified,2026-08-11
bojnord-discovery-system-7f6cffe6a779,bojnord,پایان نامه و رساله تحصیلات تکمیلی - کتابخانه مرکزی و مرکز اسناد,library,https://lib.ub.ac.ir/fa/w/%D9%BE%D8%A7%DB%8C%D8%A7%D9%86-%D9%86%D8%A7%D9%85%D9%87-%D9%88-%D8%B1%D8%B3%D8%A7%D9%84%D9%87-%D8%AA%D8%AD%D8%B5%DB%8C%D9%84%D8%A7%D8%AA-%D8%AA%DA%A9%D9%85%DB%8C%D9%84%DB%8C?redirect=%2Fhome%2F-%2Fasset_publisher%2Fryto%2Fcontent%2F%2525DA%2525AF%2525D8%2525B2%2525D8%2525A7%2525D8%2525B1%2525D8%2525B4-%2525D8%2525B9%2525D9%252585%2525D9%252584%2525DA%2525A9%2525D8%2525B1%2525D8%2525AF-%2525DB%25258C%2525DA%2525A9%2525D8%2525B3%2525D8%2525A7%2525D9%252584%2525D9%252587-%2525DA%2525A9%2525D8%2525AA%2525D8%2525A7%2525D8%2525A8%2525D8%2525AE%2525D8%2525A7%2525D9%252586%2525D9%252587-%2525D9%252585%2525D8%2525B1%2525DA%2525A9%2525D8%2525B2%2525DB%25258C-%2525D9%252588-%2525D9%252585%2525D8%2525B1%2525DA%2525A9%2525D8%2525B2-%2525D8%2525A7%2525D8%2525B3%2525D9%252586%2525D8%2525A7%2525D8%2525AF-%2525D8%2525AF%3F_com_liferay_asset_publisher_web_portlet_AssetPublisherPortlet_INSTANCE_ryto_assetEntryId%3D8559525%26_com_liferay_asset_publisher_web_portlet_AssetPublisherPortlet_INSTANCE_ryto_redirect%3Dhttps%253A%252F%252Flib.ub.ac.ir%252Fhome%253Fp_p_id%253Dcom_liferay_asset_publisher_web_portlet_AssetPublisherPortlet_INSTANCE_ryto%2526p_p_lifecycle%253D0%2526p_p_state%253Dnormal%2526p_p_mode%253Dview%2526_com_liferay_asset_publisher_web_portlet_AssetPublisherPortlet_INSTANCE_ryto_cur%253D0%2526p_r_p_resetCur%253Dfalse%2526_com_liferay_asset_publisher_web_portlet_AssetPublisherPortlet_INSTANCE_ryto_assetEntryId%253D8559525,research-portal-discovery,https://lib.ub.ac.ir/home/-/asset_publisher/ryto/content/%25DA%25AF%25D8%25B2%25D8%25A7%25D8%25B1%25D8%25B4-%25D8%25B9%25D9%2585%25D9%2584%25DA%25A9%25D8%25B1%25D8%25AF-%25DB%258C%25DA%25A9%25D8%25B3%25D8%25A7%25D9%2584%25D9%2587-%25DA%25A9%25D8%25AA%25D8%25A7%25D8%25A8%25D8%25AE%25D8%25A7%25D9%2586%25D9%2587-%25D9%2585%25D8%25B1%25DA%25A9%25D8%25B2%25DB%258C-%25D9%2588-%25D9%2585%25D8%25B1%25DA%25A9%25D8%25B2-%25D8%25A7%25D8%25B3%25D9%2586%25D8%25A7%25D8%25AF-%25D8%25AF?_com_liferay_asset_publisher_web_portlet_AssetPublisherPortlet_INSTANCE_ryto_assetEntryId=8559525&_com_liferay_asset_publisher_web_portlet_AssetPublisherPortlet_INSTANCE_ryto_redirect=https%3A%2F%2Flib.ub.ac.ir%2Fhome%3Fp_p_id%3Dcom_liferay_asset_publisher_web_portlet_AssetPublisherPortlet_INSTANCE_ryto%26p_p_lifecycle%3D0%26p_p_state%3Dnormal%26p_p_mode%3Dview%26_com_liferay_asset_publisher_web_portlet_AssetPublisherPortlet_INSTANCE_ryto_cur%3D0%26p_r_p_resetCur%3Dfalse%26_com_liferay_asset_publisher_web_portlet_AssetPublisherPortlet_INSTANCE_ryto_assetEntryId%3D8559525,verified,2026-08-11
bojnord-discovery-system-2f2b0b7ffdc5,bojnord,پایان نامه و رساله تحصیلات تکمیلی - کتابخانه مرکزی و مرکز اسناد,library,https://lib.ub.ac.ir/fa/w/%D9%BE%D8%A7%DB%8C%D8%A7%D9%86-%D9%86%D8%A7%D9%85%D9%87-%D9%88-%D8%B1%D8%B3%D8%A7%D9%84%D9%87-%D8%AA%D8%AD%D8%B5%DB%8C%D9%84%D8%A7%D8%AA-%D8%AA%DA%A9%D9%85%DB%8C%D9%84%DB%8C?redirect=%2Fhome%2F-%2Fasset_publisher%2Fryto%2Fcontent%2F%2525D8%2525A8%2525D8%2525B1%2525DA%2525AF%2525D8%2525B2%2525D8%2525A7%2525D8%2525B1%2525DB%25258C-%2525D9%252585%2525D8%2525B1%2525D8%2525A7%2525D8%2525B3%2525D9%252585-%2525D8%2525AA%2525D9%252588%2525D8%2525AF%2525DB%25258C%2525D8%2525B9-%2525D9%252588-%2525D9%252585%2525D8%2525B9%2525D8%2525A7%2525D8%2525B1%2525D9%252581%2525D9%252587-%2525D8%2525B1%2525D8%2525A6%2525DB%25258C%2525D8%2525B3-%2525DA%2525A9%2525D8%2525AA%2525D8%2525A7%2525D8%2525A8%2525E2%252580%25258C%2525D8%2525AE%2525D8%2525A7%2525D9%252586%2525DB%252580-%2525D9%252585%2525D8%2525B1%2525DA%2525A9%3F_com_liferay_asset_publisher_web_portlet_AssetPublisherPortlet_INSTANCE_ryto_assetEntryId%3D9573239%26_com_liferay_asset_publisher_web_portlet_AssetPublisherPortlet_INSTANCE_ryto_redirect%3Dhttps%253A%252F%252Flib.ub.ac.ir%252Fhome%253Fp_p_id%253Dcom_liferay_asset_publisher_web_portlet_AssetPublisherPortlet_INSTANCE_ryto%2526p_p_lifecycle%253D0%2526p_p_state%253Dnormal%2526p_p_mode%253Dview%2526_com_liferay_asset_publisher_web_portlet_AssetPublisherPortlet_INSTANCE_ryto_cur%253D0%2526p_r_p_resetCur%253Dfalse%2526_com_liferay_asset_publisher_web_portlet_AssetPublisherPortlet_INSTANCE_ryto_assetEntryId%253D9573239,research-portal-discovery,https://lib.ub.ac.ir/home/-/asset_publisher/ryto/content/%25D8%25A8%25D8%25B1%25DA%25AF%25D8%25B2%25D8%25A7%25D8%25B1%25DB%258C-%25D9%2585%25D8%25B1%25D8%25A7%25D8%25B3%25D9%2585-%25D8%25AA%25D9%2588%25D8%25AF%25DB%258C%25D8%25B9-%25D9%2588-%25D9%2585%25D8%25B9%25D8%25A7%25D8%25B1%25D9%2581%25D9%2587-%25D8%25B1%25D8%25A6%25DB%258C%25D8%25B3-%25DA%25A9%25D8%25AA%25D8%25A7%25D8%25A8%25E2%2580%258C%25D8%25AE%25D8%25A7%25D9%2586%25DB%2580-%25D9%2585%25D8%25B1%25DA%25A9?_com_liferay_asset_publisher_web_portlet_AssetPublisherPortlet_INSTANCE_ryto_assetEntryId=9573239&_com_liferay_asset_publisher_web_portlet_AssetPublisherPortlet_INSTANCE_ryto_redirect=https%3A%2F%2Flib.ub.ac.ir%2Fhome%3Fp_p_id%3Dcom_liferay_asset_publisher_web_portlet_AssetPublisherPortlet_INSTANCE_ryto%26p_p_lifecycle%3D0%26p_p_state%3Dnormal%26p_p_mode%3Dview%26_com_liferay_asset_publisher_web_portlet_AssetPublisherPortlet_INSTANCE_ryto_cur%3D0%26p_r_p_resetCur%3Dfalse%26_com_liferay_asset_publisher_web_portlet_AssetPublisherPortlet_INSTANCE_ryto_assetEntryId%3D9573239,verified,2026-08-11
bojnord-discovery-system-d07e8592fa46,bojnord,پایان نامه و رساله تحصیلات تکمیلی - کتابخانه مرکزی و مرکز اسناد,library,https://lib.ub.ac.ir/fa/w/%D9%BE%D8%A7%DB%8C%D8%A7%D9%86-%D9%86%D8%A7%D9%85%D9%87-%D9%88-%D8%B1%D8%B3%D8%A7%D9%84%D9%87-%D8%AA%D8%AD%D8%B5%DB%8C%D9%84%D8%A7%D8%AA-%D8%AA%DA%A9%D9%85%DB%8C%D9%84%DB%8C?redirect=%2Fhome%2F-%2Fasset_publisher%2Fryto%2Fcontent%2F%2525D8%2525AF%2525D8%2525B3%2525D8%2525AA%2525D9%252588%2525D8%2525B1%2525D8%2525A7%2525D9%252584%2525D8%2525B9%2525D9%252585%2525D9%252584-%2525D9%252588%2525D8%2525AC%2525DB%25258C%2525D9%252586-%2525D9%252585%2525D9%252586%2525D8%2525A7%2525D8%2525A8%2525D8%2525B9-%2525DA%2525A9%2525D8%2525AA%2525D8%2525A7%2525D8%2525A8%2525D8%2525AE%2525D8%2525A7%2525D9%252586%2525D9%252587%3F_com_liferay_asset_publisher_web_portlet_AssetPublisherPortlet_INSTANCE_ryto_assetEntryId%3D8153742%26_com_liferay_asset_publisher_web_portlet_AssetPublisherPortlet_INSTANCE_ryto_redirect%3Dhttps%253A%252F%252Flib.ub.ac.ir%252Fhome%253Fp_p_id%253Dcom_liferay_asset_publisher_web_portlet_AssetPublisherPortlet_INSTANCE_ryto%2526p_p_lifecycle%253D0%2526p_p_state%253Dnormal%2526p_p_mode%253Dview%2526_com_liferay_asset_publisher_web_portlet_AssetPublisherPortlet_INSTANCE_ryto_cur%253D0%2526p_r_p_resetCur%253Dfalse%2526_com_liferay_asset_publisher_web_portlet_AssetPublisherPortlet_INSTANCE_ryto_assetEntryId%253D8153742,research-portal-discovery,https://lib.ub.ac.ir/home/-/asset_publisher/ryto/content/%25D8%25AF%25D8%25B3%25D8%25AA%25D9%2588%25D8%25B1%25D8%25A7%25D9%2584%25D8%25B9%25D9%2585%25D9%2584-%25D9%2588%25D8%25AC%25DB%258C%25D9%2586-%25D9%2585%25D9%2586%25D8%25A7%25D8%25A8%25D8%25B9-%25DA%25A9%25D8%25AA%25D8%25A7%25D8%25A8%25D8%25AE%25D8%25A7%25D9%2586%25D9%2587?_com_liferay_asset_publisher_web_portlet_AssetPublisherPortlet_INSTANCE_ryto_assetEntryId=8153742&_com_liferay_asset_publisher_web_portlet_AssetPublisherPortlet_INSTANCE_ryto_redirect=https%3A%2F%2Flib.ub.ac.ir%2Fhome%3Fp_p_id%3Dcom_liferay_asset_publisher_web_portlet_AssetPublisherPortlet_INSTANCE_ryto%26p_p_lifecycle%3D0%26p_p_state%3Dnormal%26p_p_mode%3Dview%26_com_liferay_asset_publisher_web_portlet_AssetPublisherPortlet_INSTANCE_ryto_cur%3D0%26p_r_p_resetCur%3Dfalse%26_com_liferay_asset_publisher_web_portlet_AssetPublisherPortlet_INSTANCE_ryto_assetEntryId%3D8153742,verified,2026-08-11
bojnord-discovery-system-06b6203baeaf,bojnord,پایان نامه و رساله تحصیلات تکمیلی - کتابخانه مرکزی و مرکز اسناد,library,https://lib.ub.ac.ir/fa/w/%D9%BE%D8%A7%DB%8C%D8%A7%D9%86-%D9%86%D8%A7%D9%85%D9%87-%D9%88-%D8%B1%D8%B3%D8%A7%D9%84%D9%87-%D8%AA%D8%AD%D8%B5%DB%8C%D9%84%D8%A7%D8%AA-%D8%AA%DA%A9%D9%85%DB%8C%D9%84%DB%8C?redirect=%2Fhome%2F-%2Fasset_publisher%2Fryto%2Fcontent%2F%2525D8%2525A8%2525D8%2525A7%2525D8%2525B2%2525D8%2525AF%2525DB%25258C%2525D8%2525AF-%2525D8%2525B3%2525D8%2525B1%2525D9%2525BE%2525D8%2525B1%2525D8%2525B3%2525D8%2525AA-%2525D8%2525AF%2525D8%2525A7%2525D9%252586%2525D8%2525B4%2525DA%2525AF%2525D8%2525A7%2525D9%252587-%2525D9%252588-%2525D8%2525AA%2525DB%25258C%2525D9%252585-%2525D9%252587%2525D9%252585%2525D8%2525B1%2525D8%2525A7%2525D9%252587-%2525D8%2525A7%2525D8%2525B2-%2525DA%2525A9%2525D8%2525AA%2525D8%2525A7%2525D8%2525A8%2525D8%2525AE%2525D8%2525A7%2525D9%252586%2525D9%252587-%2525D9%252585%2525D8%2525B1%2525DA%2525A9%3F_com_liferay_asset_publisher_web_portlet_AssetPublisherPortlet_INSTANCE_ryto_assetEntryId%3D4821003%26_com_liferay_asset_publisher_web_portlet_AssetPublisherPortlet_INSTANCE_ryto_redirect%3Dhttps%253A%252F%252Flib.ub.ac.ir%252Fhome%253Fp_p_id%253Dcom_liferay_asset_publisher_web_portlet_AssetPublisherPortlet_INSTANCE_ryto%2526p_p_lifecycle%253D0%2526p_p_state%253Dnormal%2526p_p_mode%253Dview%2526_com_liferay_asset_publisher_web_portlet_AssetPublisherPortlet_INSTANCE_ryto_cur%253D0%2526p_r_p_resetCur%253Dfalse%2526_com_liferay_asset_publisher_web_portlet_AssetPublisherPortlet_INSTANCE_ryto_assetEntryId%253D4821003,research-portal-discovery,https://lib.ub.ac.ir/home/-/asset_publisher/ryto/content/%25D8%25A8%25D8%25A7%25D8%25B2%25D8%25AF%25DB%258C%25D8%25AF-%25D8%25B3%25D8%25B1%25D9%25BE%25D8%25B1%25D8%25B3%25D8%25AA-%25D8%25AF%25D8%25A7%25D9%2586%25D8%25B4%25DA%25AF%25D8%25A7%25D9%2587-%25D9%2588-%25D8%25AA%25DB%258C%25D9%2585-%25D9%2587%25D9%2585%25D8%25B1%25D8%25A7%25D9%2587-%25D8%25A7%25D8%25B2-%25DA%25A9%25D8%25AA%25D8%25A7%25D8%25A8%25D8%25AE%25D8%25A7%25D9%2586%25D9%2587-%25D9%2585%25D8%25B1%25DA%25A9?_com_liferay_asset_publisher_web_portlet_AssetPublisherPortlet_INSTANCE_ryto_assetEntryId=4821003&_com_liferay_asset_publisher_web_portlet_AssetPublisherPortlet_INSTANCE_ryto_redirect=https%3A%2F%2Flib.ub.ac.ir%2Fhome%3Fp_p_id%3Dcom_liferay_asset_publisher_web_portlet_AssetPublisherPortlet_INSTANCE_ryto%26p_p_lifecycle%3D0%26p_p_state%3Dnormal%26p_p_mode%3Dview%26_com_liferay_asset_publisher_web_portlet_AssetPublisherPortlet_INSTANCE_ryto_cur%3D0%26p_r_p_resetCur%3Dfalse%26_com_liferay_asset_publisher_web_portlet_AssetPublisherPortlet_INSTANCE_ryto_assetEntryId%3D4821003,verified,2026-08-11
bojnord-discovery-system-ae3bdec7cde6,bojnord,پایان نامه و رساله تحصیلات تکمیلی - کتابخانه مرکزی و مرکز اسناد,library,https://lib.ub.ac.ir/fa/w/%D9%BE%D8%A7%DB%8C%D8%A7%D9%86-%D9%86%D8%A7%D9%85%D9%87-%D9%88-%D8%B1%D8%B3%D8%A7%D9%84%D9%87-%D8%AA%D8%AD%D8%B5%DB%8C%D9%84%D8%A7%D8%AA-%D8%AA%DA%A9%D9%85%DB%8C%D9%84%DB%8C?redirect=%2Fhome%2F-%2Fasset_publisher%2Fryto%2Fcontent%2F%2525D8%2525AA%2525D9%252582%2525D8%2525AF%2525DB%25258C%2525D8%2525B1-%2525D8%2525A7%2525D8%2525B2-%2525D8%2525AA%2525D9%252584%2525D8%2525A7%2525D8%2525B4-%2525D9%252588-%2525D8%2525AE%2525D8%2525AF%2525D9%252585%2525D8%2525A7%2525D8%2525AA-%2525D8%2525B4%2525D8%2525A7%2525DB%25258C%2525D8%2525B3%2525D8%2525AA%2525D9%252587-%2525D8%2525B1%2525D8%2525A6%2525DB%25258C%2525D8%2525B3-%2525DA%2525A9%2525D8%2525AA%2525D8%2525A7%2525D8%2525A8%2525D8%2525AE%2525D8%2525A7%2525D9%252586%2525D9%252587-%2525D8%2525AF%2525D8%2525B1-%2525D8%2525B1%2525D8%2525A7%2525D8%2525B3%2525D8%2525AA%3F_com_liferay_asset_publisher_web_portlet_AssetPublisherPortlet_INSTANCE_ryto_assetEntryId%3D4399214%26_com_liferay_asset_publisher_web_portlet_AssetPublisherPortlet_INSTANCE_ryto_redirect%3Dhttps%253A%252F%252Flib.ub.ac.ir%252Fhome%253Fp_p_id%253Dcom_liferay_asset_publisher_web_portlet_AssetPublisherPortlet_INSTANCE_ryto%2526p_p_lifecycle%253D0%2526p_p_state%253Dnormal%2526p_p_mode%253Dview%2526_com_liferay_asset_publisher_web_portlet_AssetPublisherPortlet_INSTANCE_ryto_cur%253D0%2526p_r_p_resetCur%253Dfalse%2526_com_liferay_asset_publisher_web_portlet_AssetPublisherPortlet_INSTANCE_ryto_assetEntryId%253D4399214,research-portal-discovery,https://lib.ub.ac.ir/home/-/asset_publisher/ryto/content/%25D8%25AA%25D9%2582%25D8%25AF%25DB%258C%25D8%25B1-%25D8%25A7%25D8%25B2-%25D8%25AA%25D9%2584%25D8%25A7%25D8%25B4-%25D9%2588-%25D8%25AE%25D8%25AF%25D9%2585%25D8%25A7%25D8%25AA-%25D8%25B4%25D8%25A7%25DB%258C%25D8%25B3%25D8%25AA%25D9%2587-%25D8%25B1%25D8%25A6%25DB%258C%25D8%25B3-%25DA%25A9%25D8%25AA%25D8%25A7%25D8%25A8%25D8%25AE%25D8%25A7%25D9%2586%25D9%2587-%25D8%25AF%25D8%25B1-%25D8%25B1%25D8%25A7%25D8%25B3%25D8%25AA?_com_liferay_asset_publisher_web_portlet_AssetPublisherPortlet_INSTANCE_ryto_assetEntryId=4399214&_com_liferay_asset_publisher_web_portlet_AssetPublisherPortlet_INSTANCE_ryto_redirect=https%3A%2F%2Flib.ub.ac.ir%2Fhome%3Fp_p_id%3Dcom_liferay_asset_publisher_web_portlet_AssetPublisherPortlet_INSTANCE_ryto%26p_p_lifecycle%3D0%26p_p_state%3Dnormal%26p_p_mode%3Dview%26_com_liferay_asset_publisher_web_portlet_AssetPublisherPortlet_INSTANCE_ryto_cur%3D0%26p_r_p_resetCur%3Dfalse%26_com_liferay_asset_publisher_web_portlet_AssetPublisherPortlet_INSTANCE_ryto_assetEntryId%3D4399214,verified,2026-08-11
khorramshahr-marine-discovery-system-b7055ea860ea,khorramshahr-marine,سامانه ها - معاونت پژوهش و فناوری,research,https://research.kmsu.ac.ir/fa/page/1338/%D8%B3%D8%A7%D9%85%D8%A7%D9%86%D9%87-%D9%87%D8%A7,research-portal-discovery,https://research.kmsu.ac.ir/fa/event,verified,2026-08-11
khorramshahr-marine-discovery-system-7fd0a3d8491d,khorramshahr-marine,فرم های حمایت مالی از پایان نامه - معاونت پژوهش و فناوری,research,https://research.kmsu.ac.ir/fa/regulation/303/%D9%81%D8%B1%D9%85-%D9%87%D8%A7%DB%8C-%D8%AD%D9%85%D8%A7%DB%8C%D8%AA-%D9%85%D8%A7%D9%84%DB%8C-%D8%A7%D8%B2-%D9%BE%D8%A7%DB%8C%D8%A7%D9%86-%D9%86%D8%A7%D9%85%D9%87,research-portal-discovery,https://research.kmsu.ac.ir/fa/regulation/category/52/%D9%81%D8%B1%D9%85-%D9%87%D8%A7,verified,2026-08-11
khorramshahr-marine-discovery-system-b9e21d3ce824,khorramshahr-marine,شیوه نامه حمایت مالی از پایان نامه ها و رساله های تحصیلات تکمیلی - معاونت پژوهش و فناوری,research,https://research.kmsu.ac.ir/fa/regulation/302/%D8%B4%DB%8C%D9%88%D9%87-%D9%86%D8%A7%D9%85%D9%87-%D8%AD%D9%85%D8%A7%DB%8C%D8%AA-%D9%85%D8%A7%D9%84%DB%8C-%D8%A7%D8%B2-%D9%BE%D8%A7%DB%8C%D8%A7%D9%86-%D9%86%D8%A7%D9%85%D9%87-%D9%87%D8%A7-%D9%88-%D8%B1%D8%B3%D8%A7%D9%84%D9%87-%D9%87%D8%A7%DB%8C-%D8%AA%D8%AD%D8%B5%DB%8C%D9%84%D8%A7%D8%AA-%D8%AA%DA%A9%D9%85%DB%8C%D9%84%DB%8C,research-portal-discovery,https://research.kmsu.ac.ir/fa/regulation/category/50/%D8%A2%DB%8C%DB%8C%D9%86-%D9%86%D8%A7%D9%85%D9%87-%D9%87%D8%A7,verified,2026-08-11
khorramshahr-marine-discovery-system-74a657312ae3,khorramshahr-marine,فرایند حمایت مالی از پایان نامه تحصیلات تکمیلی - معاونت پژوهش و فناوری,research,https://research.kmsu.ac.ir/fa/regulation/307/%D9%81%D8%B1%D8%A7%DB%8C%D9%86%D8%AF-%D8%AD%D9%85%D8%A7%DB%8C%D8%AA-%D9%85%D8%A7%D9%84%DB%8C-%D8%A7%D8%B2-%D9%BE%D8%A7%DB%8C%D8%A7%D9%86-%D9%86%D8%A7%D9%85%D9%87-%D8%AA%D8%AD%D8%B5%DB%8C%D9%84%D8%A7%D8%AA-%D8%AA%DA%A9%D9%85%DB%8C%D9%84%DB%8C,research-portal-discovery,https://research.kmsu.ac.ir/fa/regulation/category/52/%D9%81%D8%B1%D9%85-%D9%87%D8%A7,verified,2026-08-11
khorramshahr-marine-discovery-system-7557940bfa33,khorramshahr-marine,شرایط ارائه فاکتور حمایت از پایان نامه - معاونت پژوهش و فناوری,research,https://research.kmsu.ac.ir/fa/regulation/308/%D8%B4%D8%B1%D8%A7%DB%8C%D8%B7-%D8%A7%D8%B1%D8%A7%D8%A6%D9%87-%D9%81%D8%A7%DA%A9%D8%AA%D9%88%D8%B1-%D8%AD%D9%85%D8%A7%DB%8C%D8%AA-%D8%A7%D8%B2-%D9%BE%D8%A7%DB%8C%D8%A7%D9%86-%D9%86%D8%A7%D9%85%D9%87,research-portal-discovery,https://research.kmsu.ac.ir/fa/regulation/category/52/%D9%81%D8%B1%D9%85-%D9%87%D8%A7,verified,2026-08-11
meybod-discovery-system-9866f35ded34,meybod,سامانه ملی کارآموزی,research,https://meybod.ac.ir/academic-research/entrepreneurship/System,research-portal-discovery,https://meybod.ac.ir/,verified,2026-08-11
meybod-discovery-system-fcdbe23a3a5b,meybod,سامانه ملی کارآموزی,research,https://meybod.ac.ir/academic-research/entrepreneurship/System/lang/Fa.aspx,research-portal-discovery,https://meybod.ac.ir/academic-research/entrepreneurship/System,verified,2026-08-11
meybod-discovery-system-4bfb7951f69d,meybod,فهرست نشریات معتبر وزرات علوم، تحقیقات و فناوری,journals,https://meybod.ac.ir/academic-research/research/journals/lang/Fa,research-portal-discovery,https://meybod.ac.ir/academic-research/research-technology,verified,2026-08-11
chabahar-maritime-discovery-system-841708e8ef6b,chabahar-maritime,نشریات علمی,journals,https://www.cmu.ac.ir/fa/%D8%B3%D8%A7%D9%85%D8%A7%D9%86%D9%87-%D9%87%D8%A7/%D9%86%D8%B4%D8%B1%DB%8C%D8%A7%D8%AA-%D8%B9%D9%84%D9%85%DB%8C,research-portal-discovery,https://www.cmu.ac.ir/fa,verified,2026-08-11
chabahar-maritime-discovery-system-21072640d7c0,chabahar-maritime,نمونه پیشنهاده، پایان‌نامه، رساله‌ و فرم‌های ضروری کارشناسی ارشد و دکتری > دانشگاه دریانوردی و علوم دریایی چابهار,research,https://www.cmu.ac.ir/fa/news/ID/150,research-portal-discovery,https://www.cmu.ac.ir/fa/%D9%85%D8%B9%D8%A7%D9%88%D9%86%D8%AA-%D9%87%D8%A7/%D8%AD%D9%88%D8%B2%D9%87-%D9%85%D8%B9%D8%A7%D9%88%D9%86%D8%AA-%D9%BE%DA%98%D9%88%D9%87%D8%B4%DB%8C-%D9%88-%D9%81%D9%86%D8%A7%D9%88%D8%B1%DB%8C/%D9%85%D8%AF%DB%8C%D8%B1-%D8%A7%D9%85%D9%88%D8%B1-%D9%81%D9%86%D8%A7%D9%88%D8%B1%DB%8C/%D8%AE%D8%AF%D9%85%D8%A7%D8%AA-%D9%88%DB%8C%DA%98%D9%87-%D8%A7%D8%B3%D8%A7%D8%AA%DB%8C%D8%AF,verified,2026-08-11
malayer-discovery-system-27afd3815797,malayer,سامانه های تکریم دانشجو - پورتال دانشگاه ملایر,research,https://www.malayeru.ac.ir/portal/home/?46662/%D8%B3%D8%A7%D9%85%D8%A7%D9%86%D9%87-%D9%87%D8%A7%DB%8C-%D8%AA%DA%A9%D8%B1%DB%8C%D9%85-%D8%AF%D8%A7%D9%86%D8%B4%D8%AC%D9%88,research-portal-discovery,https://malayeru.ac.ir/portal/home/,verified,2026-08-11
malayer-discovery-system-19674d523746,malayer,- طرح ها و پایان نامه های با کد اخلاق در پژوهش - کمیته اخلاق پژوهشی دانشگاه ملایر,research,https://malayeru.ac.ir/portal/home/?form/238145/238156/238224/,research-portal-discovery,https://malayeru.ac.ir/portal/home/?238145/%DA%A9%D9%85%DB%8C%D8%AA%D9%87-%D8%A7%D8%AE%D9%84%D8%A7%D9%82-%D9%BE%DA%98%D9%88%D9%87%D8%B4%DB%8C-%D8%AF%D8%A7%D9%86%D8%B4%DA%AF%D8%A7%D9%87-%D9%85%D9%84%D8%A7%DB%8C%D8%B1,verified,2026-08-11
malayer-discovery-system-af2db50f301c,malayer,نشریات علمی دانشگاه ملایر - نشریات علمی دانشگاه ملایر,journals,https://malayeru.ac.ir/portal/home/?website/17184/20814/%D9%86%D8%B4%D8%B1%DB%8C%D8%A7%D8%AA-%D8%B9%D9%84%D9%85%DB%8C-%D8%AF%D8%A7%D9%86%D8%B4%DA%AF%D8%A7%D9%87-%D9%85%D9%84%D8%A7%DB%8C%D8%B1/,research-portal-discovery,https://malayeru.ac.ir/portal/home/,verified,2026-08-11
gonbad-kavous-discovery-system-ad8aabaf4d22,gonbad-kavous,"گروه برنامه ریزی پژوهشی، علم سنجی و پایش دستاوردهای علمی, دانشگاه گنبد کاووس",research,https://gonbad.ac.ir/fa/home/page/594,research-portal-discovery,https://gonbad.ac.ir/fa/home/presidencies/researchpresidency,verified,2026-08-11
gonbad-kavous-discovery-system-736a3add098d,gonbad-kavous,"نشریات, دانشگاه گنبد کاووس",journals,https://gonbad.ac.ir/fa/home/page/123,research-portal-discovery,https://gonbad.ac.ir/fa/home/presidencies/researchpresidency,verified,2026-08-11
gonbad-kavous-discovery-system-0625e2f40d57,gonbad-kavous,"نشریات دانشگاه, دانشگاه گنبد کاووس",journals,https://gonbad.ac.ir/fa/home/page/327,research-portal-discovery,https://gonbad.ac.ir/fa/home/page/123,verified,2026-08-11
gonbad-kavous-discovery-system-b5ffe39d21b3,gonbad-kavous,"نشریات معتبر, دانشگاه گنبد کاووس",journals,https://gonbad.ac.ir/fa/home/page/328,research-portal-discovery,https://gonbad.ac.ir/fa/home/page/123,verified,2026-08-11
gonbad-kavous-discovery-system-17a43febfa1f,gonbad-kavous,"نشریات نامعتبر, دانشگاه گنبد کاووس",journals,https://gonbad.ac.ir/fa/home/page/329,research-portal-discovery,https://gonbad.ac.ir/fa/home/page/123,verified,2026-08-11
torbat-heydarieh-discovery-system-97e74e49a20a,torbat-heydarieh,سامانه 118,research,https://torbath.ac.ir/fa/grid/2/%D8%B3%D8%A7%D9%85%D8%A7%D9%86%D9%87-118,research-portal-discovery,https://torbath.ac.ir/fa,verified,2026-08-11
jahrom-discovery-system-2350ee518402,jahrom,لزوم اخذ گواهی افتا برای تمامی سامانه های تحت بهره برداری از پیمانکاران - گروه توسعه و فناوری اطلاعات و امنیت فضای مجازی,it,https://jahromu.ac.ir/itcenter/fa/regulation/219/%D9%84%D8%B2%D9%88%D9%85-%D8%A7%D8%AE%D8%B0-%DA%AF%D9%88%D8%A7%D9%87%DB%8C-%D8%A7%D9%81%D8%AA%D8%A7-%D8%A8%D8%B1%D8%A7%DB%8C-%D8%AA%D9%85%D8%A7%D9%85%DB%8C-%D8%B3%D8%A7%D9%85%D8%A7%D9%86%D9%87-%D9%87%D8%A7%DB%8C-%D8%AA%D8%AD%D8%AA-%D8%A8%D9%87%D8%B1%D9%87-%D8%A8%D8%B1%D8%AF%D8%A7%D8%B1%DB%8C-%D8%A7%D8%B2-%D9%BE%DB%8C%D9%85%D8%A7%D9%86%DA%A9%D8%A7%D8%B1%D8%A7%D9%86,research-portal-discovery,https://jahromu.ac.ir/itcenter/fa/regulation/category/45/%D9%81%D8%A7%DB%8C%D9%84-%D9%87%D8%A7%DB%8C-%D8%B1%D8%A7%D9%87%D9%86%D9%85%D8%A7-%D9%88-%D8%A2%DB%8C%DB%8C%D9%86-%D9%86%D8%A7%D9%85%D9%87-%D9%87%D8%A7,verified,2026-08-11
jahrom-discovery-system-1b10927fc250,jahrom,راهنمای استفاده از سامانه آزمون آنلاین(ویژه اساتید) - گروه توسعه و فناوری اطلاعات و امنیت فضای مجازی,it,https://jahromu.ac.ir/itcenter/fa/regulation/275/%D8%B1%D8%A7%D9%87%D9%86%D9%85%D8%A7%DB%8C-%D8%A7%D8%B3%D8%AA%D9%81%D8%A7%D8%AF%D9%87-%D8%A7%D8%B2-%D8%B3%D8%A7%D9%85%D8%A7%D9%86%D9%87-%D8%A2%D8%B2%D9%85%D9%88%D9%86-%D8%A2%D9%86%D9%84%D8%A7%DB%8C%D9%86-%D9%88%DB%8C%DA%98%D9%87-%D8%A7%D8%B3%D8%A7%D8%AA%DB%8C%D8%AF-,research-portal-discovery,https://jahromu.ac.ir/itcenter/fa/regulation/category/45/%D9%81%D8%A7%DB%8C%D9%84-%D9%87%D8%A7%DB%8C-%D8%B1%D8%A7%D9%87%D9%86%D9%85%D8%A7-%D9%88-%D8%A2%DB%8C%DB%8C%D9%86-%D9%86%D8%A7%D9%85%D9%87-%D9%87%D8%A7,verified,2026-08-11
jiroft-discovery-system-612d687d52f2,jiroft,عقد قراردادپایان نامه تقاضا محور درشرکت شهرک های صنعتی - معاونت پژوهش و فناوری,industry,https://ujiroft.ac.ir/research/fa/achievement/2/%D8%B9%D9%82%D8%AF-%D9%82%D8%B1%D8%A7%D8%B1%D8%AF%D8%A7%D8%AF%D9%BE%D8%A7%DB%8C%D8%A7%D9%86-%D9%86%D8%A7%D9%85%D9%87-%D8%AA%D9%82%D8%A7%D8%B6%D8%A7-%D9%85%D8%AD%D9%88%D8%B1-%D8%AF%D8%B1%D8%B4%D8%B1%DA%A9%D8%AA-%D8%B4%D9%87%D8%B1%DA%A9-%D9%87%D8%A7%DB%8C-%D8%B5%D9%86%D8%B9%D8%AA%DB%8C,research-portal-discovery,https://ujiroft.ac.ir/research/fa/content/11/%D9%85%D8%B1%DA%A9%D8%B2-%D8%AA%D8%AE%D8%B5%D8%B5%DB%8C-%D9%86%D9%88%D8%A2%D9%88%D8%B1%DB%8C-%D8%AE%D8%B1%D9%85%D8%A7,verified,2026-08-11
bam-higher-ed-discovery-system-a2c5273d7936,bam-higher-ed,فرم ها و فایل های راهنما آرشیو - مجتمع آموزشی عالی بم,research,https://www.bam.ac.ir/download_category/student-services/,research-portal-discovery,https://www.bam.ac.ir/,verified,2026-08-11
bam-higher-ed-discovery-system-4f28bc066a5a,bam-higher-ed,فرم ها و فایل های راهنما آرشیو - صفحه 2 از 4 - مجتمع آموزشی عالی بم,research,https://www.bam.ac.ir/download_category/student-services/?sf_paged=2,research-portal-discovery,https://www.bam.ac.ir/download_category/student-services/,verified,2026-08-11
bam-higher-ed-discovery-system-7f5e6996c4fb,bam-higher-ed,فرم ها و فایل های راهنما آرشیو - صفحه 3 از 4 - مجتمع آموزشی عالی بم,research,https://www.bam.ac.ir/download_category/student-services/?sf_paged=3,research-portal-discovery,https://www.bam.ac.ir/download_category/student-services/,verified,2026-08-11
bam-higher-ed-discovery-system-1de393c0c2e6,bam-higher-ed,فرم ها و فایل های راهنما آرشیو - صفحه 4 از 4 - مجتمع آموزشی عالی بم,research,https://www.bam.ac.ir/download_category/student-services/?sf_paged=4,research-portal-discovery,https://www.bam.ac.ir/download_category/student-services/,verified,2026-08-11
neyshabur-discovery-system-f2b81bf64355,neyshabur,سامانه ملی ثبت پایان نامه,library,https://library.neyshabur.ac.ir/fa/tag/2184/%D8%B3%D8%A7%D9%85%D8%A7%D9%86%D9%87+%D9%85%D9%84%DB%8C+%D8%AB%D8%A8%D8%AA+%D9%BE%D8%A7%DB%8C%D8%A7%D9%86+%D9%86%D8%A7%D9%85%D9%87,research-portal-discovery,https://library.neyshabur.ac.ir/fa/page/728/%D8%B3%D8%A7%D9%85%D8%A7%D9%86%D9%87-%D9%85%D9%84%DB%8C-%D8%AB%D8%A8%D8%AA-%D9%BE%D8%A7%DB%8C%D8%A7%D9%86-%D9%86%D8%A7%D9%85%D9%87,verified,2026-08-11
neyshabur-discovery-system-33fef35969fe,neyshabur,سامانه ملی ثبت پایان نامه - کتابخانه مرکزی دانشگاه نیشابور,library,https://library.neyshabur.ac.ir/fa/page/728/%D8%B3%D8%A7%D9%85%D8%A7%D9%86%D9%87-%D9%85%D9%84%DB%8C-%D8%AB%D8%A8%D8%AA-%D9%BE%D8%A7%DB%8C%D8%A7%D9%86-%D9%86%D8%A7%D9%85%D9%87,research-portal-discovery,https://library.neyshabur.ac.ir/fa,verified,2026-08-11
eghlid-higher-ed-discovery-system-5051df346b94,eghlid-higher-ed,اطلاعیه ثبت فعالیت‌های فرهنگی و اجتماعی دانشجویان در سامانه «فرنما» - مرکز آموزش عالی اقلید,research,https://www.eghlid.ac.ir/%d8%a7%d8%b7%d9%84%d8%a7%d8%b9%db%8c%d9%87-%d8%ab%d8%a8%d8%aa-%d9%81%d8%b9%d8%a7%d9%84%db%8c%d8%aa%d9%87%d8%a7%db%8c-%d9%81%d8%b1%d9%87%d9%86%da%af%db%8c-%d9%88-%d8%a7%d8%ac%d8%aa%d9%85%d8%a7/,research-portal-discovery,https://www.eghlid.ac.ir/,verified,2026-08-11
iust-discovery-system-071ee0279dc7,iust,سامانه پشتیبانی | پرتال مرکز فناوری اطلاعات و ارتباطات,it,https://its.iust.ac.ir/service/helpdesk,research-portal-discovery,https://its.iust.ac.ir/,verified,2026-08-11
iust-discovery-system-9c480d87ce2b,iust,فرایند تسویه حساب و بارگذاری پایان‌نامه کارشناسی ارشد و دکتری – کتابخانه و مرکز اسناد علمی و اطلاع رسانی دانشگاه علم و صنعت ایران,library,http://library.iust.ac.ir/phd/,research-portal-discovery,http://library.iust.ac.ir/,verified,2026-08-11
iust-discovery-system-290d1fab393b,iust,فرایند تسویه حساب و بارگذاری پایان‌نامه کارشناسی ارشد و دکتری – کتابخانه و مرکز اسناد علمی و اطلاع رسانی دانشگاه علم و صنعت ایران,library,https://library.iust.ac.ir/phd/,research-portal-discovery,https://library.iust.ac.ir/,verified,2026-08-11
iust-discovery-system-66dda709b5c0,iust,علم‌سنجی – کتابخانه و مرکز اسناد علمی و اطلاع رسانی دانشگاه علم و صنعت ایران,library,http://library.iust.ac.ir/scientometrics/,research-portal-discovery,http://library.iust.ac.ir/,verified,2026-08-11
iust-discovery-system-b8ceb8179338,iust,فرایند تسویه حساب و بارگذاری پایان‌نامه کارشناسی – کتابخانه و مرکز اسناد علمی و اطلاع رسانی دانشگاه علم و صنعت ایران,library,http://library.iust.ac.ir/bs/,research-portal-discovery,http://library.iust.ac.ir/,verified,2026-08-11
iust-discovery-system-3f8fbedf06b7,iust,فرایند تسویه حساب و بارگذاری پایان‌نامه کارشناسی – کتابخانه و مرکز اسناد علمی و اطلاع رسانی دانشگاه علم و صنعت ایران,library,https://library.iust.ac.ir/bs/,research-portal-discovery,https://library.iust.ac.ir/,verified,2026-08-11
iust-discovery-system-294da3714785,iust,دانشگاه علم و صنعت ایران - cemst -,industry,https://cepsao.iust.ac.ir/,research-portal-discovery,https://www.iust.ac.ir/,verified,2026-08-11
iust-discovery-system-69ed5243b8bf,iust,دستورالعمل استفاده از پایان نامه های دانشگاه علم و صنعت ایران – کتابخانه و مرکز اسناد علمی و اطلاع رسانی دانشگاه علم و صنعت ایران,library,http://library.iust.ac.ir/portfolio/%D8%AF%D8%B3%D8%AA%D9%88%D8%B1%D8%A7%D9%84%D8%B9%D9%85%D9%84-%D8%A7%D8%B3%D8%AA%D9%81%D8%A7%D8%AF%D9%87-%D8%A7%D8%B2-%D9%BE%D8%A7%DB%8C%D8%A7%D9%86-%D9%86%D8%A7%D9%85%D9%87-%D9%87%D8%A7%DB%8C-%D8%AF/,research-portal-discovery,http://library.iust.ac.ir/regulation/,verified,2026-08-11
amirkabir-discovery-system-a5a29a61f7ac,amirkabir,سامانه‌ها - دانشگاه صنعتی امیرکبیر,industry,https://aut.ac.ir/page/226/%D8%B3%D8%A7%D9%85%D8%A7%D9%86%D9%87%E2%80%8C%D9%87%D8%A7,research-portal-discovery,https://aut.ac.ir/,verified,2026-08-11
amirkabir-discovery-system-8d31bf92a929,amirkabir,پژوهشکده سامانه ها و مکانیزم های صنعتی پیشرفته,industry,https://aism.aut.ac.ir/,research-portal-discovery,https://aut.ac.ir/,verified,2026-08-11
amirkabir-discovery-system-39b44aea3834,amirkabir,فهرست پایان نامه ها - دانشگاه صنعتی امیرکبیر,industry,https://aut.ac.ir/deptdatam_project_list.php?sid=1&slc_lang=fa,research-portal-discovery,https://aut.ac.ir/,verified,2026-08-11
amirkabir-discovery-system-882daa1adf47,amirkabir,آئین‌نامه‌های سنجش تحلیل و علم‌سنجی - دانشگاه صنعتی امیرکبیر - اداره امور پژوهشی,industry,https://researchoffice.aut.ac.ir/content/30406/%D8%A2%D8%A6%DB%8C%D9%86%E2%80%8C%D9%86%D8%A7%D9%85%D9%87%E2%80%8C%D9%87%D8%A7%DB%8C-%D8%B3%D9%86%D8%AC%D8%B4%D8%8C-%D8%AA%D8%AD%D9%84%DB%8C%D9%84-%D9%88-%D8%B9%D9%84%D9%85%E2%80%8C%D8%B3%D9%86%D8%AC%DB%8C,research-portal-discovery,https://researchoffice.aut.ac.ir/,verified,2026-08-11
kntu-discovery-system-978e6501b52b,kntu,راهنمای پایان نامه ها - كتابخانه مركزي,library,https://library.kntu.ac.ir/%D8%B1%D8%A7%D9%87%D9%86%D9%85%D8%A7%DB%8C-%D9%BE%D8%A7%DB%8C%D8%A7%D9%86-%D9%86%D8%A7%D9%85%D9%87-%D9%87%D8%A7,research-portal-discovery,http://library.kntu.ac.ir/,verified,2026-08-11
kntu-discovery-system-d514a44b375e,kntu,راهنمای سامانه گلستان ( مستخرج از تز/ نویسنده رابط) - كتابخانه مركزي,library,https://library.kntu.ac.ir/%D8%B1%D8%A7%D9%87%D9%86%D9%85%D8%A7%DB%8C-%D8%B3%D8%A7%D9%85%D8%A7%D9%86%D9%87-%DA%AF%D9%84%D8%B3%D8%AA%D8%A7%D9%86-%D9%85%D8%B3%D8%AA%D8%AE%D8%B1%D8%AC-%D8%A7%D8%B2-%D8%AA%D8%B2/-%D9%86%D9%88%DB%8C%D8%B3%D9%86%D8%AF%D9%87-%D8%B1%D8%A7%D8%A8%D8%B7-,research-portal-discovery,http://library.kntu.ac.ir/,verified,2026-08-11
kntu-discovery-system-00e9cf51e6f4,kntu,راهنمای سامانه گلستان ( مستخرج از تز/ نویسنده رابط) - كتابخانه مركزي,library,https://library.kntu.ac.ir/web/library/w/%D8%B1%D8%A7%D9%87%D9%86%D9%85%D8%A7%DB%8C-%D8%B3%D8%A7%D9%85%D8%A7%D9%86%D9%87-%DA%AF%D9%84%D8%B3%D8%AA%D8%A7%D9%86-%D9%85%D8%B3%D8%AA%D8%AE%D8%B1%D8%AC-%D8%A7%D8%B2-%D8%AA%D8%B2/-%D9%86%D9%88%DB%8C%D8%B3%D9%86%D8%AF%D9%87-%D8%B1%D8%A7%D8%A8%D8%B7-,research-portal-discovery,https://library.kntu.ac.ir/%D8%B1%D8%A7%D9%87%D9%86%D9%85%D8%A7%DB%8C-%D8%B3%D8%A7%D9%85%D8%A7%D9%86%D9%87-%DA%AF%D9%84%D8%B3%D8%AA%D8%A7%D9%86-%D9%85%D8%B3%D8%AA%D8%AE%D8%B1%D8%AC-%D8%A7%D8%B2-%D8%AA%D8%B2/-%D9%86%D9%88%DB%8C%D8%B3%D9%86%D8%AF%D9%87-%D8%B1%D8%A7%D8%A8%D8%B7-,verified,2026-08-11
kntu-discovery-system-771ca6931c41,kntu,سامانه ستاد ایران - ارتباط با صنعت,industry,https://research.kntu.ac.ir/web/rairo/%D8%B3%D8%A7%D9%85%D8%A7%D9%86%D9%87-%D8%B3%D8%AA%D8%A7%D8%AF-%D8%A7%DB%8C%D8%B1%D8%A7%D9%86,research-portal-discovery,https://research.kntu.ac.ir/web/rairo/98,verified,2026-08-11
kntu-discovery-system-e2f5fbbe52e7,kntu,سامانه ساتع - ارتباط با صنعت,industry,https://research.kntu.ac.ir/web/rairo/%D8%B3%D8%A7%D9%85%D8%A7%D9%86%D9%87-%D8%B3%D8%A7%D8%AA%D8%B9,research-portal-discovery,https://research.kntu.ac.ir/web/rairo/98,verified,2026-08-11
kntu-discovery-system-d4785aa1d7ce,kntu,سامانه نان - ارتباط با صنعت,industry,https://research.kntu.ac.ir/web/rairo/%D8%B3%D8%A7%D9%85%D8%A7%D9%86%D9%87-%D9%86%D8%A7%D9%86,research-portal-discovery,https://research.kntu.ac.ir/web/rairo/98,verified,2026-08-11
kntu-discovery-system-632dd07a54fc,kntu,سامانه ساجد - ارتباط با صنعت,industry,https://research.kntu.ac.ir/web/rairo/%D8%B3%D8%A7%D9%85%D8%A7%D9%86%D9%87-%D8%B3%D8%A7%D8%AC%D8%AF,research-portal-discovery,https://research.kntu.ac.ir/web/rairo/98,verified,2026-08-11
isfahan-technology-discovery-system-582dfcaffb17,isfahan-technology,گزارش های علم سنجی | معاونت پژوهش و فناوری,research,https://research.iut.ac.ir/fa/scientometrics/1751,research-portal-discovery,https://research.iut.ac.ir/fa,verified,2026-08-11
isfahan-technology-discovery-system-af3cb288bcb1,isfahan-technology,کمیته علم سنجی | معاونت پژوهش و فناوری,research,https://research.iut.ac.ir/fa/Scientometrics,research-portal-discovery,https://research.iut.ac.ir/fa,verified,2026-08-11
isfahan-technology-discovery-system-fce09a5c3eb8,isfahan-technology,ثبت پایان نامه | کتابخانه مرکزی و انتشارات,library,https://lib-pub.iut.ac.ir/fa/Thesis-registration,research-portal-discovery,https://lib-pub.iut.ac.ir/fa,verified,2026-08-11
isfahan-technology-discovery-system-e55675613ebf,isfahan-technology,شيوه نامه محرمانه كردن پايان نامه | کتابخانه مرکزی و انتشارات,library,https://lib-pub.iut.ac.ir/fa/Thesis-confidentiality,research-portal-discovery,https://lib-pub.iut.ac.ir/fa,verified,2026-08-11
isfahan-technology-discovery-system-89f6759d4b2f,isfahan-technology,اسناد و پایان نامه | کتابخانه مرکزی و انتشارات,library,https://lib-pub.iut.ac.ir/fa/dissertation-documentary,research-portal-discovery,https://lib-pub.iut.ac.ir/fa,verified,2026-08-11
isfahan-technology-discovery-system-30950bd087af,isfahan-technology,راهنمای سامانه کتابخانه | کتابخانه مرکزی و انتشارات,library,https://lib-pub.iut.ac.ir/fa/library-help,research-portal-discovery,https://lib-pub.iut.ac.ir/fa,verified,2026-08-11
isfahan-technology-discovery-system-b4a90ba9d00f,isfahan-technology,کتابخانه مرکزی و انتشارات | دانشگاه صنعتی اصفهان,journals,https://lib-pub.iut.ac.ir/fa,research-portal-discovery,https://research.iut.ac.ir/fa,verified,2026-08-11
shahrood-technology-discovery-system-e9e80fa2e24b,shahrood-technology,سامانه دریافت پایان نامه: کتابخانه مرکزی دانشگاه صنعتی شاهرود,library,https://www.shahroodut.ac.ir/fa/sec/index.php?id=23&index=489,research-portal-discovery,https://www.shahroodut.ac.ir/fa/sec/index.php?id=23,verified,2026-08-11
shahrood-technology-discovery-system-e85f13135462,shahrood-technology,تازه های پایان نامه: کتابخانه مرکزی دانشگاه صنعتی شاهرود,library,https://www.shahroodut.ac.ir/fa/sec/index.php?id=23&index=335,research-portal-discovery,https://www.shahroodut.ac.ir/fa/sec/index.php?id=23,verified,2026-08-11
shahrood-technology-discovery-system-e09a7833a011,shahrood-technology,پایانامه های دانشگاه صنعتی شاهرود,industry,https://www.shahroodut.ac.ir/fa/thesis/,research-portal-discovery,https://www.shahroodut.ac.ir/fa/sec/index.php?id=11,verified,2026-08-11
shahrood-technology-discovery-system-1248c5d048c8,shahrood-technology,پایانامه های دانشگاه صنعتی شاهرود,industry,https://www.shahroodut.ac.ir/fa/thesis/index.php,research-portal-discovery,https://www.shahroodut.ac.ir/fa/sec/index.php?id=23,verified,2026-08-11
shahrood-technology-discovery-system-cc5b380bedc5,shahrood-technology,مقررات مربوط به انتشارات، جاپ کتاب و نشریات علمی: قوانین و مقررات دانشگاه دانشگاه صنعتی شاهرود,journals,https://www.shahroodut.ac.ir/fa/sec/index.php?id=129&page=673,research-portal-discovery,https://www.shahroodut.ac.ir/fa/sec/index.php?id=129,verified,2026-08-11
babol-noshirvani-discovery-system-eb735103aee1,babol-noshirvani,آیین نامه نشریات ۹۸ - حوزه معاونت پژوهش و فناوری,journals,https://research.nit.ac.ir/fa/regulation/498/%D8%A2%DB%8C%DB%8C%D9%86-%D9%86%D8%A7%D9%85%D9%87-%D9%86%D8%B4%D8%B1%DB%8C%D8%A7%D8%AA-%DB%B9%DB%B8,research-portal-discovery,https://research.nit.ac.ir/fa/regulation/category/12/%D8%A2%DB%8C%DB%8C%D9%86-%D9%86%D8%A7%D9%85%D9%87-%D9%87%D8%A7-%D9%88-%D9%81%D8%B1%D9%85-%D9%87%D8%A7%DB%8C-%D9%BE%DA%98%D9%88%D9%87%D8%B4%DB%8C,verified,2026-08-11
babol-noshirvani-discovery-system-856f224b4f93,babol-noshirvani,آیین‌نامه‌ها و فرم‌ها- راهنمای سامانه پژوهشی گلستان,research,https://research.nit.ac.ir/fa/regulation/category/67/%D8%B1%D8%A7%D9%87%D9%86%D9%85%D8%A7%DB%8C-%D8%B3%D8%A7%D9%85%D8%A7%D9%86%D9%87-%D9%BE%DA%98%D9%88%D9%87%D8%B4%DB%8C-%DA%AF%D9%84%D8%B3%D8%AA%D8%A7%D9%86,research-portal-discovery,https://research.nit.ac.ir/fa/regulation/category/22/%D8%A7%D9%86%D8%AA%D8%B4%D8%A7%D8%B1%D8%A7%D8%AA,verified,2026-08-11
babol-noshirvani-discovery-system-28ea96b82def,babol-noshirvani,آیین‌نامه‌ها و فرم‌ها- راهنمای سامانه پژوهشی گلستان,research,https://research.nit.ac.ir/fa/regulation/category/67/%D8%B1%D8%A7%D9%87%D9%86%D9%85%D8%A7%DB%8C-%D8%B3%D8%A7%D9%85%D8%A7%D9%86%D9%87-%D9%BE%DA%98%D9%88%D9%87%D8%B4%DB%8C-%DA%AF%D9%84%D8%B3%D8%AA%D8%A7%D9%86?sort=circularNo,research-portal-discovery,https://research.nit.ac.ir/fa/regulation/category/67/%D8%B1%D8%A7%D9%87%D9%86%D9%85%D8%A7%DB%8C-%D8%B3%D8%A7%D9%85%D8%A7%D9%86%D9%87-%D9%BE%DA%98%D9%88%D9%87%D8%B4%DB%8C-%DA%AF%D9%84%D8%B3%D8%AA%D8%A7%D9%86,verified,2026-08-11
sahand-discovery-system-edfb4c9f9d34,sahand,آیین نامه حمایت از پایان‌ نامه‌های تحصیلات تکمیلی دانشگاه صنعتی سهند - معاونت پژوهش و فناوری,industry,https://sut.ac.ir/research/fa/regulation/71/%D8%A2%DB%8C%DB%8C%D9%86-%D9%86%D8%A7%D9%85%D9%87-%D8%AD%D9%85%D8%A7%DB%8C%D8%AA-%D8%A7%D8%B2-%D9%BE%D8%A7%DB%8C%D8%A7%D9%86-%D9%86%D8%A7%D9%85%D9%87-%D9%87%D8%A7%DB%8C-%D8%AA%D8%AD%D8%B5%DB%8C%D9%84%D8%A7%D8%AA-%D8%AA%DA%A9%D9%85%DB%8C%D9%84%DB%8C-%D8%AF%D8%A7%D9%86%D8%B4%DA%AF%D8%A7%D9%87-%D8%B5%D9%86%D8%B9%D8%AA%DB%8C-%D8%B3%D9%87%D9%86%D8%AF,research-portal-discovery,https://sut.ac.ir/research/fa/regulation/category/24/%D8%A2%DB%8C%DB%8C%D9%86-%D9%86%D8%A7%D9%85%D9%87-%D9%87%D8%A7%DB%8C-%D9%BE%DA%98%D9%88%D9%87%D8%B4%DB%8C-%D9%85%D9%86%D8%B3%D9%88%D8%AE-%D8%B4%D8%AF%D9%87,verified,2026-08-11
sahand-discovery-system-28a069530b77,sahand,آیین نامه نشریات علمی وزارت - معاونت پژوهش و فناوری,journals,https://sut.ac.ir/research/fa/regulation/62/%D8%A2%DB%8C%DB%8C%D9%86-%D9%86%D8%A7%D9%85%D9%87-%D9%86%D8%B4%D8%B1%DB%8C%D8%A7%D8%AA-%D8%B9%D9%84%D9%85%DB%8C-%D9%88%D8%B2%D8%A7%D8%B1%D8%AA,research-portal-discovery,https://sut.ac.ir/research/fa/regulation/category/25/%D8%A2%DB%8C%DB%8C%D9%86-%D9%86%D8%A7%D9%85%D9%87-%D9%87%D8%A7%DB%8C-%D9%BE%DA%98%D9%88%D9%87%D8%B4%DB%8C-%D8%B9%D9%85%D9%88%D9%85%DB%8C,verified,2026-08-11
shiraz-technology-discovery-system-df4915ec620c,shiraz-technology,ثبت و اشاعة پیشنهادها، پایان نامه ‏ها، و رساله ‏ها - SUTech Site,research,https://sutech.ac.ir/campus/%d8%ab%d8%a8%d8%aa-%d9%88-%d8%a7%d8%b4%d8%a7%d8%b9%d8%a9-%d9%be%db%8c%d8%b4%d9%86%d9%87%d8%a7%d8%af%d9%87%d8%a7%d8%8c-%d9%be%d8%a7%db%8c%d8%a7%d9%86-%d9%86%d8%a7%d9%85%d9%87-%d9%87%d8%a7,research-portal-discovery,https://sutech.ac.ir/%d9%85%d8%b9%d8%a7%d9%88%d9%86%d8%aa-%d9%be%da%98%d9%88%d9%87%d8%b4-%d9%88-%d9%81%d9%86%d8%a7%d9%88%d8%b1%db%8c,verified,2026-08-11
kgut-discovery-system-b737184bafb9,kgut,دانشگاه تحصیلات تکمیلی صنعتی و فناوری پیشرفته | پایان نامه ها,industry,https://it.kgut.ac.ir/index.jsp?siteid=1&fkeyid=&siteid=1&pageid=2296,research-portal-discovery,https://it.kgut.ac.ir/index.jsp?siteid=1&fkeyid=&siteid=1&pageid=1303,verified,2026-08-11
kgut-discovery-system-4e35cf384036,kgut,نشریات دانشگاه,journals,https://kgut.ac.ir/fa/achievement/category/6/%D9%86%D8%B4%D8%B1%DB%8C%D8%A7%D8%AA-%D8%AF%D8%A7%D9%86%D8%B4%DA%AF%D8%A7%D9%87,research-portal-discovery,https://kgut.ac.ir/fa/achievement/category/13/%D8%A7%D9%86%D8%AA%D8%B4%D8%A7%D8%B1%D8%A7%D8%AA-%D8%AF%D8%A7%D9%86%D8%B4%DA%AF%D8%A7%D9%87,verified,2026-08-11
urmia-technology-discovery-system-640a71a53d2c,urmia-technology,واحد علم سنجی,research,https://uut.ac.ir/page/subunit/22/175,research-portal-discovery,https://uut.ac.ir/subunit/22,verified,2026-08-11
urmia-technology-discovery-system-f5e85fcf9a79,urmia-technology,دکتر افغان: سامانه «بهستان» بستر یکپارچه‌سازی آموزش و پژوهش در دانشگاه صنعتی ارومیه را فراهم کرد,industry,https://uut.ac.ir/news/dr-afghan-the-behestan-system-provided-the-platform-for-integrating-education-and-research-at-urmia-university-of-technology,research-portal-discovery,https://uut.ac.ir/,verified,2026-08-11
urmia-technology-discovery-system-8f4f2910c69e,urmia-technology,نشریات,journals,https://uut.ac.ir/page/subunit/22/177,research-portal-discovery,https://uut.ac.ir/subunit/22,verified,2026-08-11
qom-technology-discovery-system-af96580f61cd,qom-technology,سامانه الهیاتیِ حكمرانی علوم و فنون همگرا,research,https://qut.ac.ir/fa/press/index/%d8%b3%d8%a7%d9%85%d8%a7%d9%86%d9%87-%d8%a7%d9%84%d9%87%db%8c%d8%a7%d8%aa%db%8c%d9%90-%d8%ad%d9%83%d9%85%d8%b1%d8%a7%d9%86%db%8c-%d8%b9%d9%84%d9%88%d9%85-%d9%88-%d9%81%d9%86%d9%88%d9%86-%d9%87%d9%85%da%af%d8%b1%d8%a7,research-portal-discovery,https://qut.ac.ir/,verified,2026-08-11
qom-technology-discovery-system-35f914e2defe,qom-technology,���Ԑ�� ����ی ��,research,https://scimet.qut.ac.ir/,research-portal-discovery,https://qut.ac.ir/,verified,2026-08-11
qom-technology-discovery-system-4ab3cd8af68a,qom-technology,Dashboard,research,https://erp.qut.ac.ir/hermes.html?param=tezcoreshow.aspx,research-portal-discovery,https://qut.ac.ir/,verified,2026-08-11
hamedan-technology-discovery-system-10b0f9cf97bc,hamedan-technology,سامانه‌ها - پرتال اصلی دانشگاه صنعتی همدان - پرتال دانشگاه صنعتی همدان,industry,https://hut.ac.ir/%D8%B3%D8%A7%D9%85%D8%A7%D9%86%D9%87-%D9%87%D8%A7,research-portal-discovery,https://hut.ac.ir/,verified,2026-08-11
hamedan-technology-discovery-system-0eba7ae3003a,hamedan-technology,سامانه‌ها - پرتال اصلی دانشگاه صنعتی همدان - پرتال دانشگاه صنعتی همدان,industry,https://hut.ac.ir/fa/%D8%B3%D8%A7%D9%85%D8%A7%D9%86%D9%87-%D9%87%D8%A7,research-portal-discovery,https://hut.ac.ir/fa/w/%D8%A8%D8%A7%D8%B2%DA%AF%D8%B4%D8%A7%D8%A6%DB%8C-%D8%A2%D8%B2%D9%85%D8%A7%DB%8C%D8%B4%DA%AF%D8%A7%D9%87-%D9%87%D8%A7-%D9%88-%DA%A9%D8%A7%D8%B1%DA%AF%D8%A7%D9%87-%D9%87%D8%A7-%D8%AF%D8%B1-%D8%AF%D8%A7%D9%86%D8%B4%DA%AF%D8%A7%D9%87-%D8%B5%D9%86%D8%B9%D8%AA?redirect=%2F,verified,2026-08-11
hamedan-technology-discovery-system-2342e23d111b,hamedan-technology,تمدید مهلت دفاع از پایان نامه کارشناسی ارشد و پروپوزال دکتری در نیمسال 4041 تا پایان اسفند - پرتال اصلی دانشگاه صنعتی همدان - پرتال دانشگاه صنعتی همدان,industry,https://hut.ac.ir/fa/w/-762?redirect=%2F,research-portal-discovery,https://hut.ac.ir/,verified,2026-08-11
khatam-behbahan-discovery-system-84942c2ff87f,khatam-behbahan,سامانه آموزش مجازی,research,https://bkatu.ac.ir/fa-IR/DouranPortal/9220/page/%D8%B3%D8%A7%D9%85%D8%A7%D9%86%D9%87-%D8%A2%D9%85%D9%88%D8%B2%D8%B4-%D9%85%D8%AC%D8%A7%D8%B2%DB%8C,research-portal-discovery,https://bkatu.ac.ir/,verified,2026-08-11
khatam-behbahan-discovery-system-3e6aa23ded5f,khatam-behbahan,کتابخانه مرکزی دانشگاه,library,https://www.bkatu.ac.ir/library,research-portal-discovery,https://bkatu.ac.ir/,verified,2026-08-11
sirjan-technology-discovery-system-9ff44845a5d4,sirjan-technology,The 19th Iranian Conference on Intelligent Systems to Be Held - دانشگاه صنعتی سیرجان,industry,https://sirjantech.ac.ir/the-19th-iranian-conference-on-intelligent-systems-to-be-held-2/,research-portal-discovery,https://sirjantech.ac.ir/eng/,verified,2026-08-11
sirjan-technology-discovery-system-2a3504c4f144,sirjan-technology,راهنمای کامل نگارش و صحافی پایان نامه - دانشگاه صنعتی سیرجان,industry,https://sirjantech.ac.ir/%d8%b1%d8%a7%d9%87%d9%86%d9%85%d8%a7%db%8c-%da%a9%d8%a7%d9%85%d9%84-%d9%86%da%af%d8%a7%d8%b1%d8%b4-%d9%88-%d8%b5%d8%ad%d8%a7%d9%81%db%8c-%d9%be%d8%a7%db%8c%d8%a7%d9%86-%d9%86%d8%a7%d9%85%d9%87/,research-portal-discovery,https://sirjantech.ac.ir/%d9%85%d8%af%db%8c%d8%b1%db%8c%d8%aa-%d8%aa%d8%ad%d8%b5%db%8c%d9%84%d8%a7%d8%aa-%d8%aa%da%a9%d9%85%db%8c%d9%84%db%8c/,verified,2026-08-11
sirjan-technology-discovery-system-f36b0751f261,sirjan-technology,راهنمای فرآیند دفاع از پایان نامه و فارغ التحصیلی - دانشگاه صنعتی سیرجان,industry,https://sirjantech.ac.ir/%d8%b1%d8%a7%d9%87%d9%86%d9%85%d8%a7%db%8c-%d9%81%d8%b1%d8%a2%db%8c%d9%86%d8%af-%d8%af%d9%81%d8%a7%d8%b9-%d8%a7%d8%b2-%d9%be%d8%a7%db%8c%d8%a7%d9%86-%d9%86%d8%a7%d9%85%d9%87-%d9%88-%d9%81%d8%a7%d8%b1/,research-portal-discovery,https://sirjantech.ac.ir/%d9%85%d8%af%db%8c%d8%b1%db%8c%d8%aa-%d8%aa%d8%ad%d8%b5%db%8c%d9%84%d8%a7%d8%aa-%d8%aa%da%a9%d9%85%db%8c%d9%84%db%8c/,verified,2026-08-11
sirjan-technology-discovery-system-a69c73ad101b,sirjan-technology,آموزش کار با سامانه پژوهشی (ویژه اساتید) - دانشگاه صنعتی سیرجان,industry,https://sirjantech.ac.ir/%d8%a2%d9%85%d9%88%d8%b2%d8%b4-%da%a9%d8%a7%d8%b1-%d8%a8%d8%a7-%d8%b3%d8%a7%d9%85%d8%a7%d9%86%d9%87-%d9%be%da%98%d9%88%d9%87%d8%b4%db%8c-%d9%88%db%8c%da%98%d9%87-%d8%a7%d8%b3%d8%a7%d8%aa%db%8c%d8%af/,research-portal-discovery,https://sirjantech.ac.ir/%d9%85%d8%af%db%8c%d8%b1%db%8c%d8%aa-%d8%a7%d9%85%d9%88%d8%b1-%d9%be%da%98%d9%88%d9%87%d8%b4-%d9%88-%d9%81%d9%86%d8%a7%d9%88%d8%b1%db%8c/,verified,2026-08-11
sirjan-technology-discovery-system-209aaa55cba9,sirjan-technology,فرصت های شغلی سامانه ارتباط جامعه و صنعت با دانشگاه (ساجد) وزارت علوم - دانشگاه صنعتی سیرجان,industry,https://sirjantech.ac.ir/%d9%81%d8%b1%d8%b5%d8%aa-%d9%87%d8%a7%db%8c-%d8%b4%d8%ba%d9%84%db%8c-%d8%b3%d8%a7%d9%85%d8%a7%d9%86%d9%87-%d8%a7%d8%b1%d8%aa%d8%a8%d8%a7%d8%b7-%d8%ac%d8%a7%d9%85%d8%b9%d9%87-%d9%88-%d8%b5%d9%86%d8%b9/,research-portal-discovery,https://sirjantech.ac.ir/%da%a9%d8%a7%d8%b1%d8%a7-%da%a9%d8%a7%d8%b1%d8%a2%d9%85%d9%88%d8%b2%db%8c%d8%8c-%da%a9%d8%a7%d8%b1%d9%88%d8%b1%d8%b2%db%8c-%d9%88-%da%a9%d8%a7%d8%b1%db%8c%d8%a7%d8%a8%db%8c/,verified,2026-08-11
sirjan-technology-discovery-system-7277d334203b,sirjan-technology,كتابخانه دانشگاه صنعتي سيرجان,library,https://lib.sirjantech.ac.ir/DL/SPortal/,research-portal-discovery,https://sirjantech.ac.ir/,verified,2026-08-11
mazandaran-science-tech-discovery-system-a2687c9c49ac,mazandaran-science-tech,میز خدمت,research,https://mazust.ac.ir/fa/c/services-list/,research-portal-discovery,https://mazust.ac.ir/fa/,verified,2026-08-11
buin-zahra-higher-ed-discovery-system-15f3d4c57366,buin-zahra-higher-ed,فرمهای آموزش | مرکز آموزش عالی فنی و مهندسی بوئین زهرا,research,https://www.bzte.ac.ir/blog/%D9%81%D8%B1%D9%85%D9%87%D8%A7-%D9%88-%D8%A2%D8%A6%DB%8C%D9%86-%D9%86%D8%A7%D9%85%D9%87-%D9%87%D8%A7/%D9%81%D8%B1%D9%85%D9%87%D8%A7%DB%8C-%D8%A2%D9%85%D9%88%D8%B2%D8%B4%DB%8C/533-%D9%81%D8%B1%D9%85%D9%87%D8%A7%DB%8C-%D8%A2%D9%85%D9%88%D8%B2%D8%B4.html,research-portal-discovery,https://www.bzte.ac.ir/blog/%D9%81%D8%B1%D9%85%D9%87%D8%A7-%D9%88-%D8%A2%D8%A6%DB%8C%D9%86-%D9%86%D8%A7%D9%85%D9%87-%D9%87%D8%A7/%D9%81%D8%B1%D9%85%D9%87%D8%A7%DB%8C-%D8%A2%D9%85%D9%88%D8%B2%D8%B4%DB%8C/45-%D9%81%D8%B1%D9%85%D9%87%D8%A7%DB%8C-%D8%A2%D9%85%D9%88%D8%B2%D8%B4%DB%8C.html,verified,2026-08-11
buin-zahra-higher-ed-discovery-system-7c54a9890815,buin-zahra-higher-ed,راهنمای ثبت درخواست ها در سامانه مروارید | مرکز آموزش عالی فنی و مهندسی بوئین زهرا,research,https://www.bzte.ac.ir/blog/%D9%81%D8%B1%D9%85%D9%87%D8%A7-%D9%88-%D8%A2%D8%A6%DB%8C%D9%86-%D9%86%D8%A7%D9%85%D9%87-%D9%87%D8%A7/%D9%81%D8%B1%D9%85%D9%87%D8%A7%DB%8C-%D8%A2%D9%85%D9%88%D8%B2%D8%B4%DB%8C/1028-%D8%B1%D8%A7%D9%87%D9%86%D9%85%D8%A7%DB%8C-%D8%AB%D8%A8%D8%AA-%D8%AF%D8%B1%D8%AE%D9%88%D8%A7%D8%B3%D8%AA-%D9%87%D8%A7-%D8%AF%D8%B1-%D8%B3%D8%A7%D9%85%D8%A7%D9%86%D9%87-%D9%85%D8%B1%D9%88%D8%A7%D8%B1%DB%8C%D8%AF.html,research-portal-discovery,https://www.bzte.ac.ir/,verified,2026-08-11
mahallat-higher-ed-discovery-system-785591f6c681,mahallat-higher-ed,سامانه مدیریت امور پژوهشی ژیرو | ورود به سامانه,research,https://research.mahallat.ac.ir/Login.aspx,research-portal-discovery,https://mahallat.ac.ir/,verified,2026-08-11
gorgan-agri-discovery-system-e21c971f7c58,gorgan-agri,دانشگاه علوم کشاورزی و منابع طبیعی گرگان,research,https://gau.ac.ir/Dissertation,research-portal-discovery,https://gau.ac.ir/,verified,2026-08-11
gorgan-agri-discovery-system-738b96c8cf54,gorgan-agri,کتابخانه مرکزی و مرکز اسناد- دانشگاه علوم کشاورزی و منابع طبیعی گرگان,library,https://library.gau.ac.ir/page?pageid=198,research-portal-discovery,https://library.gau.ac.ir/,verified,2026-08-11
gorgan-agri-discovery-system-5082fb214dc9,gorgan-agri,معاونت پژوهشی و فناوری - دانشگاه علوم کشاورزی و منابع طبیعی گرگان,journals,https://researchvp.gau.ac.ir/NewsDetails?newsid=20001,research-portal-discovery,https://researchvp.gau.ac.ir/,verified,2026-08-11
sari-agri-discovery-system-6ae0485a22fb,sari-agri,فراخوان حمایت از پایان‌نامه‌ها و رساله‌های فناورانه منتشر شد. – معاونت پژوهش و فناوری,research,https://research.sanru.ac.ir/%d8%ad%d9%85%d8%a7%db%8c%d8%aa-%d9%80%d9%be%d8%a7%db%8c%d8%a7%d9%86%e2%80%8c%d9%86%d8%a7%d9%85%d9%87%e2%80%8c%d9%87%d8%a7%d9%80%d8%b1%d8%b3%d8%a7%d9%84%d9%87%e2%80%8c%d9%87%d8%a7%db%8c-%d9%81%d9%86/,research-portal-discovery,https://research.sanru.ac.ir/,verified,2026-08-11
sari-agri-discovery-system-0bafc316de3a,sari-agri,راهنمای ورود به سامانه ملی انتشار و دسترسی آزاد به اطلاعات(نسخه شهروندان) - دانشگاه علوم و طبیعی ساری,research,https://sanru.ac.ir/%d8%b1%d8%a7%d9%87%d9%86%d9%85%d8%a7%db%8c-%d9%88%d8%b1%d9%88%d8%af-%d8%a8%d9%87-%d8%b3%d8%a7%d9%85%d8%a7%d9%86%d9%87-%d9%85%d9%84%db%8c-%d8%a7%d9%86%d8%aa%d8%b4%d8%a7%d8%b1-%d9%88-%d8%af%d8%b3%d8%aa/,research-portal-discovery,https://sanru.ac.ir/,verified,2026-08-11
sari-agri-discovery-system-88c6cc305604,sari-agri,مدیر اجرایی نشریات – معاونت پژوهش و فناوری,journals,https://research.sanru.ac.ir/%d9%85%d8%b9%d8%b1%d9%81%db%8c-%d9%85%d8%af%db%8c%d8%b1-%d8%a7%d8%ac%d8%b1%d8%a7%db%8c%db%8c-%d9%86%d8%b4%d8%b1%db%8c%d8%a7%d8%aa/,research-portal-discovery,https://research.sanru.ac.ir/,verified,2026-08-11
sari-agri-discovery-system-2ab1d5286a8e,sari-agri,علـم‌سنجـی – معاونت پژوهش و فناوری,research,https://research.sanru.ac.ir/%D8%B9%D9%84%D9%85-%D8%B3%D9%86%D8%AC%DB%8C/,research-portal-discovery,https://research.sanru.ac.ir/,verified,2026-08-11
sari-agri-discovery-system-f0536c467f90,sari-agri,موفقیت نشریات علمی دانشگاه در کسب تأییدیه نمایه‌های بین‌المللی AGRIS و CABI – معاونت پژوهش و فناوری,journals,https://research.sanru.ac.ir/%d8%aa%d9%82%d9%88%db%8c%d9%85-%d9%be%da%98%d9%88%d9%87%d8%b4%db%8c-%d9%85%d8%b9%d8%a7%d9%88%d9%86%d8%aa-%d9%be%da%98%d9%88%d9%87%d8%b4-%d9%88-%d9%81%d9%86%d8%a7%d9%88%d8%b1%db%8c-%d8%b3%d8%a7%d9%84-7/,research-portal-discovery,https://research.sanru.ac.ir/,verified,2026-08-11
sari-agri-discovery-system-1ddbe2d739f7,sari-agri,جشنواره عکاسی به مناسبت هفته پژوهش و فناوری – معاونت پژوهش و فناوری,research,https://research.sanru.ac.ir/%d8%ad%d9%85%d8%a7%db%8c%d8%aa-%d9%80%d9%be%d8%a7%db%8c%d8%a7%d9%86%e2%80%8c%d9%86%d8%a7%d9%85%d9%87%e2%80%8c%d9%87%d8%a7%d9%80%d8%b1%d8%b3%d8%a7%d9%84%d9%87%e2%80%8c%d9%87%d8%a7%db%8c-%d9%81%d9%86-2/,research-portal-discovery,https://research.sanru.ac.ir/,verified,2026-08-11
sari-agri-discovery-system-869d08a5ed1a,sari-agri,مراسم گرامی‌داشت هفته پژوهش و تجلیل از پژوهشگران برتر دانشگاه – معاونت پژوهش و فناوری,research,https://research.sanru.ac.ir/%d8%ad%d9%85%d8%a7%db%8c%d8%aa-%d9%80%d9%be%d8%a7%db%8c%d8%a7%d9%86%e2%80%8c%d9%86%d8%a7%d9%85%d9%87%e2%80%8c%d9%87%d8%a7%d9%80%d8%b1%d8%b3%d8%a7%d9%84%d9%87%e2%80%8c%d9%87%d8%a7%db%8c-%d9%81%d9%86-3/,research-portal-discovery,https://research.sanru.ac.ir/,verified,2026-08-11
torbat-jam-agri-discovery-system-bbda0b7f4d78,torbat-jam-agri,مجتمع آموزش عالی تربت جام - سامانه تاییدیه مدارک تحصیلی,research,http://www.tjamcaas.ac.ir/viewpage.php?page_id=117,research-portal-discovery,https://tjamcaas.ac.ir/main.php,verified,2026-08-11
tabriz-islamic-art-discovery-system-80f37e9d3b7f,tabriz-islamic-art,نشریات - دانشگاه هنر اسلامی تبریز,journals,https://tabriziau.ac.ir/Page/83/%D9%86%D8%B4%D8%B1%DB%8C%D8%A7%D8%AA.html,research-portal-discovery,https://tabriziau.ac.ir/,verified,2026-08-11
tabriz-islamic-art-discovery-system-0f2c87a9920e,tabriz-islamic-art,کسب رتبه اول دانشگاه هنراسلامی تبریز در جشنواره نشریات دانشجویی دانشگاه های منطقه 2 کشور - دانشگاه هنر اسلامی تبریز,journals,https://tabriziau.ac.ir/News/1150/%DA%A9%D8%B3%D8%A8-%D8%B1%D8%AA%D8%A8%D9%87-%D8%A7%D9%88%D9%84-%D8%AF%D8%A7%D9%86%D8%B4%DA%AF%D8%A7%D9%87-%D9%87%D9%86%D8%B1%D8%A7%D8%B3%D9%84%D8%A7%D9%85%DB%8C-%D8%AA%D8%A8%D8%B1%DB%8C%D8%B2-%D8%AF%D8%B1-%D8%AC%D8%B4%D9%86%D9%88%D8%A7%D8%B1%D9%87-%D9%86%D8%B4%D8%B1%DB%8C%D8%A7%D8%AA-%D8%AF%D8%A7%D9%86%D8%B4%D8%AC%D9%88%DB%8C%DB%8C-%D8%AF%D8%A7%D9%86%D8%B4%DA%AF%D8%A7%D9%87-%D9%87%D8%A7%DB%8C-%D9%85%D9%86%D8%B7%D9%82%D9%87-2-%DA%A9%D8%B4%D9%88%D8%B1.html,research-portal-discovery,https://tabriziau.ac.ir/,verified,2026-08-11
tabriz-islamic-art-discovery-system-32b309595970,tabriz-islamic-art,دسترسی به سامانه همایش ها - دانشگاه هنر اسلامی تبریز,research,https://tabriziau.ac.ir/News/1269/%D8%AF%D8%B3%D8%AA%D8%B1%D8%B3%DB%8C-%D8%A8%D9%87-%D8%B3%D8%A7%D9%85%D8%A7%D9%86%D9%87-%D9%87%D9%85%D8%A7%DB%8C%D8%B4-%D9%87%D8%A7.html,research-portal-discovery,https://tabriziau.ac.ir/,verified,2026-08-11
tabriz-islamic-art-discovery-system-604aa73d65c8,tabriz-islamic-art,اطلاعیه اداره پژوهش در خصوص «سامانه دانش» - دانشگاه هنر اسلامی تبریز,research,https://tabriziau.ac.ir/News/1320/%D8%A7%D8%B7%D9%84%D8%A7%D8%B9%DB%8C%D9%87-%D8%A7%D8%AF%D8%A7%D8%B1%D9%87-%D9%BE%DA%98%D9%88%D9%87%D8%B4-%D8%AF%D8%B1-%D8%AE%D8%B5%D9%88%D8%B5-%C2%AB%D8%B3%D8%A7%D9%85%D8%A7%D9%86%D9%87-%D8%AF%D8%A7%D9%86%D8%B4%C2%BB.html,research-portal-discovery,https://tabriziau.ac.ir/,verified,2026-08-11
isfahan-art-discovery-system-997838e6f54c,isfahan-art,راهنمای سامانه های آموزشی و مجازی,research,https://aui.ac.ir/page-MoavenatAmozeshow/FA/8/form/pId442,research-portal-discovery,https://aui.ac.ir/,verified,2026-08-11
isfahan-art-discovery-system-74b5842fb6fa,isfahan-art,حمايت از پايان نامه​ هاي تحصيلات تكميلي,research,https://research.aui.ac.ir/Index.aspx?page_=form&lang=1&sub=7&tempname=Moavenatshow&PageID=829&isPopUp=False,research-portal-discovery,https://aui.ac.ir/,verified,2026-08-11
isfahan-art-discovery-system-7b5a6c3a4ab4,isfahan-art,حمايت از پايان نامه​ هاي تحصيلات تكميلي,research,https://research.aui.ac.ir/page-Moavenatshow/FA/7/form/pId829,research-portal-discovery,https://research.aui.ac.ir/Index.aspx?page_=form&lang=1&sub=7&tempname=Moavenatshow&PageID=829&isPopUp=False,verified,2026-08-11
isfahan-art-discovery-system-8471fcf26775,isfahan-art,حمايت از پايان نامه​ هاي تحصيلات تكميلي,research,https://aui.ac.ir/page-Moavenatshow/FA/7/form/pId829,research-portal-discovery,https://aui.ac.ir/Index.aspx?page_=form&lang=1&sub=7&tempname=Moavenatshow&PageID=808&isPopUp=False,verified,2026-08-11
isfahan-art-discovery-system-a45db43ffe01,isfahan-art,اطاعیه تمدید زمان دفاع از پروژه نهایی، پایان نامه و رساله,research,https://aui.ac.ir/page-moavenatamozeshow/FA/8/dorsaetoolsenews/16776-G0/tool_dorsaetoolsenews_sample_moavenatamozeshi_block396/%D8%A7%D8%B7%D8%A7%D8%B9%DB%8C%D9%87-%D8%AA%D9%85%D8%AF%DB%8C%D8%AF-%D8%B2%D9%85%D8%A7%D9%86-%D8%AF%D9%81%D8%A7%D8%B9-%D8%A7%D8%B2-%D9%BE%D8%B1%D9%88%DA%98%D9%87-%D9%86%D9%87%D8%A7%DB%8C%DB%8C%D8%8C-%D9%BE%D8%A7%DB%8C%D8%A7%D9%86-%D9%86%D8%A7%D9%85%D9%87-,research-portal-discovery,https://aui.ac.ir/page-MoavenatAmozeshi/FA/8/form/pId264,verified,2026-08-11
isfahan-art-discovery-system-917bd649c874,isfahan-art,شيوه نامه نگارش و تدوين پايان نامه / رساله تحصيلات تكميلي (كارشناسي ارشد و دكتري),research,https://aui.ac.ir/page-moavenatamozeshow/FA/8/dorsaetoolsecommunique/8952-G0/%D8%B4%D9%8A%D9%88%D9%87-%D9%86%D8%A7%D9%85%D9%87-%D9%86%DA%AF%D8%A7%D8%B1%D8%B4-%D9%88-%D8%AA%D8%AF%D9%88%D9%8A%D9%86-%D9%BE%D8%A7%D9%8A%D8%A7%D9%86-%D9%86%D8%A7%D9%85%D9%87--%D8%B1%D8%B3%D8%A7%D9%84%D9%87-%D8%AA%D8%AD%D8%B5%D9%8A%D9%84%D8%A7%D8%AA,research-portal-discovery,https://aui.ac.ir/page-moavenatamozeshow/FA/8/list-dorsaetoolsecommunique/0139-G75/link/?Pcod=1,verified,2026-08-11
isfahan-art-discovery-system-70512be9821e,isfahan-art,نشريات علمي دانشگاه,journals,https://research.aui.ac.ir/page-Moavenatshow/FA/7/form/pId790,research-portal-discovery,https://research.aui.ac.ir/Index.aspx?page_=form&lang=1&sub=7&tempname=Moavenatshow&PageID=829&isPopUp=False,verified,2026-08-11
isfahan-art-discovery-system-8bbc5fd011e5,isfahan-art,در سامانه ساجد، فرصت‌های مطالعاتی جدیدی برای اعضای هیات علمی در جامعه و صنعت در دسترس قرار گرفت,industry,https://research.aui.ac.ir/page-moavenatshow/FA/7/dorsaetoolsecommunique/15475-G0/tool_dorsaetoolsecommunique_sample_moavenatpajooheshi_block303/%D8%AF%D8%B1-%D8%B3%D8%A7%D9%85%D8%A7%D9%86%D9%87-%D8%B3%D8%A7%D8%AC%D8%AF%D8%8C-%D9%81%D8%B1%D8%B5%D8%AA%D9%87%D8%A7%DB%8C-%D9%85%D8%B7%D8%A7%D9%84%D8%B9%D8%A7%D8%AA%DB%8C-%D8%AC%D8%AF%DB%8C%D8%AF%DB%8C-%D8%A8%D8%B1%D8%A7%DB%8C-%D8%A7%D8%B9%D8%B6%D8%A7%DB%8C,research-portal-discovery,https://research.aui.ac.ir/,verified,2026-08-11
shiraz-art-discovery-system-a414ebb7d9db,shiraz-art,سامانه ها – دانشگاه هنر شیراز,research,https://shirazartu.ac.ir/?page_id=14451,research-portal-discovery,https://shirazartu.ac.ir/?page_id=177,verified,2026-08-11
payame-noor-discovery-system-c354515d0491,payame-noor,سامانه مدیریت نشریات علمی دانشگاه پیام نور,journals,https://journals.pnu.ac.ir/,research-portal-discovery,https://pnu.ac.ir/fa-IR/research.pnu.ac/6086/page/%D8%B5%D9%81%D8%AD%D9%87-%D8%A7%D8%B5%D9%84%D9%8A,verified,2026-08-11
payame-noor-discovery-system-66b11ba54980,payame-noor,فرم های دفتر تحقيقات و خدمات پژوهشي,research,https://pnu.ac.ir/fa-IR/research.pnu.ac/14795/page/%D9%81%D8%B1%D9%85-%D9%87%D8%A7%DB%8C-%D8%AF%D9%81%D8%AA%D8%B1-%D8%AA%D8%AD%D9%82%D9%8A%D9%82%D8%A7%D8%AA-%D9%88-%D8%AE%D8%AF%D9%85%D8%A7%D8%AA-%D9%BE%DA%98%D9%88%D9%87%D8%B4%D9%8A,research-portal-discovery,https://pnu.ac.ir/fa-IR/DouranPortal/5001/page/%D9%81%D8%B1%D9%85%E2%80%8C%D9%87%D8%A7,verified,2026-08-11
farhangian-discovery-system-a742907214de,farhangian,رونمایی از سامانه‌های «علم سنجی اعضای هیات علمی» و «صفحه خانگی» دانشگاه فرهنگیان,research,https://cfu.ac.ir/fa/news/278890,research-portal-discovery,https://cfu.ac.ir/fa/news/278896/%D9%81%D8%B1%D8%A7%D8%AE%D9%88%D8%A7%D9%86-%D8%B7%D8%B1%D8%AD-%D9%87%D8%A7%DB%8C-%D9%BE%DA%98%D9%88%D9%87%D8%B4%DB%8C%D9%90-%D9%BE%DA%98%D9%88%D9%87%D8%A7%D9%86%D9%87-%D8%A7%DB%8C,verified,2026-08-11
farhangian-discovery-system-cfda0019ecc7,farhangian,سامانه مدیریت نشریات علمی دانشگاه فرهنگیان,journals,https://journals.cfu.ac.ir/,research-portal-discovery,https://cfu.ac.ir/fa/grid/11/%D9%85%D8%B9%D8%A7%D9%88%D9%86%D8%AA-%D9%BE%DA%98%D9%88%D9%87%D8%B4-%D9%88-%D9%81%D9%86%D8%A7%D9%88%D8%B1%DB%8C,verified,2026-08-11
farhangian-discovery-system-65b3e293bf91,farhangian,سامانه مدیریت نشریات علمی دانشگاه فرهنگیان,journals,https://journals.cfu.ac.ir/list_51.html,research-portal-discovery,https://journals.cfu.ac.ir/,verified,2026-08-11
farhangian-discovery-system-eede2eb953b1,farhangian,سامانه مدیریت نشریات علمی دانشگاه فرهنگیان,journals,https://journals.cfu.ac.ir/list_50.html,research-portal-discovery,https://journals.cfu.ac.ir/,verified,2026-08-11
farhangian-discovery-system-0af77488913d,farhangian,دانلودها,research,https://cfu.ac.ir/fa/download/new/category-list/7,research-portal-discovery,https://cfu.ac.ir/fa/grid/11/%D9%85%D8%B9%D8%A7%D9%88%D9%86%D8%AA-%D9%BE%DA%98%D9%88%D9%87%D8%B4-%D9%88-%D9%81%D9%86%D8%A7%D9%88%D8%B1%DB%8C,verified,2026-08-11
farhangian-discovery-system-2f87e6ad5407,farhangian,دانلودها,research,https://cfu.ac.ir/fa/download/new/download-list/7,research-portal-discovery,https://cfu.ac.ir/fa/download/new/category-list/7,verified,2026-08-11
applied-science-discovery-system-4d4e6c1ccfea,applied-science,سند خط مشی حفاظت از کلمه عبور در سامانه های دانشگاه - دفتر فناوری اطلاعات و ارتباطات,it,https://ict.uast.ac.ir/fa/regulation/652/%D8%B3%D9%86%D8%AF-%D8%AE%D8%B7-%D9%85%D8%B4%DB%8C-%D8%AD%D9%81%D8%A7%D8%B8%D8%AA-%D8%A7%D8%B2-%DA%A9%D9%84%D9%85%D9%87-%D8%B9%D8%A8%D9%88%D8%B1-%D8%AF%D8%B1-%D8%B3%D8%A7%D9%85%D8%A7%D9%86%D9%87-%D9%87%D8%A7%DB%8C-%D8%AF%D8%A7%D9%86%D8%B4%DA%AF%D8%A7%D9%87,research-portal-discovery,https://ict.uast.ac.ir/fa/regulation,verified,2026-08-11
applied-science-discovery-system-27cc4ff3c2ed,applied-science,راهنمای استفاده از سامانه ثبت و ارزیابی فعالیت های پژوهش، فناوری و کارآفرینی(rmis) - معاونت پژوهشی وفناوری,research,https://rt.uast.ac.ir/fa/download/103/%D8%B1%D8%A7%D9%87%D9%86%D9%85%D8%A7%DB%8C-%D8%A7%D8%B3%D8%AA%D9%81%D8%A7%D8%AF%D9%87-%D8%A7%D8%B2-%D8%B3%D8%A7%D9%85%D8%A7%D9%86%D9%87-%D8%AB%D8%A8%D8%AA-%D9%88-%D8%A7%D8%B1%D8%B2%DB%8C%D8%A7%D8%A8%DB%8C-%D9%81%D8%B9%D8%A7%D9%84%DB%8C%D8%AA-%D9%87%D8%A7%DB%8C-%D9%BE%DA%98%D9%88%D9%87%D8%B4-%D9%81%D9%86%D8%A7%D9%88%D8%B1%DB%8C-%D9%88-%DA%A9%D8%A7%D8%B1%D8%A2%D9%81%D8%B1%DB%8C%D9%86%DB%8C-rmis-,research-portal-discovery,https://rt.uast.ac.ir/fa/download/1927/%DA%A9%D8%AA%D8%A7%D8%A8%DA%86%D9%87-%D8%AA%D9%88%D8%A7%D9%86%D9%85%D9%86%D8%AF%DB%8C-%D9%87%D8%A7%DB%8C-%D9%85%D8%B9%D8%A7%D9%88%D9%86%D8%AA,verified,2026-08-11
shahed-discovery-system-e5ea4aefa934,shahed,سامانه‌ها – دانشگاه شاهد,research,https://shahed.ac.ir/systems/,research-portal-discovery,https://res.shahed.ac.ir/,verified,2026-08-11
shahed-discovery-system-838e661c063b,shahed,سامانه‌های اساتید و اعضای هیات علمی – دانشگاه شاهد,research,https://shahed.ac.ir/systems/systems-of-professors-and-faculty-members/,research-portal-discovery,https://shahed.ac.ir/systems/,verified,2026-08-11
shahed-discovery-system-e0852e65a93d,shahed,سامانه‌های کارکنان – دانشگاه شاهد,research,https://shahed.ac.ir/systems/employee-systems/,research-portal-discovery,https://shahed.ac.ir/systems/,verified,2026-08-11
shahed-discovery-system-2a05b355353e,shahed,سامانه‌های مراجعان عمومی – دانشگاه شاهد,research,https://shahed.ac.ir/systems/public-client-systems/,research-portal-discovery,https://shahed.ac.ir/systems/,verified,2026-08-11
shahed-discovery-system-9305c325332d,shahed,سامانه‌های دانشجویی – دانشگاه شاهد,research,https://shahed.ac.ir/systems/student-systems/,research-portal-discovery,https://shahed.ac.ir/systems/,verified,2026-08-11
shahed-discovery-system-ada221c247fc,shahed,وبینار آموزشی «آشنایی با مرکز اسناد و مدارک علمی و سامانه‌های ایرانداک» – مرکز اسناد و مدارک علمی,library,https://library.shahed.ac.ir/%d9%88%d8%a8%db%8c%d9%86%d8%a7%d8%b1-%d8%a2%d9%85%d9%88%d8%b2%d8%b4%db%8c-%d8%a2%d8%b4%d9%86%d8%a7%db%8c%db%8c-%d8%a8%d8%a7-%d9%85%d8%b1%da%a9%d8%b2-%d8%a7%d8%b3%d9%86%d8%a7%d8%af-%d9%88-%d9%85/,research-portal-discovery,https://library.shahed.ac.ir/%d8%b1%d8%a7%d9%87%d9%86%d9%85%d8%a7%db%8c-%d9%85%d8%b4%d8%a7%d9%87%d8%af%d9%87-%d9%88%d8%b6%d8%b9%db%8c%d8%aa-%d8%a7%d8%b9%d8%aa%d8%a8%d8%a7%d8%b1-%d9%86%d8%b4%d8%b1%db%8c%d8%a7%d8%aa-%d8%af%d8%b1/,verified,2026-08-11
shahed-discovery-system-dec22fee34ba,shahed,راهنمای مشاهده وضعیت اعتبار نشریات در سامانه بهستان – مرکز اسناد و مدارک علمی,journals,https://library.shahed.ac.ir/%d8%b1%d8%a7%d9%87%d9%86%d9%85%d8%a7%db%8c-%d9%85%d8%b4%d8%a7%d9%87%d8%af%d9%87-%d9%88%d8%b6%d8%b9%db%8c%d8%aa-%d8%a7%d8%b9%d8%aa%d8%a8%d8%a7%d8%b1-%d9%86%d8%b4%d8%b1%db%8c%d8%a7%d8%aa-%d8%af%d8%b1/,research-portal-discovery,https://library.shahed.ac.ir/,verified,2026-08-11
shahed-discovery-system-bca83f8e10c1,shahed,پایان‌نامه‌ها و طرح‌های تحقیقاتی – مرکز اسناد و مدارک علمی,library,https://library.shahed.ac.ir/theses-and-research-projects/,research-portal-discovery,https://library.shahed.ac.ir/,verified,2026-08-11
shahed-discovery-system-6dc2df046e48,shahed,راهنمای مراحل تسویه‌حساب پایان‌نامه در مرکز اسناد و مدارک علمی دانشگاه شاهد – مرکز اسناد و مدارک علمی,library,https://library.shahed.ac.ir/%d8%b1%d8%a7%d9%87%d9%86%d9%85%d8%a7%db%8c-%d9%85%d8%b1%d8%a7%d8%ad%d9%84-%d8%aa%d8%b3%d9%88%db%8c%d9%87%d8%ad%d8%b3%d8%a7%d8%a8-%d9%be%d8%a7%db%8c%d8%a7%d9%86%d9%86%d8%a7%d9%85/,research-portal-discovery,https://library.shahed.ac.ir/%d8%b1%d8%a7%d9%87%d9%86%d9%85%d8%a7%db%8c-%d9%85%d8%b4%d8%a7%d9%87%d8%af%d9%87-%d9%88%d8%b6%d8%b9%db%8c%d8%aa-%d8%a7%d8%b9%d8%aa%d8%a8%d8%a7%d8%b1-%d9%86%d8%b4%d8%b1%db%8c%d8%a7%d8%aa-%d8%af%d8%b1/,verified,2026-08-11
shahed-discovery-system-2ff020b06c52,shahed,شیوه‌نامه نگارش پایان‌نامه‌های دانشگاه شاهد – مرکز اسناد و مدارک علمی,library,https://library.shahed.ac.ir/thesis_writing_principles_of_shahed_university/,research-portal-discovery,https://library.shahed.ac.ir/,verified,2026-08-11
shahed-discovery-system-5743db1d64a2,shahed,payannameha_submit – مرکز اسناد و مدارک علمی,library,https://library.shahed.ac.ir/payannameha_submit/,research-portal-discovery,https://library.shahed.ac.ir/thesis_writing_principles_of_shahed_university/,verified,2026-08-11
shahed-discovery-system-b53beefa9f8c,shahed,payannameha_style – مرکز اسناد و مدارک علمی,library,https://library.shahed.ac.ir/payannameha_style/,research-portal-discovery,https://library.shahed.ac.ir/thesis_writing_principles_of_shahed_university/,verified,2026-08-11
shahed-discovery-system-770ee8e07065,shahed,payannameha_template – مرکز اسناد و مدارک علمی,library,https://library.shahed.ac.ir/payannameha_template/,research-portal-discovery,https://library.shahed.ac.ir/thesis_writing_principles_of_shahed_university/,verified,2026-08-11
shahed-discovery-system-1261ee1e586b,shahed,payannameha_tasviyehesab – مرکز اسناد و مدارک علمی,library,https://library.shahed.ac.ir/payannameha_tasviyehesab/,research-portal-discovery,https://library.shahed.ac.ir/thesis_writing_principles_of_shahed_university/,verified,2026-08-11
shahid-rajaee-discovery-system-1d21be79381d,shahid-rajaee,اداره انتشارات > سامانه ها | دانشگاه تربیت دبیر شهید رجایی,research,https://www.sru.ac.ir/%d9%85%d8%b9%d8%a7%d9%88%d9%86%d8%aa-%d9%be%da%98%d9%88%d9%87%d8%b4-%d9%88-%d9%81%d9%86%d8%a7%d9%88%d8%b1%db%8c/%d8%a7%d8%af%d8%a7%d8%b1%d9%87-%d8%a7%d9%86%d8%aa%d8%b4%d8%a7%d8%b1%d8%a7%d8%aa-%d9%88-%d9%86%d8%b4%d8%b1%db%8c%d8%a7%d8%aa-%d8%b9%d9%84%d9%85%db%8c-%d9%be%da%98%d9%88%d9%87%d8%b4%db%8c-%d8%b3%d8%a7/,research-portal-discovery,https://www.sru.ac.ir/%D9%85%D8%B9%D8%A7%D9%88%D9%86%D8%AA-%D9%BE%DA%98%D9%88%D9%87%D8%B4-%D9%88-%D9%81%D9%86%D8%A7%D9%88%D8%B1%DB%8C/,verified,2026-08-11
shahid-rajaee-discovery-system-46e4ab6811b2,shahid-rajaee,سخنرانی با عنوان:کاربرد کنترل پیش بین در سامانه های الکترونیک قدرت خودروهای برقی | دانشگاه تربیت دبیر شهید رجایی,research,https://www.sru.ac.ir/%d8%b3%d8%ae%d9%86%d8%b1%d8%a7%d9%86%db%8c-%d8%a8%d8%a7-%d8%b9%d9%86%d9%88%d8%a7%d9%86%da%a9%d8%a7%d8%b1%d8%a8%d8%b1%d8%af-%da%a9%d9%86%d8%aa%d8%b1%d9%84-%d9%be%db%8c%d8%b4-%d8%a8%db%8c%d9%86-%d8%af/,research-portal-discovery,https://www.sru.ac.ir/%D9%85%D8%B9%D8%A7%D9%88%D9%86%D8%AA-%D9%BE%DA%98%D9%88%D9%87%D8%B4-%D9%88-%D9%81%D9%86%D8%A7%D9%88%D8%B1%DB%8C/,verified,2026-08-11
shahid-rajaee-discovery-system-1d1d72a61dca,shahid-rajaee,آئین نامه ها و فرم های علم سنجی | دانشگاه تربیت دبیر شهید رجایی,research,https://www.sru.ac.ir/%d9%85%d8%b9%d8%a7%d9%88%d9%86%d8%aa-%d9%be%da%98%d9%88%d9%87%d8%b4-%d9%88-%d9%81%d9%86%d8%a7%d9%88%d8%b1%db%8c/%d8%a2%d8%a6%db%8c%d9%86-%d9%86%d8%a7%d9%85%d9%87-%d9%87%d8%a7-%d9%88-%d9%81%d8%b1%d9%85-%d9%87%d8%a7%db%8c-%d8%b9%d9%84%d9%85-%d8%b3%d9%86%d8%ac%db%8c-2/,research-portal-discovery,https://www.sru.ac.ir/%D9%85%D8%B9%D8%A7%D9%88%D9%86%D8%AA-%D9%BE%DA%98%D9%88%D9%87%D8%B4-%D9%88-%D9%81%D9%86%D8%A7%D9%88%D8%B1%DB%8C/,verified,2026-08-11
shahid-rajaee-discovery-system-eb563e5c279e,shahid-rajaee,فیلم های آموزشی علم سنجی | دانشگاه تربیت دبیر شهید رجایی,research,https://www.sru.ac.ir/%d9%85%d8%b9%d8%a7%d9%88%d9%86%d8%aa-%d9%be%da%98%d9%88%d9%87%d8%b4-%d9%88-%d9%81%d9%86%d8%a7%d9%88%d8%b1%db%8c/%d8%a2%d8%a6%db%8c%d9%86-%d9%86%d8%a7%d9%85%d9%87-%d9%87%d8%a7-%d9%88-%d9%81%d8%b1%d9%85-%d9%87%d8%a7%db%8c-%d8%b9%d9%84%d9%85-%d8%b3%d9%86%d8%ac%db%8c/,research-portal-discovery,https://www.sru.ac.ir/%D9%85%D8%B9%D8%A7%D9%88%D9%86%D8%AA-%D9%BE%DA%98%D9%88%D9%87%D8%B4-%D9%88-%D9%81%D9%86%D8%A7%D9%88%D8%B1%DB%8C/,verified,2026-08-11
shahid-rajaee-discovery-system-c9da4172084c,shahid-rajaee,پایان نامه ها | دانشگاه تربیت دبیر شهید رجایی,research,http://www.sru.ac.ir/%d9%be%d8%a7%db%8c%d8%a7%d9%86-%d9%86%d8%a7%d9%85%d9%87-%d9%87%d8%a7/,research-portal-discovery,https://www.sru.ac.ir/,verified,2026-08-11
shahid-rajaee-discovery-system-23dd63497c3d,shahid-rajaee,کتابخانه,library,https://lib.sru.ac.ir/Dl/SPortal/FAQ/19_2.aspx,research-portal-discovery,https://lib.sru.ac.ir/DL/SPortal/,verified,2026-08-11
national-defense-discovery-system-2272e8a81c09,national-defense,سامانه مدیریت نشریات دانشگاه و پژوهشگاه عالی دفاع ملی و تحقیقات راهبردی دفاعی,journals,https://journals.sndu.ac.ir/,research-portal-discovery,https://sndu.ac.ir/fa,verified,2026-08-11
petroleum-discovery-system-2714fa59f713,petroleum,سامانه های دانشگاه,research,https://www.put.ac.ir/fa-IR/put/6663/page/%D8%B3%D8%A7%D9%85%D8%A7%D9%86%D9%87-%D9%87%D8%A7%DB%8C-%D8%AF%D8%A7%D9%86%D8%B4%DA%AF%D8%A7%D9%87,research-portal-discovery,https://www.put.ac.ir/fa-IR/put/4793/page/%C2%BB-%D9%85%D8%B9%D8%A7%D9%88%D9%86%D8%AA-%D9%BE%DA%98%D9%88%D9%87%D8%B4-%D9%88-%D9%81%D9%86%D8%A7%D9%88%D8%B1%D9%8A,verified,2026-08-11
petroleum-discovery-system-6f23569a9745,petroleum,سامانه های دانشگاه,research,https://www.put.ac.ir/fa-IR/put/6683/page/%D8%B3%D8%A7%D9%85%D8%A7%D9%86%D9%87-%D9%87%D8%A7%DB%8C-%D8%AF%D8%A7%D9%86%D8%B4%DA%AF%D8%A7%D9%87,research-portal-discovery,https://www.put.ac.ir/,verified,2026-08-11
petroleum-discovery-system-ede2e2fccc6f,petroleum,سامانه های دانشگاه,research,https://roshd.put.ac.ir/fa-IR/put/6683/page/%D8%B3%D8%A7%D9%85%D8%A7%D9%86%D9%87-%D9%87%D8%A7%DB%8C-%D8%AF%D8%A7%D9%86%D8%B4%DA%AF%D8%A7%D9%87,research-portal-discovery,https://roshd.put.ac.ir/fa-IR/PUT/5531/auth/accessDenied,verified,2026-08-11
petroleum-discovery-system-bd2076ab7706,petroleum,مرکز علم سنجی,research,https://www.put.ac.ir/fa-IR/put/7452/page/%D9%85%D8%B1%DA%A9%D8%B2-%D8%B9%D9%84%D9%85-%D8%B3%D9%86%D8%AC%DB%8C,research-portal-discovery,https://www.put.ac.ir/fa-IR/put/4793/page/%C2%BB-%D9%85%D8%B9%D8%A7%D9%88%D9%86%D8%AA-%D9%BE%DA%98%D9%88%D9%87%D8%B4-%D9%88-%D9%81%D9%86%D8%A7%D9%88%D8%B1%D9%8A,verified,2026-08-11
petroleum-discovery-system-e1b4ff838b05,petroleum,مرکز علم سنجی,research,https://www.put.ac.ir/fa-IR/PUT/7452/page/%D9%85%D8%B1%DA%A9%D8%B2-%D8%B9%D9%84%D9%85-%D8%B3%D9%86%D8%AC%DB%8C,research-portal-discovery,https://www.put.ac.ir/fa-IR/PUT/6677/page/%D9%85%D8%B1%DA%A9%D8%B2-%D9%81%D9%86%D8%A7%D9%88%D8%B1%DB%8C-%D8%A7%D8%B7%D9%84%D8%A7%D8%B9%D8%A7%D8%AA-%D8%AF%D8%A7%D9%86%D8%B4%DA%AF%D8%A7%D9%87,verified,2026-08-11
petroleum-discovery-system-973cc3bd41b8,petroleum,مرکز علم سنجی,research,https://roshd.put.ac.ir/fa-IR/PUT/7452/page/%D9%85%D8%B1%DA%A9%D8%B2-%D8%B9%D9%84%D9%85-%D8%B3%D9%86%D8%AC%DB%8C,research-portal-discovery,https://roshd.put.ac.ir/fa-IR/PUT/5531/auth/accessDenied,verified,2026-08-11
petroleum-discovery-system-5aa12dcb9719,petroleum,مرکز علم سنجی,research,https://roshd.put.ac.ir/fa-IR/put/7452/page/%D9%85%D8%B1%DA%A9%D8%B2-%D8%B9%D9%84%D9%85-%D8%B3%D9%86%D8%AC%DB%8C,research-portal-discovery,https://roshd.put.ac.ir/fa-IR/PUT/7452/page/%D9%85%D8%B1%DA%A9%D8%B2-%D8%B9%D9%84%D9%85-%D8%B3%D9%86%D8%AC%DB%8C,verified,2026-08-11
petroleum-discovery-system-e87ae44206db,petroleum,نشریات,journals,https://www.put.ac.ir/fa-IR/PUT/7460/page/%D9%86%D8%B4%D8%B1%DB%8C%D8%A7%D8%AA,research-portal-discovery,https://www.put.ac.ir/fa-IR/PUT/6677/page/%D9%85%D8%B1%DA%A9%D8%B2-%D9%81%D9%86%D8%A7%D9%88%D8%B1%DB%8C-%D8%A7%D8%B7%D9%84%D8%A7%D8%B9%D8%A7%D8%AA-%D8%AF%D8%A7%D9%86%D8%B4%DA%AF%D8%A7%D9%87,verified,2026-08-11
petroleum-discovery-system-7d40fbc174b3,petroleum,نشریات دانشگاه,journals,https://www.put.ac.ir/fa-IR/put/6322/page/%D9%86%D8%B4%D8%B1%DB%8C%D8%A7%D8%AA-%D8%AF%D8%A7%D9%86%D8%B4%DA%AF%D8%A7%D9%87,research-portal-discovery,https://www.put.ac.ir/fa-IR/put/4793/page/%C2%BB-%D9%85%D8%B9%D8%A7%D9%88%D9%86%D8%AA-%D9%BE%DA%98%D9%88%D9%87%D8%B4-%D9%88-%D9%81%D9%86%D8%A7%D9%88%D8%B1%D9%8A,verified,2026-08-11
petroleum-discovery-system-1762dafa3739,petroleum,نشریات,journals,https://roshd.put.ac.ir/fa-IR/PUT/7460/page/%D9%86%D8%B4%D8%B1%DB%8C%D8%A7%D8%AA,research-portal-discovery,https://roshd.put.ac.ir/fa-IR/PUT/5531/auth/accessDenied,verified,2026-08-11
petroleum-discovery-system-b3ef2a01d932,petroleum,نشریات دانشگاه,journals,https://roshd.put.ac.ir/fa-IR/PUT/6322/page/%D9%86%D8%B4%D8%B1%DB%8C%D8%A7%D8%AA-%D8%AF%D8%A7%D9%86%D8%B4%DA%AF%D8%A7%D9%87,research-portal-discovery,https://roshd.put.ac.ir/fa-IR/put/6683/page/%D8%B3%D8%A7%D9%85%D8%A7%D9%86%D9%87-%D9%87%D8%A7%DB%8C-%D8%AF%D8%A7%D9%86%D8%B4%DA%AF%D8%A7%D9%87,verified,2026-08-11
petroleum-discovery-system-39789efd825b,petroleum,نشریات,journals,https://roshd.put.ac.ir/fa-IR/put/7460/page/%D9%86%D8%B4%D8%B1%DB%8C%D8%A7%D8%AA,research-portal-discovery,https://roshd.put.ac.ir/fa-IR/PUT/7452/page/%D9%85%D8%B1%DA%A9%D8%B2-%D8%B9%D9%84%D9%85-%D8%B3%D9%86%D8%AC%DB%8C,verified,2026-08-11
petroleum-discovery-system-d57931fb2958,petroleum,������ ������ی ���Ԑ�� ���� ���,research,https://scimet.put.ac.ir/,research-portal-discovery,https://www.put.ac.ir/fa-IR/put/6663/page/%D8%B3%D8%A7%D9%85%D8%A7%D9%86%D9%87-%D9%87%D8%A7%DB%8C-%D8%AF%D8%A7%D9%86%D8%B4%DA%AF%D8%A7%D9%87,verified,2026-08-11
civil-aviation-discovery-system-502d56377e72,civil-aviation,سازمان هواپیمایی کشوری,research,https://caa.gov.ir/electronic-systems,research-portal-discovery,https://caa.gov.ir/,verified,2026-08-11
civil-aviation-discovery-system-b77fb502bafa,civil-aviation,سازمان هواپیمایی کشوری,research,https://caa.gov.ir/services-standard,research-portal-discovery,https://caa.gov.ir/,verified,2026-08-11
civil-aviation-discovery-system-f61b2ba22c7a,civil-aviation,سازمان هواپیمایی کشوری,research,https://caa.gov.ir/services-status,research-portal-discovery,https://caa.gov.ir/,verified,2026-08-11
civil-aviation-discovery-system-39c1f91716c3,civil-aviation,سازمان هواپیمایی کشوری,research,https://caa.gov.ir/services/show/KGD9gP,research-portal-discovery,https://caa.gov.ir/services-standard,verified,2026-08-11
civil-aviation-discovery-system-645ee69e96b3,civil-aviation,سازمان هواپیمایی کشوری,research,https://caa.gov.ir/services/show/8PX1NV,research-portal-discovery,https://caa.gov.ir/services-standard,verified,2026-08-11
civil-aviation-discovery-system-58e7147df2d4,civil-aviation,سازمان هواپیمایی کشوری,research,https://caa.gov.ir/services/show/LVpXYV,research-portal-discovery,https://caa.gov.ir/services-standard,verified,2026-08-11
civil-aviation-discovery-system-eef68418fb77,civil-aviation,سازمان هواپیمایی کشوری,research,https://caa.gov.ir/services/show/jPBalG,research-portal-discovery,https://caa.gov.ir/services-standard,verified,2026-08-11
civil-aviation-discovery-system-72b0de9b0ab7,civil-aviation,سازمان هواپیمایی کشوری,research,https://caa.gov.ir/services/show/NVZXdG,research-portal-discovery,https://caa.gov.ir/services-standard,verified,2026-08-11
civil-aviation-discovery-system-2da64ccff037,civil-aviation,سازمان هواپیمایی کشوری,research,https://caa.gov.ir/services/show/yrn1dV,research-portal-discovery,https://caa.gov.ir/services-standard,verified,2026-08-11
civil-aviation-discovery-system-3df4e4306855,civil-aviation,سازمان هواپیمایی کشوری,research,https://caa.gov.ir/services/show/JPoDJV,research-portal-discovery,https://caa.gov.ir/services-standard,verified,2026-08-11
civil-aviation-discovery-system-4d386ad1898d,civil-aviation,سازمان هواپیمایی کشوری,research,https://caa.gov.ir/services/show/orx7eV,research-portal-discovery,https://caa.gov.ir/services-standard,verified,2026-08-11
civil-aviation-discovery-system-1573b7d34de4,civil-aviation,سازمان هواپیمایی کشوری,research,https://caa.gov.ir/services/show/aPqpkG,research-portal-discovery,https://caa.gov.ir/services-standard,verified,2026-08-11
civil-aviation-discovery-system-595f8b878783,civil-aviation,سازمان هواپیمایی کشوری,research,https://caa.gov.ir/services/show/bG7wWG,research-portal-discovery,https://caa.gov.ir/services-standard,verified,2026-08-11
civil-aviation-discovery-system-4353276ed139,civil-aviation,سازمان هواپیمایی کشوری,research,https://caa.gov.ir/services/show/oVda0r,research-portal-discovery,https://caa.gov.ir/services-standard,verified,2026-08-11
civil-aviation-discovery-system-e8296abff995,civil-aviation,سازمان هواپیمایی کشوری,research,https://caa.gov.ir/services/show/EPRzNP,research-portal-discovery,https://caa.gov.ir/services-standard,verified,2026-08-11
civil-aviation-discovery-system-046457e7123d,civil-aviation,سازمان هواپیمایی کشوری,research,https://caa.gov.ir/services/show/WV2bmV,research-portal-discovery,https://caa.gov.ir/services-standard,verified,2026-08-11
civil-aviation-discovery-system-52967b12d91f,civil-aviation,سازمان هواپیمایی کشوری,research,https://caa.gov.ir/services/show/AP0e1V,research-portal-discovery,https://caa.gov.ir/services-standard,verified,2026-08-11
civil-aviation-discovery-system-7eac11e188d2,civil-aviation,سازمان هواپیمایی کشوری,research,https://caa.gov.ir/services/show/0PgAor,research-portal-discovery,https://caa.gov.ir/services-standard,verified,2026-08-11
civil-aviation-discovery-system-e2c624e1154b,civil-aviation,سازمان هواپیمایی کشوری,research,https://caa.gov.ir/services/show/aPvxBr,research-portal-discovery,https://caa.gov.ir/services-standard,verified,2026-08-11
civil-aviation-discovery-system-b9dd8850bb55,civil-aviation,سازمان هواپیمایی کشوری,research,https://caa.gov.ir/services/show/BrW03G,research-portal-discovery,https://caa.gov.ir/services-standard,verified,2026-08-11
civil-aviation-discovery-system-c92aae967f01,civil-aviation,سازمان هواپیمایی کشوری,research,https://caa.gov.ir/services/show/orjNBr,research-portal-discovery,https://caa.gov.ir/services-standard,verified,2026-08-11
shahrekord-discovery-system-2a5f25c48515,shahrekord,سامانه ها,research,https://sku.ac.ir/Page/101/%D8%B3%D8%A7%D9%85%D8%A7%D9%86%D9%87-%D9%87%D8%A7,research-portal-discovery,https://sku.ac.ir/NotFoundPage.aspx,verified,2026-08-11
zanjan-discovery-system-963df21e3cd1,zanjan,گروه توسعه فناوری اطلاعات، امنیت و هوشمندسازی - دانشگاه زنجان | University of zanjan,it,https://it.znu.ac.ir/systems,research-portal-discovery,https://it.znu.ac.ir/rules/rules-guidelines-it,verified,2026-08-11
zanjan-discovery-system-b784f84566e1,zanjan,معاونت پژوهش و فناوری - دانشگاه زنجان | University of zanjan,journals,https://research.znu.ac.ir/services/refrences-lib,research-portal-discovery,https://research.znu.ac.ir/services,verified,2026-08-11
zanjan-discovery-system-bc0ff40ab42d,zanjan,خدمات و فرآیندها - دانشگاه زنجان,research,https://systems.znu.ac.ir/it,research-portal-discovery,https://research.znu.ac.ir/services,verified,2026-08-11
zanjan-discovery-system-f3627c164437,zanjan,گروه توسعه فناوری اطلاعات، امنیت و هوشمندسازی - دانشگاه زنجان | University of zanjan,it,https://it.znu.ac.ir/systems/email-guide-it,research-portal-discovery,https://it.znu.ac.ir/systems,verified,2026-08-11
zanjan-discovery-system-d46dbe94085a,zanjan,گروه توسعه فناوری اطلاعات، امنیت و هوشمندسازی - دانشگاه زنجان | University of zanjan,it,https://it.znu.ac.ir/systems/download-attachments-zip-files-it,research-portal-discovery,https://it.znu.ac.ir/systems,verified,2026-08-11
hakim-sabzevari-discovery-system-476cb24bb529,hakim-sabzevari,نمونه پایان نامه – پایگاه اطلاع رسانی کتابخانه مرکزی، موزه و مرکز اسناد,library,http://www.hsu.ac.ir/lib/%d9%86%d9%85%d9%88%d9%86%d9%87-%d9%be%d8%a7%db%8c%d8%a7%d9%86-%d9%86%d8%a7%d9%85%d9%87/,research-portal-discovery,http://www.hsu.ac.ir/lib/,verified,2026-08-11
azarbaijan-shahid-madani-discovery-system-94b63fd45d89,azarbaijan-shahid-madani,لیست حمایت از پایان‌نامه‌ها - سامانه ساجد دانشگاه شهید مدنی آذربایجان,research,https://sajed.azaruniv.ac.ir/thesis-support,research-portal-discovery,https://sajed.azaruniv.ac.ir/,verified,2026-08-11
azarbaijan-shahid-madani-discovery-system-7c15388cb0d2,azarbaijan-shahid-madani,حمايت از رساله و پايان‌نامه - مديريت امور پژوهشي دانشگاه شهيد مدني آذربايجان,research,https://resadm.azaruniv.ac.ir/?PageID=21,research-portal-discovery,https://resadm.azaruniv.ac.ir/Page/23/%D9%86%D8%B4%D8%B1%DB%8C%D8%A7%D8%AA-%D8%B9%D9%84%D9%85%DB%8C---%D9%BE%DA%98%D9%88%D9%87%D8%B4%DB%8C-%D8%AF%D8%A7%D8%B1%D8%A7%DB%8C-%D9%85%D8%AC%D9%88%D8%B2-%D8%A7%D8%B2-%D9%88%D8%B2%D8%A7%D8%B1%D8%AA%DB%8C%D9%86-%D9%88-ISC.html,verified,2026-08-11
azarbaijan-shahid-madani-discovery-system-554c7e24c0a6,azarbaijan-shahid-madani,سامانه مدیریت نشریات علمی دانشگاه شهید مدنی آذربایجان,journals,https://journal.azaruniv.ac.ir/,research-portal-discovery,https://research.azaruniv.ac.ir/,verified,2026-08-11
azarbaijan-shahid-madani-discovery-system-a6b38a88d2fe,azarbaijan-shahid-madani,خانه - سامانه ساجد دانشگاه شهید مدنی آذربایجان,industry,https://sajed.azaruniv.ac.ir/,research-portal-discovery,https://research.azaruniv.ac.ir/,verified,2026-08-11
hormozgan-discovery-system-c3fa36727ee0,hormozgan,سامانه‌ها _ معرفی معاونت,research,https://www.hormozgan.ac.ir/home/index/10/28/514,research-portal-discovery,https://www.hormozgan.ac.ir/home/index/10/28/373,verified,2026-08-11
hormozgan-discovery-system-42e8322bb369,hormozgan,���Ԑ�� ���Ґ��,research,https://scimet.hormozgan.ac.ir/,research-portal-discovery,https://www.hormozgan.ac.ir/home/index/10/28/514,verified,2026-08-11
amol-special-tech-discovery-system-9d0f2c3c30fb,amol-special-tech,قرارگیری پایان نامه یکی از دانشجویان دانشگاه در جمع پایان نامه ها و رساله های برتر تقاضامحور سال 1400 وزارت علوم، تحقیقات و فناوری,research,https://ausmt.ac.ir/article/%D9%82%D8%B1%D8%A7%D8%B1%DA%AF%DB%8C%D8%B1%DB%8C-%D9%BE%D8%A7%DB%8C%D8%A7%D9%86%20%D9%86%D8%A7%D9%85%D9%87-%DB%8C%DA%A9%DB%8C-%D8%A7%D8%B2-%D8%AF%D8%A7%D9%86%D8%B4%D8%AC%D9%88%DB%8C%D8%A7%D9%86-%D8%AF%D8%A7%D9%86%D8%B4%DA%AF%D8%A7%D9%87-%D8%AF%D8%B1-%D8%AC%D9%85%D8%B9-%D9%BE%D8%A7%DB%8C%D8%A7%D9%86%20%D9%86%D8%A7%D9%85%D9%87%20%D9%87%D8%A7-%D9%88-%D8%B1%D8%B3%D8%A7%D9%84%D9%87%20%D9%87%D8%A7%DB%8C-%D8%A8%D8%B1%D8%AA%D8%B1-%D8%AA%D9%82%D8%A7%D8%B6%D8%A7%D9%85%D8%AD%D9%88%D8%B1-%D8%B3%D8%A7%D9%84-1400-%D9%88%D8%B2%D8%A7%D8%B1%D8%AA-%D8%B9%D9%84%D9%88%D9%85%D8%8C-%D8%AA%D8%AD%D9%82%DB%8C%D9%82%D8%A7%D8%AA-%D9%88-%D9%81%D9%86%D8%A7%D9%88%D8%B1%DB%8C,research-portal-discovery,https://ausmt.ac.ir/,verified,2026-08-11
amol-special-tech-discovery-system-ef7a86a2f860,amol-special-tech,قرارگیری پایان نامه دانشجوی دانشگاه تخصصی فناوری های نوین آمل در جمع پایان نامه ها و رساله های برتر تقاضامحور سال 1400 وزارت علوم، تحقیقات و فناوری,research,https://ausmt.ac.ir/article/%D9%82%D8%B1%D8%A7%D8%B1%DA%AF%DB%8C%D8%B1%DB%8C-%D9%BE%D8%A7%DB%8C%D8%A7%D9%86%20%D9%86%D8%A7%D9%85%D9%87-%D8%AF%D8%A7%D9%86%D8%B4%D8%AC%D9%88%DB%8C-%D8%AF%D8%A7%D9%86%D8%B4%DA%AF%D8%A7%D9%87-%D8%AA%D8%AE%D8%B5%D8%B5%DB%8C-%D9%81%D9%86%D8%A7%D9%88%D8%B1%DB%8C-%D9%87%D8%A7%DB%8C-%D9%86%D9%88%DB%8C%D9%86-%D8%A2%D9%85%D9%84-%D8%AF%D8%B1-%D8%AC%D9%85%D8%B9-%D9%BE%D8%A7%DB%8C%D8%A7%D9%86%20%D9%86%D8%A7%D9%85%D9%87%20%D9%87%D8%A7-%D9%88-%D8%B1%D8%B3%D8%A7%D9%84%D9%87%20%D9%87%D8%A7%DB%8C-%D8%A8%D8%B1%D8%AA%D8%B1-%D8%AA%D9%82%D8%A7%D8%B6%D8%A7%D9%85%D8%AD%D9%88%D8%B1-%D8%B3%D8%A7%D9%84-1400-%D9%88%D8%B2%D8%A7%D8%B1%D8%AA-%D8%B9%D9%84%D9%88%D9%85%D8%8C-%D8%AA%D8%AD%D9%82%DB%8C%D9%82%D8%A7%D8%AA-%D9%88-%D9%81%D9%86%D8%A7%D9%88%D8%B1%DB%8C,research-portal-discovery,https://ausmt.ac.ir/,verified,2026-08-11
amol-special-tech-discovery-system-4de838c6ac4b,amol-special-tech,برگزاری کلاس های درسی از طریق سامانه آموزش مجازی دانشگاه,research,https://ausmt.ac.ir/article/%D8%A8%D8%B1%DA%AF%D8%B2%D8%A7%D8%B1%DB%8C-%DA%A9%D9%84%D8%A7%D8%B3-%D9%87%D8%A7%DB%8C-%D8%AF%D8%B1%D8%B3%DB%8C-%D8%A7%D8%B2-%D8%B7%D8%B1%DB%8C%D9%82-%D8%B3%D8%A7%D9%85%D8%A7%D9%86%D9%87-%D8%A2%D9%85%D9%88%D8%B2%D8%B4-%D9%85%D8%AC%D8%A7%D8%B2%DB%8C-%D8%AF%D8%A7%D9%86%D8%B4%DA%AF%D8%A7%D9%87,research-portal-discovery,https://ausmt.ac.ir/,verified,2026-08-11
amol-special-tech-discovery-system-d1e65c0c2c88,amol-special-tech,به روزرسانی سامانه آموزش مجازی,research,https://ausmt.ac.ir/article/%D8%A8%D9%87%20%D8%B1%D9%88%D8%B2%D8%B1%D8%B3%D8%A7%D9%86%DB%8C-%D8%B3%D8%A7%D9%85%D8%A7%D9%86%D9%87-%D8%A2%D9%85%D9%88%D8%B2%D8%B4-%D9%85%D8%AC%D8%A7%D8%B2%DB%8C,research-portal-discovery,https://ausmt.ac.ir/,verified,2026-08-11
amol-special-tech-discovery-system-76d8c344cefc,amol-special-tech,به روز آوری سامانه پست الکترونیک دانشگاه,research,https://ausmt.ac.ir/article/%D8%A8%D9%87%20%D8%B1%D9%88%D8%B2-%D8%A2%D9%88%D8%B1%DB%8C-%D8%B3%D8%A7%D9%85%D8%A7%D9%86%D9%87-%D9%BE%D8%B3%D8%AA-%D8%A7%D9%84%DA%A9%D8%AA%D8%B1%D9%88%D9%86%DB%8C%DA%A9-%D8%AF%D8%A7%D9%86%D8%B4%DA%AF%D8%A7%D9%87,research-portal-discovery,https://ausmt.ac.ir/,verified,2026-08-11
amol-special-tech-discovery-system-5a247a6cb431,amol-special-tech,به روز آوری سامانه پست الکترونیک دانشگاه,research,https://ausmt.ac.ir/article/%D8%A8%D9%87%20%D8%B1%D9%88%D8%B2-%D8%A2%D9%88%D8%B1%DB%8C-%D8%B3%D8%A7%D9%85%D8%A7%D9%86%D9%87-%D9%BE%D8%B3%D8%AA-%D8%A7%D9%84%DA%A9%D8%AA%D8%B1%D9%88%D9%86%DB%8C%DA%A9-%D8%AF%D8%A7%D9%86%D8%B4%DA%AF%D8%A7%D9%87_2,research-portal-discovery,https://ausmt.ac.ir/,verified,2026-08-11
amol-special-tech-discovery-system-3dbead3e5879,amol-special-tech,اطلاعیه راه اندازی سامانه درخواست کالا,research,https://ausmt.ac.ir/article/%D8%A7%D8%B7%D9%84%D8%A7%D8%B9%DB%8C%D9%87-%D8%B1%D8%A7%D9%87-%D8%A7%D9%86%D8%AF%D8%A7%D8%B2%DB%8C-%D8%B3%D8%A7%D9%85%D8%A7%D9%86%D9%87-%D8%AF%D8%B1%D8%AE%D9%88%D8%A7%D8%B3%D8%AA-%DA%A9%D8%A7%D9%84%D8%A7,research-portal-discovery,https://ausmt.ac.ir/,verified,2026-08-11
amol-special-tech-discovery-system-cabb741e32e4,amol-special-tech,اطلاعیه راه اندازی سامانه فیش حقوقی آنلاین,research,https://ausmt.ac.ir/article/%D8%A7%D8%B7%D9%84%D8%A7%D8%B9%DB%8C%D9%87-%D8%B1%D8%A7%D9%87-%D8%A7%D9%86%D8%AF%D8%A7%D8%B2%DB%8C-%D8%B3%D8%A7%D9%85%D8%A7%D9%86%D9%87-%D9%81%DB%8C%D8%B4-%D8%AD%D9%82%D9%88%D9%82%DB%8C-%D8%A2%D9%86%D9%84%D8%A7%DB%8C%D9%86,research-portal-discovery,https://ausmt.ac.ir/,verified,2026-08-11
amol-special-tech-discovery-system-bbf69c7d351a,amol-special-tech,افتتاح دبیرخانه وقف علم و فناوری در دانشگاه و راه اندازی سامانه واقف جهت حمایت از طرح ها و پروژه های علمی و فناورانه,research,https://ausmt.ac.ir/article/%D8%A7%D9%81%D8%AA%D8%AA%D8%A7%D8%AD-%D8%AF%D8%A8%DB%8C%D8%B1%D8%AE%D8%A7%D9%86%D9%87-%D9%88%D9%82%D9%81-%D8%B9%D9%84%D9%85-%D9%88-%D9%81%D9%86%D8%A7%D9%88%D8%B1%DB%8C-%D8%AF%D8%B1-%D8%AF%D8%A7%D9%86%D8%B4%DA%AF%D8%A7%D9%87-%D9%88-%D8%B1%D8%A7%D9%87%20%D8%A7%D9%86%D8%AF%D8%A7%D8%B2%DB%8C-%D8%B3%D8%A7%D9%85%D8%A7%D9%86%D9%87-%D9%88%D8%A7%D9%82%D9%81-%D8%AC%D9%87%D8%AA-%D8%AD%D9%85%D8%A7%DB%8C%D8%AA-%D8%A7%D8%B2-%D8%B7%D8%B1%D8%AD%20%D9%87%D8%A7-%D9%88-%D9%BE%D8%B1%D9%88%DA%98%D9%87%20%D9%87%D8%A7%DB%8C-%D8%B9%D9%84%D9%85%DB%8C-%D9%88-%D9%81%D9%86%D8%A7%D9%88%D8%B1%D8%A7%D9%86%D9%87,research-portal-discovery,https://ausmt.ac.ir/,verified,2026-08-11
amol-special-tech-discovery-system-51b807d2b813,amol-special-tech,تدوین لایحه 1401 دانشگاه در سامانه جامع بودجه,research,https://ausmt.ac.ir/article/%D8%AA%D8%AF%D9%88%DB%8C%D9%86-%D9%84%D8%A7%DB%8C%D8%AD%D9%87-1401-%D8%AF%D8%A7%D9%86%D8%B4%DA%AF%D8%A7%D9%87-%D8%AF%D8%B1-%D8%B3%D8%A7%D9%85%D8%A7%D9%86%D9%87-%D8%AC%D8%A7%D9%85%D8%B9-%D8%A8%D9%88%D8%AF%D8%AC%D9%87,research-portal-discovery,https://ausmt.ac.ir/,verified,2026-08-11
amol-special-tech-discovery-system-6611a26ab6d4,amol-special-tech,فرصت های شغلی در سامانه ساجد وزارت عتف جهت استفاده کارفرمایان، کارجویان و دانش آموختگان,research,https://ausmt.ac.ir/article/%D9%81%D8%B1%D8%B5%D8%AA%20%D9%87%D8%A7%DB%8C-%D8%B4%D8%BA%D9%84%DB%8C-%D8%AF%D8%B1-%D8%B3%D8%A7%D9%85%D8%A7%D9%86%D9%87-%D8%B3%D8%A7%D8%AC%D8%AF-%D9%88%D8%B2%D8%A7%D8%B1%D8%AA-%D8%B9%D8%AA%D9%81-%D8%AC%D9%87%D8%AA-%D8%A7%D8%B3%D8%AA%D9%81%D8%A7%D8%AF%D9%87-%DA%A9%D8%A7%D8%B1%D9%81%D8%B1%D9%85%D8%A7%DB%8C%D8%A7%D9%86%D8%8C-%DA%A9%D8%A7%D8%B1%D8%AC%D9%88%DB%8C%D8%A7%D9%86-%D9%88-%D8%AF%D8%A7%D9%86%D8%B4%20%D8%A2%D9%85%D9%88%D8%AE%D8%AA%DA%AF%D8%A7%D9%86,research-portal-discovery,https://ausmt.ac.ir/,verified,2026-08-11
gonbad-kavous-discovery-system-a8628801ce97,gonbad-kavous,سامانه کارآفرینی دانشگاه گنبد کاووس,research,https://karafarini.gonbad.ac.ir/,research-portal-discovery,https://gonbad.ac.ir/fa/home/presidencies/researchpresidency,verified,2026-08-11
gonbad-kavous-discovery-system-d7d7e77a5e33,gonbad-kavous,خانه - سامانه هدایت استعدادهای درخشان دانشگاه گنبد کاووس,research,https://gbt.gonbad.ac.ir/,research-portal-discovery,https://gonbad.ac.ir/fa/home/presidencies/researchpresidency,verified,2026-08-11
babol-noshirvani-discovery-system-97ff577c0c0b,babol-noshirvani,آیین نامه نشریات 98,journals,https://research.nit.ac.ir/fa/tag/713/%D8%A2%DB%8C%DB%8C%D9%86+%D9%86%D8%A7%D9%85%D9%87+%D9%86%D8%B4%D8%B1%DB%8C%D8%A7%D8%AA+98,research-portal-discovery,https://research.nit.ac.ir/fa/regulation/498/%D8%A2%DB%8C%DB%8C%D9%86-%D9%86%D8%A7%D9%85%D9%87-%D9%86%D8%B4%D8%B1%DB%8C%D8%A7%D8%AA-%DB%B9%DB%B8,verified,2026-08-11
khatam-behbahan-discovery-system-3a0cd21318db,khatam-behbahan,سامانه پژوهشی ژیرو,research,https://research.bkatu.ac.ir/_Pages/Default.aspx,research-portal-discovery,https://bkatu.ac.ir/,verified,2026-08-11
mahallat-higher-ed-discovery-system-5caa394f6d42,mahallat-higher-ed,نمایش مختصر - دانشگاه محلات,research,https://lib.mahallat.ac.ir/site/search/advanced?docType=TF,research-portal-discovery,https://lib.mahallat.ac.ir/faces/home.jspx,verified,2026-08-11
mahallat-higher-ed-discovery-system-70af697aaf2b,mahallat-higher-ed,سامانه بام,research,http://fish.mahallat.ac.ir/,research-portal-discovery,https://mahallat.ac.ir/web/pajoheshi,verified,2026-08-11
gorgan-agri-discovery-system-cc7a334722e8,gorgan-agri,سامانه مدیریت نشریات علمی دانشگاه علوم کشاورزی و منابع طبیعی گرگان,journals,https://j.gau.ac.ir/,research-portal-discovery,https://researchvp.gau.ac.ir/,verified,2026-08-11
gorgan-agri-discovery-system-01d1b1965ed2,gorgan-agri,سامانه داده پردازی پژوهش,research,https://research.gau.ac.ir/index.php?ch=7,research-portal-discovery,https://research.gau.ac.ir/,verified,2026-08-11
gorgan-agri-discovery-system-39bce906b3e1,gorgan-agri,سامانه داده پردازی پژوهش,research,https://research.gau.ac.ir/,research-portal-discovery,https://researchvp.gau.ac.ir/page?pageid=79,verified,2026-08-11
sari-agri-discovery-system-3b5bdb758270,sari-agri,پایان‌نامه‌های رایگان – کتابخانه و مرکز اسناد دانشگاه علوم کشاورزی و منابع طبیعی ساری,library,https://lib.sanru.ac.ir/%d9%be%d8%a7%db%8c%d8%a7%d9%86%e2%80%8c%d9%86%d8%a7%d9%85%d9%87%e2%80%8c%d9%87%d8%a7%db%8c-%d8%b1%d8%a7%db%8c%da%af%d8%a7%d9%86/,research-portal-discovery,https://lib.sanru.ac.ir/,verified,2026-08-11
sari-agri-discovery-system-98dc82aa4fbe,sari-agri,بازدید هيات رئيسه دانشگاه از فضاي جديد و بازسازي شده بخش آرشيو و نشريات كتابخانه مركزي و مركز اسناد علمي دانشگاه – کتابخانه و مرکز اسناد دانشگاه علوم کشاورزی و منابع طبیعی ساری,journals,https://lib.sanru.ac.ir/%d8%a8%d8%a7%d8%b2%d8%af%db%8c%d8%af-%d9%87%d9%8a%d8%a7%d8%aa-%d8%b1%d8%a6%d9%8a%d8%b3%d9%87-%d8%af%d8%a7%d9%86%d8%b4%da%af%d8%a7%d9%87-%d8%a7%d8%b2-%d9%81%d8%b6%d8%a7%d9%8a-%d8%ac%d8%af%d9%8a%d8%af/,research-portal-discovery,https://lib.sanru.ac.ir/,verified,2026-08-11
isfahan-art-discovery-system-3d2b2fb35085,isfahan-art,سامانه همانندجو,research,https://research.aui.ac.ir/page-Moavenatshow/FA/7/form/pId796,research-portal-discovery,https://research.aui.ac.ir/,verified,2026-08-11
shiraz-art-discovery-system-bed738f39242,shiraz-art,سامانه منابع انسانی بام,research,https://bam.shirazartu.ac.ir/,research-portal-discovery,https://shirazartu.ac.ir/?page_id=3248,verified,2026-08-11
payame-noor-discovery-system-14cda164afeb,payame-noor,سامانه مدیریت نشریات علمی دانشگاه پیام نور,journals,https://journals.pnu.ac.ir/page_36.html,research-portal-discovery,https://journals.pnu.ac.ir/,verified,2026-08-11
payame-noor-discovery-system-26e34c7f4008,payame-noor,سامانه مدیریت نشریات علمی دانشگاه پیام نور,journals,https://journals.pnu.ac.ir/?newsCode=168,research-portal-discovery,https://journals.pnu.ac.ir/,verified,2026-08-11
payame-noor-discovery-system-9a820d9d3793,payame-noor,سامانه مدیریت نشریات علمی دانشگاه پیام نور,journals,https://journals.pnu.ac.ir/page_112.html,research-portal-discovery,https://journals.pnu.ac.ir/,verified,2026-08-11
payame-noor-discovery-system-03536ac9a94f,payame-noor,سامانه مدیریت نشریات علمی دانشگاه پیام نور,journals,https://journals.pnu.ac.ir/list_315.html,research-portal-discovery,https://journals.pnu.ac.ir/,verified,2026-08-11
payame-noor-discovery-system-f92c788add06,payame-noor,سامانه مدیریت نشریات علمی دانشگاه پیام نور,journals,https://journals.pnu.ac.ir/?newsCode=78,research-portal-discovery,https://journals.pnu.ac.ir/,verified,2026-08-11
payame-noor-discovery-system-76b520f61b73,payame-noor,کتابخانه مرکزی,library,https://pnu.ac.ir/fa-IR/research.pnu.ac/16095/page/%DA%A9%D8%AA%D8%A7%D8%A8%D8%AE%D8%A7%D9%86%D9%87-%D9%85%D8%B1%DA%A9%D8%B2%DB%8C,research-portal-discovery,https://pnu.ac.ir/fa-IR/research.pnu.ac/16095/page/%DA%A9%D8%AA%D8%A7%D8%A8%D8%AE%D8%A7%D9%86%D9%87-%D9%85%D8%B1%DA%A9%D8%B2%DB%8C,verified,2026-08-11
shahed-discovery-system-c83b3561fc42,shahed,پروپوزال و پایان نامه ها – دانشکده علوم کشاورزی,research,https://agri.shahed.ac.ir/research/proposals-and-theses/,research-portal-discovery,https://agri.shahed.ac.ir/research/library/,verified,2026-08-11
petroleum-discovery-system-70b390465560,petroleum,نشریات,journals,https://www.put.ac.ir/fa-IR/put/7460/page/%D9%86%D8%B4%D8%B1%DB%8C%D8%A7%D8%AA,research-portal-discovery,https://www.put.ac.ir/fa-IR/put/7448/page/%D8%A7%D9%85%D9%88%D8%B1-%D9%BE%DA%98%D9%88%D9%87%D8%B4%DB%8C,verified,2026-08-11
tehran-discovery-system-7caf244d9728,tehran,راهنمای فرایند طرح های حمایت از پایان نامه,research,https://rtis.ut.ac.ir/fa/news/4481,research-portal-discovery,https://rtis.ut.ac.ir/fa/news/3139/%D8%AA%D8%B4%DA%A9%DB%8C%D9%84-%D8%AF%D8%A8%DB%8C%D8%B1%D8%AE%D8%A7%D9%86%D9%87-%DA%A9%D9%85%DB%8C%D8%AA%D9%87-%D8%AF%D8%A7%D9%86%D8%B4%DA%AF%D8%A7%D9%87%DB%8C-%D8%A7%D8%AE%D9%84%D8%A7%D9%82-%D8%AF%D8%B1-%D9%BE%DA%98%D9%88%D9%87%D8%B4-%D9%88-%D8%A7%D8%B9%D8%B7%D8%A7%DB%8C-%DA%A9%D8%AF-%D8%A8%DB%8C%D9%86-%D8%A7%D9%84%D9%85%D9%84%D9%84%DB%8C-%D8%A7%D8%AE%D9%84%D8%A7%D9%82-%D9%BE%DA%98%D9%88%D9%87%D8%B4-%D8%AF%D8%B1-%D8%AF%D8%A7%D9%86%D8%B4%DA%AF%D8%A7%D9%87-%D8%AA%D9%87%D8%B1%D8%A7%D9%86,verified,2026-08-12
tehran-discovery-system-eb9abccb35b8,tehran,راهنمای دسته بندی طرح های حمایت از پایان نامه,research,https://rtis.ut.ac.ir/fa/news/4476,research-portal-discovery,https://rtis.ut.ac.ir/fa/news/4481,verified,2026-08-12
tehran-discovery-system-4247cf26d634,tehran,حمایت از رساله و پایان نامه‌ها - معاونت پژوهش و فناوری- فارسی,research,https://research.ut.ac.ir/fa/page/9023/%D8%AD%D9%85%D8%A7%DB%8C%D8%AA-%D8%A7%D8%B2-%D8%B1%D8%B3%D8%A7%D9%84%D9%87-%D9%88-%D9%BE%D8%A7%DB%8C%D8%A7%D9%86-%D9%86%D8%A7%D9%85%D9%87-%D9%87%D8%A7,research-portal-discovery,https://research.ut.ac.ir/fa/page/8917/%D8%A2%DB%8C%DB%8C%D9%86-%D9%86%D8%A7%D9%85%D9%87-%D9%88-%D9%81%D8%B1%D9%85-%D9%87%D8%A7,verified,2026-08-12
tehran-discovery-system-4806da17c7c1,tehran,راهنمای فرایند طرح های حمایت از پایان نامه,research,https://rtis.ut.ac.ir/fa/news/4481/%D8%B1%D8%A7%D9%87%D9%86%D9%85%D8%A7%DB%8C-%D9%81%D8%B1%D8%A7%DB%8C%D9%86%D8%AF-%D8%B7%D8%B1%D8%AD-%D9%87%D8%A7%DB%8C-%D8%AD%D9%85%D8%A7%DB%8C%D8%AA-%D8%A7%D8%B2-%D9%BE%D8%A7%DB%8C%D8%A7%D9%86-%D9%86%D8%A7%D9%85%D9%87,research-portal-discovery,https://rtis.ut.ac.ir/fa/news/category/18/%D8%A7%D8%AE%D8%A8%D8%A7%D8%B1-%D9%BE%DA%98%D9%88%D9%87%D8%B4-%D9%88-%D9%81%D9%86%D8%A7%D9%88%D8%B1%DB%8C,verified,2026-08-12
tehran-discovery-system-22afc11080c0,tehran,راهنمای دسته بندی طرح های حمایت از پایان نامه,research,https://rtis.ut.ac.ir/fa/news/4476/%D8%B1%D8%A7%D9%87%D9%86%D9%85%D8%A7%DB%8C-%D8%AF%D8%B3%D8%AA%D9%87-%D8%A8%D9%86%D8%AF%DB%8C-%D8%B7%D8%B1%D8%AD-%D9%87%D8%A7%DB%8C-%D8%AD%D9%85%D8%A7%DB%8C%D8%AA-%D8%A7%D8%B2-%D9%BE%D8%A7%DB%8C%D8%A7%D9%86-%D9%86%D8%A7%D9%85%D9%87,research-portal-discovery,https://rtis.ut.ac.ir/fa/news/category/18/%D8%A7%D8%AE%D8%A8%D8%A7%D8%B1-%D9%BE%DA%98%D9%88%D9%87%D8%B4-%D9%88-%D9%81%D9%86%D8%A7%D9%88%D8%B1%DB%8C,verified,2026-08-12
tehran-discovery-system-3105c4a06dbb,tehran,راهنمای سامانه فرایند ارتقا (پاد)- هیات علمی,research,https://rtis.ut.ac.ir/fa/news/3997/%D8%B1%D8%A7%D9%87%D9%86%D9%85%D8%A7%DB%8C-%D8%B3%D8%A7%D9%85%D8%A7%D9%86%D9%87-%D9%81%D8%B1%D8%A7%DB%8C%D9%86%D8%AF-%D8%A7%D8%B1%D8%AA%D9%82%D8%A7-%D9%BE%D8%A7%D8%AF-%D9%87%DB%8C%D8%A7%D8%AA-%D8%B9%D9%84%D9%85%DB%8C,research-portal-discovery,https://rtis.ut.ac.ir/fa/news/category/18/%D8%A7%D8%AE%D8%A8%D8%A7%D8%B1-%D9%BE%DA%98%D9%88%D9%87%D8%B4-%D9%88-%D9%81%D9%86%D8%A7%D9%88%D8%B1%DB%8C,verified,2026-08-12
tehran-discovery-system-390602272db0,tehran,سامانه های ثبت درخواست,research,https://researchers.ut.ac.ir/fa/achievement,research-portal-discovery,https://researchers.ut.ac.ir/fa,verified,2026-08-12
tehran-discovery-system-51e2dff35719,tehran,راهنمای سامانه پاد - کارشناس دبیرخانه کمیته منتخب - مرحله اول,research,https://rtis.ut.ac.ir/fa/news/3998,research-portal-discovery,https://rtis.ut.ac.ir/fa/news/4481,verified,2026-08-12
tarbiat-modares-discovery-system-3d9959b9c9c2,tarbiat-modares,معاونت پژوهشی و فناوری - حمایت از طرح/پایان‌نامه/رساله,research,https://res.modares.ac.ir/res/managements/arto/supporting-project,research-portal-discovery,https://res.modares.ac.ir/res/managements/Arto,verified,2026-08-12
tarbiat-modares-discovery-system-ad5eb8985629,tarbiat-modares,پایگاه خبری دانشگاه تربیت مدرس - فعال‌سازی فرم «ارزیابی استاد راهنما توسط دانشجو» درسامانه گلستان,research,https://news.modares.ac.ir/res-news-list/%D8%A7%D8%B7%D9%84%D8%A7%D8%B9%DB%8C%D9%87%20%D9%81%D8%B9%D8%A7%D9%84%E2%80%8C%D8%B3%D8%A7%D8%B2%DB%8C%20%D9%81%D8%B1%D9%85%20%C2%AB%D8%A7%D8%B1%D8%B2%DB%8C%D8%A7%D8%A8%DB%8C%20%D8%A7%D8%B3%D8%AA%D8%A7%D8%AF%20%D8%B1%D8%A7%D9%87%D9%86%D9%85%D8%A7%20%D8%AA%D9%88%D8%B3%D8%B7%20%D8%AF%D8%A7%D9%86%D8%B4%D8%AC%D9%88%C2%BB%20%D8%AF%D8%B1%20%D8%B3%D8%A7%D9%85%D8%A7%D9%86%D9%87%20%DA%AF%D9%84%D8%B3%D8%AA%D8%A7%D9%86,research-portal-discovery,https://res.modares.ac.ir/res/managements/Arto,verified,2026-08-12
ferdowsi-discovery-system-9e3406330232,ferdowsi,راهنمای تدوین پایان نامه,research,https://iraniah.um.ac.ir/index.php/fa/research/thesis-compilation-guide,research-portal-discovery,https://iraniah.um.ac.ir/index.php/fa/regulations-and-forms/postgraduate-forms,verified,2026-08-12
ferdowsi-discovery-system-63f9ea370559,ferdowsi,عنوان پایان نامه ها تا سال 1383,research,https://iraniah.um.ac.ir/index.php/fa/research/thesis-title-until-2004,research-portal-discovery,https://iraniah.um.ac.ir/index.php/fa/regulations-and-forms/postgraduate-forms,verified,2026-08-12
ferdowsi-discovery-system-8679e56e095e,ferdowsi,پایان نامه های دفاع شده,research,https://iraniah.um.ac.ir/index.php/fa/research/defended-dissertations,research-portal-discovery,https://iraniah.um.ac.ir/index.php/fa/regulations-and-forms/postgraduate-forms,verified,2026-08-12
ferdowsi-discovery-system-51a44cb45661,ferdowsi,پایان نامه های دفاع نشده,research,https://iraniah.um.ac.ir/index.php/fa/research/unprotected-dissertations,research-portal-discovery,https://iraniah.um.ac.ir/index.php/fa/regulations-and-forms/postgraduate-forms,verified,2026-08-12
ferdowsi-discovery-system-44d597002374,ferdowsi,پژوهشگران,library,https://library.um.ac.ir/index.php/fa/lib-services/researchers,research-portal-discovery,https://library.um.ac.ir/index.php?lang=fa,verified,2026-08-12
shahid-beheshti-discovery-system-f060d0ce7d62,shahid-beheshti,سامانه‌های دانشی - کتابخانه مرکزی و مرکز اسناد,library,https://www.sbu.ac.ir/fa/web/lib/w/knowledge-system?redirect=%2Ffa%2Fweb%2Flib%2F,research-portal-discovery,https://www.sbu.ac.ir/fa/web/lib/,verified,2026-08-12
shahid-beheshti-discovery-system-ab39ab5818f9,shahid-beheshti,سامانه‌های دانشی - کتابخانه مرکزی و مرکز اسناد,library,https://lib.sbu.ac.ir/fa/w/knowledge-system?redirect=%2Ffa%2F,research-portal-discovery,https://lib.sbu.ac.ir/fa/,verified,2026-08-12
shahid-beheshti-discovery-system-2f3b5a09ef34,shahid-beheshti,سامانه‌ها - معاونت پژوهشی و فناوری,research,https://resevp.sbu.ac.ir/samaneha,research-portal-discovery,https://resevp.sbu.ac.ir/,verified,2026-08-12
shahid-beheshti-discovery-system-1194616f58ce,shahid-beheshti,سامانه‌ها - معاونت پژوهشی و فناوری,research,https://resevp.sbu.ac.ir/fa/samaneha,research-portal-discovery,https://resevp.sbu.ac.ir/fa/systems,verified,2026-08-12
shahid-beheshti-discovery-system-b02c3319d907,shahid-beheshti,سامانه‌ها - معاونت پژوهشی و فناوری,research,https://www.sbu.ac.ir/fa/web/resvp/samaneha,research-portal-discovery,https://www.sbu.ac.ir/fa/web/resvp/systems,verified,2026-08-12
shahid-beheshti-discovery-system-7b14366aafa9,shahid-beheshti,سامانه مدیریت نشریات علمی دانشگاه شهید بهشتی,journals,https://scj.sbu.ac.ir/,research-portal-discovery,https://scj.sbu.ac.ir/,verified,2026-08-12
shiraz-discovery-system-dea083f5e00d,shiraz,ارتقاء رتبه دو نشریه علمی دانشگاه شیراز در ارزیابی سامانه رتبه‌بندی نشریات کشور - - - دانشگاه شیراز,journals,https://shirazu.ac.ir/-/%D8%A7%D8%B1%D8%AA%D9%82%D8%A7%D8%A1-%D8%B1%D8%AA%D8%A8%D9%87-%D8%AF%D9%88-%D9%86%D8%B4%D8%B1%DB%8C%D9%87-%D8%B9%D9%84%D9%85%DB%8C-%D8%AF%D8%A7%D9%86%D8%B4%DA%AF%D8%A7%D9%87-%D8%B4%DB%8C%D8%B1%D8%A7%D8%B2-%D8%AF%D8%B1-%D8%A7%D8%B1%D8%B2%DB%8C%D8%A7%D8%A8%DB%8C-%D8%B3%D8%A7%D9%85%D8%A7%D9%86%D9%87-%D8%B1%D8%AA%D8%A8%D9%87%E2%80%8C%D8%A8%D9%86%D8%AF%DB%8C-%D9%86%D8%B4%D8%B1%DB%8C%D8%A7%D8%AA-%DA%A9%D8%B4%D9%88%D8%B1,research-portal-discovery,https://research.shirazu.ac.ir/publishingcenter,verified,2026-08-12
shiraz-discovery-system-9948e1a32298,shiraz,ارتقای جایگاه علمی نشریات دانشگاه شیراز در رتبه‌بندی‌های بین‌المللی و منطقه‌ای - show-content - معاونت پژوهشی و فناوری,journals,https://research.shirazu.ac.ir/-/%D8%A7%D8%B1%D8%AA%D9%82%D8%A7%DB%8C-%D8%AC%D8%A7%DB%8C%DA%AF%D8%A7%D9%87-%D8%B9%D9%84%D9%85%DB%8C-%D9%86%D8%B4%D8%B1%DB%8C%D8%A7%D8%AA-%D8%AF%D8%A7%D9%86%D8%B4%DA%AF%D8%A7%D9%87-%D8%B4%DB%8C%D8%B1%D8%A7%D8%B2-%D8%AF%D8%B1-%D8%B1%D8%AA%D8%A8%D9%87%E2%80%8C%D8%A8%D9%86%D8%AF%DB%8C%E2%80%8C%D9%87%D8%A7%DB%8C-%D8%A8%DB%8C%D9%86%E2%80%8C%D8%A7%D9%84%D9%85%D9%84%D9%84%DB%8C-%D9%88-%D9%85%D9%86%D8%B7%D9%82%D9%87%E2%80%8C%D8%A7%DB%8C,research-portal-discovery,https://research.shirazu.ac.ir/-/%D8%B2%D9%87%D8%B1%D8%A7-%D8%AD%D8%B3%DB%8C%D9%86%DB%8C%D8%8C-%D9%85%D8%B3%D8%A6%D9%88%D9%84-%D8%AF%D9%81%D8%AA%D8%B1-%D9%85%D8%AF%DB%8C%D8%B1%DB%8C%D8%AA-%D8%A7%D9%85%D9%88%D8%B1-%D9%BE%DA%98%D9%88%D9%87%D8%B4%DB%8C,verified,2026-08-12
tabriz-discovery-system-22a2ba0666e6,tabriz,سامانه داوری انتشارات دانشگاه تبریز - ورود کاربران,research,https://pprs.tabrizu.ac.ir/contacts?_action=loginForm,research-portal-discovery,https://pprs.tabrizu.ac.ir/sitemap.xml?usr,verified,2026-08-12
tabriz-discovery-system-e6d364936c13,tabriz,سامانه داوری انتشارات دانشگاه تبریز - درباره انتشارات دانشگاه تبریز,journals,https://pprs.tabrizu.ac.ir/journal/about,research-portal-discovery,https://pprs.tabrizu.ac.ir/,verified,2026-08-12
tabriz-discovery-system-1dc0ce500e2f,tabriz,سامانه داوری انتشارات دانشگاه تبریز - ورود کاربران,research,https://pprs.tabrizu.ac.ir/contacts,research-portal-discovery,https://pprs.tabrizu.ac.ir/,verified,2026-08-12
tabriz-discovery-system-930ad466fb62,tabriz,سامانه داوری انتشارات دانشگاه تبریز - بازیابی رمز ورود,research,https://pprs.tabrizu.ac.ir/contacts?_action=login&frg=1,research-portal-discovery,https://pprs.tabrizu.ac.ir/contacts?_action=loginForm,verified,2026-08-12
isfahan-discovery-system-fff0cb2fbba0,isfahan,معاونت پژوهش و فناوری | مشابهت یاب,research,https://research.ui.ac.ir/%D9%85%D8%B4%D8%A7%D8%A8%D9%87%D8%AA-%DB%8C%D8%A7%D8%A8,research-portal-discovery,https://research.ui.ac.ir/,verified,2026-08-12
kharazmi-discovery-system-1a69f8e5277b,kharazmi,سامانه ورود یکپارچه - احراز هویت یکپارچه متمرکز,research,https://accounts.khu.ac.ir/cas/login?service=https://khu.ac.ir/login_cas_khu.php,research-portal-discovery,https://research.khu.ac.ir/,verified,2026-08-12
kharazmi-discovery-system-64ceed7d7812,kharazmi,سامانه کتاب,research,https://publish.khu.ac.ir/,research-portal-discovery,https://research.khu.ac.ir/index.php?sid=1&slc_lang=fa,verified,2026-08-12
allameh-discovery-system-cfcc80bc3337,allameh,نحوه تسویه و‌تحویل فایل پایان نامه/رساله به کتابخانه مرکزی در شرایط قطعی اینترنت,library,https://library.atu.ac.ir/fa/news/31958/%D9%86%D8%AD%D9%88%D9%87-%D8%AA%D8%B3%D9%88%DB%8C%D9%87-%D9%88-%D8%AA%D8%AD%D9%88%DB%8C%D9%84-%D9%81%D8%A7%DB%8C%D9%84-%D9%BE%D8%A7%DB%8C%D8%A7%D9%86-%D9%86%D8%A7%D9%85%D9%87-%D8%B1%D8%B3%D8%A7%D9%84%D9%87-%D8%A8%D9%87-%DA%A9%D8%AA%D8%A7%D8%A8%D8%AE%D8%A7%D9%86%D9%87-%D9%85%D8%B1%DA%A9%D8%B2%DB%8C-%D8%AF%D8%B1-%D8%B4%D8%B1%D8%A7%DB%8C%D8%B7-%D9%82%D8%B7%D8%B9%DB%8C-%D8%A7%DB%8C%D9%86%D8%AA%D8%B1%D9%86%D8%AA,research-portal-discovery,https://library.atu.ac.ir/fa/tag/12145/%D9%BE%D8%A7%DB%8C%D8%A7%D9%86+%D9%86%D8%A7%D9%85%D9%87,verified,2026-08-12
allameh-discovery-system-a87758e47126,allameh,جستجو و بازیابی پایان‌نامه‌ها و رساله‌های لاتین بر اساس رشته تحصیلی ممکن شد,library,https://library.atu.ac.ir/fa/news/31640/%D8%AC%D8%B3%D8%AA%D8%AC%D9%88-%D9%88-%D8%A8%D8%A7%D8%B2%DB%8C%D8%A7%D8%A8%DB%8C-%D9%BE%D8%A7%DB%8C%D8%A7%D9%86-%D9%86%D8%A7%D9%85%D9%87-%D9%87%D8%A7-%D9%88-%D8%B1%D8%B3%D8%A7%D9%84%D9%87-%D9%87%D8%A7%DB%8C-%D9%84%D8%A7%D8%AA%DB%8C%D9%86-%D8%A8%D8%B1-%D8%A7%D8%B3%D8%A7%D8%B3-%D8%B1%D8%B4%D8%AA%D9%87-%D8%AA%D8%AD%D8%B5%DB%8C%D9%84%DB%8C-%D9%85%D9%85%DA%A9%D9%86-%D8%B4%D8%AF,research-portal-discovery,https://library.atu.ac.ir/fa/tag/12145/%D9%BE%D8%A7%DB%8C%D8%A7%D9%86+%D9%86%D8%A7%D9%85%D9%87,verified,2026-08-12
urmia-discovery-system-620490744dfb,urmia,بخش پایان نامه ها,research,https://cl.urmia.ac.ir/fa/content/246,research-portal-discovery,https://cl.urmia.ac.ir/fa,verified,2026-08-12
urmia-discovery-system-a11f642b5236,urmia,آیین نامه نشریات علمی - معاونت پژوهش و فن‌آوری,journals,https://pajuheshi.urmia.ac.ir/fa/download/2416/%D8%A2%DB%8C%DB%8C%D9%86-%D9%86%D8%A7%D9%85%D9%87-%D9%86%D8%B4%D8%B1%DB%8C%D8%A7%D8%AA-%D8%B9%D9%84%D9%85%DB%8C,research-portal-discovery,https://pajuheshi.urmia.ac.ir/fa/download/category/327/%D9%81%D8%B1%D9%85-%D9%87%D8%A7%DB%8C-%D9%85%D8%B9%D8%A7%D9%88%D9%86%D8%AA-%D9%BE%DA%98%D9%88%D9%87%D8%B4-%D9%88-%D9%81%D9%86%D8%A7%D9%88%D8%B1%DB%8C,verified,2026-08-12
urmia-discovery-system-3cf01744352a,urmia,معرفی تعداد هشت نفر از اعضای هیات علمی و پژوهشگران دانشگاه ارومیه، به عنوان پژوهشگران پراستناد یک درصد برتر,research,https://news.urmia.ac.ir/fa/news/14252,research-portal-discovery,https://news.urmia.ac.ir/fa/news/14250,verified,2026-08-12
urmia-discovery-system-cd9f8944bd7b,urmia,BET آزمایشگاه مرکزی آنالیز سطح ویژه,laboratory,https://cntlab.urmia.ac.ir/fa/services/64/bet-%D8%A2%D8%B2%D9%85%D8%A7%DB%8C%D8%B4%DA%AF%D8%A7%D9%87-%D9%85%D8%B1%DA%A9%D8%B2%DB%8C,research-portal-discovery,https://cntlab.urmia.ac.ir/,verified,2026-08-12
urmia-discovery-system-17fd12cadcce,urmia,TEM آزمایشگاه مرکزی میکروسکوپ الکترونی,laboratory,https://cntlab.urmia.ac.ir/fa/services/45/tem-%D8%A2%D8%B2%D9%85%D8%A7%DB%8C%D8%B4%DA%AF%D8%A7%D9%87-%D9%85%D8%B1%DA%A9%D8%B2%DB%8C,research-portal-discovery,https://cntlab.urmia.ac.ir/,verified,2026-08-12
urmia-discovery-system-6025a5766d4c,urmia,GC MS آزمایشگاه مرکزی کروماتوگرافی گازی با طیف سنج جرمی,laboratory,https://cntlab.urmia.ac.ir/fa/services/44/gc-ms-%D8%A2%D8%B2%D9%85%D8%A7%DB%8C%D8%B4%DA%AF%D8%A7%D9%87-%D9%85%D8%B1%DA%A9%D8%B2%DB%8C,research-portal-discovery,https://cntlab.urmia.ac.ir/,verified,2026-08-12
urmia-discovery-system-655a043b68b0,urmia,GC آزمایشگاه مرکزی کروماتوگرافی گازی,laboratory,https://cntlab.urmia.ac.ir/fa/services/28/gc-%D8%A2%D8%B2%D9%85%D8%A7%DB%8C%D8%B4%DA%AF%D8%A7%D9%87-%D9%85%D8%B1%DA%A9%D8%B2%DB%8C,research-portal-discovery,https://cntlab.urmia.ac.ir/,verified,2026-08-12
semnan-discovery-system-9190f2cf3817,semnan,سامانه های افزوده شده به SSO | مدیریت فناوری اطلاعات و امنیت فضای مجازی دانشگاه سمنان,it,https://it.semnan.ac.ir/%D8%B3%D8%A7%D9%85%D8%A7%D9%86%D9%87-%D9%87%D8%A7%DB%8C-%D8%A7%D9%81%D8%B2%D9%88%D8%AF%D9%87-%D8%B4%D8%AF%D9%87-%D8%A8%D9%87-SSO,research-portal-discovery,https://it.semnan.ac.ir/,verified,2026-08-12
semnan-discovery-system-df9b0464eb80,semnan,راه اندازی سامانه علم‌سنجی در دانشگاه سمنان | دانشگاه سمنان,research,https://semnan.ac.ir/%DA%AF%D8%B2%D8%A7%D8%B1%D8%B4-%D8%AA%D8%B5%D9%88%DB%8C%D8%B1%DB%8C/%D8%B1%D8%A7%D9%87-%D8%A7%D9%86%D8%AF%D8%A7%D8%B2%DB%8C-%D8%B3%D8%A7%D9%85%D8%A7%D9%86%D9%87-%D8%B9%D9%84%D9%85%E2%80%8C%D8%B3%D9%86%D8%AC%DB%8C-%D8%AF%D8%B1-%D8%AF%D8%A7%D9%86%D8%B4%DA%AF%D8%A7%D9%87-%D8%B3%D9%85%D9%86%D8%A7%D9%86,research-portal-discovery,https://semnan.ac.ir/,verified,2026-08-12
semnan-discovery-system-683b2b291690,semnan,همه اخبار | معاونت پژوهش و فناوری دانشگاه سمنان,research,https://research.semnan.ac.ir/%d9%87%d9%85%d9%87-%d8%a7%d8%ae%d8%a8%d8%a7%d8%b1/%d8%af%d8%b1%d8%ae%d8%b4%d8%b4-%d8%af%d8%a7%d9%86%d8%b4%da%a9%d8%af%d9%87-%d9%85%d9%87%d9%86%d8%af%d8%b3%db%8c-%d9%85%da%a9%d8%a7%d9%86%db%8c%da%a9-%d8%af%d8%a7%d9%86%d8%b4%da%af%d8%a7%d9%87-%d8%b3%d9%85%d9%86%d8%a7%d9%86%d8%9b-%d9%be%d8%a7%db%8c%d8%a7%d9%86%e2%80%8c%d9%86%d8%a7%d9%85%d9%87-%d8%af%d8%a7%d9%86%d8%b4%d8%ac%d9%88%db%8c-%da%a9%d8%a7%d8%b1%d8%b4%d9%86%d8%a7%d8%b3%db%8c-%d8%a8%d8%b1%da%af%d8%b2%db%8c%d8%af%d9%87-%d8%a7%d9%86%d8%ac%d9%85%d9%86-%d9%85%d9%87%d9%86%d8%af%d8%b3%d8%a7%d9%86-%d9%85%da%a9%d8%a7%d9%86%db%8c%da%a9-%d8%a7%db%8c%d8%b1%d8%a7%d9%86-%d8%b4%d8%af,research-portal-discovery,https://research.semnan.ac.ir/%D9%87%D9%85%D9%87-%D8%A7%D8%AE%D8%A8%D8%A7%D8%B1/%D8%AF%D8%B1%D8%AE%D8%B4%D8%B4-%D8%AF%D8%A7%D9%86%D8%B4%DA%A9%D8%AF%D9%87-%D9%85%D9%87%D9%86%D8%AF%D8%B3%DB%8C-%D9%85%DA%A9%D8%A7%D9%86%DB%8C%DA%A9-%D8%AF%D8%A7%D9%86%D8%B4%DA%AF%D8%A7%D9%87-%D8%B3%D9%85%D9%86%D8%A7%D9%86%D8%9B-%D9%BE%D8%A7%DB%8C%D8%A7%D9%86%E2%80%8C%D9%86%D8%A7%D9%85%D9%87-%D8%AF%D8%A7%D9%86%D8%B4%D8%AC%D9%88%DB%8C-%DA%A9%D8%A7%D8%B1%D8%B4%D9%86%D8%A7%D8%B3%DB%8C-%D8%A8%D8%B1%DA%AF%D8%B2%DB%8C%D8%AF%D9%87-%D8%A7%D9%86%D8%AC%D9%85%D9%86-%D9%85%D9%87%D9%86%D8%AF%D8%B3%D8%A7%D9%86-%D9%85%DA%A9%D8%A7%D9%86%DB%8C%DA%A9-%D8%A7%DB%8C%D8%B1%D8%A7%D9%86-%D8%B4%D8%AF,verified,2026-08-12
sistan-baluchestan-discovery-system-048f5b7e0a3b,sistan-baluchestan,Labs services,research,https://www.usb.ac.ir/en/Research/Research-Centers-and-Institue/Nanotechnology-Research-Institue/Facilities/Labs-services,research-portal-discovery,https://www.usb.ac.ir/en/Research/Research-Centers-and-Institue/Nanotechnology-Research-Institue,verified,2026-08-12
sistan-baluchestan-discovery-system-0c1709dbe100,sistan-baluchestan,Fuzzy Systems Research Center,research,https://www.usb.ac.ir/en/Research/Research-Centers-and-Institue/Fuzzy-Systems-Research-Center,research-portal-discovery,https://www.usb.ac.ir/en,verified,2026-08-12
sistan-baluchestan-discovery-system-a6ae3cf1928c,sistan-baluchestan,اداره نشریات,journals,https://www.usb.ac.ir/%D9%85%D8%B9%D8%A7%D9%88%D9%86%D8%AA-%D9%87%D8%A7/%D9%85%D8%B9%D8%A7%D9%88%D9%86%D8%AA-%D9%BE%DA%98%D9%88%D9%87%D8%B4%DB%8C-%D9%88-%D9%81%D9%86%D8%A7%D9%88%D8%B1%DB%8C/%D8%A7%D8%AF%D8%A7%D8%B1%D9%87-%D9%86%D8%B4%D8%B1%DB%8C%D8%A7%D8%AA,research-portal-discovery,https://www.usb.ac.ir/research,verified,2026-08-12
yazd-discovery-system-2265786d9cdd,yazd,اداره سامانه‌ها و هوشمندسازی,research,https://yazd.ac.ir/offices/research/deputy/it/services/introduction,research-portal-discovery,https://yazd.ac.ir/offices/research/deputy/it/introduction,verified,2026-08-12
yazd-discovery-system-e58d7f3111a3,yazd,سامانه‌ها,research,https://yazd.ac.ir/offices/research/deputy/entrepreneurship/services/software,research-portal-discovery,https://yazd.ac.ir/offices/research/deputy/entrepreneurship,verified,2026-08-12
yazd-discovery-system-0d3dc4737f85,yazd,بایگانی‌های کاربردی کردن پایان‌نامه‌‌ها - نهاد نمایندگی مقام معظم رهبری در دانشگاه یزد,research,https://nahad.yazd.ac.ir/category/1000/1002/%da%a9%d8%a7%d8%b1%d8%a8%d8%b1%d8%af%db%8c-%da%a9%d8%b1%d8%af%d9%86-%d9%be%d8%a7%db%8c%d8%a7%d9%86%e2%80%8c%d9%86%d8%a7%d9%85%d9%87%e2%80%8c%e2%80%8c%d9%87%d8%a7/,research-portal-discovery,https://nahad.yazd.ac.ir/category/1000/1034/,verified,2026-08-12
yazd-discovery-system-c19b281d1995,yazd,همکاری‌ها,research,https://yazd.ac.ir/offices/research/deputy/entrepreneurship/services/collaboration,research-portal-discovery,https://yazd.ac.ir/offices/research/deputy/entrepreneurship,verified,2026-08-12
yazd-discovery-system-b369ae19da24,yazd,خدمات,research,https://yazd.ac.ir/offices/research/deputy/entrepreneurship/services,research-portal-discovery,https://yazd.ac.ir/offices/research/deputy/entrepreneurship,verified,2026-08-12
yazd-discovery-system-5af24948a7a9,yazd,دانشگاه یزد - خدمات آزمایشگاهی و تعرفه‌ها,laboratory,https://yazd.ac.ir/offices/research/deputy/labs/services,research-portal-discovery,https://yazd.ac.ir/offices/research/deputy/labs/introduction,verified,2026-08-12
mohaghegh-ardabili-discovery-system-473080d0ecfd,mohaghegh-ardabili,سامانه مدیریت نشریات علمی دانشگاه محقق اردبیلی,journals,https://journal.uma.ac.ir/,research-portal-discovery,https://uma.ac.ir/find.php?item=8.270.2596.fa,verified,2026-08-12
kurdistan-discovery-system-9ab339fda720,kurdistan,سامانه پژوهشی ژیرو,research,https://research.uok.ac.ir/_Pages/Default.aspx,research-portal-discovery,https://uok.ac.ir/web/research-and-innovation,verified,2026-08-12
shahid-chamran-ahvaz-discovery-system-c894e96f697f,shahid-chamran-ahvaz,سامانه مدیریت امور پژوهشی - مدیریت امور پژوهش و فناوری,research,https://scu.ac.ir/fa/web/rms/w/%D8%B3%D8%A7%D9%85%D8%A7%D9%86%D9%87-%D9%85%D8%AF%DB%8C%D8%B1%DB%8C%D8%AA-%D8%A7%D9%85%D9%88%D8%B1-%D9%BE%DA%98%D9%88%D9%87%D8%B4%DB%8C?redirect=%2Fweb%2Frms,research-portal-discovery,https://scu.ac.ir/web/rms,verified,2026-08-12
kashan-discovery-system-8f94a5574e50,kashan,سامانه مدیریت نشریات علمی دانشگاه کاشان,journals,https://journals.kashanu.ac.ir/,research-portal-discovery,https://research.kashanu.ac.ir/fa/tag/400/Office+of+Vice-Chancellor+for+Research+and+Technology,verified,2026-08-12
shahrekord-discovery-system-3dfce60b4b46,shahrekord,Information Office and Computer Services,research,https://sku.ac.ir/en/Vice-President/research/Office/1003/Information-Office-and-Computer-Services,research-portal-discovery,https://www.sku.ac.ir/Vice-President/research,verified,2026-08-12
shahrekord-discovery-system-5f090fabd953,shahrekord,سامانه مدیریت نشریات علمی دانشگاه شهرکرد,journals,https://journals.sku.ac.ir/,research-portal-discovery,https://www.sku.ac.ir/Vice-President/research/News/5836/%D8%AA%D8%AC%D9%84%DB%8C%D9%84-%D8%A7%D8%B2-%DA%A9%D8%A7%D8%B1%DA%A9%D9%86%D8%A7%D9%86-%D9%85%D8%B9%D8%A7%D9%88%D9%86%D8%AA-%D9%BE%DA%98%D9%88%D9%87%D8%B4-%D9%88-%D9%81%D9%86%D8%A7%D9%88%D8%B1%DB%8C-%D8%AF%D8%A7%D9%86%D8%B4%DA%AF%D8%A7%D9%87-%D8%B4%D9%87%D8%B1%DA%A9%D8%B1%D8%AF,verified,2026-08-12
shahrekord-discovery-system-d9391f6906a2,shahrekord,سامانه رزرو منابع,laboratory,https://sarv.sku.ac.ir/,research-portal-discovery,https://www.sku.ac.ir/Vice-President/research/News/5836/%D8%AA%D8%AC%D9%84%DB%8C%D9%84-%D8%A7%D8%B2-%DA%A9%D8%A7%D8%B1%DA%A9%D9%86%D8%A7%D9%86-%D9%85%D8%B9%D8%A7%D9%88%D9%86%D8%AA-%D9%BE%DA%98%D9%88%D9%87%D8%B4-%D9%88-%D9%81%D9%86%D8%A7%D9%88%D8%B1%DB%8C-%D8%AF%D8%A7%D9%86%D8%B4%DA%AF%D8%A7%D9%87-%D8%B4%D9%87%D8%B1%DA%A9%D8%B1%D8%AF,verified,2026-08-12
shahrekord-discovery-system-18df74fd3f6a,shahrekord,سامانه مدیریت نشریات علمی دانشگاه شهرکرد,journals,https://journals.sku.ac.ir/contact.us,research-portal-discovery,https://journals.sku.ac.ir/,verified,2026-08-12
shahrekord-discovery-system-acfa69a43205,shahrekord,سامانه مدیریت نشریات علمی دانشگاه شهرکرد,journals,https://journals.sku.ac.ir/rss,research-portal-discovery,https://journals.sku.ac.ir/,verified,2026-08-12
bu-ali-sina-discovery-system-0420b7429555,bu-ali-sina,سامانه پژوهشی ژیرو,research,https://research.basu.ac.ir/_Pages/Default.aspx,research-portal-discovery,https://res.basu.ac.ir/,verified,2026-08-12
alzahra-discovery-system-a55aacd5baf0,alzahra,سامانه های معاونت پژوهشی وفناوری - معاونت پژوهشي و فناوري,research,https://research.alzahra.ac.ir/%D8%B3%D8%A7%D9%85%D8%A7%D9%86%D9%87-%D9%87%D8%A7%DB%8C-%D9%85%D8%B9%D8%A7%D9%88%D9%86%D8%AA-%D9%BE%DA%98%D9%88%D9%87%D8%B4%DB%8C-%D9%88%D9%81%D9%86%D8%A7%D9%88%D8%B1%DB%8C1,research-portal-discovery,https://research.alzahra.ac.ir/,verified,2026-08-12
alzahra-discovery-system-96519ee99c73,alzahra,سامانه های معاونت پژوهشی وفناوری - معاونت پژوهشي و فناوري,research,https://research.alzahra.ac.ir/fa/%D8%B3%D8%A7%D9%85%D8%A7%D9%86%D9%87-%D9%87%D8%A7%DB%8C-%D9%85%D8%B9%D8%A7%D9%88%D9%86%D8%AA-%D9%BE%DA%98%D9%88%D9%87%D8%B4%DB%8C-%D9%88%D9%81%D9%86%D8%A7%D9%88%D8%B1%DB%8C1,research-portal-discovery,https://research.alzahra.ac.ir/fa/w/%D8%AC%D9%84%D8%B3%D9%87-%D9%87%D9%85-%D8%A7%D9%86%D8%AF%DB%8C%D8%B4%DB%8C-%D9%85%D8%B9%D8%A7%D9%88%D9%86%D8%AA-%D9%BE%DA%98%D9%88%D9%87%D8%B4%DB%8C-%D9%88-%D9%81%D9%86%D8%A7%D9%88%D8%B1%DB%8C-%D8%AF%D8%A7%D9%86%D8%B4%DA%AF%D8%A7%D9%87-%D9%88-%D8%A7-5?redirect=%2F,verified,2026-08-12
alzahra-discovery-system-1f80aaa63c2f,alzahra,سامانه های معاونت پژوهشی وفناوری - معاونت پژوهشي و فناوري,research,https://alzahra.ac.ir/web/research/%D8%B3%D8%A7%D9%85%D8%A7%D9%86%D9%87-%D9%87%D8%A7%DB%8C-%D9%85%D8%B9%D8%A7%D9%88%D9%86%D8%AA-%D9%BE%DA%98%D9%88%D9%87%D8%B4%DB%8C-%D9%88%D9%81%D9%86%D8%A7%D9%88%D8%B1%DB%8C1,research-portal-discovery,https://alzahra.ac.ir/web/research/%D8%A7%D8%B1%D8%B4%DB%8C%D9%88-%D8%AA%D8%A7%D8%B2%D9%87-%D9%87%D8%A7%DB%8C-%D8%A7%D9%86%D8%AA%D8%B4%D8%A7%D8%B1%D8%A7%D8%AA?sort=displayDate-,verified,2026-08-12
alzahra-discovery-system-48dd31906979,alzahra,سامانه های معاونت پژوهشی وفناوری - معاونت پژوهشي و فناوري,research,https://alzahra.ac.ir/fa/web/research/%D8%B3%D8%A7%D9%85%D8%A7%D9%86%D9%87-%D9%87%D8%A7%DB%8C-%D9%85%D8%B9%D8%A7%D9%88%D9%86%D8%AA-%D9%BE%DA%98%D9%88%D9%87%D8%B4%DB%8C-%D9%88%D9%81%D9%86%D8%A7%D9%88%D8%B1%DB%8C1,research-portal-discovery,https://alzahra.ac.ir/fa/web/research/w/%D9%BE%DA%98%D9%88%D9%87%D8%B4-%D8%B9%D9%84%D9%85%DB%8C-%D8%AF%D8%B1-%D8%B3%DB%8C%D8%B3%D8%AA%D9%85-%D9%87%D8%A7%DB%8C-%D8%A7%D8%B7%D9%84%D8%A7%D8%B9%D8%A7%D8%AA%DB%8C-%D8%B1%D8%A7%D9%87%D9%86%D9%85%D8%A7%DB%8C%DB%8C-%D8%A8%D8%B1%D8%A7%DB%8C-%D9%85%D8%A8?p_l_back_url=%2Fweb%2Fresearch%2F%25D8%25A7%25D8%25B1%25D8%25B4%25DB%258C%25D9%2588-%25D8%25AA%25D8%25A7%25D8%25B2%25D9%2587-%25D9%2587%25D8%25A7%25DB%258C-%25D8%25A7%25D9%2586%25D8%25AA%25D8%25B4%25D8%25A7%25D8%25B1%25D8%25A7%25D8%25AA%3Fsort%3DdisplayDate-,verified,2026-08-12
alzahra-discovery-system-ff0286a3598b,alzahra,"""نشریات دانشگاه الزهرا بر مدار بین المللی سازی"" - معاونت پژوهشي و فناوري",journals,https://research.alzahra.ac.ir/fa/w/-%D9%86%D8%B4%D8%B1%DB%8C%D8%A7%D8%AA-%D8%AF%D8%A7%D9%86%D8%B4%DA%AF%D8%A7%D9%87-%D8%A7%D9%84%D8%B2%D9%87%D8%B1%D8%A7-%D8%A8%D8%B1-%D9%85%D8%AF%D8%A7%D8%B1-%D8%A8%DB%8C%D9%86-%D8%A7%D9%84%D9%85%D9%84%D9%84%DB%8C-%D8%B3%D8%A7%D8%B2%DB%8C-?redirect=%2F,research-portal-discovery,https://research.alzahra.ac.ir/,verified,2026-08-12
alzahra-discovery-system-f6ceec8feb9f,alzahra,تکریم و معارفه سردبیر نشریه اندیشه های نوین تربیتی برگزار شد - معاونت پژوهشي و فناوري,journals,https://research.alzahra.ac.ir/fa/w/%D8%AA%DA%A9%D8%B1%DB%8C%D9%85-%D9%88-%D9%85%D8%B9%D8%A7%D8%B1%D9%81%D9%87-%D8%B3%D8%B1%D8%AF%D8%A8%DB%8C%D8%B1-%D9%86%D8%B4%D8%B1%DB%8C%D9%87-%D8%A7%D9%86%D8%AF%DB%8C%D8%B4%D9%87-%D9%87%D8%A7%DB%8C-%D9%86%D9%88%DB%8C%D9%86-%D8%AA%D8%B1%D8%A8%DB%8C%D8%AA?redirect=%2F,research-portal-discovery,https://research.alzahra.ac.ir/,verified,2026-08-12
alzahra-discovery-system-3ef43c4011ca,alzahra,تکریم و معارفه سردبیر نشریه زیست کاربردی برگزار شد - معاونت پژوهشي و فناوري,journals,https://research.alzahra.ac.ir/fa/w/%D8%AA%DA%A9%D8%B1%DB%8C%D9%85-%D9%88-%D9%85%D8%B9%D8%A7%D8%B1%D9%81%D9%87-%D8%B3%D8%B1%D8%AF%D8%A8%DB%8C%D8%B1-%D9%86%D8%B4%D8%B1%DB%8C%D9%87-%D8%B2%DB%8C%D8%B3%D8%AA-%DA%A9%D8%A7%D8%B1%D8%A8%D8%B1%D8%AF%DB%8C-%D8%A8%D8%B1%DA%AF%D8%B2%D8%A7%D8%B1-%D8%B4?redirect=%2F,research-portal-discovery,https://research.alzahra.ac.ir/,verified,2026-08-12
alzahra-discovery-system-d29a3a5fa978,alzahra,تکریم و معارفه سردبیر نشریه اندیشه های نوین تربیتی برگزار شد - معاونت پژوهشي و فناوري,journals,https://research.alzahra.ac.ir/fa/w/%D8%AA%DA%A9%D8%B1%DB%8C%D9%85-%D9%88-%D9%85%D8%B9%D8%A7%D8%B1%D9%81%D9%87-%D8%B3%D8%B1%D8%AF%D8%A8%DB%8C%D8%B1-%D9%86%D8%B4%D8%B1%DB%8C%D9%87-%D8%A7%D9%86%D8%AF%DB%8C%D8%B4%D9%87-%D9%87%D8%A7%DB%8C-%D9%86%D9%88%DB%8C%D9%86-%D8%AA%D8%B1%D8%A8%DB%8C%D8%AA?redirect=%2Ffa%2F%25D8%25B5%25D9%2581%25D8%25AD%25D9%2587-%25D8%25A7%25D8%25B5%25D9%2584%25DB%258C,research-portal-discovery,https://research.alzahra.ac.ir/fa,verified,2026-08-12
alzahra-discovery-system-f55025516920,alzahra,تکریم و معارفه سردبیر نشریه زیست کاربردی برگزار شد - معاونت پژوهشي و فناوري,journals,https://research.alzahra.ac.ir/fa/w/%D8%AA%DA%A9%D8%B1%DB%8C%D9%85-%D9%88-%D9%85%D8%B9%D8%A7%D8%B1%D9%81%D9%87-%D8%B3%D8%B1%D8%AF%D8%A8%DB%8C%D8%B1-%D9%86%D8%B4%D8%B1%DB%8C%D9%87-%D8%B2%DB%8C%D8%B3%D8%AA-%DA%A9%D8%A7%D8%B1%D8%A8%D8%B1%D8%AF%DB%8C-%D8%A8%D8%B1%DA%AF%D8%B2%D8%A7%D8%B1-%D8%B4?redirect=%2Ffa%2F%25D8%25B5%25D9%2581%25D8%25AD%25D9%2587-%25D8%25A7%25D8%25B5%25D9%2584%25DB%258C,research-portal-discovery,https://research.alzahra.ac.ir/fa,verified,2026-08-12
persian-gulf-discovery-system-ff0a3c995e1c,persian-gulf,کارگاه آموزشی مجازی زنگ ایرانداک: آشنایی و کار با سامانه‌ها و پایگاه‌های اطلاعات ایرانداک – کتابخانه دانشگاه خلیج فارس,library,https://lib.pgu.ac.ir/%da%a9%d8%a7%d8%b1%da%af%d8%a7%d9%87-%d8%a2%d9%85%d9%88%d8%b2%d8%b4%db%8c-%d9%85%d8%ac%d8%a7%d8%b2%db%8c-%d8%b2%d9%86%da%af-%d8%a7%db%8c%d8%b1%d8%a7%d9%86%d8%af%d8%a7%da%a9-%d8%a2%d8%b4%d9%86%d8%a7/,research-portal-discovery,https://lib.pgu.ac.ir/%d9%86%d8%b4%d8%b3%d8%aa-%d8%b1%d9%88%d8%b2-%da%a9%d8%aa%d8%a7%d8%a8%d8%af%d8%a7%d8%b1/,verified,2026-08-12
persian-gulf-discovery-system-a314345ef5e1,persian-gulf,برگزاری کارگاه آشنایی با سامانه‌ها و ابزارهای نوین ایرانداک ویژه اعضای هیئت علمی – کتابخانه دانشگاه خلیج فارس,library,https://lib.pgu.ac.ir/%d8%a8%d8%b1%da%af%d8%b2%d8%a7%d8%b1%db%8c-%da%a9%d8%a7%d8%b1%da%af%d8%a7%d9%87-%d8%a2%d8%b4%d9%86%d8%a7%db%8c%db%8c-%d8%a8%d8%a7-%d8%b3%d8%a7%d9%85%d8%a7%d9%86%d9%87%d9%87%d8%a7-%d9%88/,research-portal-discovery,https://lib.pgu.ac.ir/,verified,2026-08-12
persian-gulf-discovery-system-cc503aeb5217,persian-gulf,اختلال در سامانه فارس‌پیپر – کتابخانه دانشگاه خلیج فارس,library,https://lib.pgu.ac.ir/%d8%a7%d8%ae%d8%aa%d9%84%d8%a7%d9%84-%d8%af%d8%b1-%d8%b3%d8%a7%d9%85%d8%a7%d9%86%d9%87-%d9%81%d8%a7%d8%b1%d8%b3%d9%be%db%8c%d9%be%d8%b1/,research-portal-discovery,https://lib.pgu.ac.ir/,verified,2026-08-12
persian-gulf-discovery-system-5f09050bc8e0,persian-gulf,فعالسازی اعتبار در سامانه همانندجو برای اعضای هیأت علمی – کتابخانه دانشگاه خلیج فارس,library,https://lib.pgu.ac.ir/%d9%81%d8%b9%d8%a7%d9%84%d8%b3%d8%a7%d8%b2%db%8c-%d8%a7%d8%b9%d8%aa%d8%a8%d8%a7%d8%b1-%d8%af%d8%b1-%d8%b3%d8%a7%d9%85%d8%a7%d9%86%d9%87-%d9%87%d9%85%d8%a7%d9%86%d9%86%d8%af%d8%ac%d9%88-%d8%a8%d8%b1/,research-portal-discovery,https://lib.pgu.ac.ir/,verified,2026-08-12
persian-gulf-discovery-system-67ea9aa586fb,persian-gulf,وبینار آشنایی با سامانه گیگالیب (سامانه دریافت منابع علمی لاتین) و ارائه دهنده سرویس iThenticate و Grammarly – کتابخانه دانشگاه خلیج فارس,library,https://lib.pgu.ac.ir/%d9%88%d8%a8%db%8c%d9%86%d8%a7%d8%b1-%d8%a2%d8%b4%d9%86%d8%a7%db%8c%db%8c-%d8%a8%d8%a7-%d8%b3%d8%a7%d9%85%d8%a7%d9%86%d9%87-%da%af%db%8c%da%af%d8%a7%d9%84%db%8c%d8%a8-%d8%b3%d8%a7%d9%85%d8%a7%d9%86/,research-portal-discovery,https://lib.pgu.ac.ir/,verified,2026-08-12
persian-gulf-discovery-system-a1acc80fb328,persian-gulf,اشتراک با پایگاه جامع نشریات ایران، مگیران – کتابخانه دانشگاه خلیج فارس,journals,https://lib.pgu.ac.ir/%d8%a7%d8%b4%d8%aa%d8%b1%d8%a7%da%a9-%d8%a8%d8%a7-%d9%be%d8%a7%db%8c%da%af%d8%a7%d9%87-%d8%ac%d8%a7%d9%85%d8%b9-%d9%86%d8%b4%d8%b1%db%8c%d8%a7%d8%aa-%d8%a7%db%8c%d8%b1%d8%a7%d9%86%d8%8c-%d9%85%da%af/,research-portal-discovery,https://lib.pgu.ac.ir/,verified,2026-08-12
persian-gulf-discovery-system-b674a909b899,persian-gulf,الزامات نشریات الکترونیکی – کتابخانه دانشگاه خلیج فارس,journals,https://lib.pgu.ac.ir/%d8%a7%d9%84%d8%b2%d8%a7%d9%85%d8%a7%d8%aa-%d9%86%d8%b4%d8%b1%db%8c%d8%a7%d8%aa-%d8%a7%d9%84%da%a9%d8%aa%d8%b1%d9%88%d9%86%db%8c%da%a9%db%8c/,research-portal-discovery,https://lib.pgu.ac.ir/,verified,2026-08-12
persian-gulf-discovery-system-e78022fce6c8,persian-gulf,معرفی نشریات دانشگاه علم و فرهنگ و فراخوان ارسال مقاله – کتابخانه دانشگاه خلیج فارس,journals,https://lib.pgu.ac.ir/%d9%85%d8%b9%d8%b1%d9%81%db%8c-%d9%86%d8%b4%d8%b1%db%8c%d8%a7%d8%aa-%d8%af%d8%a7%d9%86%d8%b4%da%af%d8%a7%d9%87-%d8%b9%d9%84%d9%85-%d9%88-%d9%81%d8%b1%d9%87%d9%86%da%af-%d9%88-%d9%81%d8%b1%d8%a7%d8%ae/,research-portal-discovery,https://lib.pgu.ac.ir/,verified,2026-08-12
persian-gulf-discovery-system-3be73dd4fe80,persian-gulf,دومین نشست تخصصی ویژه سردبیران نشریات بین‌المللی (نمایه شده در WOS-JCR و Scopus) – کتابخانه دانشگاه خلیج فارس,journals,https://lib.pgu.ac.ir/%d8%af%d9%88%d9%85%db%8c%d9%86-%d9%86%d8%b4%d8%b3%d8%aa-%d8%aa%d8%ae%d8%b5%d8%b5%db%8c-%d9%88%db%8c%da%98%d9%87-%d8%b3%d8%b1%d8%af%d8%a8%db%8c%d8%b1%d8%a7%d9%86-%d9%86%d8%b4%d8%b1%db%8c%d8%a7%d8%aa/,research-portal-discovery,https://lib.pgu.ac.ir/,verified,2026-08-12
zanjan-discovery-system-3479dd5aa79e,zanjan,سامانه مدیریت پژوهش(سمپ) دانشگاه زنجان,research,https://samp.znu.ac.ir/,research-portal-discovery,https://it.znu.ac.ir/,verified,2026-08-12
zanjan-discovery-system-5dc16725d00f,zanjan,معاونت پژوهش و فناوری - دانشگاه زنجان | University of zanjan,research,https://research.znu.ac.ir/services/the-workflow-paying-rsr,research-portal-discovery,https://research.znu.ac.ir/services,verified,2026-08-12
zanjan-discovery-system-f35bc6ff643b,zanjan,معاونت پژوهش و فناوری - دانشگاه زنجان | University of zanjan,research,https://research.znu.ac.ir/services/speech-workflow-process-rsr,research-portal-discovery,https://research.znu.ac.ir/services,verified,2026-08-12
zanjan-discovery-system-571c6b6b2500,zanjan,معاونت پژوهش و فناوری - دانشگاه زنجان | University of zanjan,research,https://research.znu.ac.ir/services/publishing-workflow-translation-query-rsr,research-portal-discovery,https://research.znu.ac.ir/services,verified,2026-08-12
zanjan-discovery-system-de5c8260124b,zanjan,معاونت پژوهش و فناوری - دانشگاه زنجان | University of zanjan,research,https://research.znu.ac.ir/services/publishing-workflow-book-authoring-rsr,research-portal-discovery,https://research.znu.ac.ir/services,verified,2026-08-12
zanjan-discovery-system-481f621fe29a,zanjan,معاونت پژوهش و فناوری - دانشگاه زنجان | University of zanjan,research,https://research.znu.ac.ir/services/membership-workflow-domestic-assemblies-rsr,research-portal-discovery,https://research.znu.ac.ir/services,verified,2026-08-12
zanjan-discovery-system-c619bc2e4b88,zanjan,معاونت پژوهش و فناوری - دانشگاه زنجان | University of zanjan,journals,https://research.znu.ac.ir/services/cost-workflow-publishing-articles-domestic-journals-rsr,research-portal-discovery,https://research.znu.ac.ir/services,verified,2026-08-12
zanjan-discovery-system-0babfb4356d9,zanjan,معاونت پژوهش و فناوری - دانشگاه زنجان | University of zanjan,research,https://research.znu.ac.ir/services/the-workflow-company-internal-conference-rsr,research-portal-discovery,https://research.znu.ac.ir/services,verified,2026-08-12
zanjan-discovery-system-822495ecc85e,zanjan,معاونت پژوهش و فناوری - دانشگاه زنجان | University of zanjan,research,https://research.znu.ac.ir/services/summer-research-mission-workflow-before-departure-rsr,research-portal-discovery,https://research.znu.ac.ir/services,verified,2026-08-12
zanjan-discovery-system-1b5ab99df125,zanjan,معاونت پژوهش و فناوری - دانشگاه زنجان | University of zanjan,research,https://research.znu.ac.ir/services/summer-research-mission-workflow-after-return-rsr,research-portal-discovery,https://research.znu.ac.ir/services,verified,2026-08-12
zanjan-discovery-system-d7bdc05d4646,zanjan,معاونت پژوهش و فناوری - دانشگاه زنجان | University of zanjan,research,https://research.znu.ac.ir/services/the-workflow-process-company-the-rsr,research-portal-discovery,https://research.znu.ac.ir/services,verified,2026-08-12
zanjan-discovery-system-cf6356f121b8,zanjan,معاونت پژوهش و فناوری - دانشگاه زنجان | University of zanjan,research,https://research.znu.ac.ir/services/interior-designs-rsr,research-portal-discovery,https://research.znu.ac.ir/services,verified,2026-08-12
zanjan-discovery-system-33656701fd53,zanjan,معاونت پژوهش و فناوری - دانشگاه زنجان | University of zanjan,research,https://research.znu.ac.ir/services/participating-scientific-conference-rsr,research-portal-discovery,https://research.znu.ac.ir/services,verified,2026-08-12
zanjan-discovery-system-d471ab4e3ec5,zanjan,معاونت پژوهش و فناوری - دانشگاه زنجان | University of zanjan,research,https://research.znu.ac.ir/services/conference-abroad-after-returning-rsr,research-portal-discovery,https://research.znu.ac.ir/services,verified,2026-08-12
zanjan-discovery-system-a7db9b0d0b01,zanjan,معاونت پژوهش و فناوری - دانشگاه زنجان | University of zanjan,journals,https://research.znu.ac.ir/services/publishing-articles-foreign-journals-rsr,research-portal-discovery,https://research.znu.ac.ir/services,verified,2026-08-12
zanjan-discovery-system-644acd01387f,zanjan,معاونت پژوهش و فناوری - دانشگاه زنجان | University of zanjan,research,https://research.znu.ac.ir/services/proj-outside-uni-rsr,research-portal-discovery,https://research.znu.ac.ir/services,verified,2026-08-12
zanjan-discovery-system-b3a3b714a424,zanjan,معاونت پژوهش و فناوری - دانشگاه زنجان | University of zanjan,research,https://research.znu.ac.ir/services/postdoctoral-proj-rsr,research-portal-discovery,https://research.znu.ac.ir/services,verified,2026-08-12
zanjan-discovery-system-5d0f3a208e89,zanjan,معاونت پژوهش و فناوری - دانشگاه زنجان | University of zanjan,research,https://research.znu.ac.ir/services/research-assistant-proj-rsr,research-portal-discovery,https://research.znu.ac.ir/services,verified,2026-08-12
zanjan-discovery-system-026c5de53143,zanjan,معاونت پژوهش و فناوری - دانشگاه زنجان | University of zanjan,research,https://research.znu.ac.ir/services/tafahomnameh-rsr,research-portal-discovery,https://research.znu.ac.ir/services,verified,2026-08-12
zanjan-discovery-system-c40511bf9f15,zanjan,معاونت پژوهش و فناوری - دانشگاه زنجان | University of zanjan,research,https://research.znu.ac.ir/services/military-plans-rsr,research-portal-discovery,https://research.znu.ac.ir/services,verified,2026-08-12
zanjan-discovery-system-3e6f3399b97a,zanjan,معاونت پژوهش و فناوری - دانشگاه زنجان | University of zanjan,research,https://research.znu.ac.ir/services/jaygozin-khedmat-plan-rsr,research-portal-discovery,https://research.znu.ac.ir/services,verified,2026-08-12
zanjan-discovery-system-78cb42a1a7e9,zanjan,معاونت پژوهش و فناوری - دانشگاه زنجان | University of zanjan,research,https://research.znu.ac.ir/services/tech-assistant-rsr,research-portal-discovery,https://research.znu.ac.ir/services,verified,2026-08-12
zanjan-discovery-system-ee8d659f0c92,zanjan,معاونت پژوهش و فناوری - دانشگاه زنجان | University of zanjan,research,https://research.znu.ac.ir/services/maharat-rsr,research-portal-discovery,https://research.znu.ac.ir/services,verified,2026-08-12
zanjan-discovery-system-f286eb2f9eb0,zanjan,معاونت پژوهش و فناوری - دانشگاه زنجان | University of zanjan,research,https://research.znu.ac.ir/services/research-week-nemayeshgah-rsr,research-portal-discovery,https://research.znu.ac.ir/services,verified,2026-08-12
zanjan-discovery-system-94af64bd9e5f,zanjan,معاونت پژوهش و فناوری - دانشگاه زنجان | University of zanjan,research,https://research.znu.ac.ir/services/davari-proj-rsr,research-portal-discovery,https://research.znu.ac.ir/services,verified,2026-08-12
zanjan-discovery-system-572302c9ccd7,zanjan,معاونت پژوهش و فناوری - دانشگاه زنجان | University of zanjan,research,https://research.znu.ac.ir/services/tech-transfer-rsr,research-portal-discovery,https://research.znu.ac.ir/services,verified,2026-08-12
zanjan-discovery-system-f9407973195c,zanjan,مدیریت امور پژوهشی - دانشگاه زنجان | University of zanjan,journals,https://resmng.znu.ac.ir/rules/scientific-publications-country,research-portal-discovery,https://research.znu.ac.ir/rules,verified,2026-08-12
ilam-discovery-system-896c039314c2,ilam,.:: راهنماي ویدوئویی سامانه های دانشگاه و سامانه های دانلود مقالات :: ::.,research,https://www.ilam.ac.ir/page/?ihwfsykzy-%D8%B1%D8%A7%D9%87%D9%86%D9%85%D8%A7%D9%8A-%D9%88%D9%8A%D8%AF%D9%88%D8%A6%D9%88%D9%8A%D9%8A-%D8%B3%D8%A7%D9%85%D8%A7%D9%86%D9%87-%D9%87%D8%A7%D9%8A-%D8%AF%D8%A7%D9%86%D8%B4%DA%AF%D8%A7%D9%87-%D9%88-%D8%B3%D8%A7%D9%85%D8%A7%D9%86%D9%87-%D9%87%D8%A7%D9%8A-%D8%AF%D8%A7%D9%86%D9%84%D9%88%D8%AF-%D9%85%D9%82%D8%A7%D9%84%D8%A7%D8%AA,research-portal-discovery,https://www.ilam.ac.ir/dep403/research,verified,2026-08-12
ilam-discovery-system-284e3f2525a8,ilam,فرم گزارش اقساط پايان نامه دانشجويان تحصيلات تکميلي,research,https://www.ilam.ac.ir/forms/get/521/word/%D9%81%D8%B1%D9%85-%DA%AF%D8%B2%D8%A7%D8%B1%D8%B4-%D8%A7%D9%82%D8%B3%D8%A7%D8%B7-%D9%BE%D8%A7%DB%8C%D8%A7%D9%86-%D9%86%D8%A7%D9%85%D9%87-%D8%AF%D8%A7%D9%86%D8%B4%D8%AC%D9%88%DB%8C%D8%A7%D9%86-%D8%AA%D8%AD%D8%B5%DB%8C%D9%84%D8%A7%D8%AA-%D8%AA%DA%A9%D9%85%DB%8C%D9%84%DB%8C/,research-portal-discovery,https://www.ilam.ac.ir/dep/research/page/ihwfsyqzw-%D8%A2%D9%8A%D9%8A%D9%86%E2%80%8C%D9%86%D8%A7%D9%85%D9%87%E2%80%8C%D9%87%D8%A7-%D9%88-%D8%AF%D8%B3%D8%AA%D9%88%D8%B1%D8%A7%D9%84%D8%B9%D9%85%D9%84-%D9%87%D8%A7%D9%8A-%D9%BE%DA%98%D9%88%D9%87%D8%B4%D9%8A,verified,2026-08-12
hakim-sabzevari-discovery-system-d3302076762b,hakim-sabzevari,Research system,research,https://prof.hsu.ac.ir/research/Authenticate.php,research-portal-discovery,https://www.hsu.ac.ir/research/,verified,2026-08-12
hakim-sabzevari-discovery-system-307496e93ac9,hakim-sabzevari,نشریات دانشگاه – دانشگاه حکیم سبزواری,journals,https://www.hsu.ac.ir/%d9%86%d8%b4%d8%b1%db%8c%d8%a7%d8%aa-%d8%af%d8%a7%d9%86%d8%b4%da%af%d8%a7%d9%87/,research-portal-discovery,https://www.hsu.ac.ir/research/%d9%85%d8%b9%d8%a7%d9%88%d9%86-%d9%be%da%98%d9%88%d9%87%d8%b4-%d9%88-%d9%81%d9%86%d8%a7%d9%88%d8%b1%db%8c/,verified,2026-08-12
hakim-sabzevari-discovery-system-e5eb0a9f8f4b,hakim-sabzevari,راه‌اندازی سامانه‌ای برای خرید و فروش مازاد مواد و تجهیزات آزمایشگاهی توسط اعضای هیات علمی دانشگاه حکیم سبزواری – دانشگاه حکیم سبزواری,laboratory,https://www.hsu.ac.ir/%d8%b1%d8%a7%d9%87%e2%80%8c%d8%a7%d9%86%d8%af%d8%a7%d8%b2%db%8c-%d8%b3%d8%a7%d9%85%d8%a7%d9%86%d9%87%e2%80%8c%d8%a7%db%8c-%d8%a8%d8%b1%d8%a7%db%8c-%d8%ae%d8%b1%db%8c%d8%af-%d9%88-%d9%81%d8%b1%d9%88/,research-portal-discovery,https://www.hsu.ac.ir/research/%d9%85%d8%b9%d8%a7%d9%88%d9%86-%d9%be%da%98%d9%88%d9%87%d8%b4-%d9%88-%d9%81%d9%86%d8%a7%d9%88%d8%b1%db%8c/,verified,2026-08-12
hakim-sabzevari-discovery-system-65e980e35269,hakim-sabzevari,سامانه اعضای هیات علمی دانشگاه حکیم سبزواری راه اندازی شد – دانشگاه حکیم سبزواری,research,https://www.hsu.ac.ir/%d8%b3%d8%a7%d9%85%d8%a7%d9%86%d9%87-%d8%a7%d8%b9%d8%b6%d8%a7%db%8c-%d9%87%db%8c%d8%a7%d8%aa-%d8%b9%d9%84%d9%85%db%8c-%d8%af%d8%a7%d9%86%d8%b4%da%af%d8%a7%d9%87-%d8%ad%da%a9%db%8c%d9%85-%d8%b3%d8%a8/,research-portal-discovery,https://www.hsu.ac.ir/research/%d9%85%d8%b9%d8%a7%d9%88%d9%86-%d9%be%da%98%d9%88%d9%87%d8%b4-%d9%88-%d9%81%d9%86%d8%a7%d9%88%d8%b1%db%8c/,verified,2026-08-12
hakim-sabzevari-discovery-system-0b80779e6852,hakim-sabzevari,آغاز به کار وب سایت و سامانه ثبت نام و دریافت ایده ها در رویداد ملی استارتاپ ویکند آب دانشگاه حکیم سبزواری – دانشگاه حکیم سبزواری,research,https://www.hsu.ac.ir/%d8%a2%d8%ba%d8%a7%d8%b2-%d8%a8%d9%87-%da%a9%d8%a7%d8%b1-%d9%88%d8%a8-%d8%b3%d8%a7%db%8c%d8%aa-%d9%88-%d8%b3%d8%a7%d9%85%d8%a7%d9%86%d9%87-%d8%ab%d8%a8%d8%aa-%d9%86%d8%a7%d9%85-%d9%88-%d8%af%d8%b1/,research-portal-discovery,https://www.hsu.ac.ir/research/%d9%85%d8%b9%d8%a7%d9%88%d9%86-%d9%be%da%98%d9%88%d9%87%d8%b4-%d9%88-%d9%81%d9%86%d8%a7%d9%88%d8%b1%db%8c/,verified,2026-08-12
hakim-sabzevari-discovery-system-f99b6b06a3f7,hakim-sabzevari,استقرار سامانه مجازی جذب اعضای هیأت علمی کشور در دانشگاه حکیم – دانشگاه حکیم سبزواری,research,https://www.hsu.ac.ir/%d8%a7%d8%b3%d8%aa%d9%82%d8%b1%d8%a7%d8%b1-%d8%b3%d8%a7%d9%85%d8%a7%d9%86%d9%87-%d9%85%d8%ac%d8%a7%d8%b2%db%8c-%d8%ac%d8%b0%d8%a8-%d8%a7%d8%b9%d8%b6%d8%a7%db%8c-%d9%87%db%8c%d8%a3%d8%aa-%d8%b9%d9%84/,research-portal-discovery,https://www.hsu.ac.ir/research/%d9%85%d8%b9%d8%a7%d9%88%d9%86-%d9%be%da%98%d9%88%d9%87%d8%b4-%d9%88-%d9%81%d9%86%d8%a7%d9%88%d8%b1%db%8c/,verified,2026-08-12
hakim-sabzevari-discovery-system-db281eb498d5,hakim-sabzevari,آغاز به کار سامانه جذب اعضای هیأت علمی در جوار حرم مطهر رضوی (ع) – دانشگاه حکیم سبزواری,research,https://www.hsu.ac.ir/%d8%a2%d8%ba%d8%a7%d8%b2-%d8%a8%d9%87-%da%a9%d8%a7%d8%b1-%d8%b3%d8%a7%d9%85%d8%a7%d9%86%d9%87-%d8%ac%d8%b0%d8%a8-%d8%a7%d8%b9%d8%b6%d8%a7%db%8c-%d9%87%db%8c%d8%a3%d8%aa-%d8%b9%d9%84%d9%85%db%8c-%d8%af/,research-portal-discovery,https://www.hsu.ac.ir/research/%d9%85%d8%b9%d8%a7%d9%88%d9%86-%d9%be%da%98%d9%88%d9%87%d8%b4-%d9%88-%d9%81%d9%86%d8%a7%d9%88%d8%b1%db%8c/,verified,2026-08-12
hakim-sabzevari-discovery-system-695750ea8bcc,hakim-sabzevari,نهمین جشنواره سراسری نشریات دانشجویی – دانشگاه حکیم سبزواری,journals,https://www.hsu.ac.ir/%d9%86%d9%87%d9%85%db%8c%d9%86-%d8%ac%d8%b4%d9%86%d9%88%d8%a7%d8%b1%d9%87-%d8%b3%d8%b1%d8%a7%d8%b3%d8%b1%db%8c-%d9%86%d8%b4%d8%b1%db%8c%d8%a7%d8%aa-%d8%af%d8%a7%d9%86%d8%b4%d8%ac%d9%88%db%8c%db%8c/,research-portal-discovery,https://www.hsu.ac.ir/research/%d9%85%d8%b9%d8%a7%d9%88%d9%86-%d9%be%da%98%d9%88%d9%87%d8%b4-%d9%88-%d9%81%d9%86%d8%a7%d9%88%d8%b1%db%8c/,verified,2026-08-12
azarbaijan-shahid-madani-discovery-system-0defbd6dcede,azarbaijan-shahid-madani,نشریات علمی - پژوهشی دارای مجوز از وزارتین و ISC - مديريت امور پژوهشي دانشگاه شهيد مدني آذربايجان,journals,https://resadm.azaruniv.ac.ir/Page/23/%D9%86%D8%B4%D8%B1%DB%8C%D8%A7%D8%AA-%D8%B9%D9%84%D9%85%DB%8C---%D9%BE%DA%98%D9%88%D9%87%D8%B4%DB%8C-%D8%AF%D8%A7%D8%B1%D8%A7%DB%8C-%D9%85%D8%AC%D9%88%D8%B2-%D8%A7%D8%B2-%D9%88%D8%B2%D8%A7%D8%B1%D8%AA%DB%8C%D9%86-%D9%88--ISC.html,research-portal-discovery,https://resadm.azaruniv.ac.ir/Page/23/%D9%86%D8%B4%D8%B1%DB%8C%D8%A7%D8%AA-%D8%B9%D9%84%D9%85%DB%8C---%D9%BE%DA%98%D9%88%D9%87%D8%B4%DB%8C-%D8%AF%D8%A7%D8%B1%D8%A7%DB%8C-%D9%85%D8%AC%D9%88%D8%B2-%D8%A7%D8%B2-%D9%88%D8%B2%D8%A7%D8%B1%D8%AA%DB%8C%D9%86-%D9%88-ISC.html,verified,2026-08-12
azarbaijan-shahid-madani-discovery-system-891a85b2d626,azarbaijan-shahid-madani,"نشریات نمایه شده در لیست Scopus , ISI , JCR - مديريت امور پژوهشي دانشگاه شهيد مدني آذربايجان",journals,"https://resadm.azaruniv.ac.ir/Page/24/%D9%86%D8%B4%D8%B1%DB%8C%D8%A7%D8%AA-%D9%86%D9%85%D8%A7%DB%8C%D9%87-%D8%B4%D8%AF%D9%87-%D8%AF%D8%B1-%D9%84%DB%8C%D8%B3%D8%AA-Scopus-,-ISI-,-JCR.html",research-portal-discovery,"https://resadm.azaruniv.ac.ir/Page/24/%D9%86%D8%B4%D8%B1%DB%8C%D8%A7%D8%AA-%D9%86%D9%85%D8%A7%DB%8C%D9%87-%D8%B4%D8%AF%D9%87-%D8%AF%D8%B1-%D9%84%DB%8C%D8%B3%D8%AA-ISI-,-Scopus-,-JCR.html",verified,2026-08-12
azarbaijan-shahid-madani-discovery-system-3f1c4df23b07,azarbaijan-shahid-madani,اعتبارسنجی نشریات - مديريت امور پژوهشي دانشگاه شهيد مدني آذربايجان,journals,https://resadm.azaruniv.ac.ir/Page/30/%D8%A7%D8%B9%D8%AA%D8%A8%D8%A7%D8%B1%D8%B3%D9%86%D8%AC%DB%8C-%D9%86%D8%B4%D8%B1%DB%8C%D8%A7%D8%AA.html,research-portal-discovery,https://resadm.azaruniv.ac.ir/Page/23/%D9%86%D8%B4%D8%B1%DB%8C%D8%A7%D8%AA-%D8%B9%D9%84%D9%85%DB%8C---%D9%BE%DA%98%D9%88%D9%87%D8%B4%DB%8C-%D8%AF%D8%A7%D8%B1%D8%A7%DB%8C-%D9%85%D8%AC%D9%88%D8%B2-%D8%A7%D8%B2-%D9%88%D8%B2%D8%A7%D8%B1%D8%AA%DB%8C%D9%86-%D9%88-ISC.html,verified,2026-08-12
azarbaijan-shahid-madani-discovery-system-c5e0e96fed8e,azarbaijan-shahid-madani,صفحه نخست-انتشارات دانشگاه,research,https://book.azaruniv.ac.ir/,research-portal-discovery,https://old.book.azaruniv.ac.ir/detail/149,verified,2026-08-12
birjand-discovery-system-f4ff8c003ede,birjand,دستورالعمل تدوین، چاپ و انتشار نشریات علمی دانشگاه بیرجند - معاونت پژوهش، فناوری و نوآوری,journals,https://birjand.ac.ir/research/fa/regulation/323/%D8%AF%D8%B3%D8%AA%D9%88%D8%B1%D8%A7%D9%84%D8%B9%D9%85%D9%84-%D8%AA%D8%AF%D9%88%DB%8C%D9%86-%DA%86%D8%A7%D9%BE-%D9%88-%D8%A7%D9%86%D8%AA%D8%B4%D8%A7%D8%B1-%D9%86%D8%B4%D8%B1%DB%8C%D8%A7%D8%AA-%D8%B9%D9%84%D9%85%DB%8C-%D8%AF%D8%A7%D9%86%D8%B4%DA%AF%D8%A7%D9%87-%D8%A8%DB%8C%D8%B1%D8%AC%D9%86%D8%AF,research-portal-discovery,https://birjand.ac.ir/research/fa/regulation/category/151/%D8%A2%DB%8C%DB%8C%D9%86-%D9%86%D8%A7%D9%85%D9%87-%D9%87%D8%A7%DB%8C-%D9%85%D8%AC%D9%84%D8%A7%D8%AA-%D9%88-%D8%A7%D9%86%D8%AA%D8%B4%D8%A7%D8%B1%D8%A7%D8%AA,verified,2026-08-12
birjand-discovery-system-fedf97147540,birjand,رونمایی سامانه شبکه آزمایشگاهی و کارگاهی,laboratory,https://birjand.ac.ir/research/fa/news/16259/%D8%B1%D9%88%D9%86%D9%85%D8%A7%DB%8C%DB%8C-%D8%B3%D8%A7%D9%85%D8%A7%D9%86%D9%87-%D8%B4%D8%A8%DA%A9%D9%87-%D8%A2%D8%B2%D9%85%D8%A7%DB%8C%D8%B4%DA%AF%D8%A7%D9%87%DB%8C-%D9%88-%DA%A9%D8%A7%D8%B1%DA%AF%D8%A7%D9%87%DB%8C,research-portal-discovery,https://birjand.ac.ir/research/fa/content/252/%DA%AF%D8%B2%D8%A7%D8%B1%D8%B4-%D8%B9%D9%85%D9%84%DA%AF%D8%B1%D8%AF-%D9%85%D8%B9%D8%A7%D9%88%D9%86%D8%AA-%D9%BE%DA%98%D9%88%D9%87%D8%B4-%D9%81%D9%86%D8%A7%D9%88%D8%B1%DB%8C-%D9%88-%D9%86%D9%88%D8%A2%D9%88%D8%B1%DB%8C,verified,2026-08-12
birjand-discovery-system-782d25c80835,birjand,کلیپ رونمایی از سامانه تشویق فعالیت های پژوهشی,research,https://birjand.ac.ir/research/fa/news/16258/%DA%A9%D9%84%DB%8C%D9%BE-%D8%B1%D9%88%D9%86%D9%85%D8%A7%DB%8C%DB%8C-%D8%A7%D8%B2-%D8%B3%D8%A7%D9%85%D8%A7%D9%86%D9%87-%D8%AA%D8%B4%D9%88%DB%8C%D9%82-%D9%81%D8%B9%D8%A7%D9%84%DB%8C%D8%AA-%D9%87%D8%A7%DB%8C-%D9%BE%DA%98%D9%88%D9%87%D8%B4%DB%8C,research-portal-discovery,https://birjand.ac.ir/research/fa/content/252/%DA%AF%D8%B2%D8%A7%D8%B1%D8%B4-%D8%B9%D9%85%D9%84%DA%AF%D8%B1%D8%AF-%D9%85%D8%B9%D8%A7%D9%88%D9%86%D8%AA-%D9%BE%DA%98%D9%88%D9%87%D8%B4-%D9%81%D9%86%D8%A7%D9%88%D8%B1%DB%8C-%D9%88-%D9%86%D9%88%D8%A2%D9%88%D8%B1%DB%8C,verified,2026-08-12
lorestan-discovery-system-9c72be4bd30e,lorestan,Lorestan University Central Library Systems Guide,library,https://research.lu.ac.ir/en/research-and-technology/units/central-library/central-library-systems-guide/,research-portal-discovery,https://research.lu.ac.ir/en/,verified,2026-08-12
lorestan-discovery-system-4f302da18df9,lorestan,دانشگاه لرستان سامانه ثبت اختراع,research,https://research.lu.ac.ir/%D8%B3%D8%A7%D8%AE%D8%AA%D8%A7%D8%B1-%D8%B3%D8%A7%D8%B2%D9%85%D8%A7%D9%86%DB%8C/%D9%85%D8%AF%DB%8C%D8%B1%DB%8C%D8%AA-%D8%A7%D9%85%D9%88%D8%B1-%D9%BE%DA%98%D9%88%D9%87%D8%B4%DB%8C/%D9%86%D8%AD%D9%88%D9%87-%D8%AB%D8%A8%D8%AA-%D8%A7%D8%AE%D8%AA%D8%B1%D8%A7%D8%B9/%D8%B3%D8%A7%D9%85%D8%A7%D9%86%D9%87-%D8%AB%D8%A8%D8%AA-%D8%A7%D8%AE%D8%AA%D8%B1%D8%A7%D8%B9/,research-portal-discovery,https://research.lu.ac.ir/,verified,2026-08-12
lorestan-discovery-system-f36afd4b1da7,lorestan,Lorestan University Patent Registration System,research,https://research.lu.ac.ir/en/research-and-technology/organizational-structure/research-affairs-management/%D9%86%D8%AD%D9%88%D9%87-%D8%AB%D8%A8%D8%AA-%D8%A7%D8%AE%D8%AA%D8%B1%D8%A7%D8%B9/patent-registration-system/,research-portal-discovery,https://research.lu.ac.ir/%D8%B3%D8%A7%D8%AE%D8%AA%D8%A7%D8%B1-%D8%B3%D8%A7%D8%B2%D9%85%D8%A7%D9%86%DB%8C/%D9%85%D8%AF%DB%8C%D8%B1%DB%8C%D8%AA-%D8%A7%D9%85%D9%88%D8%B1-%D9%BE%DA%98%D9%88%D9%87%D8%B4%DB%8C/%D9%86%D8%AD%D9%88%D9%87-%D8%AB%D8%A8%D8%AA-%D8%A7%D8%AE%D8%AA%D8%B1%D8%A7%D8%B9/%D8%B3%D8%A7%D9%85%D8%A7%D9%86%D9%87-%D8%AB%D8%A8%D8%AA-%D8%A7%D8%AE%D8%AA%D8%B1%D8%A7%D8%B9/,verified,2026-08-12
bonab-discovery-system-dc65a483c10b,bonab,برچسب شده با سامانه‌های دانشگاه بناب,research,https://itc.ubonab.ac.ir/tag/3631/%D8%B3%D8%A7%D9%85%D8%A7%D9%86%D9%87%E2%80%8C%D9%87%D8%A7%DB%8C-%D8%AF%D8%A7%D9%86%D8%B4%DA%AF%D8%A7%D9%87-%D8%A8%D9%86%D8%A7%D8%A8.html,research-portal-discovery,https://itc.ubonab.ac.ir/,verified,2026-08-12
bonab-discovery-system-e51ffad735ef,bonab,اعتبارسنجی نشریات - معاونت پژوهش و فناوری دانشگاه بناب,journals,https://research.ubonab.ac.ir/JValidation.html,research-portal-discovery,https://research.ubonab.ac.ir/,verified,2026-08-12
golestan-discovery-system-a87e7654518e,golestan,پایان نامه های دانشگاه های برتر جهان,library,https://gu.ac.ir/library/ContextPage?id=7309,research-portal-discovery,https://gu.ac.ir/library/HomePage,verified,2026-08-12
golestan-discovery-system-012ff30f05be,golestan,پایگاه پیشنهادهای پژوهش در پایان نامه ها و رساله ها، راه اندازی شد.,library,https://gu.ac.ir/library/ContextPage?id=25020,research-portal-discovery,https://gu.ac.ir/library/HomePage,verified,2026-08-12
golestan-discovery-system-a57b1e629706,golestan,امکان ثبت درخواست همانندجویی به دو روش در سامانه کتابخانه مجازی دانشگاه,library,https://gu.ac.ir/library/ContextPage?id=24958,research-portal-discovery,https://gu.ac.ir/library/HomePage,verified,2026-08-12
hormozgan-discovery-system-c312e6aebadb,hormozgan,پایان نامه ها _ بخش های کتابخانه,library,https://www.hormozgan.ac.ir/home/index/32/87/1375,research-portal-discovery,https://www.hormozgan.ac.ir/home/index/32,verified,2026-08-12
hormozgan-discovery-system-8e8ded4a1a49,hormozgan,نشریات دانشگاه _ پژوهش,journals,https://hormozgan.ac.ir/home/index/1/1/1119,research-portal-discovery,https://www.hormozgan.ac.ir/home/index/10/28/514,verified,2026-08-12
hormozgan-discovery-system-b93afbb38d12,hormozgan,سامانه پرسش و پاسخ هوشمند «آیین‌نامه ارتقای مرتبه اعضای هیئت علمی»,research,https://hormozgan.ac.ir/home/index/10/28/news/18990,research-portal-discovery,https://hormozgan.ac.ir/home/index/10,verified,2026-08-12
ardakan-discovery-system-1fba0f78815d,ardakan,استفاده از پايگاه هاي نشريات داخلي و خارجي - معاونت آموزشی و پژوهشی,journals,https://edures.ardakan.ac.ir/fa/web/edures/w/%D8%A7%D8%B3%D8%AA%D9%81%D8%A7%D8%AF%D9%87-%D8%A7%D8%B2-%D9%BE%D8%A7%D9%8A%DA%AF%D8%A7%D9%87-%D9%87%D8%A7%D9%8A-%D9%86%D8%B4%D8%B1%D9%8A%D8%A7%D8%AA-%D8%AF%D8%A7%D8%AE%D9%84%D9%8A-%D9%88-%D8%AE%D8%A7%D8%B1%D8%AC%D9%8A,research-portal-discovery,https://edures.ardakan.ac.ir/,verified,2026-08-12
ardakan-discovery-system-59e36f04d1fe,ardakan,استفاده از پايگاه هاي نشريات داخلي و خارجي - معاونت آموزشی و پژوهشی,journals,https://edures.ardakan.ac.ir/ar/web/edures/w/%D8%A7%D8%B3%D8%AA%D9%81%D8%A7%D8%AF%D9%87-%D8%A7%D8%B2-%D9%BE%D8%A7%D9%8A%DA%AF%D8%A7%D9%87-%D9%87%D8%A7%D9%8A-%D9%86%D8%B4%D8%B1%D9%8A%D8%A7%D8%AA-%D8%AF%D8%A7%D8%AE%D9%84%D9%8A-%D9%88-%D8%AE%D8%A7%D8%B1%D8%AC%D9%8A,research-portal-discovery,https://edures.ardakan.ac.ir/,verified,2026-08-12
ardakan-discovery-system-84f237b60b38,ardakan,استفاده از پايگاه هاي نشريات داخلي و خارجي - معاونت آموزشی و پژوهشی,journals,https://edures.ardakan.ac.ir/en/web/edures/w/%D8%A7%D8%B3%D8%AA%D9%81%D8%A7%D8%AF%D9%87-%D8%A7%D8%B2-%D9%BE%D8%A7%D9%8A%DA%AF%D8%A7%D9%87-%D9%87%D8%A7%D9%8A-%D9%86%D8%B4%D8%B1%D9%8A%D8%A7%D8%AA-%D8%AF%D8%A7%D8%AE%D9%84%D9%8A-%D9%88-%D8%AE%D8%A7%D8%B1%D8%AC%D9%8A,research-portal-discovery,https://edures.ardakan.ac.ir/,verified,2026-08-12
ayatollah-borujerdi-discovery-system-659be5609ce9,ayatollah-borujerdi,راهنمای جامع دانشگاهی برای دانشجویان؛ دسترسی به سامانه‌ها، رسانه‌ها و برنامه‌های پایان نیم‌سال ۱۴۰۴–۱۴۰۵ - دانشگاه آیت الله بروجردی,research,https://abru.ac.ir/news/%d8%b1%d8%a7%d9%87%d9%86%d9%85%d8%a7%db%8c-%d8%ac%d8%a7%d9%85%d8%b9-%d8%af%d8%a7%d9%86%d8%b4%da%af%d8%a7%d9%87%db%8c-%d8%a8%d8%b1%d8%a7%db%8c-%d8%af%d8%a7%d9%86%d8%b4%d8%ac%d9%88%db%8c%d8%a7%d9%86/,research-portal-discovery,https://abru.ac.ir/research/,verified,2026-08-12
ayatollah-borujerdi-discovery-system-4a02f21eade8,ayatollah-borujerdi,آغاز برگزاری کلاس‌های برخط در سامانه ویانا؛ نیم‌سال دوم ۱۴۰۵-۱۴۰۴ - دانشگاه آیت الله بروجردی,research,https://abru.ac.ir/news/%d8%a2%d8%ba%d8%a7%d8%b2-%d8%a8%d8%b1%da%af%d8%b2%d8%a7%d8%b1%db%8c-%da%a9%d9%84%d8%a7%d8%b3%d9%87%d8%a7%db%8c-%d8%a8%d8%b1%d8%ae%d8%b7-%d8%af%d8%b1-%d8%b3%d8%a7%d9%85%d8%a7%d9%86%d9%87/,research-portal-discovery,https://abru.ac.ir/research/,verified,2026-08-12
ayatollah-borujerdi-discovery-system-ab812885dd21,ayatollah-borujerdi,راه‌اندازی سامانه «دانا» برای اعضای هیأت علمی دانشگاه - دانشگاه آیت الله بروجردی,research,https://abru.ac.ir/news/%d8%b1%d8%a7%d9%87%d8%a7%d9%86%d8%af%d8%a7%d8%b2%db%8c-%d8%b3%d8%a7%d9%85%d8%a7%d9%86%d9%87-%d8%af%d8%a7%d9%86%d8%a7-%d8%a8%d8%b1%d8%a7%db%8c-%d8%a7%d8%b9%d8%b6%d8%a7%db%8c-%d9%87/,research-portal-discovery,https://abru.ac.ir/research/,verified,2026-08-12
ayatollah-borujerdi-discovery-system-5c3ba8d1caa7,ayatollah-borujerdi,سامانه پاسخگویی آنلاین پاسخ‌یار؛ ارتباط مستقیم با دانشگاه - دانشگاه آیت الله بروجردی,research,https://abru.ac.ir/news/%d8%b3%d8%a7%d9%85%d8%a7%d9%86%d9%87-%d9%be%d8%a7%d8%b3%d8%ae%da%af%d9%88%db%8c%db%8c-%d8%a2%d9%86%d9%84%d8%a7%db%8c%d9%86-%d9%be%d8%a7%d8%b3%d8%ae%db%8c%d8%a7%d8%b1%d8%9b-%d8%a7%d8%b1%d8%aa/,research-portal-discovery,https://abru.ac.ir/research/,verified,2026-08-12
ayatollah-borujerdi-discovery-system-6e31ce26c41d,ayatollah-borujerdi,نشریات علمی - دانشگاه آیت الله بروجردی,journals,https://abru.ac.ir/news/%d9%86%d8%b4%d8%b1%db%8c%d8%a7%d8%aa-%d8%b9%d9%84%d9%85%db%8c/,research-portal-discovery,https://abru.ac.ir/research/,verified,2026-08-12
meybod-discovery-system-047a25a837bf,meybod,فهرست نشریات معتبر وزرات علوم، تحقیقات و فناوری,journals,https://meybod.ac.ir/academic-research/research/journals/lang/Fa.aspx,research-portal-discovery,https://meybod.ac.ir/academic-research/research/journals/lang/Fa,verified,2026-08-12
chabahar-maritime-discovery-system-0c178b5a928e,chabahar-maritime,دانشگاه دریانوردی و علوم دریایی چابهار - صفحه شخصی عطاءاله قره چائی,research,https://www.cmu.ac.ir/staff/agharehchahi?Tab=16,research-portal-discovery,https://www.cmu.ac.ir/staff/agharehchahi,verified,2026-08-12
chabahar-maritime-discovery-system-447134abffdc,chabahar-maritime,دانشگاه دریانوردی و علوم دریایی چابهار - صفحه شخصی صالحه پورشیخعلی,research,https://www.cmu.ac.ir/staff/spoursheikhali?Tab=16,research-portal-discovery,https://www.cmu.ac.ir/staff/spoursheikhali,verified,2026-08-12
amol-special-tech-discovery-system-76e8eab33506,amol-special-tech,سامانه های پژوهشی,research,https://ausmt.ac.ir/p/%D8%B3%D8%A7%D9%85%D8%A7%D9%86%D9%87-%D9%87%D8%A7%DB%8C-%D9%BE%DA%98%D9%88%D9%87%D8%B4%DB%8C,research-portal-discovery,https://ausmt.ac.ir/article/%D8%AA%DA%A9%D9%85%DB%8C%D9%84-%D9%85%D9%86%D8%A7%D8%A8%D8%B9-%DA%A9%D8%AA%D8%A7%D8%A8%D8%AE%D8%A7%D9%86%D9%87-%D9%85%D8%B1%DA%A9%D8%B2%DB%8C-%D8%AF%D8%A7%D9%86%D8%B4%DA%AF%D8%A7%D9%87,verified,2026-08-12
amol-special-tech-discovery-system-a9c17b5512a0,amol-special-tech,نشریات دانشگاه تخصصی فناوری های نوین آمل,journals,https://ausmt.ac.ir/p/%D9%86%D8%B4%D8%B1%DB%8C%D8%A7%D8%AA-%D8%AF%D8%A7%D9%86%D8%B4%DA%AF%D8%A7%D9%87-%D8%AA%D8%AE%D8%B5%D8%B5%DB%8C-%D9%81%D9%86%D8%A7%D9%88%D8%B1%DB%8C-%D9%87%D8%A7%DB%8C-%D9%86%D9%88%DB%8C%D9%86-%D8%A2%D9%85%D9%84?sub=Res,research-portal-discovery,https://ausmt.ac.ir/article/%D8%AA%DA%A9%D9%85%DB%8C%D9%84-%D9%85%D9%86%D8%A7%D8%A8%D8%B9-%DA%A9%D8%AA%D8%A7%D8%A8%D8%AE%D8%A7%D9%86%D9%87-%D9%85%D8%B1%DA%A9%D8%B2%DB%8C-%D8%AF%D8%A7%D9%86%D8%B4%DA%AF%D8%A7%D9%87,verified,2026-08-12
amol-special-tech-discovery-system-1dcdce598cd1,amol-special-tech,دانشگاه‌ تخصصی فناوری‌های نوین آمل | سامانه یکپارچه دانشگاهی (سیدا),research,https://seeda.ausmt.ac.ir/other/services,research-portal-discovery,https://seeda.ausmt.ac.ir/login,verified,2026-08-12
amol-special-tech-discovery-system-e4dfc808d3da,amol-special-tech,دانشگاه‌ تخصصی فناوری‌های نوین آمل | سامانه یکپارچه دانشگاهی (سیدا),research,https://seeda.ausmt.ac.ir/login,research-portal-discovery,https://ausmt.ac.ir/p/%D8%B3%D8%A7%D9%85%D8%A7%D9%86%D9%87-%D9%87%D8%A7%DB%8C-%D9%BE%DA%98%D9%88%D9%87%D8%B4%DB%8C,verified,2026-08-12
gonbad-kavous-discovery-system-2383c0de71f2,gonbad-kavous,دانشگاه گنبد کاووس | شرکت سامانه ساز مرواريد - 237,research,http://erp.gonbad.ac.ir/,research-portal-discovery,https://gonbad.ac.ir/fa/home/presidencies/researchpresidency,verified,2026-08-12
torbat-heydarieh-discovery-system-3848743fdbc1,torbat-heydarieh,سامانه 118,research,https://torbath.ac.ir/fa/grid/2/%D8%B3%D8%A7%D9%85%D8%A7%D9%86%D9%87-118?sort=column0,research-portal-discovery,https://torbath.ac.ir/fa/grid/2/%D8%B3%D8%A7%D9%85%D8%A7%D9%86%D9%87-118,verified,2026-08-12
torbat-heydarieh-discovery-system-3ee5887af7e0,torbat-heydarieh,سامانه 118,research,https://torbath.ac.ir/fa/grid/2/%D8%B3%D8%A7%D9%85%D8%A7%D9%86%D9%87-118?sort=column1,research-portal-discovery,https://torbath.ac.ir/fa/grid/2/%D8%B3%D8%A7%D9%85%D8%A7%D9%86%D9%87-118,verified,2026-08-12
torbat-heydarieh-discovery-system-f7cba294ac01,torbat-heydarieh,سامانه 118,research,https://torbath.ac.ir/fa/grid/2/%D8%B3%D8%A7%D9%85%D8%A7%D9%86%D9%87-118?sort=column2,research-portal-discovery,https://torbath.ac.ir/fa/grid/2/%D8%B3%D8%A7%D9%85%D8%A7%D9%86%D9%87-118,verified,2026-08-12
torbat-heydarieh-discovery-system-d22a80c17fa0,torbat-heydarieh,سامانه 118,research,https://torbath.ac.ir/fa/grid/2/%D8%B3%D8%A7%D9%85%D8%A7%D9%86%D9%87-118?sort=column3,research-portal-discovery,https://torbath.ac.ir/fa/grid/2/%D8%B3%D8%A7%D9%85%D8%A7%D9%86%D9%87-118,verified,2026-08-12
torbat-heydarieh-discovery-system-172f05c7e6ae,torbat-heydarieh,سامانه 118,research,https://torbath.ac.ir/fa/grid/2/%D8%B3%D8%A7%D9%85%D8%A7%D9%86%D9%87-118?sort=column4,research-portal-discovery,https://torbath.ac.ir/fa/grid/2/%D8%B3%D8%A7%D9%85%D8%A7%D9%86%D9%87-118,verified,2026-08-12
torbat-heydarieh-discovery-system-b5f786ad3b81,torbat-heydarieh,سامانه 118,research,https://torbath.ac.ir/fa/grid/2/%D8%B3%D8%A7%D9%85%D8%A7%D9%86%D9%87-118?sort=column5,research-portal-discovery,https://torbath.ac.ir/fa/grid/2/%D8%B3%D8%A7%D9%85%D8%A7%D9%86%D9%87-118,verified,2026-08-12
torbat-heydarieh-discovery-system-c36a89d23751,torbat-heydarieh,سامانه 118,research,https://torbath.ac.ir/fa/grid/2/%D8%B3%D8%A7%D9%85%D8%A7%D9%86%D9%87-118?sort=-column0,research-portal-discovery,https://torbath.ac.ir/fa/grid/2/%D8%B3%D8%A7%D9%85%D8%A7%D9%86%D9%87-118?sort=column0,verified,2026-08-12
torbat-heydarieh-discovery-system-462f2b084023,torbat-heydarieh,سامانه 118,research,https://torbath.ac.ir/fa/grid/2/%D8%B3%D8%A7%D9%85%D8%A7%D9%86%D9%87-118?sort=-column1,research-portal-discovery,https://torbath.ac.ir/fa/grid/2/%D8%B3%D8%A7%D9%85%D8%A7%D9%86%D9%87-118?sort=column1,verified,2026-08-12
torbat-heydarieh-discovery-system-fff188bb47ff,torbat-heydarieh,سامانه 118,research,https://torbath.ac.ir/fa/grid/2/%D8%B3%D8%A7%D9%85%D8%A7%D9%86%D9%87-118?sort=-column2,research-portal-discovery,https://torbath.ac.ir/fa/grid/2/%D8%B3%D8%A7%D9%85%D8%A7%D9%86%D9%87-118?sort=column2,verified,2026-08-12
torbat-heydarieh-discovery-system-e320f7771bbf,torbat-heydarieh,سامانه 118,research,https://torbath.ac.ir/fa/grid/2/%D8%B3%D8%A7%D9%85%D8%A7%D9%86%D9%87-118?sort=-column3,research-portal-discovery,https://torbath.ac.ir/fa/grid/2/%D8%B3%D8%A7%D9%85%D8%A7%D9%86%D9%87-118?sort=column3,verified,2026-08-12
torbat-heydarieh-discovery-system-2cfa14cce0a7,torbat-heydarieh,سامانه 118,research,https://torbath.ac.ir/fa/grid/2/%D8%B3%D8%A7%D9%85%D8%A7%D9%86%D9%87-118?sort=-column4,research-portal-discovery,https://torbath.ac.ir/fa/grid/2/%D8%B3%D8%A7%D9%85%D8%A7%D9%86%D9%87-118?sort=column4,verified,2026-08-12
torbat-heydarieh-discovery-system-d257b5f177b8,torbat-heydarieh,سامانه 118,research,https://torbath.ac.ir/fa/grid/2/%D8%B3%D8%A7%D9%85%D8%A7%D9%86%D9%87-118?sort=-column5,research-portal-discovery,https://torbath.ac.ir/fa/grid/2/%D8%B3%D8%A7%D9%85%D8%A7%D9%86%D9%87-118?sort=column5,verified,2026-08-12
torbat-heydarieh-discovery-system-95fa4139b3f1,torbat-heydarieh,سامانه 118,research,https://torbath.ac.ir/fa/grid/2/%D8%B3%D8%A7%D9%85%D8%A7%D9%86%D9%87-118?page=1&per-page=10,research-portal-discovery,https://torbath.ac.ir/fa/grid/2/%D8%B3%D8%A7%D9%85%D8%A7%D9%86%D9%87-118,verified,2026-08-12
torbat-heydarieh-discovery-system-6b8c76f29bd4,torbat-heydarieh,سامانه 118,research,https://torbath.ac.ir/fa/grid/2/%D8%B3%D8%A7%D9%85%D8%A7%D9%86%D9%87-118?page=2&per-page=10,research-portal-discovery,https://torbath.ac.ir/fa/grid/2/%D8%B3%D8%A7%D9%85%D8%A7%D9%86%D9%87-118,verified,2026-08-12
torbat-heydarieh-discovery-system-ea6e941da93c,torbat-heydarieh,سامانه 118,research,https://torbath.ac.ir/fa/grid/2/%D8%B3%D8%A7%D9%85%D8%A7%D9%86%D9%87-118?page=3&per-page=10,research-portal-discovery,https://torbath.ac.ir/fa/grid/2/%D8%B3%D8%A7%D9%85%D8%A7%D9%86%D9%87-118,verified,2026-08-12
torbat-heydarieh-discovery-system-3af84a684b67,torbat-heydarieh,سامانه 118,research,https://torbath.ac.ir/fa/grid/2/%D8%B3%D8%A7%D9%85%D8%A7%D9%86%D9%87-118?page=1&per-page=10&sort=column0,research-portal-discovery,https://torbath.ac.ir/fa/grid/2/%D8%B3%D8%A7%D9%85%D8%A7%D9%86%D9%87-118?page=1&per-page=10,verified,2026-08-12
torbat-heydarieh-discovery-system-3852469ce168,torbat-heydarieh,سامانه 118,research,https://torbath.ac.ir/fa/grid/2/%D8%B3%D8%A7%D9%85%D8%A7%D9%86%D9%87-118?page=1&per-page=10&sort=column1,research-portal-discovery,https://torbath.ac.ir/fa/grid/2/%D8%B3%D8%A7%D9%85%D8%A7%D9%86%D9%87-118?page=1&per-page=10,verified,2026-08-12
torbat-heydarieh-discovery-system-9b861f525e0f,torbat-heydarieh,سامانه 118,research,https://torbath.ac.ir/fa/grid/2/%D8%B3%D8%A7%D9%85%D8%A7%D9%86%D9%87-118?page=1&per-page=10&sort=column2,research-portal-discovery,https://torbath.ac.ir/fa/grid/2/%D8%B3%D8%A7%D9%85%D8%A7%D9%86%D9%87-118?page=1&per-page=10,verified,2026-08-12
torbat-heydarieh-discovery-system-39aa3a864640,torbat-heydarieh,سامانه 118,research,https://torbath.ac.ir/fa/grid/2/%D8%B3%D8%A7%D9%85%D8%A7%D9%86%D9%87-118?page=1&per-page=10&sort=column3,research-portal-discovery,https://torbath.ac.ir/fa/grid/2/%D8%B3%D8%A7%D9%85%D8%A7%D9%86%D9%87-118?page=1&per-page=10,verified,2026-08-12
torbat-heydarieh-discovery-system-a1e56f7f12e1,torbat-heydarieh,سامانه 118,research,https://torbath.ac.ir/fa/grid/2/%D8%B3%D8%A7%D9%85%D8%A7%D9%86%D9%87-118?page=1&per-page=10&sort=column4,research-portal-discovery,https://torbath.ac.ir/fa/grid/2/%D8%B3%D8%A7%D9%85%D8%A7%D9%86%D9%87-118?page=1&per-page=10,verified,2026-08-12
torbat-heydarieh-discovery-system-5fff12a6f27b,torbat-heydarieh,سامانه 118,research,https://torbath.ac.ir/fa/grid/2/%D8%B3%D8%A7%D9%85%D8%A7%D9%86%D9%87-118?page=1&per-page=10&sort=column5,research-portal-discovery,https://torbath.ac.ir/fa/grid/2/%D8%B3%D8%A7%D9%85%D8%A7%D9%86%D9%87-118?page=1&per-page=10,verified,2026-08-12
torbat-heydarieh-discovery-system-4316a31d1457,torbat-heydarieh,سامانه 118,research,https://torbath.ac.ir/fa/grid/2/%D8%B3%D8%A7%D9%85%D8%A7%D9%86%D9%87-118?page=2&per-page=10&sort=column0,research-portal-discovery,https://torbath.ac.ir/fa/grid/2/%D8%B3%D8%A7%D9%85%D8%A7%D9%86%D9%87-118?page=2&per-page=10,verified,2026-08-12
torbat-heydarieh-discovery-system-4dd6762efa17,torbat-heydarieh,سامانه 118,research,https://torbath.ac.ir/fa/grid/2/%D8%B3%D8%A7%D9%85%D8%A7%D9%86%D9%87-118?page=2&per-page=10&sort=column1,research-portal-discovery,https://torbath.ac.ir/fa/grid/2/%D8%B3%D8%A7%D9%85%D8%A7%D9%86%D9%87-118?page=2&per-page=10,verified,2026-08-12
torbat-heydarieh-discovery-system-d713e24971f1,torbat-heydarieh,سامانه 118,research,https://torbath.ac.ir/fa/grid/2/%D8%B3%D8%A7%D9%85%D8%A7%D9%86%D9%87-118?page=2&per-page=10&sort=column2,research-portal-discovery,https://torbath.ac.ir/fa/grid/2/%D8%B3%D8%A7%D9%85%D8%A7%D9%86%D9%87-118?page=2&per-page=10,verified,2026-08-12
torbat-heydarieh-discovery-system-e5ebed2829a4,torbat-heydarieh,سامانه 118,research,https://torbath.ac.ir/fa/grid/2/%D8%B3%D8%A7%D9%85%D8%A7%D9%86%D9%87-118?page=2&per-page=10&sort=column3,research-portal-discovery,https://torbath.ac.ir/fa/grid/2/%D8%B3%D8%A7%D9%85%D8%A7%D9%86%D9%87-118?page=2&per-page=10,verified,2026-08-12
torbat-heydarieh-discovery-system-c8e744e1fe38,torbat-heydarieh,سامانه 118,research,https://torbath.ac.ir/fa/grid/2/%D8%B3%D8%A7%D9%85%D8%A7%D9%86%D9%87-118?page=2&per-page=10&sort=column4,research-portal-discovery,https://torbath.ac.ir/fa/grid/2/%D8%B3%D8%A7%D9%85%D8%A7%D9%86%D9%87-118?page=2&per-page=10,verified,2026-08-12
torbat-heydarieh-discovery-system-6b83d9a307fe,torbat-heydarieh,سامانه 118,research,https://torbath.ac.ir/fa/grid/2/%D8%B3%D8%A7%D9%85%D8%A7%D9%86%D9%87-118?page=2&per-page=10&sort=column5,research-portal-discovery,https://torbath.ac.ir/fa/grid/2/%D8%B3%D8%A7%D9%85%D8%A7%D9%86%D9%87-118?page=2&per-page=10,verified,2026-08-12
torbat-heydarieh-discovery-system-d3756cbe385b,torbat-heydarieh,سامانه 118,research,https://torbath.ac.ir/fa/grid/2/%D8%B3%D8%A7%D9%85%D8%A7%D9%86%D9%87-118?page=3&per-page=10&sort=column0,research-portal-discovery,https://torbath.ac.ir/fa/grid/2/%D8%B3%D8%A7%D9%85%D8%A7%D9%86%D9%87-118?page=3&per-page=10,verified,2026-08-12
torbat-heydarieh-discovery-system-f71b0eac0813,torbat-heydarieh,سامانه 118,research,https://torbath.ac.ir/fa/grid/2/%D8%B3%D8%A7%D9%85%D8%A7%D9%86%D9%87-118?page=3&per-page=10&sort=column1,research-portal-discovery,https://torbath.ac.ir/fa/grid/2/%D8%B3%D8%A7%D9%85%D8%A7%D9%86%D9%87-118?page=3&per-page=10,verified,2026-08-12
torbat-heydarieh-discovery-system-c078fbc2ac36,torbat-heydarieh,سامانه 118,research,https://torbath.ac.ir/fa/grid/2/%D8%B3%D8%A7%D9%85%D8%A7%D9%86%D9%87-118?page=3&per-page=10&sort=column2,research-portal-discovery,https://torbath.ac.ir/fa/grid/2/%D8%B3%D8%A7%D9%85%D8%A7%D9%86%D9%87-118?page=3&per-page=10,verified,2026-08-12
torbat-heydarieh-discovery-system-f02d8f496478,torbat-heydarieh,سامانه 118,research,https://torbath.ac.ir/fa/grid/2/%D8%B3%D8%A7%D9%85%D8%A7%D9%86%D9%87-118?page=3&per-page=10&sort=column3,research-portal-discovery,https://torbath.ac.ir/fa/grid/2/%D8%B3%D8%A7%D9%85%D8%A7%D9%86%D9%87-118?page=3&per-page=10,verified,2026-08-12
torbat-heydarieh-discovery-system-4882b65b478a,torbat-heydarieh,سامانه 118,research,https://torbath.ac.ir/fa/grid/2/%D8%B3%D8%A7%D9%85%D8%A7%D9%86%D9%87-118?page=3&per-page=10&sort=column4,research-portal-discovery,https://torbath.ac.ir/fa/grid/2/%D8%B3%D8%A7%D9%85%D8%A7%D9%86%D9%87-118?page=3&per-page=10,verified,2026-08-12
torbat-heydarieh-discovery-system-76818286869d,torbat-heydarieh,سامانه 118,research,https://torbath.ac.ir/fa/grid/2/%D8%B3%D8%A7%D9%85%D8%A7%D9%86%D9%87-118?page=3&per-page=10&sort=column5,research-portal-discovery,https://torbath.ac.ir/fa/grid/2/%D8%B3%D8%A7%D9%85%D8%A7%D9%86%D9%87-118?page=3&per-page=10,verified,2026-08-12
torbat-heydarieh-discovery-system-76f4e673d1e9,torbat-heydarieh,سامانه 118,research,https://torbath.ac.ir/fa/grid/2/%D8%B3%D8%A7%D9%85%D8%A7%D9%86%D9%87-118?page=1&per-page=10&sort=-column0,research-portal-discovery,https://torbath.ac.ir/fa/grid/2/%D8%B3%D8%A7%D9%85%D8%A7%D9%86%D9%87-118?page=1&per-page=10&sort=column0,verified,2026-08-12
torbat-heydarieh-discovery-system-31fd8769354e,torbat-heydarieh,سامانه 118,research,https://torbath.ac.ir/fa/grid/2/%D8%B3%D8%A7%D9%85%D8%A7%D9%86%D9%87-118?page=1&per-page=10&sort=-column1,research-portal-discovery,https://torbath.ac.ir/fa/grid/2/%D8%B3%D8%A7%D9%85%D8%A7%D9%86%D9%87-118?page=1&per-page=10&sort=column1,verified,2026-08-12
torbat-heydarieh-discovery-system-86b6bd58af9c,torbat-heydarieh,سامانه 118,research,https://torbath.ac.ir/fa/grid/2/%D8%B3%D8%A7%D9%85%D8%A7%D9%86%D9%87-118?page=1&per-page=10&sort=-column2,research-portal-discovery,https://torbath.ac.ir/fa/grid/2/%D8%B3%D8%A7%D9%85%D8%A7%D9%86%D9%87-118?page=1&per-page=10&sort=column2,verified,2026-08-12
torbat-heydarieh-discovery-system-6c9128e0e1f9,torbat-heydarieh,سامانه 118,research,https://torbath.ac.ir/fa/grid/2/%D8%B3%D8%A7%D9%85%D8%A7%D9%86%D9%87-118?page=1&per-page=10&sort=-column3,research-portal-discovery,https://torbath.ac.ir/fa/grid/2/%D8%B3%D8%A7%D9%85%D8%A7%D9%86%D9%87-118?page=1&per-page=10&sort=column3,verified,2026-08-12
torbat-heydarieh-discovery-system-77ca9ac4ae14,torbat-heydarieh,سامانه 118,research,https://torbath.ac.ir/fa/grid/2/%D8%B3%D8%A7%D9%85%D8%A7%D9%86%D9%87-118?page=1&per-page=10&sort=-column4,research-portal-discovery,https://torbath.ac.ir/fa/grid/2/%D8%B3%D8%A7%D9%85%D8%A7%D9%86%D9%87-118?page=1&per-page=10&sort=column4,verified,2026-08-12
torbat-heydarieh-discovery-system-8aa8f349f30a,torbat-heydarieh,سامانه 118,research,https://torbath.ac.ir/fa/grid/2/%D8%B3%D8%A7%D9%85%D8%A7%D9%86%D9%87-118?page=1&per-page=10&sort=-column5,research-portal-discovery,https://torbath.ac.ir/fa/grid/2/%D8%B3%D8%A7%D9%85%D8%A7%D9%86%D9%87-118?page=1&per-page=10&sort=column5,verified,2026-08-12
torbat-heydarieh-discovery-system-253f46b982b2,torbat-heydarieh,سامانه 118,research,https://torbath.ac.ir/fa/grid/2/%D8%B3%D8%A7%D9%85%D8%A7%D9%86%D9%87-118?page=2&per-page=10&sort=-column0,research-portal-discovery,https://torbath.ac.ir/fa/grid/2/%D8%B3%D8%A7%D9%85%D8%A7%D9%86%D9%87-118?page=2&per-page=10&sort=column0,verified,2026-08-12
torbat-heydarieh-discovery-system-87208fca6d19,torbat-heydarieh,سامانه 118,research,https://torbath.ac.ir/fa/grid/2/%D8%B3%D8%A7%D9%85%D8%A7%D9%86%D9%87-118?page=2&per-page=10&sort=-column1,research-portal-discovery,https://torbath.ac.ir/fa/grid/2/%D8%B3%D8%A7%D9%85%D8%A7%D9%86%D9%87-118?page=2&per-page=10&sort=column1,verified,2026-08-12
torbat-heydarieh-discovery-system-e01d1ef77368,torbat-heydarieh,سامانه 118,research,https://torbath.ac.ir/fa/grid/2/%D8%B3%D8%A7%D9%85%D8%A7%D9%86%D9%87-118?page=2&per-page=10&sort=-column2,research-portal-discovery,https://torbath.ac.ir/fa/grid/2/%D8%B3%D8%A7%D9%85%D8%A7%D9%86%D9%87-118?page=2&per-page=10&sort=column2,verified,2026-08-12
torbat-heydarieh-discovery-system-b408919ea38b,torbat-heydarieh,سامانه 118,research,https://torbath.ac.ir/fa/grid/2/%D8%B3%D8%A7%D9%85%D8%A7%D9%86%D9%87-118?page=2&per-page=10&sort=-column3,research-portal-discovery,https://torbath.ac.ir/fa/grid/2/%D8%B3%D8%A7%D9%85%D8%A7%D9%86%D9%87-118?page=2&per-page=10&sort=column3,verified,2026-08-12
torbat-heydarieh-discovery-system-64199ba87c8d,torbat-heydarieh,سامانه 118,research,https://torbath.ac.ir/fa/grid/2/%D8%B3%D8%A7%D9%85%D8%A7%D9%86%D9%87-118?page=2&per-page=10&sort=-column4,research-portal-discovery,https://torbath.ac.ir/fa/grid/2/%D8%B3%D8%A7%D9%85%D8%A7%D9%86%D9%87-118?page=2&per-page=10&sort=column4,verified,2026-08-12
torbat-heydarieh-discovery-system-05ad5509f4eb,torbat-heydarieh,سامانه 118,research,https://torbath.ac.ir/fa/grid/2/%D8%B3%D8%A7%D9%85%D8%A7%D9%86%D9%87-118?page=2&per-page=10&sort=-column5,research-portal-discovery,https://torbath.ac.ir/fa/grid/2/%D8%B3%D8%A7%D9%85%D8%A7%D9%86%D9%87-118?page=2&per-page=10&sort=column5,verified,2026-08-12
torbat-heydarieh-discovery-system-4a28bd8170dc,torbat-heydarieh,سامانه 118,research,https://torbath.ac.ir/fa/grid/2/%D8%B3%D8%A7%D9%85%D8%A7%D9%86%D9%87-118?page=3&per-page=10&sort=-column0,research-portal-discovery,https://torbath.ac.ir/fa/grid/2/%D8%B3%D8%A7%D9%85%D8%A7%D9%86%D9%87-118?page=3&per-page=10&sort=column0,verified,2026-08-12
torbat-heydarieh-discovery-system-44aff3d133e3,torbat-heydarieh,سامانه 118,research,https://torbath.ac.ir/fa/grid/2/%D8%B3%D8%A7%D9%85%D8%A7%D9%86%D9%87-118?page=3&per-page=10&sort=-column1,research-portal-discovery,https://torbath.ac.ir/fa/grid/2/%D8%B3%D8%A7%D9%85%D8%A7%D9%86%D9%87-118?page=3&per-page=10&sort=column1,verified,2026-08-12
torbat-heydarieh-discovery-system-cb4c9e62b2e2,torbat-heydarieh,سامانه 118,research,https://torbath.ac.ir/fa/grid/2/%D8%B3%D8%A7%D9%85%D8%A7%D9%86%D9%87-118?page=3&per-page=10&sort=-column2,research-portal-discovery,https://torbath.ac.ir/fa/grid/2/%D8%B3%D8%A7%D9%85%D8%A7%D9%86%D9%87-118?page=3&per-page=10&sort=column2,verified,2026-08-12
torbat-heydarieh-discovery-system-6d9bb057f3e5,torbat-heydarieh,سامانه 118,research,https://torbath.ac.ir/fa/grid/2/%D8%B3%D8%A7%D9%85%D8%A7%D9%86%D9%87-118?page=3&per-page=10&sort=-column3,research-portal-discovery,https://torbath.ac.ir/fa/grid/2/%D8%B3%D8%A7%D9%85%D8%A7%D9%86%D9%87-118?page=3&per-page=10&sort=column3,verified,2026-08-12
torbat-heydarieh-discovery-system-2cf0517a1a07,torbat-heydarieh,سامانه 118,research,https://torbath.ac.ir/fa/grid/2/%D8%B3%D8%A7%D9%85%D8%A7%D9%86%D9%87-118?page=3&per-page=10&sort=-column4,research-portal-discovery,https://torbath.ac.ir/fa/grid/2/%D8%B3%D8%A7%D9%85%D8%A7%D9%86%D9%87-118?page=3&per-page=10&sort=column4,verified,2026-08-12
torbat-heydarieh-discovery-system-33f710d6b7d5,torbat-heydarieh,سامانه 118,research,https://torbath.ac.ir/fa/grid/2/%D8%B3%D8%A7%D9%85%D8%A7%D9%86%D9%87-118?page=3&per-page=10&sort=-column5,research-portal-discovery,https://torbath.ac.ir/fa/grid/2/%D8%B3%D8%A7%D9%85%D8%A7%D9%86%D9%87-118?page=3&per-page=10&sort=column5,verified,2026-08-12
torbat-heydarieh-discovery-system-25a2273843d3,torbat-heydarieh,سامانه 118,research,https://torbath.ac.ir/fa/grid/2/%D8%B3%D8%A7%D9%85%D8%A7%D9%86%D9%87-118?page=4&per-page=10,research-portal-discovery,https://torbath.ac.ir/fa/grid/2/%D8%B3%D8%A7%D9%85%D8%A7%D9%86%D9%87-118,verified,2026-08-12
torbat-heydarieh-discovery-system-9b6ad643ace5,torbat-heydarieh,سامانه 118,research,https://torbath.ac.ir/fa/grid/2/%D8%B3%D8%A7%D9%85%D8%A7%D9%86%D9%87-118?page=5&per-page=10,research-portal-discovery,https://torbath.ac.ir/fa/grid/2/%D8%B3%D8%A7%D9%85%D8%A7%D9%86%D9%87-118,verified,2026-08-12
torbat-heydarieh-discovery-system-510ce93915d8,torbat-heydarieh,سامانه 118,research,https://torbath.ac.ir/fa/grid/2/%D8%B3%D8%A7%D9%85%D8%A7%D9%86%D9%87-118?page=6&per-page=10,research-portal-discovery,https://torbath.ac.ir/fa/grid/2/%D8%B3%D8%A7%D9%85%D8%A7%D9%86%D9%87-118,verified,2026-08-12
torbat-heydarieh-discovery-system-c7d67359bcb9,torbat-heydarieh,سامانه 118,research,https://torbath.ac.ir/fa/grid/2/%D8%B3%D8%A7%D9%85%D8%A7%D9%86%D9%87-118?page=7&per-page=10,research-portal-discovery,https://torbath.ac.ir/fa/grid/2/%D8%B3%D8%A7%D9%85%D8%A7%D9%86%D9%87-118,verified,2026-08-12
torbat-heydarieh-discovery-system-54750bfbf0c9,torbat-heydarieh,سامانه 118,research,https://torbath.ac.ir/fa/grid/2/%D8%B3%D8%A7%D9%85%D8%A7%D9%86%D9%87-118?page=8&per-page=10,research-portal-discovery,https://torbath.ac.ir/fa/grid/2/%D8%B3%D8%A7%D9%85%D8%A7%D9%86%D9%87-118,verified,2026-08-12
torbat-heydarieh-discovery-system-9c9fe2f140e1,torbat-heydarieh,سامانه 118,research,https://torbath.ac.ir/fa/grid/2/%D8%B3%D8%A7%D9%85%D8%A7%D9%86%D9%87-118?page=9&per-page=10,research-portal-discovery,https://torbath.ac.ir/fa/grid/2/%D8%B3%D8%A7%D9%85%D8%A7%D9%86%D9%87-118,verified,2026-08-12
torbat-heydarieh-discovery-system-1d97818764e9,torbat-heydarieh,سامانه 118,research,https://torbath.ac.ir/fa/grid/2/%D8%B3%D8%A7%D9%85%D8%A7%D9%86%D9%87-118?sort=column0&page=1&per-page=10,research-portal-discovery,https://torbath.ac.ir/fa/grid/2/%D8%B3%D8%A7%D9%85%D8%A7%D9%86%D9%87-118?sort=column0,verified,2026-08-12
torbat-heydarieh-discovery-system-7da915fa3a22,torbat-heydarieh,سامانه 118,research,https://torbath.ac.ir/fa/grid/2/%D8%B3%D8%A7%D9%85%D8%A7%D9%86%D9%87-118?sort=column0&page=2&per-page=10,research-portal-discovery,https://torbath.ac.ir/fa/grid/2/%D8%B3%D8%A7%D9%85%D8%A7%D9%86%D9%87-118?sort=column0,verified,2026-08-12
torbat-heydarieh-discovery-system-3c810b39d258,torbat-heydarieh,سامانه 118,research,https://torbath.ac.ir/fa/grid/2/%D8%B3%D8%A7%D9%85%D8%A7%D9%86%D9%87-118?sort=column0&page=3&per-page=10,research-portal-discovery,https://torbath.ac.ir/fa/grid/2/%D8%B3%D8%A7%D9%85%D8%A7%D9%86%D9%87-118?sort=column0,verified,2026-08-12
torbat-heydarieh-discovery-system-002b635738e9,torbat-heydarieh,سامانه 118,research,https://torbath.ac.ir/fa/grid/2/%D8%B3%D8%A7%D9%85%D8%A7%D9%86%D9%87-118?sort=column0&page=4&per-page=10,research-portal-discovery,https://torbath.ac.ir/fa/grid/2/%D8%B3%D8%A7%D9%85%D8%A7%D9%86%D9%87-118?sort=column0,verified,2026-08-12
torbat-heydarieh-discovery-system-1df9d1b46a00,torbat-heydarieh,سامانه 118,research,https://torbath.ac.ir/fa/grid/2/%D8%B3%D8%A7%D9%85%D8%A7%D9%86%D9%87-118?sort=column0&page=5&per-page=10,research-portal-discovery,https://torbath.ac.ir/fa/grid/2/%D8%B3%D8%A7%D9%85%D8%A7%D9%86%D9%87-118?sort=column0,verified,2026-08-12
torbat-heydarieh-discovery-system-185cb980826f,torbat-heydarieh,سامانه 118,research,https://torbath.ac.ir/fa/grid/2/%D8%B3%D8%A7%D9%85%D8%A7%D9%86%D9%87-118?sort=column0&page=6&per-page=10,research-portal-discovery,https://torbath.ac.ir/fa/grid/2/%D8%B3%D8%A7%D9%85%D8%A7%D9%86%D9%87-118?sort=column0,verified,2026-08-12
torbat-heydarieh-discovery-system-006b1c6ca765,torbat-heydarieh,سامانه 118,research,https://torbath.ac.ir/fa/grid/2/%D8%B3%D8%A7%D9%85%D8%A7%D9%86%D9%87-118?sort=column0&page=7&per-page=10,research-portal-discovery,https://torbath.ac.ir/fa/grid/2/%D8%B3%D8%A7%D9%85%D8%A7%D9%86%D9%87-118?sort=column0,verified,2026-08-12
torbat-heydarieh-discovery-system-183b5039f96f,torbat-heydarieh,سامانه 118,research,https://torbath.ac.ir/fa/grid/2/%D8%B3%D8%A7%D9%85%D8%A7%D9%86%D9%87-118?sort=column0&page=8&per-page=10,research-portal-discovery,https://torbath.ac.ir/fa/grid/2/%D8%B3%D8%A7%D9%85%D8%A7%D9%86%D9%87-118?sort=column0,verified,2026-08-12
torbat-heydarieh-discovery-system-671aed706fe7,torbat-heydarieh,سامانه 118,research,https://torbath.ac.ir/fa/grid/2/%D8%B3%D8%A7%D9%85%D8%A7%D9%86%D9%87-118?sort=column0&page=9&per-page=10,research-portal-discovery,https://torbath.ac.ir/fa/grid/2/%D8%B3%D8%A7%D9%85%D8%A7%D9%86%D9%87-118?sort=column0,verified,2026-08-12
torbat-heydarieh-discovery-system-9a26172d3b65,torbat-heydarieh,سامانه 118,research,https://torbath.ac.ir/fa/grid/2/%D8%B3%D8%A7%D9%85%D8%A7%D9%86%D9%87-118?sort=column1&page=1&per-page=10,research-portal-discovery,https://torbath.ac.ir/fa/grid/2/%D8%B3%D8%A7%D9%85%D8%A7%D9%86%D9%87-118?sort=column1,verified,2026-08-12
torbat-heydarieh-discovery-system-d6cb1f43086a,torbat-heydarieh,سامانه 118,research,https://torbath.ac.ir/fa/grid/2/%D8%B3%D8%A7%D9%85%D8%A7%D9%86%D9%87-118?sort=column1&page=2&per-page=10,research-portal-discovery,https://torbath.ac.ir/fa/grid/2/%D8%B3%D8%A7%D9%85%D8%A7%D9%86%D9%87-118?sort=column1,verified,2026-08-12
torbat-heydarieh-discovery-system-7024a536bd37,torbat-heydarieh,سامانه 118,research,https://torbath.ac.ir/fa/grid/2/%D8%B3%D8%A7%D9%85%D8%A7%D9%86%D9%87-118?sort=column1&page=3&per-page=10,research-portal-discovery,https://torbath.ac.ir/fa/grid/2/%D8%B3%D8%A7%D9%85%D8%A7%D9%86%D9%87-118?sort=column1,verified,2026-08-12
torbat-heydarieh-discovery-system-5383d99c8122,torbat-heydarieh,سامانه 118,research,https://torbath.ac.ir/fa/grid/2/%D8%B3%D8%A7%D9%85%D8%A7%D9%86%D9%87-118?sort=column1&page=4&per-page=10,research-portal-discovery,https://torbath.ac.ir/fa/grid/2/%D8%B3%D8%A7%D9%85%D8%A7%D9%86%D9%87-118?sort=column1,verified,2026-08-12
torbat-heydarieh-discovery-system-d6782ace94bb,torbat-heydarieh,سامانه 118,research,https://torbath.ac.ir/fa/grid/2/%D8%B3%D8%A7%D9%85%D8%A7%D9%86%D9%87-118?sort=column1&page=5&per-page=10,research-portal-discovery,https://torbath.ac.ir/fa/grid/2/%D8%B3%D8%A7%D9%85%D8%A7%D9%86%D9%87-118?sort=column1,verified,2026-08-12
torbat-heydarieh-discovery-system-e0eff994cfe0,torbat-heydarieh,سامانه 118,research,https://torbath.ac.ir/fa/grid/2/%D8%B3%D8%A7%D9%85%D8%A7%D9%86%D9%87-118?sort=column1&page=6&per-page=10,research-portal-discovery,https://torbath.ac.ir/fa/grid/2/%D8%B3%D8%A7%D9%85%D8%A7%D9%86%D9%87-118?sort=column1,verified,2026-08-12
torbat-heydarieh-discovery-system-6a7cb13d5aec,torbat-heydarieh,سامانه 118,research,https://torbath.ac.ir/fa/grid/2/%D8%B3%D8%A7%D9%85%D8%A7%D9%86%D9%87-118?sort=column1&page=7&per-page=10,research-portal-discovery,https://torbath.ac.ir/fa/grid/2/%D8%B3%D8%A7%D9%85%D8%A7%D9%86%D9%87-118?sort=column1,verified,2026-08-12
torbat-heydarieh-discovery-system-b4e90a3ffb33,torbat-heydarieh,سامانه 118,research,https://torbath.ac.ir/fa/grid/2/%D8%B3%D8%A7%D9%85%D8%A7%D9%86%D9%87-118?sort=column1&page=8&per-page=10,research-portal-discovery,https://torbath.ac.ir/fa/grid/2/%D8%B3%D8%A7%D9%85%D8%A7%D9%86%D9%87-118?sort=column1,verified,2026-08-12
torbat-heydarieh-discovery-system-364d70164534,torbat-heydarieh,سامانه 118,research,https://torbath.ac.ir/fa/grid/2/%D8%B3%D8%A7%D9%85%D8%A7%D9%86%D9%87-118?sort=column1&page=9&per-page=10,research-portal-discovery,https://torbath.ac.ir/fa/grid/2/%D8%B3%D8%A7%D9%85%D8%A7%D9%86%D9%87-118?sort=column1,verified,2026-08-12
torbat-heydarieh-discovery-system-2bdf54c839af,torbat-heydarieh,دانشگاه تربت حيدريه | شرکت سامانه ساز مرواريد - 8,research,https://erp.torbath.ac.ir/,research-portal-discovery,https://torbath.ac.ir/fa/page/62/%D8%A7%D8%AF%D8%A7%D8%B1%D9%87-%D8%AA%D9%88%D8%B3%D8%B9%D9%87-%D9%88-%D9%85%D8%AF%DB%8C%D8%B1%DB%8C%D8%AA-%D9%81%D9%86%D8%A7%D9%88%D8%B1%DB%8C-%D8%A7%D8%B7%D9%84%D8%A7%D8%B9%D8%A7%D8%AA-%D8%A7%D9%85%D9%86%DB%8C%D8%AA-%D9%88-%D9%87%D9%88%D8%B4%D9%85%D9%86%D8%AF-%D8%B3%D8%A7%D8%B2%DB%8C,verified,2026-08-12
jahrom-discovery-system-12b324030d13,jahrom,راهنمای اضافه کردن منابع درس در سامانه آموزشی - گروه توسعه و فناوری اطلاعات و امنیت فضای مجازی,it,https://jahromu.ac.ir/itcenter/fa/regulation/216/%D8%B1%D8%A7%D9%87%D9%86%D9%85%D8%A7%DB%8C-%D8%A7%D8%B6%D8%A7%D9%81%D9%87-%DA%A9%D8%B1%D8%AF%D9%86-%D9%85%D9%86%D8%A7%D8%A8%D8%B9-%D8%AF%D8%B1%D8%B3-%D8%AF%D8%B1-%D8%B3%D8%A7%D9%85%D8%A7%D9%86%D9%87-%D8%A2%D9%85%D9%88%D8%B2%D8%B4%DB%8C,research-portal-discovery,https://jahromu.ac.ir/itcenter/fa/regulation/category/45/%D9%81%D8%A7%DB%8C%D9%84-%D9%87%D8%A7%DB%8C-%D8%B1%D8%A7%D9%87%D9%86%D9%85%D8%A7-%D9%88-%D8%A2%DB%8C%DB%8C%D9%86-%D9%86%D8%A7%D9%85%D9%87-%D9%87%D8%A7,verified,2026-08-12
salman-farsi-kazerun-discovery-system-4497067ef74b,salman-farsi-kazerun,نشریات دانشجویی - دانشگاه سلمان فارسی کازرون,journals,https://kazerunsfu.ac.ir/fa/page/34/%D9%86%D8%B4%D8%B1%DB%8C%D8%A7%D8%AA-%D8%AF%D8%A7%D9%86%D8%B4%D8%AC%D9%88%DB%8C%DB%8C,research-portal-discovery,https://kazerunsfu.ac.ir/fa/page/145/%D9%82%D9%88%D8%A7%D9%86%DB%8C%D9%86-%D9%88-%D8%A2%DB%8C%DB%8C%D9%86-%D9%86%D8%A7%D9%85%D9%87-%D9%87%D8%A7,verified,2026-08-12
lar-higher-ed-discovery-system-03bd521b406c,lar-higher-ed,آمار پايان نامه ها,research,https://edu.lar.ac.ir/sess/Script/Help.aspx?Page=69,research-portal-discovery,https://edu.lar.ac.ir/sess/Script/Help.aspx,verified,2026-08-12
lar-higher-ed-discovery-system-de902d7554c9,lar-higher-ed,جستجوي پايان نامه,research,https://edu.lar.ac.ir/sess/Script/Help.aspx?Page=68,research-portal-discovery,https://edu.lar.ac.ir/sess/Script/Help.aspx,verified,2026-08-12
lar-higher-ed-discovery-system-9395099a3a3f,lar-higher-ed,ليست پايان نامه ها,research,https://edu.lar.ac.ir/sess/Script/Help.aspx?Page=184,research-portal-discovery,https://edu.lar.ac.ir/sess/Script/Help.aspx,verified,2026-08-12
lar-higher-ed-discovery-system-3c6d2f005932,lar-higher-ed,نخستین دفاع از پایان‌نامه کارشناسی ارشد در مجتمع آموزش عالی لارستان به‌صورت هیبریدی برگزار شد – مجتمع آموزش عالی لارستان,research,https://lar.ac.ir/%D8%AE%D8%A8%D8%B1/%d9%86%d8%ae%d8%b3%d8%aa%db%8c%d9%86-%d8%af%d9%81%d8%a7%d8%b9-%d8%a7%d8%b2-%d9%be%d8%a7%db%8c%d8%a7%d9%86%d9%86%d8%a7%d9%85%d9%87-%da%a9%d8%a7%d8%b1%d8%b4%d9%86%d8%a7%d8%b3%db%8c-%d8%a7%d8%b1/,research-portal-discovery,https://lar.ac.ir/,verified,2026-08-12
lar-higher-ed-discovery-system-e781c278f11c,lar-higher-ed,Index of /wp-content/plugins/gravityforms/assets/js/dist/,research,https://services.lar.ac.ir/wp-content/plugins/gravityforms/assets/js/dist/,research-portal-discovery,https://services.lar.ac.ir/?page_id=1007,verified,2026-08-12
lar-higher-ed-discovery-system-b3bbec570c30,lar-higher-ed,Index of /wp-content/plugins/gravityforms/assets/js/dist/,research,https://services.lar.ac.ir/wp-content/plugins/gravityforms/assets/js/dist/?ND,research-portal-discovery,https://services.lar.ac.ir/wp-content/plugins/gravityforms/assets/js/dist/,verified,2026-08-12
lar-higher-ed-discovery-system-6ee1406418a2,lar-higher-ed,Index of /wp-content/plugins/gravityforms/assets/js/dist/,research,https://services.lar.ac.ir/wp-content/plugins/gravityforms/assets/js/dist/?MA,research-portal-discovery,https://services.lar.ac.ir/wp-content/plugins/gravityforms/assets/js/dist/,verified,2026-08-12
lar-higher-ed-discovery-system-c0e4aa372437,lar-higher-ed,Index of /wp-content/plugins/gravityforms/assets/js/dist/,research,https://services.lar.ac.ir/wp-content/plugins/gravityforms/assets/js/dist/?SA,research-portal-discovery,https://services.lar.ac.ir/wp-content/plugins/gravityforms/assets/js/dist/,verified,2026-08-12
lar-higher-ed-discovery-system-8ef40c41b753,lar-higher-ed,Index of /wp-content/plugins/gravityforms/assets/js/dist/,research,https://services.lar.ac.ir/wp-content/plugins/gravityforms/assets/js/dist/?NA,research-portal-discovery,https://services.lar.ac.ir/wp-content/plugins/gravityforms/assets/js/dist/?ND,verified,2026-08-12
lar-higher-ed-discovery-system-dfffd9c33992,lar-higher-ed,Index of /wp-content/plugins/gravityforms/assets/js/dist/,research,https://services.lar.ac.ir/wp-content/plugins/gravityforms/assets/js/dist/?MD,research-portal-discovery,https://services.lar.ac.ir/wp-content/plugins/gravityforms/assets/js/dist/?MA,verified,2026-08-12
lar-higher-ed-discovery-system-b2fc4a0a4809,lar-higher-ed,Index of /wp-content/plugins/gravityforms/assets/js/dist/,research,https://services.lar.ac.ir/wp-content/plugins/gravityforms/assets/js/dist/?SD,research-portal-discovery,https://services.lar.ac.ir/wp-content/plugins/gravityforms/assets/js/dist/?SA,verified,2026-08-12
lar-higher-ed-discovery-system-ac06ee692912,lar-higher-ed,Index of /wp-content/plugins/gravityforms/assets/js/,research,https://services.lar.ac.ir/wp-content/plugins/gravityforms/assets/js/,research-portal-discovery,https://services.lar.ac.ir/wp-content/plugins/gravityforms/assets/js/dist/,verified,2026-08-12
lar-higher-ed-discovery-system-05963416ebcf,lar-higher-ed,Index of /wp-content/plugins/gravityforms/assets/js/,research,https://services.lar.ac.ir/wp-content/plugins/gravityforms/assets/js/?ND,research-portal-discovery,https://services.lar.ac.ir/wp-content/plugins/gravityforms/assets/js/,verified,2026-08-12
lar-higher-ed-discovery-system-b7aa0cb54ad5,lar-higher-ed,Index of /wp-content/plugins/gravityforms/assets/js/,research,https://services.lar.ac.ir/wp-content/plugins/gravityforms/assets/js/?MA,research-portal-discovery,https://services.lar.ac.ir/wp-content/plugins/gravityforms/assets/js/,verified,2026-08-12
lar-higher-ed-discovery-system-e85be3f411fe,lar-higher-ed,Index of /wp-content/plugins/gravityforms/assets/js/,research,https://services.lar.ac.ir/wp-content/plugins/gravityforms/assets/js/?SA,research-portal-discovery,https://services.lar.ac.ir/wp-content/plugins/gravityforms/assets/js/,verified,2026-08-12
lar-higher-ed-discovery-system-37966068655d,lar-higher-ed,Index of /wp-content/plugins/gravityforms/assets/,research,https://services.lar.ac.ir/wp-content/plugins/gravityforms/assets/,research-portal-discovery,https://services.lar.ac.ir/wp-content/plugins/gravityforms/assets/js/,verified,2026-08-12
lar-higher-ed-discovery-system-7a6051f51217,lar-higher-ed,Index of /wp-content/plugins/gravityforms/assets/js/,research,https://services.lar.ac.ir/wp-content/plugins/gravityforms/assets/js/?NA,research-portal-discovery,https://services.lar.ac.ir/wp-content/plugins/gravityforms/assets/js/?ND,verified,2026-08-12
lar-higher-ed-discovery-system-3dc1431d0c1d,lar-higher-ed,Index of /wp-content/plugins/gravityforms/assets/js/,research,https://services.lar.ac.ir/wp-content/plugins/gravityforms/assets/js/?MD,research-portal-discovery,https://services.lar.ac.ir/wp-content/plugins/gravityforms/assets/js/?MA,verified,2026-08-12
lar-higher-ed-discovery-system-c3c6b8b7badf,lar-higher-ed,Index of /wp-content/plugins/gravityforms/assets/js/,research,https://services.lar.ac.ir/wp-content/plugins/gravityforms/assets/js/?SD,research-portal-discovery,https://services.lar.ac.ir/wp-content/plugins/gravityforms/assets/js/?SA,verified,2026-08-12
lar-higher-ed-discovery-system-67feaa0de3ab,lar-higher-ed,Index of /wp-content/plugins/gravityforms/assets/,research,https://services.lar.ac.ir/wp-content/plugins/gravityforms/assets/?ND,research-portal-discovery,https://services.lar.ac.ir/wp-content/plugins/gravityforms/assets/,verified,2026-08-12
lar-higher-ed-discovery-system-350a44a5a42f,lar-higher-ed,Index of /wp-content/plugins/gravityforms/assets/,research,https://services.lar.ac.ir/wp-content/plugins/gravityforms/assets/?MA,research-portal-discovery,https://services.lar.ac.ir/wp-content/plugins/gravityforms/assets/,verified,2026-08-12
lar-higher-ed-discovery-system-226ab60916bd,lar-higher-ed,Index of /wp-content/plugins/gravityforms/assets/,research,https://services.lar.ac.ir/wp-content/plugins/gravityforms/assets/?SA,research-portal-discovery,https://services.lar.ac.ir/wp-content/plugins/gravityforms/assets/,verified,2026-08-12
lar-higher-ed-discovery-system-b8c0ab46b151,lar-higher-ed,Index of /wp-content/plugins/gravityforms/assets/css/,research,https://services.lar.ac.ir/wp-content/plugins/gravityforms/assets/css/,research-portal-discovery,https://services.lar.ac.ir/wp-content/plugins/gravityforms/assets/,verified,2026-08-12
lar-higher-ed-discovery-system-0a28a6b1c2d2,lar-higher-ed,خدمات مجتمع آموزش عالی لارستان,research,https://services.lar.ac.ir/,research-portal-discovery,https://lar.ac.ir/,verified,2026-08-12
lar-higher-ed-discovery-system-e96c9ee53232,lar-higher-ed,اتاق لباسشویی | خدمات مجتمع آموزش عالی لارستان,research,https://services.lar.ac.ir/?page_id=1007,research-portal-discovery,https://services.lar.ac.ir/,verified,2026-08-12
lar-higher-ed-discovery-system-6654206b8678,lar-higher-ed,اتاق لباسشویی | خدمات مجتمع آموزش عالی لارستان,research,https://services.lar.ac.ir/?%20page_id=1007,research-portal-discovery,https://services.lar.ac.ir/,verified,2026-08-12
lar-higher-ed-discovery-system-d0e5e70b77a7,lar-higher-ed,سایت رایانه | خدمات مجتمع آموزش عالی لارستان,research,https://services.lar.ac.ir/?page_id=1359,research-portal-discovery,https://services.lar.ac.ir/,verified,2026-08-12
lar-higher-ed-discovery-system-ed49223566e5,lar-higher-ed,سامانه یا خدمت پژوهشی,research,https://services.lar.ac.ir/wp-content/plugins/gravityforms/,research-portal-discovery,https://services.lar.ac.ir/?page_id=1007,verified,2026-08-12
lar-higher-ed-discovery-system-834001f8bf39,lar-higher-ed,سامانه یا خدمت پژوهشی,research,https://services.lar.ac.ir/wp-content/plugins/gravityforms/images/,research-portal-discovery,https://services.lar.ac.ir/?page_id=1007,verified,2026-08-12
lar-higher-ed-discovery-system-8b5bf9c0a4cf,lar-higher-ed,assets.php,research,https://services.lar.ac.ir/wp-content/plugins/gravityforms/assets/js/dist/assets.php,research-portal-discovery,https://services.lar.ac.ir/wp-content/plugins/gravityforms/assets/js/dist/,verified,2026-08-12
lar-higher-ed-discovery-system-5c327e1a18ed,lar-higher-ed,آزمایشگاه های علمی و پژوهشی | خدمات مجتمع آموزش عالی لارستان,laboratory,https://services.lar.ac.ir/?page_id=1370,research-portal-discovery,https://services.lar.ac.ir/,verified,2026-08-12
lar-higher-ed-discovery-system-1dcceeb37143,lar-higher-ed,سالن امتحانات | خدمات مجتمع آموزش عالی لارستان,research,https://services.lar.ac.ir/?page_id=1373,research-portal-discovery,https://services.lar.ac.ir/,verified,2026-08-12
lar-higher-ed-discovery-system-91b15b59ac81,lar-higher-ed,باشگاه بدنسازی | خدمات مجتمع آموزش عالی لارستان,research,https://services.lar.ac.ir/?page_id=1375,research-portal-discovery,https://services.lar.ac.ir/,verified,2026-08-12
gonabad-higher-ed-discovery-system-2ff581a3398d,gonabad-higher-ed,برگزاری کارگاه آموزشی با موضوع پدافند غیرعامل و تقویت تاب‌ آوری سامانه‌های آبی | مجتمع آموزش عالی گناباد,research,https://gonabad.ac.ir/%D8%A7%D8%AE%D8%A8%D8%A7%D8%B1%20%D9%BE%DA%98%D9%88%D9%87%D8%B4%DB%8C/%D8%A8%D8%B1%DA%AF%D8%B2%D8%A7%D8%B1%DB%8C-%DA%A9%D8%A7%D8%B1%DA%AF%D8%A7%D9%87-%D8%A2%D9%85%D9%88%D8%B2%D8%B4%DB%8C-%D8%A8%D8%A7-%D9%85%D9%88%D8%B6%D9%88%D8%B9-%D9%BE%D8%AF%D8%A7%D9%81%D9%86%D8%AF-%D8%BA%DB%8C%D8%B1%D8%B9%D8%A7%D9%85%D9%84-%D9%88-%D8%AA%D9%82%D9%88%DB%8C%D8%AA-%D8%AA%D8%A7%D8%A8%E2%80%8C-%D8%A2%D9%88%D8%B1%DB%8C-%D8%B3%D8%A7%D9%85%D8%A7%D9%86%D9%87%E2%80%8C%D9%87%D8%A7%DB%8C-%D8%A2%D8%A8%DB%8C,research-portal-discovery,https://gonabad.ac.ir/,verified,2026-08-12
gonabad-higher-ed-discovery-system-cb9f45924457,gonabad-higher-ed,سامانه های مرتبط | مجتمع آموزش عالی گناباد,research,https://gonabad.ac.ir/%D8%B3%D8%A7%D9%85%D8%A7%D9%86%D9%87-%D9%87%D8%A7%DB%8C-%D9%85%D8%B1%D8%AA%D8%A8%D8%B7,research-portal-discovery,https://gonabad.ac.ir/,verified,2026-08-12
gonabad-higher-ed-discovery-system-567842eb9b7d,gonabad-higher-ed,سامانه انتقادات و پیشنهادات – کتابخانه مرکزی مجتمع آموزش عالی گناباد,library,https://lib.gonabad.ac.ir/%d8%b3%d8%a7%d9%85%d8%a7%d9%86%d9%87-%d8%a7%d9%86%d8%aa%d9%82%d8%a7%d8%af%d8%a7%d8%aa-%d9%88-%d9%be%db%8c%d8%b4%d9%86%d9%87%d8%a7%d8%af%d8%a7%d8%aa/,research-portal-discovery,https://lib.gonabad.ac.ir/,verified,2026-08-12
gonabad-higher-ed-discovery-system-ea14f1e67520,gonabad-higher-ed,نمایش مختصر - کتابخانه مرکزی مجتمع آموزش عالی گناباد,library,https://library.gonabad.ac.ir/site/search/advanced?docType=TF,research-portal-discovery,https://library.gonabad.ac.ir/faces/home.jspx,verified,2026-08-12
gonabad-higher-ed-discovery-system-434fcfd823e4,gonabad-higher-ed,برگزاری کلاس ها از طریق سامانه آموزش مجازی دانشگاه | مجتمع آموزش عالی گناباد,research,https://gonabad.ac.ir/EdNews/%D8%A8%D8%B1%DA%AF%D8%B2%D8%A7%D8%B1%DB%8C-%DA%A9%D9%84%D8%A7%D8%B3-%D9%87%D8%A7-%D8%A7%D8%B2-%D8%B7%D8%B1%DB%8C%D9%82-%D8%B3%D8%A7%D9%85%D8%A7%D9%86%D9%87-%D8%A2%D9%85%D9%88%D8%B2%D8%B4-%D9%85%D8%AC%D8%A7%D8%B2%DB%8C-%D8%AF%D8%A7%D9%86%D8%B4%DA%AF%D8%A7%D9%87,research-portal-discovery,https://gonabad.ac.ir/,verified,2026-08-12
gonabad-higher-ed-discovery-system-54b3a45279fb,gonabad-higher-ed,جلسه کمیته نظارت بر نشریات دانشگاهی برگزار شد. | مجتمع آموزش عالی گناباد,journals,https://gonabad.ac.ir/news/%D8%AC%D9%84%D8%B3%D9%87-%DA%A9%D9%85%DB%8C%D8%AA%D9%87-%D9%86%D8%B8%D8%A7%D8%B1%D8%AA-%D8%A8%D8%B1-%D9%86%D8%B4%D8%B1%DB%8C%D8%A7%D8%AA-%D8%AF%D8%A7%D9%86%D8%B4%DA%AF%D8%A7%D9%87%DB%8C-%D8%A8%D8%B1%DA%AF%D8%B2%D8%A7%D8%B1-%D8%B4%D8%AF%C2%B7,research-portal-discovery,https://gonabad.ac.ir/,verified,2026-08-12
gonabad-higher-ed-discovery-system-f69b49b3b7c3,gonabad-higher-ed,برگزاری نشست هم‌اندیشی مدیران مسئول نشریات پژوهشی با مسئولان دانشگاه دانشگاه گناباد برگزار شد. | مجتمع آموزش عالی گناباد,journals,https://gonabad.ac.ir/%D8%A7%D8%AE%D8%A8%D8%A7%D8%B1-%D9%BE%DA%98%D9%88%D9%87%D8%B4%DB%8C/%D8%A8%D8%B1%DA%AF%D8%B2%D8%A7%D8%B1%DB%8C-%D9%86%D8%B4%D8%B3%D8%AA-%D9%87%D9%85%E2%80%8C%D8%A7%D9%86%D8%AF%DB%8C%D8%B4%DB%8C-%D9%85%D8%AF%DB%8C%D8%B1%D8%A7%D9%86-%D9%85%D8%B3%D8%A6%D9%88%D9%84-%D9%86%D8%B4%D8%B1%DB%8C%D8%A7%D8%AA-%D9%BE%DA%98%D9%88%D9%87%D8%B4%DB%8C-%D8%A8%D8%A7-%D9%85%D8%B3%D8%A6%D9%88%D9%84%D8%A7%D9%86-%D8%AF%D8%A7%D9%86%D8%B4%DA%AF%D8%A7%D9%87-%D8%AF%D8%A7%D9%86%D8%B4%DA%AF%D8%A7%D9%87-%DA%AF%D9%86%D8%A7%D8%A8%D8%A7%D8%AF-%D8%A8%D8%B1%DA%AF%D8%B2%D8%A7%D8%B1-%D8%B4%D8%AF%C2%B7,research-portal-discovery,https://gonabad.ac.ir/,verified,2026-08-12
gonabad-higher-ed-discovery-system-5aae95b4ad49,gonabad-higher-ed,برگزاری جلسه بررسی سامانه مدیریت قنات؛ میراب در مرکز فناوری آب و قنات دانشگاه گنــاباد | مجتمع آموزش عالی گناباد,research,https://gonabad.ac.ir/%D8%A7%D8%AE%D8%A8%D8%A7%D8%B1-%D9%BE%DA%98%D9%88%D9%87%D8%B4%DB%8C/%D8%A8%D8%B1%DA%AF%D8%B2%D8%A7%D8%B1%DB%8C-%D8%AC%D9%84%D8%B3%D9%87-%D8%A8%D8%B1%D8%B1%D8%B3%DB%8C-%D8%B3%D8%A7%D9%85%D8%A7%D9%86%D9%87-%D9%85%D8%AF%DB%8C%D8%B1%DB%8C%D8%AA-%D9%82%D9%86%D8%A7%D8%AA%D8%9B-%D9%85%DB%8C%D8%B1%D8%A7%D8%A8-%D8%AF%D8%B1-%D9%85%D8%B1%DA%A9%D8%B2-%D9%81%D9%86%D8%A7%D9%88%D8%B1%DB%8C-%D8%A2%D8%A8-%D9%88-%D9%82%D9%86%D8%A7%D8%AA-%D8%AF%D8%A7%D9%86%D8%B4%DA%AF%D8%A7%D9%87-%DA%AF%D9%86%D9%80%D9%80%D8%A7%D8%A8%D8%A7%D8%AF,research-portal-discovery,https://gonabad.ac.ir/,verified,2026-08-12
gonabad-higher-ed-discovery-system-e1b35f0401fb,gonabad-higher-ed,اطلاعیه مهم در خصوص راهنمای سامانه آموزش مجازی دانشگاه | مجتمع آموزش عالی گناباد,research,https://gonabad.ac.ir/%D8%A7%D8%B7%D9%84%D8%A7%D8%B9%DB%8C%D9%87-%D9%87%D8%A7/%D8%A7%D8%B7%D9%84%D8%A7%D8%B9%DB%8C%D9%87-%D9%85%D9%87%D9%85-%D8%AF%D8%B1-%D8%AE%D8%B5%D9%88%D8%B5-%D8%B1%D8%A7%D9%87%D9%86%D9%85%D8%A7%DB%8C-%D8%B3%D8%A7%D9%85%D8%A7%D9%86%D9%87-%D8%A2%D9%85%D9%88%D8%B2%D8%B4-%D9%85%D8%AC%D8%A7%D8%B2%DB%8C-%D8%AF%D8%A7%D9%86%D8%B4%DA%AF%D8%A7%D9%87,research-portal-discovery,https://gonabad.ac.ir/,verified,2026-08-12
gonabad-higher-ed-discovery-system-cc64c34a441a,gonabad-higher-ed,برگزاری نشست هماهنگی انتخاب قنات‌های پایلوت سامانه «میراب» | مجتمع آموزش عالی گناباد,research,https://gonabad.ac.ir/%D8%A7%D8%AE%D8%A8%D8%A7%D8%B1/%D8%A8%D8%B1%DA%AF%D8%B2%D8%A7%D8%B1%DB%8C-%D9%86%D8%B4%D8%B3%D8%AA-%D9%87%D9%85%D8%A7%D9%87%D9%86%DA%AF%DB%8C-%D8%A7%D9%86%D8%AA%D8%AE%D8%A7%D8%A8-%D9%82%D9%86%D8%A7%D8%AA%E2%80%8C%D9%87%D8%A7%DB%8C-%D9%BE%D8%A7%DB%8C%D9%84%D9%88%D8%AA-%D8%B3%D8%A7%D9%85%D8%A7%D9%86%D9%87-%C2%AB%D9%85%DB%8C%D8%B1%D8%A7%D8%A8%C2%BB,research-portal-discovery,https://gonabad.ac.ir/,verified,2026-08-12
neyshabur-discovery-system-651a3150f6ed,neyshabur,پایان‌نامه,research,https://vcar.neyshabur.ac.ir/fa/tag/1783/%D9%BE%D8%A7%DB%8C%D8%A7%D9%86%E2%80%8C%D9%86%D8%A7%D9%85%D9%87,research-portal-discovery,https://vcar.neyshabur.ac.ir/fa/page/412/%D8%B1%D8%A7%D9%87%D9%86%D9%85%D8%A7-%D9%88-%D8%AF%D8%B3%D8%AA%D9%88%D8%B1%D8%A7%D9%84%D8%B9%D9%85%D9%84-%D9%86%DA%AF%D8%A7%D8%B1%D8%B4-%D9%BE%D8%A7%DB%8C%D8%A7%D9%86-%D9%86%D8%A7%D9%85%D9%87,verified,2026-08-12
neyshabur-discovery-system-34992a70fee9,neyshabur,پایان نامه,research,https://vcar.neyshabur.ac.ir/fa/tag/1792/%D9%BE%D8%A7%DB%8C%D8%A7%D9%86+%D9%86%D8%A7%D9%85%D9%87,research-portal-discovery,https://vcar.neyshabur.ac.ir/fa/page/415/%D8%B1%D8%A7%D9%87%D9%86%D9%85%D8%A7%DB%8C-%D9%BE%D8%B1%D8%AF%D8%A7%D8%AE%D8%AA-%D9%87%D8%B2%DB%8C%D9%86%D9%87-%D9%87%D8%A7%DB%8C-%D9%BE%D8%A7%DB%8C%D8%A7%D9%86-%D9%86%D8%A7%D9%85%D9%87-%D9%88-%D8%B4%D8%B1%DA%A9%D8%AA-%D8%AF%D8%B1-%DA%A9%D9%86%D9%81%D8%B1%D8%A7%D9%86%D8%B3,verified,2026-08-12
neyshabur-discovery-system-5533d59666e0,neyshabur,راهنما و دستورالعمل نگارش پایان‌نامه - معاونت آموزشی و پژوهشی دانشگاه نیشابور,research,https://vcar.neyshabur.ac.ir/fa/page/412/%D8%B1%D8%A7%D9%87%D9%86%D9%85%D8%A7-%D9%88-%D8%AF%D8%B3%D8%AA%D9%88%D8%B1%D8%A7%D9%84%D8%B9%D9%85%D9%84-%D9%86%DA%AF%D8%A7%D8%B1%D8%B4-%D9%BE%D8%A7%DB%8C%D8%A7%D9%86-%D9%86%D8%A7%D9%85%D9%87,research-portal-discovery,https://vcar.neyshabur.ac.ir/fa/page/185/%D9%85%D8%B9%D8%B1%D9%81%DB%8C-%D8%B4%D9%88%D8%B1%D8%A7%DB%8C-%D9%BE%DA%98%D9%88%D9%87%D8%B4%DB%8C-%D8%AF%D8%A7%D9%86%D8%B4%DA%AF%D8%A7%D9%87,verified,2026-08-12
neyshabur-discovery-system-c8c675c8b445,neyshabur,راهنمای تصویب پایان‌نامه یا پروپوزال کارشناسی ارشد - معاونت آموزشی و پژوهشی دانشگاه نیشابور,research,https://vcar.neyshabur.ac.ir/fa/page/408/%D8%B1%D8%A7%D9%87%D9%86%D9%85%D8%A7%DB%8C-%D8%AA%D8%B5%D9%88%DB%8C%D8%A8-%D9%BE%D8%A7%DB%8C%D8%A7%D9%86-%D9%86%D8%A7%D9%85%D9%87-%DB%8C%D8%A7-%D9%BE%D8%B1%D9%88%D9%BE%D9%88%D8%B2%D8%A7%D9%84-%DA%A9%D8%A7%D8%B1%D8%B4%D9%86%D8%A7%D8%B3%DB%8C-%D8%A7%D8%B1%D8%B4%D8%AF,research-portal-discovery,https://vcar.neyshabur.ac.ir/fa/page/185/%D9%85%D8%B9%D8%B1%D9%81%DB%8C-%D8%B4%D9%88%D8%B1%D8%A7%DB%8C-%D9%BE%DA%98%D9%88%D9%87%D8%B4%DB%8C-%D8%AF%D8%A7%D9%86%D8%B4%DA%AF%D8%A7%D9%87,verified,2026-08-12
neyshabur-discovery-system-b34af0721576,neyshabur,راهنمای مراحل دفاع از پایان‌نامه - معاونت آموزشی و پژوهشی دانشگاه نیشابور,research,https://vcar.neyshabur.ac.ir/fa/page/410/%D8%B1%D8%A7%D9%87%D9%86%D9%85%D8%A7%DB%8C-%D9%85%D8%B1%D8%A7%D8%AD%D9%84-%D8%AF%D9%81%D8%A7%D8%B9-%D8%A7%D8%B2-%D9%BE%D8%A7%DB%8C%D8%A7%D9%86-%D9%86%D8%A7%D9%85%D9%87,research-portal-discovery,https://vcar.neyshabur.ac.ir/fa/page/185/%D9%85%D8%B9%D8%B1%D9%81%DB%8C-%D8%B4%D9%88%D8%B1%D8%A7%DB%8C-%D9%BE%DA%98%D9%88%D9%87%D8%B4%DB%8C-%D8%AF%D8%A7%D9%86%D8%B4%DA%AF%D8%A7%D9%87,verified,2026-08-12
neyshabur-discovery-system-8da8b97b158e,neyshabur,راهنمای پرداخت هزینه های پایان نامه و شرکت در کنفرانس - معاونت آموزشی و پژوهشی دانشگاه نیشابور,research,https://vcar.neyshabur.ac.ir/fa/page/415/%D8%B1%D8%A7%D9%87%D9%86%D9%85%D8%A7%DB%8C-%D9%BE%D8%B1%D8%AF%D8%A7%D8%AE%D8%AA-%D9%87%D8%B2%DB%8C%D9%86%D9%87-%D9%87%D8%A7%DB%8C-%D9%BE%D8%A7%DB%8C%D8%A7%D9%86-%D9%86%D8%A7%D9%85%D9%87-%D9%88-%D8%B4%D8%B1%DA%A9%D8%AA-%D8%AF%D8%B1-%DA%A9%D9%86%D9%81%D8%B1%D8%A7%D9%86%D8%B3,research-portal-discovery,https://vcar.neyshabur.ac.ir/fa/page/185/%D9%85%D8%B9%D8%B1%D9%81%DB%8C-%D8%B4%D9%88%D8%B1%D8%A7%DB%8C-%D9%BE%DA%98%D9%88%D9%87%D8%B4%DB%8C-%D8%AF%D8%A7%D9%86%D8%B4%DA%AF%D8%A7%D9%87,verified,2026-08-12
neyshabur-discovery-system-0d5eaa802397,neyshabur,راهنمای مراحل تعیین و انتخاب استاد راهنما و استاد مشاور پایان نامه - معاونت آموزشی و پژوهشی دانشگاه نیشابور,research,https://vcar.neyshabur.ac.ir/fa/page/743/%D8%B1%D8%A7%D9%87%D9%86%D9%85%D8%A7%DB%8C-%D9%85%D8%B1%D8%A7%D8%AD%D9%84-%D8%AA%D8%B9%DB%8C%DB%8C%D9%86-%D9%88-%D8%A7%D9%86%D8%AA%D8%AE%D8%A7%D8%A8-%D8%A7%D8%B3%D8%AA%D8%A7%D8%AF-%D8%B1%D8%A7%D9%87%D9%86%D9%85%D8%A7-%D9%88-%D8%A7%D8%B3%D8%AA%D8%A7%D8%AF-%D9%85%D8%B4%D8%A7%D9%88%D8%B1-%D9%BE%D8%A7%DB%8C%D8%A7%D9%86-%D9%86%D8%A7%D9%85%D9%87,research-portal-discovery,https://vcar.neyshabur.ac.ir/fa/page/412/%D8%B1%D8%A7%D9%87%D9%86%D9%85%D8%A7-%D9%88-%D8%AF%D8%B3%D8%AA%D9%88%D8%B1%D8%A7%D9%84%D8%B9%D9%85%D9%84-%D9%86%DA%AF%D8%A7%D8%B1%D8%B4-%D9%BE%D8%A7%DB%8C%D8%A7%D9%86-%D9%86%D8%A7%D9%85%D9%87,verified,2026-08-12
neyshabur-discovery-system-4d22b6ccbb03,neyshabur,سوالات پرتکرار سامانه - معاونت آموزشی و پژوهشی دانشگاه نیشابور,research,https://vcar.neyshabur.ac.ir/fa/page/838/%D8%B3%D9%88%D8%A7%D9%84%D8%A7%D8%AA-%D9%BE%D8%B1%D8%AA%DA%A9%D8%B1%D8%A7%D8%B1-%D8%B3%D8%A7%D9%85%D8%A7%D9%86%D9%87,research-portal-discovery,https://vcar.neyshabur.ac.ir/fa/page/185/%D9%85%D8%B9%D8%B1%D9%81%DB%8C-%D8%B4%D9%88%D8%B1%D8%A7%DB%8C-%D9%BE%DA%98%D9%88%D9%87%D8%B4%DB%8C-%D8%AF%D8%A7%D9%86%D8%B4%DA%AF%D8%A7%D9%87,verified,2026-08-12
eghlid-higher-ed-discovery-system-612980054e89,eghlid-higher-ed,سامانه صندوق رفاه وزارت علوم فعال شد - مرکز آموزش عالی اقلید,research,https://www.eghlid.ac.ir/%d8%b3%d8%a7%d9%85%d8%a7%d9%86%d9%87-%d8%b5%d9%86%d8%af%d9%88%d9%82-%d8%b1%d9%81%d8%a7%d9%87-%d9%88%d8%b2%d8%a7%d8%b1%d8%aa-%d8%b9%d9%84%d9%88%d9%85-%d9%81%d8%b9%d8%a7%d9%84-%d8%b4%d8%af/,research-portal-discovery,https://eghlid.ac.ir/,verified,2026-08-12
isfahan-technology-discovery-system-16c466e81e8a,isfahan-technology,کمیته علم سنجی | معاونت پژوهش و فناوری,research,https://research.iut.ac.ir/fa/scientometrics,research-portal-discovery,https://research.iut.ac.ir/fa/scientometrics/1749,verified,2026-08-12
isfahan-technology-discovery-system-eecfe650c80d,isfahan-technology,فهرست نشریات | معاونت پژوهش و فناوری,journals,https://research.iut.ac.ir/fa/scientometrics/1750,research-portal-discovery,https://research.iut.ac.ir/fa,verified,2026-08-12
isfahan-technology-discovery-system-b9b1f11bce5c,isfahan-technology,فرایند ثبت کتاب ها و مجلات در سامانه گلستان | معاونت پژوهش و فناوری,research,https://research.iut.ac.ir/fa/dgr/2922,research-portal-discovery,https://research.iut.ac.ir/fa,verified,2026-08-12
isfahan-technology-discovery-system-4d08a795d556,isfahan-technology,پايان نامه برتر آقاي مهندس رضايي در برنامه پارسا شبكه يك صدا و سیما | معاونت پژوهش و فناوری,research,https://research.iut.ac.ir/fa/tico/2717,research-portal-discovery,https://research.iut.ac.ir/fa/tico,verified,2026-08-12
shahrood-technology-discovery-system-c525b786371d,shahrood-technology,سامانه مدیریت نشریات علمی دانشگاه صنعتی شاهرود,journals,https://journals.shahroodut.ac.ir/,research-portal-discovery,https://www.shahroodut.ac.ir/fa/sec/index.php?id=11,verified,2026-08-12
shahrood-technology-discovery-system-f9bf13782d82,shahrood-technology,سامانه مدیریت نشریات علمی دانشگاه صنعتی شاهرود,journals,https://journals.shahroodut.ac.ir/rss,research-portal-discovery,https://journals.shahroodut.ac.ir/,verified,2026-08-12
shahrood-technology-discovery-system-5b81dc12e9ba,shahrood-technology,سامانه مدیریت نشریات علمی دانشگاه صنعتی شاهرود,journals,https://journals.shahroodut.ac.ir/years.html,research-portal-discovery,https://journals.shahroodut.ac.ir/,verified,2026-08-12
shahrood-technology-discovery-system-6321e0beb4ad,shahrood-technology,سامانه مدیریت نشریات علمی دانشگاه صنعتی شاهرود,journals,https://journals.shahroodut.ac.ir/contact.us,research-portal-discovery,https://journals.shahroodut.ac.ir/,verified,2026-08-12
shiraz-technology-discovery-system-92bc7dc1be47,shiraz-technology,قرارداد اجرای سامانه هوشمند نظارت بر بازار مرغ استان فارس با مشارکت دانشگاه صنعتی شیراز - SUTech Site,industry,https://sutech.ac.ir/smart-poultry-system,research-portal-discovery,https://sutech.ac.ir/%d9%85%d8%b9%d8%a7%d9%88%d9%86%d8%aa-%d9%be%da%98%d9%88%d9%87%d8%b4-%d9%88-%d9%81%d9%86%d8%a7%d9%88%d8%b1%db%8c,verified,2026-08-12
shiraz-technology-discovery-system-896cf254f9bd,shiraz-technology,راه‌اندازی سامانه فضای ابری دانشگاه صنعتی شیراز؛ گامی نوین در مسیر استقلال و تحول دیجیتال - SUTech Site,industry,https://sutech.ac.ir/%d8%b1%d8%a7%d9%87%d8%a7%d9%86%d8%af%d8%a7%d8%b2%db%8c-%d8%b3%d8%a7%d9%85%d8%a7%d9%86%d9%87-%d9%81%d8%b6%d8%a7%db%8c-%d8%a7%d8%a8%d8%b1%db%8c-%d8%af%d8%a7%d9%86%d8%b4%da%af%d8%a7%d9%87-%d8%b5-2,research-portal-discovery,https://sutech.ac.ir/%d9%85%d8%b9%d8%a7%d9%88%d9%86%d8%aa-%d9%be%da%98%d9%88%d9%87%d8%b4-%d9%88-%d9%81%d9%86%d8%a7%d9%88%d8%b1%db%8c,verified,2026-08-12
shiraz-technology-discovery-system-cf84ad606ad7,shiraz-technology,سامانه دانش‌بنیان «ره‌آوا» با محوریت دانشگاه صنعتی شیراز - SUTech Site,industry,https://sutech.ac.ir/%d8%b3%d8%a7%d9%85%d8%a7%d9%86%d9%87-%d8%af%d8%a7%d9%86%d8%b4%d8%a8%d9%86%db%8c%d8%a7%d9%86-%d8%b1%d9%87%d8%a2%d9%88%d8%a7-%d8%a8%d8%a7-%d9%85%d8%ad%d9%88%d8%b1%db%8c,research-portal-discovery,https://sutech.ac.ir/%d9%85%d8%b9%d8%a7%d9%88%d9%86%d8%aa-%d9%be%da%98%d9%88%d9%87%d8%b4-%d9%88-%d9%81%d9%86%d8%a7%d9%88%d8%b1%db%8c,verified,2026-08-12
kgut-discovery-system-ff57495e650e,kgut,دانشگاه تحصیلات تکمیلی صنعتی و فناوری پیشرفته | پایان نامه ها,industry,https://it.kgut.ac.ir:8443/index.jsp?siteid=1&fkeyid=&siteid=1&pageid=2296,research-portal-discovery,https://it.kgut.ac.ir:8443/index.jsp?siteid=1&fkeyid=&siteid=1&pageid=1303,verified,2026-08-12
kgut-discovery-system-5861a1255588,kgut,دانشگاه تحصیلات تکمیلی صنعتی و فناوری پیشرفته | پایان نامه ها,industry,https://sanat.kgut.ac.ir/index.jsp?siteid=1&fkeyid=&siteid=1&pageid=2296,research-portal-discovery,https://sanat.kgut.ac.ir/index.jsp?siteid=1&fkeyid=&siteid=1&pageid=1303,verified,2026-08-12
qochan-technology-discovery-system-ba957d1d05da,qochan-technology,آیین‌نامه‌ها و فرم‌ها- نشریات,journals,https://research.qiet.ac.ir/fa/regulation/category/19/%D9%86%D8%B4%D8%B1%DB%8C%D8%A7%D8%AA,research-portal-discovery,https://research.qiet.ac.ir/fa,verified,2026-08-12
jundi-shapur-dezful-discovery-system-5b0e20c9ed85,jundi-shapur-dezful,کمک‌های مالی به نشریات دانشجویی 2 برابر افزایش یافت - دانشگاه صنعتی جندی شاپور دزفول,journals,https://jsu.ac.ir/w/%DA%A9%D9%85%DA%A9%E2%80%8C%D9%87%D8%A7%DB%8C-%D9%85%D8%A7%D9%84%DB%8C-%D8%A8%D9%87-%D9%86%D8%B4%D8%B1%DB%8C%D8%A7%D8%AA-%D8%AF%D8%A7%D9%86%D8%B4%D8%AC%D9%88%DB%8C%DB%8C-2-%D8%A8%D8%B1%D8%A7%D8%A8%D8%B1-%D8%A7%D9%81%D8%B2%D8%A7%DB%8C%D8%B4-%DB%8C%D8%A7,research-portal-discovery,https://jsu.ac.ir/fa/web/guest/director-of-research-affairs,verified,2026-08-12
jundi-shapur-dezful-discovery-system-8d1d670b04d5,jundi-shapur-dezful,سامانه صحت‌سنجی مدارک تحصیلی؛ پایان دوران مدارک جعلی در استخدام‌ها - دانشگاه صنعتی جندی شاپور دزفول,industry,https://jsu.ac.ir/w/%D8%B3%D8%A7%D9%85%D8%A7%D9%86%D9%87-%D8%B5%D8%AD%D8%AA%E2%80%8C%D8%B3%D9%86%D8%AC%DB%8C-%D9%85%D8%AF%D8%A7%D8%B1%DA%A9-%D8%AA%D8%AD%D8%B5%DB%8C%D9%84%DB%8C%D8%9B-%D9%BE%D8%A7%DB%8C%D8%A7%D9%86-%D8%AF%D9%88%D8%B1%D8%A7%D9%86-%D9%85%D8%AF%D8%A7%D8%B1%DA%A9,research-portal-discovery,https://jsu.ac.ir/fa/web/guest/director-of-research-affairs,verified,2026-08-12
khatam-behbahan-discovery-system-d3754a9595d9,khatam-behbahan,سامانه پژوهشی دانشگاه صنعتی خاتم الانبیاء بهبهان | Meshless Optimal Control of Parabolic Systems Using Physics-Informed Neural Networks,industry,https://research.bkatu.ac.ir/_Pages/Research.aspx?Id=35034,research-portal-discovery,https://research.bkatu.ac.ir/_Pages/Researcher.aspx?ID=1559&Tab=3,verified,2026-08-12
khatam-behbahan-discovery-system-07adf33e61ba,khatam-behbahan,سامانه مدیریت امور پژوهشی دانشگاه صنعتی خاتم الانبیاء بهبهان | سیده سمیه چاشیانی | مقاله چاپ‌شده,industry,https://research.bkatu.ac.ir/_Pages/Researcher.aspx?ID=419&Tab=5,research-portal-discovery,https://research.bkatu.ac.ir/_Pages/Researcher.aspx?ID=419&Tab=1,verified,2026-08-12
khatam-behbahan-discovery-system-516a48192b48,khatam-behbahan,سامانه مدیریت امور پژوهشی دانشگاه صنعتی خاتم الانبیاء بهبهان | مجید دره میرکی | مقاله چاپ‌شده,industry,https://research.bkatu.ac.ir/_Pages/Researcher.aspx?ID=1559&Tab=5,research-portal-discovery,https://research.bkatu.ac.ir/_Pages/Researcher.aspx?ID=1559&Tab=1,verified,2026-08-12
khatam-behbahan-discovery-system-004c81f273df,khatam-behbahan,سامانه مدیریت امور پژوهشی دانشگاه صنعتی خاتم الانبیاء بهبهان | آزاده باستانی | مقاله چاپ‌شده,industry,https://research.bkatu.ac.ir/_Pages/Researcher.aspx?ID=323&Tab=5,research-portal-discovery,https://research.bkatu.ac.ir/_Pages/Researcher.aspx?ID=323&Tab=1,verified,2026-08-12
khatam-behbahan-discovery-system-cff195387bdc,khatam-behbahan,سامانه مدیریت امور پژوهشی دانشگاه صنعتی خاتم الانبیاء بهبهان | زهرا بهمنی کوخدان | مقاله چاپ‌شده,industry,https://research.bkatu.ac.ir/_Pages/Researcher.aspx?ID=327&Tab=5,research-portal-discovery,https://research.bkatu.ac.ir/_Pages/Researcher.aspx?ID=327&Tab=1,verified,2026-08-12
khatam-behbahan-discovery-system-3311cebc2bc1,khatam-behbahan,سامانه مدیریت امور پژوهشی دانشگاه صنعتی خاتم الانبیاء بهبهان | شبنم روزی طلب | مقاله چاپ‌شده,industry,https://research.bkatu.ac.ir/_Pages/Researcher.aspx?ID=335&Tab=5,research-portal-discovery,https://research.bkatu.ac.ir/_Pages/Researcher.aspx?ID=335&Tab=1,verified,2026-08-12
sirjan-technology-discovery-system-e14175822d1a,sirjan-technology,💢💢اطلاعیه قطعی سامانه های الکترونیکی دانشگاه به دلیل تعمیرات - دانشگاه صنعتی سیرجان,industry,https://sirjantech.ac.ir/%f0%9f%92%a2%f0%9f%92%a2%d8%a7%d8%b7%d9%84%d8%a7%d8%b9%db%8c%d9%87-%d9%82%d8%b9%d8%b7%db%8c-%d8%b3%d8%a7%d9%85%d8%a7%d9%86%d9%87-%d9%87%d8%a7%db%8c-%d8%a7%d9%84%da%a9%d8%aa%d8%b1%d9%88%d9%86%db%8c/,research-portal-discovery,https://sirjantech.ac.ir/iran-national-museum-of-science-and-technology-launches-traveling-exhibition-for-research-and-technology-week/,verified,2026-08-12
sirjan-technology-discovery-system-8b7e51017eee,sirjan-technology,علم سنجی - دانشگاه صنعتی سیرجان,industry,https://sirjantech.ac.ir/%d8%b9%d9%84%d9%85-%d8%b3%d9%86%d8%ac%db%8c/,research-portal-discovery,https://sirjantech.ac.ir/%d9%85%d8%af%db%8c%d8%b1%db%8c%d8%aa-%d8%a7%d9%85%d9%88%d8%b1-%d9%be%da%98%d9%88%d9%87%d8%b4-%d9%88-%d9%81%d9%86%d8%a7%d9%88%d8%b1%db%8c/,verified,2026-08-12
sirjan-technology-discovery-system-9bab999896b8,sirjan-technology,کارگاه آشنایی با سامانه پردازش سریع ویژه اعضای محترم هیئت علمی و دانشجویان تحصیلات تکمیلی دانشگاههای وزارت علوم - دانشگاه صنعتی سیرجان,industry,https://sirjantech.ac.ir/%da%a9%d8%a7%d8%b1%da%af%d8%a7%d9%87-%d8%a2%d8%b4%d9%86%d8%a7%db%8c%db%8c-%d8%a8%d8%a7-%d8%b3%d8%a7%d9%85%d8%a7%d9%86%d9%87-%d9%be%d8%b1%d8%af%d8%a7%d8%b2%d8%b4-%d8%b3%d8%b1%db%8c%d8%b9-%d9%88%db%8c/,research-portal-discovery,https://sirjantech.ac.ir/iran-national-museum-of-science-and-technology-launches-traveling-exhibition-for-research-and-technology-week/,verified,2026-08-12
buin-zahra-higher-ed-discovery-system-d87410255e3f,buin-zahra-higher-ed,سامانه آموزشی | مرکز آموزش عالی فنی و مهندسی بوئین زهرا,research,https://www.bzte.ac.ir/blog/%D8%A7%D9%85%D9%88%D8%B1-%D9%81%D9%86%D8%A7%D9%88%D8%B1%DB%8C/294-%D8%B3%D8%A7%D9%85%D8%A7%D9%86%D9%87-%D8%A2%D9%85%D9%88%D8%B2%D8%B4%DB%8C.html,research-portal-discovery,https://www.bzte.ac.ir/blog/%D8%A7%D9%85%D9%88%D8%B1-%D9%81%D9%86%D8%A7%D9%88%D8%B1%DB%8C/42-%D9%85%D8%AF%DB%8C%D8%B1%DB%8C%D8%AA-%D9%81%D9%86%D8%A7%D8%B1%DB%8C-%D8%A7%D8%B7%D9%84%D8%A7%D8%B9%D8%A7%D8%AA-%D9%88-%D8%AE%D8%AF%D9%85%D8%A7%D8%AA-%D8%B1%D8%A7%DB%8C%D8%A7%D9%86%D9%87-%D8%A7%DB%8C.html,verified,2026-08-12
gorgan-agri-discovery-system-56edb7001123,gorgan-agri,سامانه مدیریت نشریات علمی دانشگاه علوم کشاورزی و منابع طبیعی گرگان,journals,https://j.gau.ac.ir/?aut,research-portal-discovery,https://j.gau.ac.ir/,verified,2026-08-12
gorgan-agri-discovery-system-02d672a9f353,gorgan-agri,سامانه مدیریت نشریات علمی دانشگاه علوم کشاورزی و منابع طبیعی گرگان,journals,https://j.gau.ac.ir/?adv,research-portal-discovery,https://j.gau.ac.ir/,verified,2026-08-12
sari-agri-discovery-system-740b3305a982,sari-agri,طراحی سامانه های زهکشی – انتشارات دانشگاه علوم کشاورزی و منابع طبیعی ساری,research,https://press.sanru.ac.ir/product/%d8%b7%d8%b1%d8%a7%d8%ad%db%8c-%d8%b3%d8%a7%d9%85%d8%a7%d9%86%d9%87-%d9%87%d8%a7%db%8c-%d8%b2%d9%87%da%a9%d8%b4%db%8c/,research-portal-discovery,https://press.sanru.ac.ir/,verified,2026-08-12
sari-agri-discovery-system-003624304972,sari-agri,شیرهای تنظیم جريان و انرژی در سامانه های آبی – انتشارات دانشگاه علوم کشاورزی و منابع طبیعی ساری,research,https://press.sanru.ac.ir/product/%d8%b4%db%8c%d8%b1%d9%87%d8%a7%db%8c-%d8%aa%d9%86%d8%b8%db%8c%d9%85-%d8%ac%d8%b1%d9%8a%d8%a7%d9%86-%d9%88-%d8%a7%d9%86%d8%b1%da%98%db%8c-%d8%af%d8%b1-%d8%b3%d8%a7%d9%85%d8%a7%d9%86%d9%87-%d9%87%d8%a7/,research-portal-discovery,https://press.sanru.ac.ir/,verified,2026-08-12
sari-agri-discovery-system-d8ab457547dd,sari-agri,ژن تجلي اسرار الهي در سامانه‌هاي زيستي – انتشارات دانشگاه علوم کشاورزی و منابع طبیعی ساری,research,https://press.sanru.ac.ir/product/%da%98%d9%86-%d8%aa%d8%ac%d9%84%d9%8a-%d8%a7%d8%b3%d8%b1%d8%a7%d8%b1-%d8%a7%d9%84%d9%87%d9%8a-%d8%af%d8%b1-%d8%b3%d8%a7%d9%85%d8%a7%d9%86%d9%87%d9%87%d8%a7%d9%8a-%d8%b2%d9%8a%d8%b3%d8%aa/,research-portal-discovery,https://press.sanru.ac.ir/,verified,2026-08-12
sari-agri-discovery-system-b2f2da33f552,sari-agri,کاربرد زیست شناسی سامانه ای در تولیدات و سلامت حیوانات – انتشارات دانشگاه علوم کشاورزی و منابع طبیعی ساری,research,https://press.sanru.ac.ir/product/%da%a9%d8%a7%d8%b1%d8%a8%d8%b1%d8%af-%d8%b2%db%8c%d8%b3%d8%aa-%d8%b4%d9%86%d8%a7%d8%b3%db%8c-%d8%b3%d8%a7%d9%85%d8%a7%d9%86%d9%87-%d8%a7%db%8c-%d8%af%d8%b1-%d8%aa%d9%88%d9%84%db%8c%d8%af%d8%a7%d8%aa/,research-portal-discovery,https://press.sanru.ac.ir/,verified,2026-08-12
tabriz-islamic-art-discovery-system-92f3178b8472,tabriz-islamic-art,برنامه دفاع پایان‌نامه‌های کارشناسی ارشد - دانشکده حفاظت آثار فرهنگی,research,https://fcmc.tabriziau.ac.ir/News/158/%D8%A8%D8%B1%D9%86%D8%A7%D9%85%D9%87-%D8%AF%D9%81%D8%A7%D8%B9-%D9%BE%D8%A7%DB%8C%D8%A7%D9%86%E2%80%8C%D9%86%D8%A7%D9%85%D9%87%E2%80%8C%D9%87%D8%A7%DB%8C-%DA%A9%D8%A7%D8%B1%D8%B4%D9%86%D8%A7%D8%B3%DB%8C-%D8%A7%D8%B1%D8%B4%D8%AF.html,research-portal-discovery,https://fcmc.tabriziau.ac.ir/?pageid=2&ID=8&BasesID=12,verified,2026-08-12
tabriz-islamic-art-discovery-system-3736888c1d8b,tabriz-islamic-art,نشریات دانشگاه - معاونت پژوهش،کارآفرینی و فناوری دانشگاه هنر اسلامی تبریز,journals,https://research.tabriziau.ac.ir/Page/29/%D9%86%D8%B4%D8%B1%DB%8C%D8%A7%D8%AA-%D8%AF%D8%A7%D9%86%D8%B4%DA%AF%D8%A7%D9%87.html,research-portal-discovery,https://research.tabriziau.ac.ir/?PageID=24,verified,2026-08-12
tabriz-islamic-art-discovery-system-bb8755af5b67,tabriz-islamic-art,نشریات دانشکده حفاظت آثار فرهنگی - دانشکده حفاظت آثار فرهنگی,journals,https://fcmc.tabriziau.ac.ir/Page/20/%D9%86%D8%B4%D8%B1%DB%8C%D8%A7%D8%AA-%D8%AF%D8%A7%D9%86%D8%B4%DA%A9%D8%AF%D9%87-%D8%AD%D9%81%D8%A7%D8%B8%D8%AA-%D8%A2%D8%AB%D8%A7%D8%B1-%D9%81%D8%B1%D9%87%D9%86%DA%AF%DB%8C-.html,research-portal-discovery,https://fcmc.tabriziau.ac.ir/?pageid=2&ID=8&BasesID=12,verified,2026-08-12
tabriz-islamic-art-discovery-system-34909862c469,tabriz-islamic-art,نشریات دانشجویی دانشکده حفاظت آثار فرهنگی - دانشکده حفاظت آثار فرهنگی,journals,https://fcmc.tabriziau.ac.ir/Page/50/%D9%86%D8%B4%D8%B1%DB%8C%D8%A7%D8%AA-%D8%AF%D8%A7%D9%86%D8%B4%D8%AC%D9%88%DB%8C%DB%8C-%D8%AF%D8%A7%D9%86%D8%B4%DA%A9%D8%AF%D9%87-%D8%AD%D9%81%D8%A7%D8%B8%D8%AA-%D8%A2%D8%AB%D8%A7%D8%B1-%D9%81%D8%B1%D9%87%D9%86%DA%AF%DB%8C.html,research-portal-discovery,https://fcmc.tabriziau.ac.ir/?pageid=2&ID=8&BasesID=12,verified,2026-08-12
tabriz-islamic-art-discovery-system-64eb08d46b22,tabriz-islamic-art,کسب رتبه الف در ارزیابی سال ۱٣٩٩ کمیسیون نشریات وزارت علوم، تحقیقات و فناوری توسط نشریه پژوهه باستان سنجی - دانشکده حفاظت آثار فرهنگی,journals,https://fcmc.tabriziau.ac.ir/News/80/%DA%A9%D8%B3%D8%A8-%D8%B1%D8%AA%D8%A8%D9%87-%D8%A7%D9%84%D9%81-%D8%AF%D8%B1-%D8%A7%D8%B1%D8%B2%DB%8C%D8%A7%D8%A8%DB%8C-%D8%B3%D8%A7%D9%84-%DB%B1%D9%A3%D9%A9%D9%A9-%DA%A9%D9%85%DB%8C%D8%B3%DB%8C%D9%88%D9%86-%D9%86%D8%B4%D8%B1%DB%8C%D8%A7%D8%AA-%D9%88%D8%B2%D8%A7%D8%B1%D8%AA-%D8%B9%D9%84%D9%88%D9%85%D8%8C-%D8%AA%D8%AD%D9%82%DB%8C%D9%82%D8%A7%D8%AA-%D9%88-%D9%81%D9%86%D8%A7%D9%88%D8%B1%DB%8C-%D8%AA%D9%88%D8%B3%D8%B7-%D9%86%D8%B4%D8%B1%DB%8C%D9%87-%D9%BE%DA%98%D9%88%D9%87%D9%87-%D8%A8%D8%A7%D8%B3%D8%AA%D8%A7%D9%86-%D8%B3%D9%86%D8%AC%DB%8C.html,research-portal-discovery,https://fcmc.tabriziau.ac.ir/?pageid=2&ID=8&BasesID=12,verified,2026-08-12
isfahan-art-discovery-system-3b87dfc6c7dc,isfahan-art,شيوه نامه نگارش و تدوين پايان نامه / رساله تحصيلات تكميلي (كارشناسي ارشد و دكتري),research,https://education.aui.ac.ir/page-moavenatamozeshow/FA/8/dorsaetoolsecommunique/8952-G0/%D8%B4%D9%8A%D9%88%D9%87-%D9%86%D8%A7%D9%85%D9%87-%D9%86%DA%AF%D8%A7%D8%B1%D8%B4-%D9%88-%D8%AA%D8%AF%D9%88%D9%8A%D9%86-%D9%BE%D8%A7%D9%8A%D8%A7%D9%86-%D9%86%D8%A7%D9%85%D9%87--%D8%B1%D8%B3%D8%A7%D9%84%D9%87-%D8%AA%D8%AD%D8%B5%D9%8A%D9%84%D8%A7%D8%AA,research-portal-discovery,https://education.aui.ac.ir/page-moavenatamozeshow/FA/8/list-dorsaetoolsecommunique/0139-G75/link/?Pcod=1,verified,2026-08-12
shiraz-art-discovery-system-96efebc973e1,shiraz-art,دانشگاه هنر شيراز | شرکت سامانه ساز مرواريد - 33,research,https://morvarid.shirazartu.ac.ir/,research-portal-discovery,https://shirazartu.ac.ir/?page_id=3248,verified,2026-08-12
payame-noor-discovery-system-363957161a56,payame-noor,فرم های دفتر تحقيقات و خدمات پژوهشي,research,https://research.pnu.ac.ir/fa-IR/research.pnu.ac/14795/page/%D9%81%D8%B1%D9%85-%D9%87%D8%A7%DB%8C-%D8%AF%D9%81%D8%AA%D8%B1-%D8%AA%D8%AD%D9%82%D9%8A%D9%82%D8%A7%D8%AA-%D9%88-%D8%AE%D8%AF%D9%85%D8%A7%D8%AA-%D9%BE%DA%98%D9%88%D9%87%D8%B4%D9%8A,research-portal-discovery,https://research.pnu.ac.ir/fa-IR/research.pnu.ac/6087/auth/accessDenied,verified,2026-08-12
payame-noor-discovery-system-a01ce0626a8b,payame-noor,سامانه مدیریت نشریات علمی دانشگاه پیام نور,journals,https://journals.pnu.ac.ir/contact.us,research-portal-discovery,https://journals.pnu.ac.ir/,verified,2026-08-12
payame-noor-discovery-system-5ae68207f178,payame-noor,سامانه مدیریت نشریات علمی دانشگاه پیام نور,journals,https://journals.pnu.ac.ir/rss,research-portal-discovery,https://journals.pnu.ac.ir/,verified,2026-08-12
payame-noor-discovery-system-fbb8d2c561b6,payame-noor,سامانه مدیریت نشریات علمی دانشگاه پیام نور,journals,https://journals.pnu.ac.ir/years.html,research-portal-discovery,https://journals.pnu.ac.ir/,verified,2026-08-12
farhangian-discovery-system-e8652e624845,farhangian,سامانه مدیریت نشریات علمی دانشگاه فرهنگیان,journals,https://journals.cfu.ac.ir/contact.us,research-portal-discovery,https://journals.cfu.ac.ir/,verified,2026-08-12
farhangian-discovery-system-cc97c7616fb6,farhangian,سامانه مدیریت نشریات علمی دانشگاه فرهنگیان,journals,https://journals.cfu.ac.ir/rss,research-portal-discovery,https://journals.cfu.ac.ir/,verified,2026-08-12
farhangian-discovery-system-76ff335f87f2,farhangian,سامانه مدیریت نشریات علمی دانشگاه فرهنگیان,journals,https://journals.cfu.ac.ir/years.html,research-portal-discovery,https://journals.cfu.ac.ir/,verified,2026-08-12
shahed-discovery-system-df3c1e81e19d,shahed,سامانه های وزارتین – معاونت پژوهش و فناوری,research,https://res.shahed.ac.ir/ministerial-systems/,research-portal-discovery,https://res.shahed.ac.ir/,verified,2026-08-12
shahed-discovery-system-7c8eea487e56,shahed,علم‌سنجی – مرکز اسناد و مدارک علمی,library,https://library.shahed.ac.ir/scientometrics/,research-portal-discovery,https://library.shahed.ac.ir/,verified,2026-08-12
shahed-discovery-system-d8fb9b2b41cc,shahed,سامانه بهستان – مدیریت امور پژوهشی,research,https://ram.shahed.ac.ir/samaneh-behestan/,research-portal-discovery,https://ram.shahed.ac.ir/,verified,2026-08-12
shahed-discovery-system-fe568e536a42,shahed,مرجع و نشریات ادواری – مرکز اسناد و مدارک علمی,journals,https://library.shahed.ac.ir/references-and-periodicals/,research-portal-discovery,https://library.shahed.ac.ir/,verified,2026-08-12
shahed-discovery-system-f2e5d79f4108,shahed,اطلاعیه درخصوص نحوه دسترسی به پایگاه‌های اطلاعاتی علمی از طریق سامانه مگاپیپر – مرکز اسناد و مدارک علمی,library,https://library.shahed.ac.ir/%d8%a7%d8%b7%d9%84%d8%a7%d8%b9%db%8c%d9%87-%d8%af%d8%b1%d8%ae%d8%b5%d9%88%d8%b5-%d9%86%d8%ad%d9%88%d9%87-%d8%af%d8%b3%d8%aa%d8%b1%d8%b3%db%8c-%d8%a8%d9%87-%d9%be%d8%a7%db%8c%da%af%d8%a7%d9%87/,research-portal-discovery,https://library.shahed.ac.ir/paged-2/2/?pp=env,verified,2026-08-12
shahed-discovery-system-d5bf27a704bb,shahed,خدمات فنی – مرکز اسناد و مدارک علمی,library,https://library.shahed.ac.ir/technical-services/,research-portal-discovery,https://library.shahed.ac.ir/,verified,2026-08-12
shahed-discovery-system-23754195bf73,shahed,وبینار آموزشی آشنایی با سامانه بهستان و نحوه اعتبارسنجی در پایگاه‌های استنادی ‎ – معاونت پژوهش و فناوری,research,https://res.shahed.ac.ir/%d9%88%d8%a8%db%8c%d9%86%d8%a7%d8%b1-%d8%a2%d9%85%d9%88%d8%b2%d8%b4%db%8c-%d8%a2%d8%b4%d9%86%d8%a7%db%8c%db%8c-%d8%a8%d8%a7-%d8%b3%d8%a7%d9%85%d8%a7%d9%86%d9%87-%d8%a8%d9%87%d8%b3%d8%aa%d8%a7%d9%86/,research-portal-discovery,https://res.shahed.ac.ir/,verified,2026-08-12
shahed-discovery-system-72fac1654fb8,shahed,مرکز رشد واحدهای فناور – معاونت پژوهش و فناوری,research,https://res.shahed.ac.ir/technology-systems-growth-center/,research-portal-discovery,https://res.shahed.ac.ir/,verified,2026-08-12
shahid-rajaee-discovery-system-b75cd0053c6e,shahid-rajaee,انتخاب پایان نامه های برگزیده از دانشگاه تربیت دبیر شهید رجایی در کنفرانس بین المللی انجمن رمز ایران | دانشگاه تربیت دبیر شهید رجایی,research,https://www.sru.ac.ir/%d8%a7%d9%86%d8%aa%d8%ae%d8%a7%d8%a8-%d9%be%d8%a7%db%8c%d8%a7%d9%86-%d9%86%d8%a7%d9%85%d9%87-%d9%87%d8%a7%db%8c-%d8%a8%d8%b1%da%af%d8%b2%db%8c%d8%af%d9%87-%d8%a7%d8%b2-%d8%af%d8%a7%d9%86%d8%b4%da%af/,research-portal-discovery,https://www.sru.ac.ir/%D9%85%D8%B9%D8%A7%D9%88%D9%86%D8%AA-%D9%BE%DA%98%D9%88%D9%87%D8%B4-%D9%88-%D9%81%D9%86%D8%A7%D9%88%D8%B1%DB%8C/page/4/,verified,2026-08-12
shahid-rajaee-discovery-system-f0eaf014c71e,shahid-rajaee,اعلام پروژه طراحی سامانه یکپارچه رشدی تربیتی (سیرت) توسط دانشگاه شهید رجایی برای دانش‌آموزان استثنایی به عنوان طرح برگزیده دانشگاه در کتابچه وزارت عتف سال ۱۴۰۴ | دانشگاه تربیت دبیر شهید رجایی,research,https://www.sru.ac.ir/%d8%a7%d8%b9%d9%84%d8%a7%d9%85-%d9%be%d8%b1%d9%88%da%98%d9%87-%d8%b7%d8%b1%d8%a7%d8%ad%db%8c-%d8%b3%d8%a7%d9%85%d8%a7%d9%86%d9%87-%db%8c%da%a9%d9%be%d8%a7%d8%b1%da%86%d9%87-%d8%b1%d8%b4%d8%af%db%8c/,research-portal-discovery,https://www.sru.ac.ir/%D9%85%D8%B9%D8%A7%D9%88%D9%86%D8%AA-%D9%BE%DA%98%D9%88%D9%87%D8%B4-%D9%88-%D9%81%D9%86%D8%A7%D9%88%D8%B1%DB%8C/page/3/,verified,2026-08-12
shahid-rajaee-discovery-system-5ed2de463a1b,shahid-rajaee,مشکل نمایه شدن نشریات در پایگاه ISC حل شد | دانشگاه تربیت دبیر شهید رجایی,journals,https://www.sru.ac.ir/%d9%85%d8%b4%da%a9%d9%84-%d9%86%d9%85%d8%a7%db%8c%d9%87-%d8%b4%d8%af%d9%86-%d9%86%d8%b4%d8%b1%db%8c%d8%a7%d8%aa-%d8%af%d8%b1-%d9%be%d8%a7%db%8c%da%af%d8%a7%d9%87-isc-%d8%ad%d9%84-%d8%b4%d8%af/,research-portal-discovery,https://www.sru.ac.ir/%d9%85%d8%b9%d8%a7%d9%88%d9%86%d8%aa-%d9%be%da%98%d9%88%d9%87%d8%b4-%d9%88-%d9%81%d9%86%d8%a7%d9%88%d8%b1%db%8c/page/7/,verified,2026-08-12
petroleum-discovery-system-8d5065627477,petroleum,راه اندازی سامانه علم سنجی,research,https://www.put.ac.ir/fa-IR/put/6677/news/view/19398/15148/Staging/%D8%B1%D8%A7%D9%87-%D8%A7%D9%86%D8%AF%D8%A7%D8%B2%DB%8C-%D8%B3%D8%A7%D9%85%D8%A7%D9%86%D9%87-%D8%B9%D9%84%D9%85-%D8%B3%D9%86%D8%AC%DB%8C,research-portal-discovery,https://www.put.ac.ir/fa-IR/PUT/6677/page/%D9%85%D8%B1%DA%A9%D8%B2-%D9%81%D9%86%D8%A7%D9%88%D8%B1%DB%8C-%D8%A7%D8%B7%D9%84%D8%A7%D8%B9%D8%A7%D8%AA-%D8%AF%D8%A7%D9%86%D8%B4%DA%AF%D8%A7%D9%87,verified,2026-08-12
petroleum-discovery-system-8a2d3e9e9ac8,petroleum,سامانه علم‌سنجی دانشگاه صنعت نفت,industry,https://scimet.put.ac.ir/Index.php,research-portal-discovery,https://scimet.put.ac.ir/,verified,2026-08-12
petroleum-discovery-system-f04f7d157090,petroleum,راه‌اندازی سامانه پشتیبانی خدمات فناوری اطلاعات(Help Desk),it,https://www.put.ac.ir/fa-IR/put/6677/news/view/19398/12136/Staging/%D8%B1%D8%A7%D9%87%E2%80%8C%D8%A7%D9%86%D8%AF%D8%A7%D8%B2%DB%8C-%D8%B3%D8%A7%D9%85%D8%A7%D9%86%D9%87-%D9%BE%D8%B4%D8%AA%DB%8C%D8%A8%D8%A7%D9%86%DB%8C-%D8%AE%D8%AF%D9%85%D8%A7%D8%AA-%D9%81%D9%86%D8%A7%D9%88%D8%B1%DB%8C-%D8%A7%D8%B7%D9%84%D8%A7%D8%B9%D8%A7%D8%AA(Help-Desk),research-portal-discovery,https://www.put.ac.ir/fa-IR/PUT/6677/page/%D9%85%D8%B1%DA%A9%D8%B2-%D9%81%D9%86%D8%A7%D9%88%D8%B1%DB%8C-%D8%A7%D8%B7%D9%84%D8%A7%D8%B9%D8%A7%D8%AA-%D8%AF%D8%A7%D9%86%D8%B4%DA%AF%D8%A7%D9%87,verified,2026-08-12
petroleum-discovery-system-21a4322d92ef,petroleum,دانشگاه صنعت نفت,journals,https://www.put.ac.ir/fa-IR/put/6413/page/%D8%A2%DB%8C%DB%8C%D9%86%E2%80%8C%D9%86%D8%A7%D9%85%D9%87-%D8%AA%D8%B9%DB%8C%DB%8C%D9%86-%D8%A7%D8%B9%D8%AA%D8%A8%D8%A7%D8%B1-%D9%86%D8%B4%D8%B1%DB%8C%D8%A7%D8%AA-%D8%B9%D9%84%D9%85%DB%8C,research-portal-discovery,https://www.put.ac.ir/fa-IR/put/4793/page/%C2%BB-%D9%85%D8%B9%D8%A7%D9%88%D9%86%D8%AA-%D9%BE%DA%98%D9%88%D9%87%D8%B4-%D9%88-%D9%81%D9%86%D8%A7%D9%88%D8%B1%D9%8A,verified,2026-08-12
petroleum-discovery-system-fc2e3f744f6f,petroleum,دانشگاه صنعت نفت,journals,https://www.put.ac.ir/fa-IR/put/6414/page/%D9%85%D8%B5%D9%88%D8%A8%D8%A7%D8%AA-%D8%B4%D9%88%D8%B1%D8%A7%DB%8C-%D8%B3%D8%B1%D8%AF%D8%A8%DB%8C%D8%B1%D8%A7%D9%86-%D9%86%D8%B4%D8%B1%DB%8C%D8%A7%D8%AA-%D8%B9%D9%84%D9%85%DB%8C,research-portal-discovery,https://www.put.ac.ir/fa-IR/put/4793/page/%C2%BB-%D9%85%D8%B9%D8%A7%D9%88%D9%86%D8%AA-%D9%BE%DA%98%D9%88%D9%87%D8%B4-%D9%88-%D9%81%D9%86%D8%A7%D9%88%D8%B1%D9%8A,verified,2026-08-12
civil-aviation-discovery-system-72370c7c7937,civil-aviation,Civil Aviation Organization,research,https://en.caa.gov.ir/services-standard,research-portal-discovery,https://en.caa.gov.ir/,verified,2026-08-12
